/* 自动生成: tools/gen_reel.py (红轮毂 40x40 RGB565A8 透明, 24 帧预渲染, LVGL v9) */
#pragma once
#include "lvgl.h"
#define REEL_FRAME_COUNT 24
#define REEL_W 40
#define REEL_H 40
static const uint8_t reel_frame_data[24][4800] = {
  { /* frame 0 */
    0x00, 0x00, 0x00, 0x00, 0x00, 0x00, 0x00, 0x00, 0x00, 0x00, 0x00, 0x00,
    0x00, 0x00, 0x00, 0x00, 0x00, 0x00, 0x00, 0x00, 0x00, 0x00, 0x00, 0x00,
    0x00, 0x00, 0x00, 0x00, 0x00, 0x00, 0x00, 0x00, 0x28, 0xD2, 0x28, 0xD2,
    0x28, 0xD2, 0x28, 0xD2, 0x28, 0xD2, 0x28, 0xD2, 0x28, 0xD2, 0x28, 0xD2,
    0x00, 0x00, 0x00, 0x00, 0x00, 0x00, 0x00, 0x00, 0x00, 0x00, 0x00, 0x00,
    0x00, 0x00, 0x00, 0x00, 0x00, 0x00, 0x00, 0x00, 0x00, 0x00, 0x00, 0x00,
    0x00, 0x00, 0x00, 0x00, 0x00, 0x00, 0x00, 0x00, 0x00, 0x00, 0x00, 0x00,
    0x00, 0x00, 0x00, 0x00, 0x00, 0x00, 0x00, 0x00, 0x00, 0x00, 0x00, 0x00,
    0x00, 0x00, 0x00, 0x00, 0x00, 0x00, 0x00, 0x00, 0x00, 0x00, 0x28, 0xD2,
    0x28, 0xD2, 0x28, 0xD2, 0x28, 0xD2, 0x28, 0xD2, 0x28, 0xD2, 0x28, 0xD2,
    0x28, 0xD2, 0x28, 0xD2, 0x28, 0xD2, 0x28, 0xD2, 0x28, 0xD2, 0x28, 0xD2,
    0x28, 0xD2, 0x00, 0x00, 0x00, 0x00, 0x00, 0x00, 0x00, 0x00, 0x00, 0x00,
    0x00, 0x00, 0x00, 0x00, 0x00, 0x00, 0x00, 0x00, 0x00, 0x00, 0x00, 0x00,
    0x00, 0x00, 0x00, 0x00, 0x00, 0x00, 0x00, 0x00, 0x00, 0x00, 0x00, 0x00,
    0x00, 0x00, 0x00, 0x00, 0x00, 0x00, 0x00, 0x00, 0x00, 0x00, 0x00, 0x00,
    0x28, 0xD2, 0x28, 0xD2, 0x28, 0xD2, 0x28, 0xD2, 0x28, 0xD2, 0x28, 0xD2,
    0x28, 0xD2, 0x28, 0xD2, 0x28, 0xD2, 0x28, 0xD2, 0x28, 0xD2, 0x28, 0xD2,
    0x28, 0xD2, 0x28, 0xD2, 0x28, 0xD2, 0x28, 0xD2, 0x28, 0xD2, 0x28, 0xD2,
    0x28, 0xD2, 0x28, 0xD2, 0x00, 0x00, 0x00, 0x00, 0x00, 0x00, 0x00, 0x00,
    0x00, 0x00, 0x00, 0x00, 0x00, 0x00, 0x00, 0x00, 0x00, 0x00, 0x00, 0x00,
    0x00, 0x00, 0x00, 0x00, 0x00, 0x00, 0x00, 0x00, 0x00, 0x00, 0x00, 0x00,
    0x00, 0x00, 0x00, 0x00, 0x00, 0x00, 0x28, 0xD2, 0x28, 0xD2, 0x28, 0xD2,
    0x28, 0xD2, 0x28, 0xD2, 0x28, 0xD2, 0x28, 0xD2, 0x28, 0xD2, 0x28, 0xD2,
    0x28, 0xD2, 0x28, 0xD2, 0x28, 0xD2, 0x28, 0xD2, 0x28, 0xD2, 0x28, 0xD2,
    0x28, 0xD2, 0x28, 0xD2, 0x28, 0xD2, 0x28, 0xD2, 0x28, 0xD2, 0x28, 0xD2,
    0x28, 0xD2, 0x00, 0x00, 0x00, 0x00, 0x00, 0x00, 0x00, 0x00, 0x00, 0x00,
    0x00, 0x00, 0x00, 0x00, 0x00, 0x00, 0x00, 0x00, 0x00, 0x00, 0x00, 0x00,
    0x00, 0x00, 0x00, 0x00, 0x00, 0x00, 0x00, 0x00, 0x00, 0x00, 0x00, 0x00,
    0x28, 0xD2, 0x28, 0xD2, 0x28, 0xD2, 0x28, 0xD2, 0x28, 0xD2, 0x28, 0xD2,
    0x28, 0xD2, 0x28, 0xD2, 0x28, 0xD2, 0x28, 0xD2, 0x28, 0xD2, 0x28, 0xD2,
    0x28, 0xD2, 0x28, 0xD2, 0x28, 0xD2, 0x28, 0xD2, 0x28, 0xD2, 0x28, 0xD2,
    0x28, 0xD2, 0x28, 0xD2, 0x28, 0xD2, 0x28, 0xD2, 0x28, 0xD2, 0x28, 0xD2,
    0x00, 0x00, 0x00, 0x00, 0x00, 0x00, 0x00, 0x00, 0x00, 0x00, 0x00, 0x00,
    0x00, 0x00, 0x00, 0x00, 0x00, 0x00, 0x00, 0x00, 0x00, 0x00, 0x00, 0x00,
    0x00, 0x00, 0x00, 0x00, 0x28, 0xD2, 0x28, 0xD2, 0x28, 0xD2, 0x28, 0xD2,
    0x28, 0xD2, 0x28, 0xD2, 0x28, 0xD2, 0x28, 0xD2, 0x28, 0xD2, 0x28, 0xD2,
    0x28, 0xD2, 0x28, 0xD2, 0x28, 0xD2, 0x28, 0xD2, 0x28, 0xD2, 0x28, 0xD2,
    0x28, 0xD2, 0x28, 0xD2, 0x28, 0xD2, 0x28, 0xD2, 0x28, 0xD2, 0x28, 0xD2,
    0x28, 0xD2, 0x28, 0xD2, 0x28, 0xD2, 0x28, 0xD2, 0x28, 0xD2, 0x28, 0xD2,
    0x00, 0x00, 0x00, 0x00, 0x00, 0x00, 0x00, 0x00, 0x00, 0x00, 0x00, 0x00,
    0x00, 0x00, 0x00, 0x00, 0x00, 0x00, 0x00, 0x00, 0x00, 0x00, 0x28, 0xD2,
    0x28, 0xD2, 0x28, 0xD2, 0x28, 0xD2, 0x28, 0xD2, 0x28, 0xD2, 0x28, 0xD2,
    0x28, 0xD2, 0x28, 0xD2, 0x28, 0xD2, 0x28, 0xD2, 0x28, 0xD2, 0x28, 0xD2,
    0x28, 0xD2, 0x28, 0xD2, 0x28, 0xD2, 0x28, 0xD2, 0x28, 0xD2, 0x28, 0xD2,
    0x28, 0xD2, 0x28, 0xD2, 0x28, 0xD2, 0x28, 0xD2, 0x28, 0xD2, 0x28, 0xD2,
    0x28, 0xD2, 0x28, 0xD2, 0x28, 0xD2, 0x28, 0xD2, 0x28, 0xD2, 0x00, 0x00,
    0x00, 0x00, 0x00, 0x00, 0x00, 0x00, 0x00, 0x00, 0x00, 0x00, 0x00, 0x00,
    0x00, 0x00, 0x00, 0x00, 0x00, 0x00, 0x28, 0xD2, 0x28, 0xD2, 0x28, 0xD2,
    0x28, 0xD2, 0x28, 0xD2, 0x28, 0xD2, 0x28, 0xD2, 0x28, 0xD2, 0x28, 0xD2,
    0x28, 0xD2, 0x28, 0xD2, 0x28, 0xD2, 0x82, 0x10, 0x82, 0x10, 0x28, 0xD2,
    0x28, 0xD2, 0x28, 0xD2, 0x82, 0x10, 0x28, 0xD2, 0x28, 0xD2, 0x28, 0xD2,
    0x28, 0xD2, 0x28, 0xD2, 0x28, 0xD2, 0x28, 0xD2, 0x28, 0xD2, 0x28, 0xD2,
    0x28, 0xD2, 0x28, 0xD2, 0x28, 0xD2, 0x00, 0x00, 0x00, 0x00, 0x00, 0x00,
    0x00, 0x00, 0x00, 0x00, 0x00, 0x00, 0x00, 0x00, 0x00, 0x00, 0x00, 0x00,
    0x28, 0xD2, 0x28, 0xD2, 0x28, 0xD2, 0x28, 0xD2, 0x28, 0xD2, 0x28, 0xD2,
    0x28, 0xD2, 0x28, 0xD2, 0x28, 0xD2, 0x28, 0xD2, 0x82, 0x10, 0x82, 0x10,
    0x82, 0x10, 0x82, 0x10, 0x82, 0x10, 0x28, 0xD2, 0x28, 0xD2, 0x28, 0xD2,
    0x82, 0x10, 0x82, 0x10, 0x82, 0x10, 0x82, 0x10, 0x28, 0xD2, 0x28, 0xD2,
    0x28, 0xD2, 0x28, 0xD2, 0x28, 0xD2, 0x28, 0xD2, 0x28, 0xD2, 0x28, 0xD2,
    0x28, 0xD2, 0x28, 0xD2, 0x00, 0x00, 0x00, 0x00, 0x00, 0x00, 0x00, 0x00,
    0x00, 0x00, 0x00, 0x00, 0x00, 0x00, 0x28, 0xD2, 0x28, 0xD2, 0x28, 0xD2,
    0x28, 0xD2, 0x28, 0xD2, 0x28, 0xD2, 0x28, 0xD2, 0x28, 0xD2, 0x28, 0xD2,
    0x28, 0xD2, 0x82, 0x10, 0x82, 0x10, 0x82, 0x10, 0x82, 0x10, 0x82, 0x10,
    0x82, 0x10, 0x28, 0xD2, 0x28, 0xD2, 0x28, 0xD2, 0x82, 0x10, 0x82, 0x10,
    0x82, 0x10, 0x82, 0x10, 0x82, 0x10, 0x28, 0xD2, 0x28, 0xD2, 0x28, 0xD2,
    0x28, 0xD2, 0x28, 0xD2, 0x28, 0xD2, 0x28, 0xD2, 0x28, 0xD2, 0x28, 0xD2,
    0x28, 0xD2, 0x00, 0x00, 0x00, 0x00, 0x00, 0x00, 0x00, 0x00, 0x00, 0x00,
    0x28, 0xD2, 0x28, 0xD2, 0x28, 0xD2, 0x28, 0xD2, 0x28, 0xD2, 0x28, 0xD2,
    0x28, 0xD2, 0x28, 0xD2, 0x28, 0xD2, 0x82, 0x10, 0x82, 0x10, 0x82, 0x10,
    0x82, 0x10, 0x82, 0x10, 0x82, 0x10, 0x82, 0x10, 0x82, 0x10, 0x28, 0xD2,
    0x28, 0xD2, 0x28, 0xD2, 0x82, 0x10, 0x82, 0x10, 0x82, 0x10, 0x82, 0x10,
    0x82, 0x10, 0x82, 0x10, 0x82, 0x10, 0x28, 0xD2, 0x28, 0xD2, 0x28, 0xD2,
    0x28, 0xD2, 0x28, 0xD2, 0x28, 0xD2, 0x28, 0xD2, 0x28, 0xD2, 0x28, 0xD2,
    0x00, 0x00, 0x00, 0x00, 0x00, 0x00, 0x00, 0x00, 0x28, 0xD2, 0x28, 0xD2,
    0x28, 0xD2, 0x28, 0xD2, 0x28, 0xD2, 0x28, 0xD2, 0x28, 0xD2, 0x28, 0xD2,
    0x82, 0x10, 0x82, 0x10, 0x82, 0x10, 0x82, 0x10, 0x82, 0x10, 0x82, 0x10,
    0x82, 0x10, 0x82, 0x10, 0x82, 0x10, 0x28, 0xD2, 0x28, 0xD2, 0x28, 0xD2,
    0x82, 0x10, 0x82, 0x10, 0x82, 0x10, 0x82, 0x10, 0x82, 0x10, 0x82, 0x10,
    0x82, 0x10, 0x82, 0x10, 0x28, 0xD2, 0x28, 0xD2, 0x28, 0xD2, 0x28, 0xD2,
    0x28, 0xD2, 0x28, 0xD2, 0x28, 0xD2, 0x28, 0xD2, 0x00, 0x00, 0x00, 0x00,
    0x00, 0x00, 0x00, 0x00, 0x28, 0xD2, 0x28, 0xD2, 0x28, 0xD2, 0x28, 0xD2,
    0x28, 0xD2, 0x28, 0xD2, 0x28, 0xD2, 0x28, 0xD2, 0x82, 0x10, 0x82, 0x10,
    0x82, 0x10, 0x82, 0x10, 0x82, 0x10, 0x82, 0x10, 0x82, 0x10, 0x82, 0x10,
    0x82, 0x10, 0x82, 0x10, 0x82, 0x10, 0x82, 0x10, 0x82, 0x10, 0x82, 0x10,
    0x82, 0x10, 0x82, 0x10, 0x82, 0x10, 0x82, 0x10, 0x82, 0x10, 0x82, 0x10,
    0x28, 0xD2, 0x28, 0xD2, 0x28, 0xD2, 0x28, 0xD2, 0x28, 0xD2, 0x28, 0xD2,
    0x28, 0xD2, 0x28, 0xD2, 0x00, 0x00, 0x00, 0x00, 0x00, 0x00, 0x28, 0xD2,
    0x28, 0xD2, 0x28, 0xD2, 0x28, 0xD2, 0x28, 0xD2, 0x28, 0xD2, 0x28, 0xD2,
    0x28, 0xD2, 0x28, 0xD2, 0x28, 0xD2, 0x82, 0x10, 0x82, 0x10, 0x82, 0x10,
    0x82, 0x10, 0x82, 0x10, 0x82, 0x10, 0x82, 0x10, 0x82, 0x10, 0x82, 0x10,
    0x82, 0x10, 0x82, 0x10, 0x82, 0x10, 0x82, 0x10, 0x82, 0x10, 0x82, 0x10,
    0x82, 0x10, 0x82, 0x10, 0x82, 0x10, 0x28, 0xD2, 0x28, 0xD2, 0x28, 0xD2,
    0x28, 0xD2, 0x28, 0xD2, 0x28, 0xD2, 0x28, 0xD2, 0x28, 0xD2, 0x28, 0xD2,
    0x28, 0xD2, 0x00, 0x00, 0x00, 0x00, 0x28, 0xD2, 0x28, 0xD2, 0x28, 0xD2,
    0x28, 0xD2, 0x28, 0xD2, 0x28, 0xD2, 0x28, 0xD2, 0x28, 0xD2, 0x28, 0xD2,
    0x28, 0xD2, 0x28, 0xD2, 0x28, 0xD2, 0x82, 0x10, 0x82, 0x10, 0x82, 0x10,
    0x82, 0x10, 0x82, 0x10, 0x82, 0x10, 0x82, 0x10, 0x82, 0x10, 0x82, 0x10,
    0x82, 0x10, 0x82, 0x10, 0x82, 0x10, 0x82, 0x10, 0x82, 0x10, 0x28, 0xD2,
    0x28, 0xD2, 0x28, 0xD2, 0x28, 0xD2, 0x28, 0xD2, 0x28, 0xD2, 0x28, 0xD2,
    0x28, 0xD2, 0x28, 0xD2, 0x28, 0xD2, 0x28, 0xD2, 0x28, 0xD2, 0x00, 0x00,
    0x00, 0x00, 0x28, 0xD2, 0x28, 0xD2, 0x28, 0xD2, 0x28, 0xD2, 0x28, 0xD2,
    0x28, 0xD2, 0x28, 0xD2, 0x82, 0x10, 0x82, 0x10, 0x28, 0xD2, 0x28, 0xD2,
    0x28, 0xD2, 0x82, 0x10, 0x82, 0x10, 0x82, 0x10, 0x82, 0x10, 0x82, 0x10,
    0x82, 0x10, 0x82, 0x10, 0x82, 0x10, 0x82, 0x10, 0x82, 0x10, 0x82, 0x10,
    0x82, 0x10, 0x82, 0x10, 0x82, 0x10, 0x28, 0xD2, 0x28, 0xD2, 0x28, 0xD2,
    0x82, 0x10, 0x82, 0x10, 0x28, 0xD2, 0x28, 0xD2, 0x28, 0xD2, 0x28, 0xD2,
    0x28, 0xD2, 0x28, 0xD2, 0x28, 0xD2, 0x00, 0x00, 0x28, 0xD2, 0x28, 0xD2,
    0x28, 0xD2, 0x28, 0xD2, 0x28, 0xD2, 0x28, 0xD2, 0x28, 0xD2, 0x28, 0xD2,
    0x82, 0x10, 0x82, 0x10, 0x82, 0x10, 0x82, 0x10, 0x28, 0xD2, 0x82, 0x10,
    0x82, 0x10, 0x82, 0x10, 0x82, 0x10, 0x82, 0x10, 0x66, 0x29, 0x66, 0x29,
    0x66, 0x29, 0x66, 0x29, 0x82, 0x10, 0x82, 0x10, 0x82, 0x10, 0x82, 0x10,
    0x82, 0x10, 0x28, 0xD2, 0x82, 0x10, 0x82, 0x10, 0x82, 0x10, 0x82, 0x10,
    0x28, 0xD2, 0x28, 0xD2, 0x28, 0xD2, 0x28, 0xD2, 0x28, 0xD2, 0x28, 0xD2,
    0x28, 0xD2, 0x28, 0xD2, 0x28, 0xD2, 0x28, 0xD2, 0x28, 0xD2, 0x28, 0xD2,
    0x28, 0xD2, 0x28, 0xD2, 0x28, 0xD2, 0x82, 0x10, 0x82, 0x10, 0x82, 0x10,
    0x82, 0x10, 0x82, 0x10, 0x82, 0x10, 0x82, 0x10, 0x82, 0x10, 0x82, 0x10,
    0x82, 0x10, 0x66, 0x29, 0x66, 0x29, 0x66, 0x29, 0x66, 0x29, 0x66, 0x29,
    0x66, 0x29, 0x82, 0x10, 0x82, 0x10, 0x82, 0x10, 0x82, 0x10, 0x82, 0x10,
    0x82, 0x10, 0x82, 0x10, 0x82, 0x10, 0x82, 0x10, 0x82, 0x10, 0x28, 0xD2,
    0x28, 0xD2, 0x28, 0xD2, 0x28, 0xD2, 0x28, 0xD2, 0x28, 0xD2, 0x28, 0xD2,
    0x28, 0xD2, 0x28, 0xD2, 0x28, 0xD2, 0x28, 0xD2, 0x28, 0xD2, 0x28, 0xD2,
    0x28, 0xD2, 0x82, 0x10, 0x82, 0x10, 0x82, 0x10, 0x82, 0x10, 0x82, 0x10,
    0x82, 0x10, 0x82, 0x10, 0x82, 0x10, 0x82, 0x10, 0x66, 0x29, 0x66, 0x29,
    0x66, 0x29, 0x66, 0x29, 0x66, 0x29, 0x66, 0x29, 0x66, 0x29, 0x66, 0x29,
    0x82, 0x10, 0x82, 0x10, 0x82, 0x10, 0x82, 0x10, 0x82, 0x10, 0x82, 0x10,
    0x82, 0x10, 0x82, 0x10, 0x82, 0x10, 0x28, 0xD2, 0x28, 0xD2, 0x28, 0xD2,
    0x28, 0xD2, 0x28, 0xD2, 0x28, 0xD2, 0x28, 0xD2, 0x28, 0xD2, 0x28, 0xD2,
    0x28, 0xD2, 0x28, 0xD2, 0x28, 0xD2, 0x28, 0xD2, 0x28, 0xD2, 0x82, 0x10,
    0x82, 0x10, 0x82, 0x10, 0x82, 0x10, 0x82, 0x10, 0x82, 0x10, 0x82, 0x10,
    0x82, 0x10, 0x82, 0x10, 0x66, 0x29, 0x66, 0x29, 0x66, 0x29, 0x66, 0x29,
    0x66, 0x29, 0x66, 0x29, 0x66, 0x29, 0x66, 0x29, 0x82, 0x10, 0x82, 0x10,
    0x82, 0x10, 0x82, 0x10, 0x82, 0x10, 0x82, 0x10, 0x82, 0x10, 0x82, 0x10,
    0x82, 0x10, 0x28, 0xD2, 0x28, 0xD2, 0x28, 0xD2, 0x28, 0xD2, 0x28, 0xD2,
    0x28, 0xD2, 0x28, 0xD2, 0x28, 0xD2, 0x28, 0xD2, 0x28, 0xD2, 0x28, 0xD2,
    0x28, 0xD2, 0x28, 0xD2, 0x28, 0xD2, 0x82, 0x10, 0x82, 0x10, 0x82, 0x10,
    0x82, 0x10, 0x82, 0x10, 0x82, 0x10, 0x82, 0x10, 0x82, 0x10, 0x82, 0x10,
    0x66, 0x29, 0x66, 0x29, 0x66, 0x29, 0x66, 0x29, 0x66, 0x29, 0x66, 0x29,
    0x66, 0x29, 0x66, 0x29, 0x82, 0x10, 0x82, 0x10, 0x82, 0x10, 0x82, 0x10,
    0x82, 0x10, 0x82, 0x10, 0x82, 0x10, 0x82, 0x10, 0x82, 0x10, 0x28, 0xD2,
    0x28, 0xD2, 0x28, 0xD2, 0x28, 0xD2, 0x28, 0xD2, 0x28, 0xD2, 0x28, 0xD2,
    0x28, 0xD2, 0x28, 0xD2, 0x28, 0xD2, 0x28, 0xD2, 0x28, 0xD2, 0x28, 0xD2,
    0x28, 0xD2, 0x82, 0x10, 0x82, 0x10, 0x82, 0x10, 0x82, 0x10, 0x82, 0x10,
    0x82, 0x10, 0x82, 0x10, 0x82, 0x10, 0x82, 0x10, 0x66, 0x29, 0x66, 0x29,
    0x66, 0x29, 0x66, 0x29, 0x66, 0x29, 0x66, 0x29, 0x66, 0x29, 0x66, 0x29,
    0x82, 0x10, 0x82, 0x10, 0x82, 0x10, 0x82, 0x10, 0x82, 0x10, 0x82, 0x10,
    0x82, 0x10, 0x82, 0x10, 0x82, 0x10, 0x28, 0xD2, 0x28, 0xD2, 0x28, 0xD2,
    0x28, 0xD2, 0x28, 0xD2, 0x28, 0xD2, 0x28, 0xD2, 0x28, 0xD2, 0x28, 0xD2,
    0x28, 0xD2, 0x28, 0xD2, 0x28, 0xD2, 0x28, 0xD2, 0x28, 0xD2, 0x82, 0x10,
    0x82, 0x10, 0x82, 0x10, 0x82, 0x10, 0x82, 0x10, 0x82, 0x10, 0x82, 0x10,
    0x82, 0x10, 0x82, 0x10, 0x82, 0x10, 0x66, 0x29, 0x66, 0x29, 0x66, 0x29,
    0x66, 0x29, 0x66, 0x29, 0x66, 0x29, 0x82, 0x10, 0x82, 0x10, 0x82, 0x10,
    0x82, 0x10, 0x82, 0x10, 0x82, 0x10, 0x82, 0x10, 0x82, 0x10, 0x82, 0x10,
    0x82, 0x10, 0x28, 0xD2, 0x28, 0xD2, 0x28, 0xD2, 0x28, 0xD2, 0x28, 0xD2,
    0x28, 0xD2, 0x28, 0xD2, 0x28, 0xD2, 0x28, 0xD2, 0x28, 0xD2, 0x28, 0xD2,
    0x28, 0xD2, 0x28, 0xD2, 0x28, 0xD2, 0x28, 0xD2, 0x82, 0x10, 0x82, 0x10,
    0x82, 0x10, 0x82, 0x10, 0x28, 0xD2, 0x82, 0x10, 0x82, 0x10, 0x82, 0x10,
    0x82, 0x10, 0x82, 0x10, 0x66, 0x29, 0x66, 0x29, 0x66, 0x29, 0x66, 0x29,
    0x82, 0x10, 0x82, 0x10, 0x82, 0x10, 0x82, 0x10, 0x82, 0x10, 0x28, 0xD2,
    0x82, 0x10, 0x82, 0x10, 0x82, 0x10, 0x82, 0x10, 0x28, 0xD2, 0x28, 0xD2,
    0x28, 0xD2, 0x28, 0xD2, 0x28, 0xD2, 0x28, 0xD2, 0x28, 0xD2, 0x28, 0xD2,
    0x00, 0x00, 0x28, 0xD2, 0x28, 0xD2, 0x28, 0xD2, 0x28, 0xD2, 0x28, 0xD2,
    0x28, 0xD2, 0x28, 0xD2, 0x82, 0x10, 0x82, 0x10, 0x28, 0xD2, 0x28, 0xD2,
    0x28, 0xD2, 0x82, 0x10, 0x82, 0x10, 0x82, 0x10, 0x82, 0x10, 0x82, 0x10,
    0x82, 0x10, 0x82, 0x10, 0x82, 0x10, 0x82, 0x10, 0x82, 0x10, 0x82, 0x10,
    0x82, 0x10, 0x82, 0x10, 0x82, 0x10, 0x28, 0xD2, 0x28, 0xD2, 0x28, 0xD2,
    0x82, 0x10, 0x82, 0x10, 0x28, 0xD2, 0x28, 0xD2, 0x28, 0xD2, 0x28, 0xD2,
    0x28, 0xD2, 0x28, 0xD2, 0x28, 0xD2, 0x00, 0x00, 0x00, 0x00, 0x28, 0xD2,
    0x28, 0xD2, 0x28, 0xD2, 0x28, 0xD2, 0x28, 0xD2, 0x28, 0xD2, 0x28, 0xD2,
    0x28, 0xD2, 0x28, 0xD2, 0x28, 0xD2, 0x28, 0xD2, 0x28, 0xD2, 0x82, 0x10,
    0x82, 0x10, 0x82, 0x10, 0x82, 0x10, 0x82, 0x10, 0x82, 0x10, 0x82, 0x10,
    0x82, 0x10, 0x82, 0x10, 0x82, 0x10, 0x82, 0x10, 0x82, 0x10, 0x82, 0x10,
    0x82, 0x10, 0x28, 0xD2, 0x28, 0xD2, 0x28, 0xD2, 0x28, 0xD2, 0x28, 0xD2,
    0x28, 0xD2, 0x28, 0xD2, 0x28, 0xD2, 0x28, 0xD2, 0x28, 0xD2, 0x28, 0xD2,
    0x28, 0xD2, 0x00, 0x00, 0x00, 0x00, 0x28, 0xD2, 0x28, 0xD2, 0x28, 0xD2,
    0x28, 0xD2, 0x28, 0xD2, 0x28, 0xD2, 0x28, 0xD2, 0x28, 0xD2, 0x28, 0xD2,
    0x28, 0xD2, 0x82, 0x10, 0x82, 0x10, 0x82, 0x10, 0x82, 0x10, 0x82, 0x10,
    0x82, 0x10, 0x82, 0x10, 0x82, 0x10, 0x82, 0x10, 0x82, 0x10, 0x82, 0x10,
    0x82, 0x10, 0x82, 0x10, 0x82, 0x10, 0x82, 0x10, 0x82, 0x10, 0x82, 0x10,
    0x82, 0x10, 0x28, 0xD2, 0x28, 0xD2, 0x28, 0xD2, 0x28, 0xD2, 0x28, 0xD2,
    0x28, 0xD2, 0x28, 0xD2, 0x28, 0xD2, 0x28, 0xD2, 0x28, 0xD2, 0x00, 0x00,
    0x00, 0x00, 0x00, 0x00, 0x28, 0xD2, 0x28, 0xD2, 0x28, 0xD2, 0x28, 0xD2,
    0x28, 0xD2, 0x28, 0xD2, 0x28, 0xD2, 0x28, 0xD2, 0x82, 0x10, 0x82, 0x10,
    0x82, 0x10, 0x82, 0x10, 0x82, 0x10, 0x82, 0x10, 0x82, 0x10, 0x82, 0x10,
    0x82, 0x10, 0x82, 0x10, 0x82, 0x10, 0x82, 0x10, 0x82, 0x10, 0x82, 0x10,
    0x82, 0x10, 0x82, 0x10, 0x82, 0x10, 0x82, 0x10, 0x82, 0x10, 0x82, 0x10,
    0x28, 0xD2, 0x28, 0xD2, 0x28, 0xD2, 0x28, 0xD2, 0x28, 0xD2, 0x28, 0xD2,
    0x28, 0xD2, 0x28, 0xD2, 0x00, 0x00, 0x00, 0x00, 0x00, 0x00, 0x00, 0x00,
    0x28, 0xD2, 0x28, 0xD2, 0x28, 0xD2, 0x28, 0xD2, 0x28, 0xD2, 0x28, 0xD2,
    0x28, 0xD2, 0x28, 0xD2, 0x82, 0x10, 0x82, 0x10, 0x82, 0x10, 0x82, 0x10,
    0x82, 0x10, 0x82, 0x10, 0x82, 0x10, 0x82, 0x10, 0x82, 0x10, 0x82, 0x10,
    0x82, 0x10, 0x82, 0x10, 0x82, 0x10, 0x82, 0x10, 0x82, 0x10, 0x82, 0x10,
    0x82, 0x10, 0x82, 0x10, 0x82, 0x10, 0x82, 0x10, 0x28, 0xD2, 0x28, 0xD2,
    0x28, 0xD2, 0x28, 0xD2, 0x28, 0xD2, 0x28, 0xD2, 0x28, 0xD2, 0x28, 0xD2,
    0x00, 0x00, 0x00, 0x00, 0x00, 0x00, 0x00, 0x00, 0x28, 0xD2, 0x28, 0xD2,
    0x28, 0xD2, 0x28, 0xD2, 0x28, 0xD2, 0x28, 0xD2, 0x28, 0xD2, 0x28, 0xD2,
    0x28, 0xD2, 0x82, 0x10, 0x82, 0x10, 0x82, 0x10, 0x82, 0x10, 0x82, 0x10,
    0x82, 0x10, 0x82, 0x10, 0x82, 0x10, 0x28, 0xD2, 0x28, 0xD2, 0x28, 0xD2,
    0x82, 0x10, 0x82, 0x10, 0x82, 0x10, 0x82, 0x10, 0x82, 0x10, 0x82, 0x10,
    0x82, 0x10, 0x28, 0xD2, 0x28, 0xD2, 0x28, 0xD2, 0x28, 0xD2, 0x28, 0xD2,
    0x28, 0xD2, 0x28, 0xD2, 0x28, 0xD2, 0x28, 0xD2, 0x00, 0x00, 0x00, 0x00,
    0x00, 0x00, 0x00, 0x00, 0x00, 0x00, 0x28, 0xD2, 0x28, 0xD2, 0x28, 0xD2,
    0x28, 0xD2, 0x28, 0xD2, 0x28, 0xD2, 0x28, 0xD2, 0x28, 0xD2, 0x28, 0xD2,
    0x28, 0xD2, 0x82, 0x10, 0x82, 0x10, 0x82, 0x10, 0x82, 0x10, 0x82, 0x10,
    0x82, 0x10, 0x28, 0xD2, 0x28, 0xD2, 0x28, 0xD2, 0x82, 0x10, 0x82, 0x10,
    0x82, 0x10, 0x82, 0x10, 0x82, 0x10, 0x28, 0xD2, 0x28, 0xD2, 0x28, 0xD2,
    0x28, 0xD2, 0x28, 0xD2, 0x28, 0xD2, 0x28, 0xD2, 0x28, 0xD2, 0x28, 0xD2,
    0x28, 0xD2, 0x00, 0x00, 0x00, 0x00, 0x00, 0x00, 0x00, 0x00, 0x00, 0x00,
    0x00, 0x00, 0x00, 0x00, 0x28, 0xD2, 0x28, 0xD2, 0x28, 0xD2, 0x28, 0xD2,
    0x28, 0xD2, 0x28, 0xD2, 0x28, 0xD2, 0x28, 0xD2, 0x28, 0xD2, 0x28, 0xD2,
    0x82, 0x10, 0x82, 0x10, 0x82, 0x10, 0x82, 0x10, 0x82, 0x10, 0x28, 0xD2,
    0x28, 0xD2, 0x28, 0xD2, 0x82, 0x10, 0x82, 0x10, 0x82, 0x10, 0x82, 0x10,
    0x28, 0xD2, 0x28, 0xD2, 0x28, 0xD2, 0x28, 0xD2, 0x28, 0xD2, 0x28, 0xD2,
    0x28, 0xD2, 0x28, 0xD2, 0x28, 0xD2, 0x28, 0xD2, 0x00, 0x00, 0x00, 0x00,
    0x00, 0x00, 0x00, 0x00, 0x00, 0x00, 0x00, 0x00, 0x00, 0x00, 0x00, 0x00,
    0x00, 0x00, 0x28, 0xD2, 0x28, 0xD2, 0x28, 0xD2, 0x28, 0xD2, 0x28, 0xD2,
    0x28, 0xD2, 0x28, 0xD2, 0x28, 0xD2, 0x28, 0xD2, 0x28, 0xD2, 0x28, 0xD2,
    0x28, 0xD2, 0x82, 0x10, 0x82, 0x10, 0x28, 0xD2, 0x28, 0xD2, 0x28, 0xD2,
    0x82, 0x10, 0x28, 0xD2, 0x28, 0xD2, 0x28, 0xD2, 0x28, 0xD2, 0x28, 0xD2,
    0x28, 0xD2, 0x28, 0xD2, 0x28, 0xD2, 0x28, 0xD2, 0x28, 0xD2, 0x28, 0xD2,
    0x28, 0xD2, 0x00, 0x00, 0x00, 0x00, 0x00, 0x00, 0x00, 0x00, 0x00, 0x00,
    0x00, 0x00, 0x00, 0x00, 0x00, 0x00, 0x00, 0x00, 0x00, 0x00, 0x28, 0xD2,
    0x28, 0xD2, 0x28, 0xD2, 0x28, 0xD2, 0x28, 0xD2, 0x28, 0xD2, 0x28, 0xD2,
    0x28, 0xD2, 0x28, 0xD2, 0x28, 0xD2, 0x28, 0xD2, 0x28, 0xD2, 0x28, 0xD2,
    0x28, 0xD2, 0x28, 0xD2, 0x28, 0xD2, 0x28, 0xD2, 0x28, 0xD2, 0x28, 0xD2,
    0x28, 0xD2, 0x28, 0xD2, 0x28, 0xD2, 0x28, 0xD2, 0x28, 0xD2, 0x28, 0xD2,
    0x28, 0xD2, 0x28, 0xD2, 0x28, 0xD2, 0x28, 0xD2, 0x28, 0xD2, 0x00, 0x00,
    0x00, 0x00, 0x00, 0x00, 0x00, 0x00, 0x00, 0x00, 0x00, 0x00, 0x00, 0x00,
    0x00, 0x00, 0x00, 0x00, 0x00, 0x00, 0x00, 0x00, 0x28, 0xD2, 0x28, 0xD2,
    0x28, 0xD2, 0x28, 0xD2, 0x28, 0xD2, 0x28, 0xD2, 0x28, 0xD2, 0x28, 0xD2,
    0x28, 0xD2, 0x28, 0xD2, 0x28, 0xD2, 0x28, 0xD2, 0x28, 0xD2, 0x28, 0xD2,
    0x28, 0xD2, 0x28, 0xD2, 0x28, 0xD2, 0x28, 0xD2, 0x28, 0xD2, 0x28, 0xD2,
    0x28, 0xD2, 0x28, 0xD2, 0x28, 0xD2, 0x28, 0xD2, 0x28, 0xD2, 0x28, 0xD2,
    0x28, 0xD2, 0x28, 0xD2, 0x00, 0x00, 0x00, 0x00, 0x00, 0x00, 0x00, 0x00,
    0x00, 0x00, 0x00, 0x00, 0x00, 0x00, 0x00, 0x00, 0x00, 0x00, 0x00, 0x00,
    0x00, 0x00, 0x00, 0x00, 0x00, 0x00, 0x00, 0x00, 0x28, 0xD2, 0x28, 0xD2,
    0x28, 0xD2, 0x28, 0xD2, 0x28, 0xD2, 0x28, 0xD2, 0x28, 0xD2, 0x28, 0xD2,
    0x28, 0xD2, 0x28, 0xD2, 0x28, 0xD2, 0x28, 0xD2, 0x28, 0xD2, 0x28, 0xD2,
    0x28, 0xD2, 0x28, 0xD2, 0x28, 0xD2, 0x28, 0xD2, 0x28, 0xD2, 0x28, 0xD2,
    0x28, 0xD2, 0x28, 0xD2, 0x28, 0xD2, 0x28, 0xD2, 0x00, 0x00, 0x00, 0x00,
    0x00, 0x00, 0x00, 0x00, 0x00, 0x00, 0x00, 0x00, 0x00, 0x00, 0x00, 0x00,
    0x00, 0x00, 0x00, 0x00, 0x00, 0x00, 0x00, 0x00, 0x00, 0x00, 0x00, 0x00,
    0x00, 0x00, 0x00, 0x00, 0x00, 0x00, 0x28, 0xD2, 0x28, 0xD2, 0x28, 0xD2,
    0x28, 0xD2, 0x28, 0xD2, 0x28, 0xD2, 0x28, 0xD2, 0x28, 0xD2, 0x28, 0xD2,
    0x28, 0xD2, 0x28, 0xD2, 0x28, 0xD2, 0x28, 0xD2, 0x28, 0xD2, 0x28, 0xD2,
    0x28, 0xD2, 0x28, 0xD2, 0x28, 0xD2, 0x28, 0xD2, 0x28, 0xD2, 0x28, 0xD2,
    0x28, 0xD2, 0x00, 0x00, 0x00, 0x00, 0x00, 0x00, 0x00, 0x00, 0x00, 0x00,
    0x00, 0x00, 0x00, 0x00, 0x00, 0x00, 0x00, 0x00, 0x00, 0x00, 0x00, 0x00,
    0x00, 0x00, 0x00, 0x00, 0x00, 0x00, 0x00, 0x00, 0x00, 0x00, 0x00, 0x00,
    0x00, 0x00, 0x00, 0x00, 0x28, 0xD2, 0x28, 0xD2, 0x28, 0xD2, 0x28, 0xD2,
    0x28, 0xD2, 0x28, 0xD2, 0x28, 0xD2, 0x28, 0xD2, 0x28, 0xD2, 0x28, 0xD2,
    0x28, 0xD2, 0x28, 0xD2, 0x28, 0xD2, 0x28, 0xD2, 0x28, 0xD2, 0x28, 0xD2,
    0x28, 0xD2, 0x28, 0xD2, 0x28, 0xD2, 0x28, 0xD2, 0x00, 0x00, 0x00, 0x00,
    0x00, 0x00, 0x00, 0x00, 0x00, 0x00, 0x00, 0x00, 0x00, 0x00, 0x00, 0x00,
    0x00, 0x00, 0x00, 0x00, 0x00, 0x00, 0x00, 0x00, 0x00, 0x00, 0x00, 0x00,
    0x00, 0x00, 0x00, 0x00, 0x00, 0x00, 0x00, 0x00, 0x00, 0x00, 0x00, 0x00,
    0x00, 0x00, 0x00, 0x00, 0x00, 0x00, 0x28, 0xD2, 0x28, 0xD2, 0x28, 0xD2,
    0x28, 0xD2, 0x28, 0xD2, 0x28, 0xD2, 0x28, 0xD2, 0x28, 0xD2, 0x28, 0xD2,
    0x28, 0xD2, 0x28, 0xD2, 0x28, 0xD2, 0x28, 0xD2, 0x28, 0xD2, 0x00, 0x00,
    0x00, 0x00, 0x00, 0x00, 0x00, 0x00, 0x00, 0x00, 0x00, 0x00, 0x00, 0x00,
    0x00, 0x00, 0x00, 0x00, 0x00, 0x00, 0x00, 0x00, 0x00, 0x00, 0x00, 0x00,
    0x00, 0x00, 0x00, 0x00, 0x00, 0x00, 0x00, 0x00, 0x00, 0x00, 0x00, 0x00,
    0x00, 0x00, 0x00, 0x00, 0x00, 0x00, 0x00, 0x00, 0x00, 0x00, 0x00, 0x00,
    0x00, 0x00, 0x00, 0x00, 0x00, 0x00, 0x00, 0x00, 0x28, 0xD2, 0x28, 0xD2,
    0x28, 0xD2, 0x28, 0xD2, 0x28, 0xD2, 0x28, 0xD2, 0x28, 0xD2, 0x28, 0xD2,
    0x00, 0x00, 0x00, 0x00, 0x00, 0x00, 0x00, 0x00, 0x00, 0x00, 0x00, 0x00,
    0x00, 0x00, 0x00, 0x00, 0x00, 0x00, 0x00, 0x00, 0x00, 0x00, 0x00, 0x00,
    0x00, 0x00, 0x00, 0x00, 0x00, 0x00, 0x00, 0x00, 0x00, 0x00, 0x00, 0x00,
    0x00, 0x00, 0x00, 0x00, 0x00, 0x00, 0x00, 0x00, 0x00, 0x00, 0x00, 0x00,
    0xFF, 0xFF, 0xFF, 0xFF, 0xFF, 0xFF, 0xFF, 0xFF, 0x00, 0x00, 0x00, 0x00,
    0x00, 0x00, 0x00, 0x00, 0x00, 0x00, 0x00, 0x00, 0x00, 0x00, 0x00, 0x00,
    0x00, 0x00, 0x00, 0x00, 0x00, 0x00, 0x00, 0x00, 0x00, 0x00, 0x00, 0x00,
    0x00, 0xFF, 0xFF, 0xFF, 0xFF, 0xFF, 0xFF, 0xFF, 0xFF, 0xFF, 0xFF, 0xFF,
    0xFF, 0xFF, 0xFF, 0x00, 0x00, 0x00, 0x00, 0x00, 0x00, 0x00, 0x00, 0x00,
    0x00, 0x00, 0x00, 0x00, 0x00, 0x00, 0x00, 0x00, 0x00, 0x00, 0x00, 0x00,
    0x00, 0x00, 0xFF, 0xFF, 0xFF, 0xFF, 0xFF, 0xFF, 0xFF, 0xFF, 0xFF, 0xFF,
    0xFF, 0xFF, 0xFF, 0xFF, 0xFF, 0xFF, 0xFF, 0xFF, 0xFF, 0xFF, 0x00, 0x00,
    0x00, 0x00, 0x00, 0x00, 0x00, 0x00, 0x00, 0x00, 0x00, 0x00, 0x00, 0x00,
    0x00, 0x00, 0x00, 0x00, 0x00, 0xFF, 0xFF, 0xFF, 0xFF, 0xFF, 0xFF, 0xFF,
    0xFF, 0xFF, 0xFF, 0xFF, 0xFF, 0xFF, 0xFF, 0xFF, 0xFF, 0xFF, 0xFF, 0xFF,
    0xFF, 0xFF, 0xFF, 0x00, 0x00, 0x00, 0x00, 0x00, 0x00, 0x00, 0x00, 0x00,
    0x00, 0x00, 0x00, 0x00, 0x00, 0x00, 0x00, 0x00, 0xFF, 0xFF, 0xFF, 0xFF,
    0xFF, 0xFF, 0xFF, 0xFF, 0xFF, 0xFF, 0xFF, 0xFF, 0xFF, 0xFF, 0xFF, 0xFF,
    0xFF, 0xFF, 0xFF, 0xFF, 0xFF, 0xFF, 0xFF, 0xFF, 0x00, 0x00, 0x00, 0x00,
    0x00, 0x00, 0x00, 0x00, 0x00, 0x00, 0x00, 0x00, 0x00, 0x00, 0xFF, 0xFF,
    0xFF, 0xFF, 0xFF, 0xFF, 0xFF, 0xFF, 0xFF, 0xFF, 0xFF, 0xFF, 0xFF, 0xFF,
    0xFF, 0xFF, 0xFF, 0xFF, 0xFF, 0xFF, 0xFF, 0xFF, 0xFF, 0xFF, 0xFF, 0xFF,
    0xFF, 0xFF, 0x00, 0x00, 0x00, 0x00, 0x00, 0x00, 0x00, 0x00, 0x00, 0x00,
    0x00, 0xFF, 0xFF, 0xFF, 0xFF, 0xFF, 0xFF, 0xFF, 0xFF, 0xFF, 0xFF, 0xFF,
    0xFF, 0xFF, 0xFF, 0xFF, 0xFF, 0xFF, 0xFF, 0xFF, 0xFF, 0xFF, 0xFF, 0xFF,
    0xFF, 0xFF, 0xFF, 0xFF, 0xFF, 0xFF, 0xFF, 0x00, 0x00, 0x00, 0x00, 0x00,
    0x00, 0x00, 0x00, 0x00, 0x00, 0xFF, 0xFF, 0xFF, 0xFF, 0xFF, 0xFF, 0xFF,
    0xFF, 0xFF, 0xFF, 0xFF, 0xFF, 0xFF, 0xFF, 0xFF, 0xFF, 0xFF, 0xFF, 0xFF,
    0xFF, 0xFF, 0xFF, 0xFF, 0xFF, 0xFF, 0xFF, 0xFF, 0xFF, 0xFF, 0xFF, 0x00,
    0x00, 0x00, 0x00, 0x00, 0x00, 0x00, 0x00, 0x00, 0xFF, 0xFF, 0xFF, 0xFF,
    0xFF, 0xFF, 0xFF, 0xFF, 0xFF, 0xFF, 0xFF, 0xFF, 0xFF, 0xFF, 0xFF, 0xFF,
    0xFF, 0xFF, 0xFF, 0xFF, 0xFF, 0xFF, 0xFF, 0xFF, 0xFF, 0xFF, 0xFF, 0xFF,
    0xFF, 0xFF, 0xFF, 0xFF, 0x00, 0x00, 0x00, 0x00, 0x00, 0x00, 0x00, 0xFF,
    0xFF, 0xFF, 0xFF, 0xFF, 0xFF, 0xFF, 0xFF, 0xFF, 0xFF, 0xFF, 0xFF, 0xFF,
    0xFF, 0xFF, 0xFF, 0xFF, 0xFF, 0xFF, 0xFF, 0xFF, 0xFF, 0xFF, 0xFF, 0xFF,
    0xFF, 0xFF, 0xFF, 0xFF, 0xFF, 0xFF, 0xFF, 0xFF, 0xFF, 0x00, 0x00, 0x00,
    0x00, 0x00, 0xFF, 0xFF, 0xFF, 0xFF, 0xFF, 0xFF, 0xFF, 0xFF, 0xFF, 0xFF,
    0xFF, 0xFF, 0xFF, 0xFF, 0xFF, 0xFF, 0xFF, 0xFF, 0xFF, 0xFF, 0xFF, 0xFF,
    0xFF, 0xFF, 0xFF, 0xFF, 0xFF, 0xFF, 0xFF, 0xFF, 0xFF, 0xFF, 0xFF, 0xFF,
    0xFF, 0xFF, 0x00, 0x00, 0x00, 0x00, 0xFF, 0xFF, 0xFF, 0xFF, 0xFF, 0xFF,
    0xFF, 0xFF, 0xFF, 0xFF, 0xFF, 0xFF, 0xFF, 0xFF, 0xFF, 0xFF, 0xFF, 0xFF,
    0xFF, 0xFF, 0xFF, 0xFF, 0xFF, 0xFF, 0xFF, 0xFF, 0xFF, 0xFF, 0xFF, 0xFF,
    0xFF, 0xFF, 0xFF, 0xFF, 0xFF, 0xFF, 0x00, 0x00, 0x00, 0x00, 0xFF, 0xFF,
    0xFF, 0xFF, 0xFF, 0xFF, 0xFF, 0xFF, 0xFF, 0xFF, 0xFF, 0xFF, 0xFF, 0xFF,
    0xFF, 0xFF, 0xFF, 0xFF, 0xFF, 0xFF, 0xFF, 0xFF, 0xFF, 0xFF, 0xFF, 0xFF,
    0xFF, 0xFF, 0xFF, 0xFF, 0xFF, 0xFF, 0xFF, 0xFF, 0xFF, 0xFF, 0x00, 0x00,
    0x00, 0xFF, 0xFF, 0xFF, 0xFF, 0xFF, 0xFF, 0xFF, 0xFF, 0xFF, 0xFF, 0xFF,
    0xFF, 0xFF, 0xFF, 0xFF, 0xFF, 0xFF, 0xFF, 0xFF, 0xFF, 0xFF, 0xFF, 0xFF,
    0xFF, 0xFF, 0xFF, 0xFF, 0xFF, 0xFF, 0xFF, 0xFF, 0xFF, 0xFF, 0xFF, 0xFF,
    0xFF, 0xFF, 0xFF, 0x00, 0x00, 0xFF, 0xFF, 0xFF, 0xFF, 0xFF, 0xFF, 0xFF,
    0xFF, 0xFF, 0xFF, 0xFF, 0xFF, 0xFF, 0xFF, 0xFF, 0xFF, 0xFF, 0xFF, 0xFF,
    0xFF, 0xFF, 0xFF, 0xFF, 0xFF, 0xFF, 0xFF, 0xFF, 0xFF, 0xFF, 0xFF, 0xFF,
    0xFF, 0xFF, 0xFF, 0xFF, 0xFF, 0xFF, 0xFF, 0x00, 0x00, 0xFF, 0xFF, 0xFF,
    0xFF, 0xFF, 0xFF, 0xFF, 0xFF, 0xFF, 0xFF, 0xFF, 0xFF, 0xFF, 0xFF, 0xFF,
    0xFF, 0xFF, 0xFF, 0xFF, 0xFF, 0xFF, 0xFF, 0xFF, 0xFF, 0xFF, 0xFF, 0xFF,
    0xFF, 0xFF, 0xFF, 0xFF, 0xFF, 0xFF, 0xFF, 0xFF, 0xFF, 0xFF, 0xFF, 0x00,
    0xFF, 0xFF, 0xFF, 0xFF, 0xFF, 0xFF, 0xFF, 0xFF, 0xFF, 0xFF, 0xFF, 0xFF,
    0xFF, 0xFF, 0xFF, 0xFF, 0xFF, 0xFF, 0xFF, 0xFF, 0xFF, 0xFF, 0xFF, 0xFF,
    0xFF, 0xFF, 0xFF, 0xFF, 0xFF, 0xFF, 0xFF, 0xFF, 0xFF, 0xFF, 0xFF, 0xFF,
    0xFF, 0xFF, 0xFF, 0xFF, 0xFF, 0xFF, 0xFF, 0xFF, 0xFF, 0xFF, 0xFF, 0xFF,
    0xFF, 0xFF, 0xFF, 0xFF, 0xFF, 0xFF, 0xFF, 0xFF, 0xFF, 0xFF, 0xFF, 0xFF,
    0xFF, 0xFF, 0xFF, 0xFF, 0xFF, 0xFF, 0xFF, 0xFF, 0xFF, 0xFF, 0xFF, 0xFF,
    0xFF, 0xFF, 0xFF, 0xFF, 0xFF, 0xFF, 0xFF, 0xFF, 0xFF, 0xFF, 0xFF, 0xFF,
    0xFF, 0xFF, 0xFF, 0xFF, 0xFF, 0xFF, 0xFF, 0xFF, 0xFF, 0xFF, 0xFF, 0xFF,
    0xFF, 0xFF, 0xFF, 0xFF, 0xFF, 0xFF, 0xFF, 0xFF, 0xFF, 0xFF, 0xFF, 0xFF,
    0xFF, 0xFF, 0xFF, 0xFF, 0xFF, 0xFF, 0xFF, 0xFF, 0xFF, 0xFF, 0xFF, 0xFF,
    0xFF, 0xFF, 0xFF, 0xFF, 0xFF, 0xFF, 0xFF, 0xFF, 0xFF, 0xFF, 0xFF, 0xFF,
    0xFF, 0xFF, 0xFF, 0xFF, 0xFF, 0xFF, 0xFF, 0xFF, 0xFF, 0xFF, 0xFF, 0xFF,
    0xFF, 0xFF, 0xFF, 0xFF, 0xFF, 0xFF, 0xFF, 0xFF, 0xFF, 0xFF, 0xFF, 0xFF,
    0xFF, 0xFF, 0xFF, 0xFF, 0xFF, 0xFF, 0xFF, 0xFF, 0xFF, 0xFF, 0xFF, 0xFF,
    0xFF, 0xFF, 0xFF, 0xFF, 0xFF, 0xFF, 0xFF, 0xFF, 0xFF, 0xFF, 0xFF, 0xFF,
    0xFF, 0xFF, 0xFF, 0xFF, 0xFF, 0xFF, 0xFF, 0xFF, 0xFF, 0xFF, 0xFF, 0xFF,
    0xFF, 0xFF, 0xFF, 0xFF, 0xFF, 0xFF, 0xFF, 0xFF, 0xFF, 0xFF, 0xFF, 0xFF,
    0xFF, 0xFF, 0xFF, 0xFF, 0xFF, 0xFF, 0xFF, 0xFF, 0xFF, 0xFF, 0xFF, 0xFF,
    0xFF, 0xFF, 0xFF, 0xFF, 0xFF, 0xFF, 0xFF, 0xFF, 0xFF, 0xFF, 0xFF, 0xFF,
    0xFF, 0xFF, 0xFF, 0xFF, 0xFF, 0xFF, 0xFF, 0xFF, 0xFF, 0xFF, 0xFF, 0xFF,
    0xFF, 0xFF, 0xFF, 0xFF, 0xFF, 0xFF, 0xFF, 0xFF, 0xFF, 0xFF, 0xFF, 0xFF,
    0xFF, 0xFF, 0xFF, 0xFF, 0xFF, 0xFF, 0xFF, 0xFF, 0xFF, 0xFF, 0xFF, 0xFF,
    0xFF, 0xFF, 0xFF, 0xFF, 0xFF, 0xFF, 0xFF, 0xFF, 0xFF, 0xFF, 0xFF, 0xFF,
    0xFF, 0xFF, 0xFF, 0xFF, 0xFF, 0xFF, 0xFF, 0xFF, 0xFF, 0xFF, 0xFF, 0xFF,
    0xFF, 0xFF, 0xFF, 0xFF, 0xFF, 0xFF, 0xFF, 0xFF, 0xFF, 0xFF, 0xFF, 0xFF,
    0xFF, 0xFF, 0xFF, 0xFF, 0xFF, 0xFF, 0xFF, 0xFF, 0xFF, 0xFF, 0xFF, 0xFF,
    0xFF, 0xFF, 0xFF, 0xFF, 0xFF, 0xFF, 0xFF, 0xFF, 0x00, 0xFF, 0xFF, 0xFF,
    0xFF, 0xFF, 0xFF, 0xFF, 0xFF, 0xFF, 0xFF, 0xFF, 0xFF, 0xFF, 0xFF, 0xFF,
    0xFF, 0xFF, 0xFF, 0xFF, 0xFF, 0xFF, 0xFF, 0xFF, 0xFF, 0xFF, 0xFF, 0xFF,
    0xFF, 0xFF, 0xFF, 0xFF, 0xFF, 0xFF, 0xFF, 0xFF, 0xFF, 0xFF, 0xFF, 0x00,
    0x00, 0xFF, 0xFF, 0xFF, 0xFF, 0xFF, 0xFF, 0xFF, 0xFF, 0xFF, 0xFF, 0xFF,
    0xFF, 0xFF, 0xFF, 0xFF, 0xFF, 0xFF, 0xFF, 0xFF, 0xFF, 0xFF, 0xFF, 0xFF,
    0xFF, 0xFF, 0xFF, 0xFF, 0xFF, 0xFF, 0xFF, 0xFF, 0xFF, 0xFF, 0xFF, 0xFF,
    0xFF, 0xFF, 0xFF, 0x00, 0x00, 0xFF, 0xFF, 0xFF, 0xFF, 0xFF, 0xFF, 0xFF,
    0xFF, 0xFF, 0xFF, 0xFF, 0xFF, 0xFF, 0xFF, 0xFF, 0xFF, 0xFF, 0xFF, 0xFF,
    0xFF, 0xFF, 0xFF, 0xFF, 0xFF, 0xFF, 0xFF, 0xFF, 0xFF, 0xFF, 0xFF, 0xFF,
    0xFF, 0xFF, 0xFF, 0xFF, 0xFF, 0xFF, 0xFF, 0x00, 0x00, 0x00, 0xFF, 0xFF,
    0xFF, 0xFF, 0xFF, 0xFF, 0xFF, 0xFF, 0xFF, 0xFF, 0xFF, 0xFF, 0xFF, 0xFF,
    0xFF, 0xFF, 0xFF, 0xFF, 0xFF, 0xFF, 0xFF, 0xFF, 0xFF, 0xFF, 0xFF, 0xFF,
    0xFF, 0xFF, 0xFF, 0xFF, 0xFF, 0xFF, 0xFF, 0xFF, 0xFF, 0xFF, 0x00, 0x00,
    0x00, 0x00, 0xFF, 0xFF, 0xFF, 0xFF, 0xFF, 0xFF, 0xFF, 0xFF, 0xFF, 0xFF,
    0xFF, 0xFF, 0xFF, 0xFF, 0xFF, 0xFF, 0xFF, 0xFF, 0xFF, 0xFF, 0xFF, 0xFF,
    0xFF, 0xFF, 0xFF, 0xFF, 0xFF, 0xFF, 0xFF, 0xFF, 0xFF, 0xFF, 0xFF, 0xFF,
    0xFF, 0xFF, 0x00, 0x00, 0x00, 0x00, 0xFF, 0xFF, 0xFF, 0xFF, 0xFF, 0xFF,
    0xFF, 0xFF, 0xFF, 0xFF, 0xFF, 0xFF, 0xFF, 0xFF, 0xFF, 0xFF, 0xFF, 0xFF,
    0xFF, 0xFF, 0xFF, 0xFF, 0xFF, 0xFF, 0xFF, 0xFF, 0xFF, 0xFF, 0xFF, 0xFF,
    0xFF, 0xFF, 0xFF, 0xFF, 0xFF, 0xFF, 0x00, 0x00, 0x00, 0x00, 0x00, 0xFF,
    0xFF, 0xFF, 0xFF, 0xFF, 0xFF, 0xFF, 0xFF, 0xFF, 0xFF, 0xFF, 0xFF, 0xFF,
    0xFF, 0xFF, 0xFF, 0xFF, 0xFF, 0xFF, 0xFF, 0xFF, 0xFF, 0xFF, 0xFF, 0xFF,
    0xFF, 0xFF, 0xFF, 0xFF, 0xFF, 0xFF, 0xFF, 0xFF, 0xFF, 0x00, 0x00, 0x00,
    0x00, 0x00, 0x00, 0x00, 0xFF, 0xFF, 0xFF, 0xFF, 0xFF, 0xFF, 0xFF, 0xFF,
    0xFF, 0xFF, 0xFF, 0xFF, 0xFF, 0xFF, 0xFF, 0xFF, 0xFF, 0xFF, 0xFF, 0xFF,
    0xFF, 0xFF, 0xFF, 0xFF, 0xFF, 0xFF, 0xFF, 0xFF, 0xFF, 0xFF, 0xFF, 0xFF,
    0x00, 0x00, 0x00, 0x00, 0x00, 0x00, 0x00, 0x00, 0x00, 0xFF, 0xFF, 0xFF,
    0xFF, 0xFF, 0xFF, 0xFF, 0xFF, 0xFF, 0xFF, 0xFF, 0xFF, 0xFF, 0xFF, 0xFF,
    0xFF, 0xFF, 0xFF, 0xFF, 0xFF, 0xFF, 0xFF, 0xFF, 0xFF, 0xFF, 0xFF, 0xFF,
    0xFF, 0xFF, 0xFF, 0x00, 0x00, 0x00, 0x00, 0x00, 0x00, 0x00, 0x00, 0x00,
    0x00, 0xFF, 0xFF, 0xFF, 0xFF, 0xFF, 0xFF, 0xFF, 0xFF, 0xFF, 0xFF, 0xFF,
    0xFF, 0xFF, 0xFF, 0xFF, 0xFF, 0xFF, 0xFF, 0xFF, 0xFF, 0xFF, 0xFF, 0xFF,
    0xFF, 0xFF, 0xFF, 0xFF, 0xFF, 0xFF, 0xFF, 0x00, 0x00, 0x00, 0x00, 0x00,
    0x00, 0x00, 0x00, 0x00, 0x00, 0x00, 0xFF, 0xFF, 0xFF, 0xFF, 0xFF, 0xFF,
    0xFF, 0xFF, 0xFF, 0xFF, 0xFF, 0xFF, 0xFF, 0xFF, 0xFF, 0xFF, 0xFF, 0xFF,
    0xFF, 0xFF, 0xFF, 0xFF, 0xFF, 0xFF, 0xFF, 0xFF, 0xFF, 0xFF, 0x00, 0x00,
    0x00, 0x00, 0x00, 0x00, 0x00, 0x00, 0x00, 0x00, 0x00, 0x00, 0x00, 0x00,
    0xFF, 0xFF, 0xFF, 0xFF, 0xFF, 0xFF, 0xFF, 0xFF, 0xFF, 0xFF, 0xFF, 0xFF,
    0xFF, 0xFF, 0xFF, 0xFF, 0xFF, 0xFF, 0xFF, 0xFF, 0xFF, 0xFF, 0xFF, 0xFF,
    0x00, 0x00, 0x00, 0x00, 0x00, 0x00, 0x00, 0x00, 0x00, 0x00, 0x00, 0x00,
    0x00, 0x00, 0x00, 0x00, 0x00, 0xFF, 0xFF, 0xFF, 0xFF, 0xFF, 0xFF, 0xFF,
    0xFF, 0xFF, 0xFF, 0xFF, 0xFF, 0xFF, 0xFF, 0xFF, 0xFF, 0xFF, 0xFF, 0xFF,
    0xFF, 0xFF, 0xFF, 0x00, 0x00, 0x00, 0x00, 0x00, 0x00, 0x00, 0x00, 0x00,
    0x00, 0x00, 0x00, 0x00, 0x00, 0x00, 0x00, 0x00, 0x00, 0x00, 0xFF, 0xFF,
    0xFF, 0xFF, 0xFF, 0xFF, 0xFF, 0xFF, 0xFF, 0xFF, 0xFF, 0xFF, 0xFF, 0xFF,
    0xFF, 0xFF, 0xFF, 0xFF, 0xFF, 0xFF, 0x00, 0x00, 0x00, 0x00, 0x00, 0x00,
    0x00, 0x00, 0x00, 0x00, 0x00, 0x00, 0x00, 0x00, 0x00, 0x00, 0x00, 0x00,
    0x00, 0x00, 0x00, 0x00, 0x00, 0xFF, 0xFF, 0xFF, 0xFF, 0xFF, 0xFF, 0xFF,
    0xFF, 0xFF, 0xFF, 0xFF, 0xFF, 0xFF, 0xFF, 0x00, 0x00, 0x00, 0x00, 0x00,
    0x00, 0x00, 0x00, 0x00, 0x00, 0x00, 0x00, 0x00, 0x00, 0x00, 0x00, 0x00,
    0x00, 0x00, 0x00, 0x00, 0x00, 0x00, 0x00, 0x00, 0x00, 0x00, 0x00, 0x00,
    0xFF, 0xFF, 0xFF, 0xFF, 0xFF, 0xFF, 0xFF, 0xFF, 0x00, 0x00, 0x00, 0x00,
    0x00, 0x00, 0x00, 0x00, 0x00, 0x00, 0x00, 0x00, 0x00, 0x00, 0x00, 0x00,
  },
  { /* frame 1 */
    0x00, 0x00, 0x00, 0x00, 0x00, 0x00, 0x00, 0x00, 0x00, 0x00, 0x00, 0x00,
    0x00, 0x00, 0x00, 0x00, 0x00, 0x00, 0x00, 0xF8, 0x00, 0x00, 0x00, 0x00,
    0x00, 0x00, 0x00, 0x00, 0x28, 0xD2, 0x28, 0xD2, 0x28, 0xD2, 0x08, 0xD2,
    0x49, 0xE2, 0x28, 0xD2, 0x28, 0xD2, 0x28, 0xD2, 0x28, 0xDA, 0x28, 0xD2,
    0x00, 0x00, 0x00, 0x00, 0x00, 0x00, 0x00, 0x00, 0x00, 0x00, 0x00, 0x00,
    0x00, 0x00, 0x00, 0x00, 0x00, 0x00, 0x00, 0x00, 0x00, 0x00, 0x00, 0x00,
    0x00, 0x00, 0x00, 0x00, 0x00, 0x00, 0x00, 0x00, 0x00, 0x00, 0x00, 0x00,
    0x00, 0x00, 0x00, 0x00, 0x00, 0x00, 0x00, 0x00, 0x00, 0x00, 0x00, 0x00,
    0x86, 0xC9, 0x00, 0x00, 0x28, 0xD2, 0x00, 0x00, 0x28, 0xD2, 0x28, 0xD2,
    0x8A, 0xFA, 0x49, 0xE2, 0x69, 0xF2, 0x69, 0xEA, 0x28, 0xD2, 0x49, 0xDA,
    0x49, 0xEA, 0x28, 0xD2, 0x28, 0xD2, 0x28, 0xD2, 0x28, 0xD2, 0x28, 0xD2,
    0x28, 0xD2, 0x28, 0xD2, 0x00, 0x00, 0x00, 0x00, 0x00, 0x00, 0x00, 0x00,
    0x00, 0x00, 0x00, 0x00, 0x00, 0x00, 0x00, 0x00, 0x00, 0x00, 0x00, 0x00,
    0x00, 0x00, 0x00, 0x00, 0x00, 0x00, 0x00, 0x00, 0x00, 0x00, 0x00, 0x00,
    0x00, 0x00, 0x00, 0x00, 0x00, 0x00, 0x00, 0x00, 0x00, 0x00, 0x28, 0xD2,
    0x28, 0xD2, 0x28, 0xD2, 0x28, 0xD2, 0x69, 0xEA, 0x28, 0xD2, 0x28, 0xD2,
    0x28, 0xD2, 0x28, 0xD2, 0x28, 0xD2, 0x28, 0xD2, 0x28, 0xD2, 0x28, 0xD2,
    0x28, 0xD2, 0x28, 0xD2, 0x28, 0xD2, 0x28, 0xD2, 0x28, 0xD2, 0x28, 0xDA,
    0x28, 0xD2, 0x28, 0xD2, 0x00, 0x00, 0x00, 0x00, 0x00, 0x00, 0x00, 0x00,
    0x00, 0x00, 0x00, 0x00, 0x00, 0x00, 0x00, 0x00, 0x00, 0x00, 0x00, 0x00,
    0x00, 0x00, 0x00, 0x00, 0x00, 0x00, 0x00, 0x00, 0x00, 0x00, 0x00, 0x00,
    0x00, 0x00, 0x00, 0x00, 0x00, 0xF8, 0xAA, 0xFA, 0x28, 0xD2, 0x28, 0xDA,
    0x28, 0xD2, 0x28, 0xD2, 0x28, 0xD2, 0x28, 0xD2, 0x28, 0xD2, 0x28, 0xD2,
    0x28, 0xD2, 0x28, 0xD2, 0x28, 0xD2, 0x28, 0xD2, 0x28, 0xD2, 0x28, 0xD2,
    0x28, 0xD2, 0x28, 0xD2, 0x28, 0xD2, 0x28, 0xD2, 0x49, 0xE2, 0x49, 0xEA,
    0x28, 0xD2, 0x28, 0xD2, 0x00, 0x00, 0x00, 0x00, 0x00, 0x00, 0x00, 0x00,
    0x00, 0x00, 0x00, 0x00, 0x00, 0x00, 0x00, 0x00, 0x00, 0x00, 0x00, 0x00,
    0x00, 0x00, 0x00, 0x00, 0xE7, 0xB9, 0x00, 0x00, 0x00, 0x00, 0x28, 0xDA,
    0x28, 0xD2, 0x69, 0xEA, 0x28, 0xD2, 0x28, 0xD2, 0x28, 0xD2, 0x28, 0xD2,
    0x28, 0xD2, 0x28, 0xD2, 0x28, 0xD2, 0x28, 0xD2, 0x28, 0xD2, 0x28, 0xD2,
    0x28, 0xD2, 0x28, 0xD2, 0x28, 0xD2, 0x28, 0xD2, 0x28, 0xD2, 0x28, 0xD2,
    0x28, 0xD2, 0x28, 0xD2, 0x28, 0xD2, 0x28, 0xD2, 0x49, 0xE2, 0x28, 0xD2,
    0x08, 0xD2, 0xC7, 0xE1, 0x00, 0x00, 0xE7, 0xB9, 0x00, 0x00, 0x00, 0x00,
    0x00, 0x00, 0x00, 0x00, 0x00, 0x00, 0x00, 0x00, 0x00, 0x00, 0x00, 0x00,
    0x00, 0x00, 0xA6, 0xC9, 0x28, 0xD2, 0x28, 0xDA, 0x69, 0xEA, 0x28, 0xD2,
    0x28, 0xD2, 0x28, 0xD2, 0x28, 0xD2, 0x28, 0xD2, 0x28, 0xD2, 0x28, 0xD2,
    0x28, 0xD2, 0x28, 0xD2, 0x28, 0xD2, 0x28, 0xD2, 0x28, 0xDA, 0x28, 0xDA,
    0x28, 0xD2, 0x28, 0xD2, 0x28, 0xD2, 0x28, 0xD2, 0x28, 0xD2, 0x28, 0xD2,
    0x28, 0xD2, 0x28, 0xD2, 0x28, 0xD2, 0x69, 0xEA, 0x69, 0xF2, 0x69, 0xF2,
    0xA6, 0xC9, 0x00, 0x00, 0x00, 0x00, 0x00, 0x00, 0x00, 0x00, 0x00, 0x00,
    0x00, 0x00, 0x00, 0x00, 0x00, 0x00, 0x00, 0x00, 0xC7, 0xE1, 0x69, 0xF2,
    0x28, 0xD2, 0x28, 0xD2, 0x28, 0xD2, 0x28, 0xD2, 0x28, 0xD2, 0x28, 0xD2,
    0x28, 0xD2, 0x28, 0xD2, 0x28, 0xD2, 0x08, 0xD2, 0x49, 0xEA, 0x08, 0xCA,
    0x49, 0xEA, 0x89, 0xFA, 0xE7, 0xB9, 0x08, 0xC2, 0x49, 0xE2, 0x28, 0xD2,
    0x28, 0xD2, 0x28, 0xD2, 0x28, 0xD2, 0x28, 0xD2, 0x28, 0xD2, 0x28, 0xD2,
    0x28, 0xD2, 0x28, 0xD2, 0x28, 0xD2, 0x28, 0xD2, 0x28, 0xD2, 0x00, 0x00,
    0x00, 0x00, 0x00, 0x00, 0x00, 0x00, 0x00, 0x00, 0x00, 0x00, 0x00, 0x00,
    0x00, 0x00, 0x00, 0x00, 0x08, 0xD2, 0x69, 0xF2, 0x28, 0xD2, 0x28, 0xD2,
    0x28, 0xD2, 0x28, 0xD2, 0x28, 0xD2, 0x28, 0xD2, 0x28, 0xD2, 0x28, 0xDA,
    0x49, 0xEA, 0x69, 0xFA, 0xC7, 0xA9, 0xA3, 0x20, 0xC3, 0x30, 0x65, 0x71,
    0xA3, 0x18, 0x21, 0x00, 0xC7, 0xA1, 0x28, 0xDA, 0x28, 0xDA, 0x28, 0xD2,
    0x49, 0xE2, 0x28, 0xD2, 0x28, 0xD2, 0x28, 0xD2, 0x28, 0xD2, 0x28, 0xD2,
    0x28, 0xD2, 0x28, 0xD2, 0x28, 0xDA, 0x28, 0xDA, 0x00, 0x00, 0x00, 0x00,
    0x00, 0x00, 0x00, 0x00, 0x00, 0x00, 0x00, 0x00, 0x00, 0x00, 0x28, 0xD2,
    0x28, 0xD2, 0x69, 0xEA, 0x28, 0xD2, 0x28, 0xD2, 0x28, 0xD2, 0x28, 0xD2,
    0x28, 0xD2, 0x28, 0xDA, 0x08, 0xCA, 0xA6, 0x91, 0xA3, 0x18, 0x24, 0x51,
    0x41, 0x00, 0x82, 0x10, 0x82, 0x08, 0x62, 0x00, 0x82, 0x10, 0x82, 0x08,
    0x08, 0xCA, 0x28, 0xD2, 0x49, 0xEA, 0xA3, 0x18, 0x08, 0xCA, 0x49, 0xF2,
    0x28, 0xDA, 0x28, 0xD2, 0x28, 0xD2, 0x28, 0xD2, 0x28, 0xD2, 0x28, 0xD2,
    0x69, 0xEA, 0x28, 0xD2, 0x00, 0xF8, 0x00, 0x00, 0x86, 0xC9, 0x00, 0x00,
    0x00, 0x00, 0x00, 0x00, 0x00, 0x00, 0x28, 0xD2, 0x49, 0xE2, 0x28, 0xD2,
    0x28, 0xD2, 0x28, 0xD2, 0x28, 0xD2, 0x28, 0xD2, 0x28, 0xD2, 0x69, 0xFA,
    0x04, 0x51, 0x42, 0x00, 0x62, 0x00, 0x62, 0x00, 0xA2, 0x10, 0x82, 0x10,
    0x82, 0x10, 0x82, 0x10, 0x82, 0x00, 0xE4, 0x38, 0x49, 0xEA, 0x28, 0xDA,
    0xE7, 0xB9, 0x62, 0x00, 0x24, 0x51, 0x86, 0x81, 0xE7, 0xB1, 0x28, 0xD2,
    0x28, 0xD2, 0x28, 0xD2, 0x28, 0xD2, 0x28, 0xD2, 0x28, 0xD2, 0x69, 0xEA,
    0xAA, 0xFA, 0x28, 0xD2, 0x00, 0x00, 0x00, 0xF8, 0x00, 0x00, 0x00, 0x00,
    0x28, 0xD2, 0x49, 0xEA, 0x28, 0xD2, 0x28, 0xD2, 0x28, 0xD2, 0x28, 0xD2,
    0x28, 0xD2, 0x28, 0xD2, 0x28, 0xD2, 0x28, 0xE2, 0x45, 0x69, 0x82, 0x08,
    0x82, 0x10, 0x82, 0x10, 0x82, 0x10, 0x82, 0x10, 0x82, 0x10, 0x82, 0x10,
    0x62, 0x00, 0x45, 0x71, 0x49, 0xF2, 0x49, 0xEA, 0x86, 0x89, 0x42, 0x00,
    0x62, 0x00, 0x41, 0x00, 0xC3, 0x28, 0x69, 0xFA, 0x28, 0xD2, 0x28, 0xD2,
    0x28, 0xD2, 0x28, 0xD2, 0x28, 0xD2, 0x28, 0xD2, 0x28, 0xD2, 0x28, 0xD2,
    0x28, 0xD2, 0x00, 0x00, 0x00, 0x00, 0x00, 0x00, 0x28, 0xD2, 0x49, 0xE2,
    0x28, 0xD2, 0x28, 0xD2, 0x28, 0xD2, 0x28, 0xD2, 0x28, 0xD2, 0x28, 0xD2,
    0x69, 0xF2, 0x49, 0xEA, 0x49, 0xE2, 0x82, 0x00, 0x42, 0x00, 0x82, 0x08,
    0x82, 0x10, 0x82, 0x10, 0x82, 0x10, 0x82, 0x10, 0x62, 0x00, 0xC7, 0xB1,
    0x69, 0xFA, 0x8A, 0xFA, 0x24, 0x51, 0x62, 0x00, 0x82, 0x10, 0x82, 0x10,
    0x41, 0x00, 0x86, 0x91, 0x8A, 0xFA, 0x28, 0xDA, 0x28, 0xD2, 0x28, 0xD2,
    0x28, 0xD2, 0x28, 0xD2, 0x28, 0xDA, 0x28, 0xD2, 0x00, 0x00, 0x00, 0x00,
    0x00, 0x00, 0x28, 0xD2, 0x28, 0xDA, 0x28, 0xD2, 0x28, 0xD2, 0x28, 0xD2,
    0x28, 0xD2, 0x28, 0xD2, 0x69, 0xF2, 0x86, 0x81, 0xC3, 0x20, 0xA7, 0xA1,
    0x49, 0xEA, 0x28, 0xD2, 0x65, 0x71, 0x82, 0x00, 0x82, 0x10, 0x82, 0x10,
    0x82, 0x10, 0x82, 0x10, 0x82, 0x10, 0xC3, 0x28, 0x25, 0x59, 0xA6, 0x91,
    0xA3, 0x20, 0x82, 0x08, 0x82, 0x10, 0x82, 0x10, 0x82, 0x10, 0xC3, 0x28,
    0x25, 0x59, 0x08, 0xCA, 0x28, 0xD2, 0x28, 0xD2, 0x28, 0xD2, 0x28, 0xD2,
    0x28, 0xD2, 0x28, 0xD2, 0x28, 0xD2, 0x00, 0x00, 0x00, 0x00, 0x28, 0xD2,
    0x28, 0xD2, 0x28, 0xD2, 0x28, 0xD2, 0x28, 0xD2, 0x28, 0xD2, 0x48, 0xE2,
    0x08, 0xD2, 0x24, 0x51, 0x21, 0x00, 0x04, 0x49, 0x08, 0xC2, 0x69, 0xFA,
    0x65, 0x71, 0x42, 0x00, 0x82, 0x10, 0x82, 0x10, 0x82, 0x10, 0x82, 0x10,
    0x82, 0x10, 0x82, 0x08, 0x62, 0x00, 0x62, 0x00, 0x82, 0x10, 0x82, 0x10,
    0x82, 0x10, 0x82, 0x10, 0x82, 0x10, 0x82, 0x08, 0x42, 0x00, 0xA6, 0x91,
    0x28, 0xDA, 0x28, 0xD2, 0x28, 0xD2, 0x28, 0xD2, 0x28, 0xD2, 0x69, 0xEA,
    0x28, 0xD2, 0x00, 0x00, 0x00, 0x00, 0x28, 0xD2, 0x28, 0xD2, 0x28, 0xD2,
    0x28, 0xD2, 0x28, 0xD2, 0x28, 0xD2, 0x28, 0xD2, 0x62, 0x00, 0x82, 0x10,
    0x82, 0x10, 0x62, 0x00, 0x41, 0x00, 0x28, 0xDA, 0x04, 0x49, 0x82, 0x00,
    0x82, 0x10, 0x82, 0x10, 0x82, 0x10, 0x82, 0x08, 0x82, 0x10, 0x82, 0x10,
    0x82, 0x10, 0x82, 0x10, 0x82, 0x10, 0x82, 0x10, 0x82, 0x10, 0x82, 0x10,
    0x82, 0x10, 0x82, 0x10, 0x62, 0x00, 0xA3, 0x10, 0x49, 0xEA, 0x28, 0xD2,
    0x28, 0xD2, 0x28, 0xD2, 0x28, 0xD2, 0x28, 0xD2, 0x8A, 0xFA, 0x28, 0xD2,
    0x00, 0x00, 0x28, 0xD2, 0x28, 0xD2, 0x28, 0xD2, 0x28, 0xD2, 0x28, 0xD2,
    0x48, 0xE2, 0xA7, 0xA1, 0x62, 0x00, 0x82, 0x10, 0x82, 0x10, 0x82, 0x10,
    0x82, 0x08, 0xC3, 0x30, 0x82, 0x08, 0x82, 0x10, 0x82, 0x10, 0x82, 0x10,
    0x62, 0x08, 0xC3, 0x10, 0x82, 0x10, 0x62, 0x08, 0x62, 0x08, 0x82, 0x10,
    0x82, 0x10, 0x82, 0x10, 0x82, 0x10, 0x82, 0x08, 0x82, 0x08, 0x21, 0x00,
    0xA3, 0x20, 0x66, 0x81, 0x69, 0xF2, 0x28, 0xD2, 0x28, 0xD2, 0x28, 0xD2,
    0x28, 0xD2, 0x28, 0xD2, 0x49, 0xE2, 0x28, 0xD2, 0x28, 0xD2, 0x28, 0xD2,
    0x28, 0xD2, 0x28, 0xD2, 0x28, 0xD2, 0x28, 0xD2, 0x49, 0xF2, 0x45, 0x69,
    0x62, 0x00, 0x82, 0x10, 0x82, 0x10, 0x82, 0x10, 0x82, 0x10, 0x82, 0x08,
    0x82, 0x10, 0x82, 0x10, 0x82, 0x10, 0x82, 0x10, 0x25, 0x21, 0x87, 0x29,
    0x66, 0x29, 0x25, 0x21, 0xE4, 0x18, 0x82, 0x10, 0x82, 0x10, 0x82, 0x10,
    0x82, 0x10, 0x62, 0x00, 0xA7, 0xA1, 0x86, 0x89, 0x08, 0xCA, 0x49, 0xEA,
    0x28, 0xD2, 0x28, 0xD2, 0x28, 0xD2, 0x28, 0xD2, 0x28, 0xD2, 0x28, 0xD2,
    0x69, 0xF2, 0x28, 0xD2, 0x28, 0xDA, 0x28, 0xD2, 0x28, 0xD2, 0x28, 0xD2,
    0x28, 0xD2, 0x28, 0xD2, 0x49, 0xEA, 0xE4, 0x38, 0x82, 0x00, 0x82, 0x10,
    0x82, 0x10, 0x82, 0x10, 0x82, 0x10, 0x82, 0x10, 0x82, 0x10, 0x62, 0x08,
    0xE4, 0x18, 0x66, 0x29, 0x86, 0x29, 0x66, 0x29, 0x66, 0x29, 0x66, 0x29,
    0x66, 0x29, 0x82, 0x10, 0x82, 0x10, 0x82, 0x10, 0x82, 0x08, 0xC3, 0x20,
    0x49, 0xE2, 0x89, 0xFA, 0x49, 0xE2, 0xE8, 0xC1, 0x49, 0xEA, 0x28, 0xDA,
    0x28, 0xD2, 0x28, 0xD2, 0x28, 0xD2, 0x28, 0xD2, 0x69, 0xEA, 0x08, 0xD2,
    0x28, 0xD2, 0x28, 0xD2, 0x28, 0xD2, 0x28, 0xD2, 0x28, 0xD2, 0x28, 0xDA,
    0x08, 0xC2, 0x62, 0x00, 0x82, 0x10, 0x82, 0x10, 0x82, 0x10, 0x82, 0x10,
    0x82, 0x10, 0x82, 0x10, 0x82, 0x10, 0x62, 0x08, 0x25, 0x21, 0x66, 0x29,
    0x66, 0x29, 0x66, 0x29, 0x66, 0x29, 0x66, 0x29, 0x86, 0x29, 0x25, 0x21,
    0x62, 0x08, 0x82, 0x10, 0x82, 0x00, 0x25, 0x59, 0x08, 0xCA, 0x04, 0x51,
    0x45, 0x69, 0x21, 0x00, 0x04, 0x51, 0x48, 0xE2, 0x28, 0xD2, 0x28, 0xD2,
    0x28, 0xD2, 0x28, 0xD2, 0x28, 0xD2, 0x49, 0xE2, 0x28, 0xD2, 0x49, 0xEA,
    0x28, 0xD2, 0x28, 0xD2, 0x28, 0xD2, 0x28, 0xDA, 0xE7, 0xB9, 0xA3, 0x18,
    0x82, 0x10, 0x82, 0x10, 0x82, 0x10, 0x82, 0x08, 0x82, 0x10, 0x82, 0x10,
    0x82, 0x10, 0x82, 0x10, 0x66, 0x29, 0x66, 0x29, 0x66, 0x29, 0x66, 0x29,
    0x66, 0x29, 0x66, 0x29, 0x66, 0x29, 0x87, 0x29, 0xC3, 0x10, 0x82, 0x08,
    0xA3, 0x10, 0x82, 0x00, 0xA3, 0x20, 0x41, 0x00, 0x62, 0x00, 0x62, 0x00,
    0x45, 0x71, 0x8A, 0xFA, 0x28, 0xD2, 0x28, 0xD2, 0x28, 0xD2, 0x28, 0xD2,
    0x49, 0xDA, 0x28, 0xD2, 0x28, 0xD2, 0x49, 0xDA, 0x28, 0xD2, 0x28, 0xD2,
    0x28, 0xD2, 0x28, 0xD2, 0x8A, 0xFA, 0x45, 0x71, 0x62, 0x00, 0x62, 0x00,
    0x41, 0x00, 0xA3, 0x20, 0x82, 0x00, 0xA3, 0x10, 0x82, 0x08, 0xC3, 0x10,
    0x87, 0x29, 0x66, 0x29, 0x66, 0x29, 0x66, 0x29, 0x66, 0x29, 0x66, 0x29,
    0x66, 0x29, 0x66, 0x29, 0x82, 0x10, 0x82, 0x10, 0x82, 0x10, 0x82, 0x10,
    0x82, 0x08, 0x82, 0x10, 0x82, 0x10, 0x82, 0x10, 0xA3, 0x18, 0xE7, 0xB9,
    0x28, 0xDA, 0x28, 0xD2, 0x28, 0xD2, 0x28, 0xD2, 0x49, 0xEA, 0x28, 0xD2,
    0x49, 0xE2, 0x28, 0xD2, 0x28, 0xD2, 0x28, 0xD2, 0x28, 0xD2, 0x28, 0xD2,
    0x48, 0xE2, 0x04, 0x51, 0x21, 0x00, 0x45, 0x69, 0x04, 0x51, 0x08, 0xCA,
    0x25, 0x59, 0x82, 0x00, 0x82, 0x10, 0x62, 0x08, 0x25, 0x21, 0x86, 0x29,
    0x66, 0x29, 0x66, 0x29, 0x66, 0x29, 0x66, 0x29, 0x66, 0x29, 0x25, 0x21,
    0x62, 0x08, 0x82, 0x10, 0x82, 0x10, 0x82, 0x10, 0x82, 0x10, 0x82, 0x10,
    0x82, 0x10, 0x82, 0x10, 0x62, 0x00, 0x08, 0xC2, 0x28, 0xDA, 0x28, 0xD2,
    0x28, 0xD2, 0x28, 0xD2, 0x28, 0xD2, 0x28, 0xD2, 0x08, 0xD2, 0x69, 0xEA,
    0x28, 0xD2, 0x28, 0xD2, 0x28, 0xD2, 0x28, 0xD2, 0x28, 0xDA, 0x49, 0xEA,
    0xE8, 0xC1, 0x49, 0xE2, 0x89, 0xFA, 0x49, 0xE2, 0xC3, 0x20, 0x82, 0x08,
    0x82, 0x10, 0x82, 0x10, 0x82, 0x10, 0x66, 0x29, 0x66, 0x29, 0x66, 0x29,
    0x66, 0x29, 0x86, 0x29, 0x66, 0x29, 0xE4, 0x18, 0x62, 0x08, 0x82, 0x10,
    0x82, 0x10, 0x82, 0x10, 0x82, 0x10, 0x82, 0x10, 0x82, 0x10, 0x82, 0x00,
    0xE4, 0x38, 0x49, 0xEA, 0x28, 0xD2, 0x28, 0xD2, 0x28, 0xD2, 0x28, 0xD2,
    0x28, 0xD2, 0x28, 0xDA, 0x28, 0xD2, 0x69, 0xF2, 0x28, 0xD2, 0x28, 0xD2,
    0x28, 0xD2, 0x28, 0xD2, 0x28, 0xD2, 0x28, 0xD2, 0x49, 0xEA, 0x08, 0xCA,
    0x86, 0x89, 0xA7, 0xA1, 0x62, 0x00, 0x82, 0x10, 0x82, 0x10, 0x82, 0x10,
    0x82, 0x10, 0xE4, 0x18, 0x25, 0x21, 0x66, 0x29, 0x87, 0x29, 0x25, 0x21,
    0x82, 0x10, 0x82, 0x10, 0x82, 0x10, 0x82, 0x10, 0x82, 0x08, 0x82, 0x10,
    0x82, 0x10, 0x82, 0x10, 0x82, 0x10, 0x62, 0x00, 0x45, 0x69, 0x49, 0xF2,
    0x28, 0xD2, 0x28, 0xD2, 0x28, 0xD2, 0x28, 0xD2, 0x28, 0xD2, 0x28, 0xD2,
    0x28, 0xD2, 0x49, 0xE2, 0x28, 0xD2, 0x28, 0xD2, 0x28, 0xD2, 0x28, 0xD2,
    0x28, 0xD2, 0x69, 0xF2, 0x66, 0x81, 0xA3, 0x20, 0x21, 0x00, 0x82, 0x08,
    0x82, 0x08, 0x82, 0x10, 0x82, 0x10, 0x82, 0x10, 0x82, 0x10, 0x62, 0x08,
    0x62, 0x08, 0x82, 0x10, 0xC3, 0x10, 0x62, 0x08, 0x82, 0x10, 0x82, 0x10,
    0x82, 0x10, 0x82, 0x08, 0xC3, 0x30, 0x82, 0x08, 0x82, 0x10, 0x82, 0x10,
    0x82, 0x10, 0x62, 0x00, 0xA7, 0xA1, 0x48, 0xE2, 0x28, 0xD2, 0x28, 0xD2,
    0x28, 0xD2, 0x28, 0xD2, 0x28, 0xD2, 0x00, 0x00, 0x28, 0xD2, 0x8A, 0xFA,
    0x28, 0xD2, 0x28, 0xD2, 0x28, 0xD2, 0x28, 0xD2, 0x28, 0xD2, 0x49, 0xEA,
    0xA3, 0x10, 0x62, 0x00, 0x82, 0x10, 0x82, 0x10, 0x82, 0x10, 0x82, 0x10,
    0x82, 0x10, 0x82, 0x10, 0x82, 0x10, 0x82, 0x10, 0x82, 0x10, 0x82, 0x10,
    0x82, 0x08, 0x82, 0x10, 0x82, 0x10, 0x82, 0x10, 0x82, 0x00, 0x04, 0x49,
    0x28, 0xDA, 0x41, 0x00, 0x62, 0x00, 0x82, 0x10, 0x82, 0x10, 0x62, 0x00,
    0x28, 0xD2, 0x28, 0xD2, 0x28, 0xD2, 0x28, 0xD2, 0x28, 0xD2, 0x28, 0xD2,
    0x28, 0xD2, 0x00, 0x00, 0x00, 0x00, 0x28, 0xD2, 0x69, 0xEA, 0x28, 0xD2,
    0x28, 0xD2, 0x28, 0xD2, 0x28, 0xD2, 0x28, 0xDA, 0xA6, 0x91, 0x42, 0x00,
    0x82, 0x08, 0x82, 0x10, 0x82, 0x10, 0x82, 0x10, 0x82, 0x10, 0x82, 0x10,
    0x82, 0x10, 0x82, 0x10, 0x82, 0x10, 0x82, 0x10, 0x82, 0x10, 0x82, 0x10,
    0x82, 0x10, 0x82, 0x10, 0x42, 0x00, 0x65, 0x71, 0x69, 0xFA, 0x08, 0xC2,
    0x04, 0x49, 0x21, 0x00, 0x24, 0x51, 0x08, 0xD2, 0x48, 0xE2, 0x28, 0xD2,
    0x28, 0xD2, 0x28, 0xD2, 0x28, 0xD2, 0x28, 0xD2, 0x28, 0xD2, 0x00, 0x00,
    0x00, 0x00, 0x28, 0xD2, 0x28, 0xD2, 0x28, 0xD2, 0x28, 0xD2, 0x28, 0xD2,
    0x28, 0xD2, 0x28, 0xD2, 0x08, 0xCA, 0x25, 0x59, 0xC3, 0x28, 0x82, 0x10,
    0x82, 0x10, 0x82, 0x10, 0x82, 0x10, 0x82, 0x10, 0x82, 0x08, 0x62, 0x00,
    0x82, 0x08, 0x82, 0x10, 0x82, 0x10, 0x82, 0x10, 0x82, 0x10, 0x82, 0x10,
    0x82, 0x00, 0x65, 0x71, 0x28, 0xD2, 0x49, 0xEA, 0xA7, 0xA1, 0xC3, 0x20,
    0x86, 0x81, 0x69, 0xF2, 0x28, 0xD2, 0x28, 0xD2, 0x28, 0xD2, 0x28, 0xD2,
    0x28, 0xD2, 0x28, 0xDA, 0x28, 0xD2, 0x00, 0x00, 0x00, 0x00, 0x00, 0x00,
    0x28, 0xD2, 0x28, 0xDA, 0x28, 0xD2, 0x28, 0xD2, 0x28, 0xD2, 0x28, 0xD2,
    0x28, 0xDA, 0x8A, 0xFA, 0x86, 0x91, 0x41, 0x00, 0x82, 0x10, 0x82, 0x10,
    0x82, 0x10, 0x62, 0x00, 0xE4, 0x30, 0x25, 0x61, 0xC3, 0x20, 0x62, 0x00,
    0x82, 0x10, 0x82, 0x10, 0x82, 0x10, 0x82, 0x10, 0x82, 0x08, 0x42, 0x00,
    0x82, 0x00, 0x49, 0xE2, 0x49, 0xEA, 0x69, 0xF2, 0x28, 0xD2, 0x28, 0xD2,
    0x28, 0xD2, 0x28, 0xD2, 0x28, 0xD2, 0x28, 0xD2, 0x49, 0xE2, 0x28, 0xD2,
    0x00, 0x00, 0x00, 0x00, 0x00, 0x00, 0x28, 0xD2, 0x28, 0xD2, 0x28, 0xD2,
    0x28, 0xD2, 0x28, 0xD2, 0x28, 0xD2, 0x28, 0xD2, 0x28, 0xD2, 0x28, 0xD2,
    0x69, 0xFA, 0xC3, 0x28, 0x41, 0x00, 0x62, 0x00, 0x82, 0x10, 0x42, 0x00,
    0x86, 0x89, 0x8A, 0xFA, 0x69, 0xFA, 0x45, 0x61, 0x62, 0x00, 0x82, 0x10,
    0x82, 0x10, 0x82, 0x10, 0x82, 0x10, 0x82, 0x10, 0x82, 0x08, 0x45, 0x69,
    0x28, 0xE2, 0x28, 0xD2, 0x28, 0xD2, 0x28, 0xD2, 0x28, 0xD2, 0x28, 0xD2,
    0x28, 0xD2, 0x28, 0xD2, 0x49, 0xEA, 0x28, 0xD2, 0x00, 0x00, 0x00, 0x00,
    0x00, 0xF8, 0x00, 0x00, 0x28, 0xD2, 0xAA, 0xFA, 0x69, 0xEA, 0x28, 0xD2,
    0x28, 0xD2, 0x28, 0xD2, 0x28, 0xD2, 0x28, 0xD2, 0x28, 0xD2, 0xE7, 0xB1,
    0x86, 0x81, 0x24, 0x51, 0x82, 0x10, 0x62, 0x00, 0xE7, 0xB1, 0x28, 0xDA,
    0x49, 0xF2, 0x04, 0x41, 0x62, 0x00, 0x82, 0x10, 0x82, 0x10, 0xA2, 0x10,
    0x62, 0x00, 0x62, 0x00, 0x42, 0x00, 0x04, 0x51, 0x69, 0xFA, 0x28, 0xD2,
    0x28, 0xD2, 0x28, 0xD2, 0x28, 0xD2, 0x28, 0xD2, 0x28, 0xD2, 0x49, 0xE2,
    0x28, 0xD2, 0x00, 0x00, 0x00, 0x00, 0x00, 0x00, 0x00, 0x00, 0x86, 0xC9,
    0x00, 0x00, 0x00, 0xF8, 0x28, 0xD2, 0x69, 0xEA, 0x28, 0xD2, 0x28, 0xD2,
    0x28, 0xD2, 0x28, 0xD2, 0x28, 0xD2, 0x28, 0xDA, 0x49, 0xF2, 0x08, 0xD2,
    0x62, 0x00, 0x82, 0x10, 0x49, 0xE2, 0x28, 0xD2, 0x08, 0xD2, 0x82, 0x10,
    0x62, 0x00, 0x82, 0x08, 0x82, 0x10, 0x41, 0x00, 0x24, 0x51, 0xA3, 0x18,
    0xA6, 0x91, 0x08, 0xCA, 0x28, 0xDA, 0x28, 0xD2, 0x28, 0xD2, 0x28, 0xD2,
    0x28, 0xD2, 0x28, 0xD2, 0x69, 0xEA, 0x28, 0xD2, 0x28, 0xD2, 0x00, 0x00,
    0x00, 0x00, 0x00, 0x00, 0x00, 0x00, 0x00, 0x00, 0x00, 0x00, 0x00, 0x00,
    0x28, 0xDA, 0x28, 0xDA, 0x28, 0xD2, 0x28, 0xD2, 0x28, 0xD2, 0x28, 0xD2,
    0x28, 0xD2, 0x28, 0xD2, 0x28, 0xD2, 0x48, 0xE2, 0x28, 0xD2, 0xE7, 0xB1,
    0x49, 0xE2, 0x28, 0xE2, 0x86, 0x91, 0x62, 0x00, 0x65, 0x71, 0xC3, 0x30,
    0xA3, 0x20, 0xC7, 0xA9, 0x69, 0xFA, 0x49, 0xEA, 0x28, 0xDA, 0x28, 0xD2,
    0x28, 0xD2, 0x28, 0xD2, 0x28, 0xD2, 0x28, 0xD2, 0x28, 0xD2, 0x28, 0xD2,
    0x69, 0xF2, 0x08, 0xD2, 0x00, 0x00, 0x00, 0x00, 0x00, 0x00, 0x00, 0x00,
    0x00, 0x00, 0x00, 0x00, 0x00, 0x00, 0x00, 0x00, 0x00, 0x00, 0x28, 0xD2,
    0x28, 0xD2, 0x28, 0xD2, 0x28, 0xD2, 0x28, 0xD2, 0x28, 0xD2, 0x28, 0xD2,
    0x28, 0xD2, 0x28, 0xD2, 0x28, 0xD2, 0x28, 0xDA, 0x28, 0xD2, 0x28, 0xD2,
    0x08, 0xCA, 0xE7, 0xB1, 0x89, 0xFA, 0x49, 0xEA, 0x08, 0xCA, 0x49, 0xEA,
    0x08, 0xD2, 0x28, 0xD2, 0x28, 0xD2, 0x28, 0xD2, 0x28, 0xD2, 0x28, 0xD2,
    0x28, 0xD2, 0x28, 0xD2, 0x28, 0xD2, 0x28, 0xD2, 0x69, 0xF2, 0xC7, 0xE1,
    0x00, 0x00, 0x00, 0x00, 0x00, 0x00, 0x00, 0x00, 0x00, 0x00, 0x00, 0x00,
    0x00, 0x00, 0x00, 0x00, 0x00, 0x00, 0xA6, 0xC9, 0x69, 0xF2, 0x69, 0xF2,
    0x69, 0xEA, 0x28, 0xD2, 0x28, 0xD2, 0x28, 0xD2, 0x28, 0xD2, 0x28, 0xD2,
    0x28, 0xD2, 0x28, 0xD2, 0x28, 0xD2, 0x28, 0xD2, 0x28, 0xD2, 0x28, 0xDA,
    0x28, 0xD2, 0x28, 0xD2, 0x28, 0xD2, 0x28, 0xD2, 0x28, 0xD2, 0x28, 0xD2,
    0x28, 0xD2, 0x28, 0xD2, 0x28, 0xD2, 0x28, 0xD2, 0x28, 0xD2, 0x69, 0xEA,
    0x28, 0xDA, 0x28, 0xD2, 0xA6, 0xC9, 0x00, 0x00, 0x00, 0x00, 0x00, 0x00,
    0x00, 0x00, 0x00, 0x00, 0x00, 0x00, 0x00, 0x00, 0x00, 0x00, 0x00, 0x00,
    0xE7, 0xB9, 0x00, 0x00, 0xC7, 0xE1, 0x08, 0xD2, 0x28, 0xD2, 0x49, 0xE2,
    0x28, 0xD2, 0x28, 0xD2, 0x28, 0xD2, 0x28, 0xD2, 0x28, 0xD2, 0x28, 0xD2,
    0x28, 0xD2, 0x28, 0xD2, 0x28, 0xD2, 0x28, 0xD2, 0x28, 0xD2, 0x28, 0xD2,
    0x28, 0xD2, 0x28, 0xD2, 0x28, 0xD2, 0x28, 0xD2, 0x28, 0xD2, 0x28, 0xD2,
    0x28, 0xD2, 0x28, 0xD2, 0x69, 0xEA, 0x28, 0xD2, 0x28, 0xDA, 0x00, 0x00,
    0x00, 0x00, 0xE7, 0xB9, 0x00, 0x00, 0x00, 0x00, 0x00, 0x00, 0x00, 0x00,
    0x00, 0x00, 0x00, 0x00, 0x00, 0x00, 0x00, 0x00, 0x00, 0x00, 0x00, 0x00,
    0x00, 0x00, 0x00, 0x00, 0x28, 0xD2, 0x28, 0xD2, 0x49, 0xEA, 0x49, 0xE2,
    0x28, 0xD2, 0x28, 0xD2, 0x28, 0xD2, 0x28, 0xD2, 0x28, 0xD2, 0x28, 0xD2,
    0x28, 0xD2, 0x28, 0xD2, 0x28, 0xD2, 0x28, 0xD2, 0x28, 0xD2, 0x28, 0xD2,
    0x28, 0xD2, 0x28, 0xD2, 0x28, 0xD2, 0x28, 0xD2, 0x28, 0xDA, 0x28, 0xD2,
    0xAA, 0xFA, 0x00, 0xF8, 0x00, 0x00, 0x00, 0x00, 0x00, 0x00, 0x00, 0x00,
    0x00, 0x00, 0x00, 0x00, 0x00, 0x00, 0x00, 0x00, 0x00, 0x00, 0x00, 0x00,
    0x00, 0x00, 0x00, 0x00, 0x00, 0x00, 0x00, 0x00, 0x00, 0x00, 0x00, 0x00,
    0x00, 0x00, 0x00, 0x00, 0x28, 0xD2, 0x28, 0xD2, 0x28, 0xDA, 0x28, 0xD2,
    0x28, 0xD2, 0x28, 0xD2, 0x28, 0xD2, 0x28, 0xD2, 0x28, 0xD2, 0x28, 0xD2,
    0x28, 0xD2, 0x28, 0xD2, 0x28, 0xD2, 0x28, 0xD2, 0x28, 0xD2, 0x28, 0xD2,
    0x69, 0xEA, 0x28, 0xD2, 0x28, 0xD2, 0x28, 0xD2, 0x28, 0xD2, 0x00, 0x00,
    0x00, 0x00, 0x00, 0x00, 0x00, 0x00, 0x00, 0x00, 0x00, 0x00, 0x00, 0x00,
    0x00, 0x00, 0x00, 0x00, 0x00, 0x00, 0x00, 0x00, 0x00, 0x00, 0x00, 0x00,
    0x00, 0x00, 0x00, 0x00, 0x00, 0x00, 0x00, 0x00, 0x00, 0x00, 0x00, 0x00,
    0x00, 0x00, 0x00, 0x00, 0x28, 0xD2, 0x28, 0xD2, 0x28, 0xD2, 0x28, 0xD2,
    0x28, 0xD2, 0x28, 0xD2, 0x28, 0xD2, 0x49, 0xEA, 0x49, 0xDA, 0x28, 0xD2,
    0x69, 0xEA, 0x69, 0xF2, 0x49, 0xE2, 0x8A, 0xFA, 0x28, 0xD2, 0x28, 0xD2,
    0x00, 0x00, 0x28, 0xD2, 0x00, 0x00, 0x86, 0xC9, 0x00, 0x00, 0x00, 0x00,
    0x00, 0x00, 0x00, 0x00, 0x00, 0x00, 0x00, 0x00, 0x00, 0x00, 0x00, 0x00,
    0x00, 0x00, 0x00, 0x00, 0x00, 0x00, 0x00, 0x00, 0x00, 0x00, 0x00, 0x00,
    0x00, 0x00, 0x00, 0x00, 0x00, 0x00, 0x00, 0x00, 0x00, 0x00, 0x00, 0x00,
    0x00, 0x00, 0x00, 0x00, 0x00, 0x00, 0x00, 0x00, 0x28, 0xD2, 0x28, 0xDA,
    0x28, 0xD2, 0x28, 0xD2, 0x28, 0xD2, 0x49, 0xE2, 0x08, 0xD2, 0x28, 0xD2,
    0x28, 0xD2, 0x28, 0xD2, 0x00, 0x00, 0x00, 0x00, 0x00, 0x00, 0x00, 0x00,
    0x00, 0xF8, 0x00, 0x00, 0x00, 0x00, 0x00, 0x00, 0x00, 0x00, 0x00, 0x00,
    0x00, 0x00, 0x00, 0x00, 0x00, 0x00, 0x00, 0x00, 0x00, 0x00, 0x00, 0x00,
    0x00, 0x00, 0x00, 0x00, 0x00, 0x01, 0x00, 0x01, 0x00, 0x00, 0x3C, 0xE7,
    0x90, 0x57, 0xFF, 0xCA, 0x81, 0xEC, 0xFF, 0xFF, 0x00, 0x00, 0x00, 0x00,
    0x00, 0x00, 0x00, 0x00, 0x00, 0x00, 0x00, 0x00, 0x00, 0x00, 0x00, 0x00,
    0x00, 0x00, 0x00, 0x00, 0x00, 0x00, 0x00, 0x00, 0x05, 0x00, 0x0B, 0x00,
    0x21, 0xBD, 0xFF, 0xFF, 0xFF, 0xFF, 0xFE, 0xFF, 0xFF, 0xFA, 0xFF, 0xFF,
    0xFF, 0xFF, 0xFF, 0xFF, 0x00, 0x00, 0x00, 0x00, 0x00, 0x00, 0x00, 0x00,
    0x00, 0x00, 0x00, 0x00, 0x00, 0x00, 0x00, 0x00, 0x00, 0x00, 0x00, 0x00,
    0x00, 0x29, 0xD7, 0xCC, 0xF8, 0xFF, 0xFE, 0xFE, 0xFF, 0xFF, 0xFE, 0xFF,
    0xFF, 0xFF, 0xFF, 0xFF, 0xFF, 0xFF, 0xFF, 0xFF, 0xE3, 0x0B, 0x00, 0x00,
    0x00, 0x00, 0x00, 0x00, 0x00, 0x00, 0x00, 0x00, 0x00, 0x00, 0x00, 0x00,
    0x00, 0x00, 0x00, 0x00, 0x01, 0xFF, 0xFE, 0xFF, 0xFF, 0xFE, 0xFE, 0xFF,
    0xFF, 0xFF, 0xFF, 0xFF, 0xFF, 0xFF, 0xFF, 0xFF, 0xFF, 0xFF, 0xFF, 0xFC,
    0xFF, 0xFF, 0xEC, 0x56, 0x00, 0x00, 0x00, 0x00, 0x00, 0x00, 0x00, 0x00,
    0x00, 0x00, 0x00, 0x00, 0x04, 0x00, 0x00, 0x30, 0xC8, 0xFF, 0xFE, 0xFF,
    0xFF, 0xFF, 0xFF, 0xFF, 0xFF, 0xFF, 0xFF, 0xFF, 0xFF, 0xFF, 0xFF, 0xFF,
    0xFF, 0xFF, 0xFF, 0xFF, 0xFF, 0xFF, 0xFF, 0xC6, 0x33, 0x09, 0x00, 0x04,
    0x00, 0x00, 0x00, 0x00, 0x00, 0x00, 0x00, 0x00, 0x00, 0x0E, 0xB0, 0xFF,
    0xFF, 0xFB, 0xFF, 0xFF, 0xFF, 0xFF, 0xFF, 0xFF, 0xFF, 0xFF, 0xFF, 0xFF,
    0xFF, 0xFF, 0xFF, 0xFF, 0xFF, 0xFF, 0xFF, 0xFF, 0xFF, 0xFF, 0xFE, 0xFF,
    0xFF, 0xFF, 0x0E, 0x00, 0x00, 0x00, 0x00, 0x00, 0x00, 0x00, 0x00, 0x00,
    0x09, 0xFF, 0xFF, 0xFF, 0xFE, 0xFF, 0xFF, 0xFF, 0xFF, 0xFF, 0xFF, 0xFF,
    0xFF, 0xFF, 0xFF, 0xFF, 0xFF, 0xFF, 0xFF, 0xFF, 0xFF, 0xFF, 0xFF, 0xFF,
    0xFF, 0xFF, 0xFF, 0xFF, 0xFE, 0xFF, 0xB0, 0x00, 0x00, 0x00, 0x00, 0x00,
    0x00, 0x00, 0x00, 0x00, 0x33, 0xFF, 0xFE, 0xFF, 0xFF, 0xFF, 0xFF, 0xFF,
    0xFF, 0xFF, 0xFF, 0xFF, 0xFF, 0xFF, 0xFF, 0xFF, 0xFF, 0xFF, 0xFF, 0xFF,
    0xFF, 0xFF, 0xFF, 0xFF, 0xFF, 0xFF, 0xFF, 0xFF, 0xFF, 0xFF, 0xFF, 0x30,
    0x00, 0x00, 0x00, 0x00, 0x00, 0x00, 0x00, 0x56, 0xC6, 0xFF, 0xFF, 0xFF,
    0xFF, 0xFF, 0xFF, 0xFF, 0xFF, 0xFF, 0xFF, 0xFF, 0xFF, 0xFF, 0xFF, 0xFF,
    0xFF, 0xFF, 0xFF, 0xFF, 0xFF, 0xFF, 0xFF, 0xFF, 0xFF, 0xFF, 0xFF, 0xFF,
    0xFF, 0xFE, 0xFF, 0xC8, 0x01, 0x00, 0x05, 0x00, 0x00, 0x00, 0x00, 0xEC,
    0xFF, 0xFE, 0xFF, 0xFF, 0xFF, 0xFF, 0xFF, 0xFF, 0xFF, 0xFF, 0xFF, 0xFF,
    0xFF, 0xFF, 0xFF, 0xFF, 0xFF, 0xFF, 0xFF, 0xFF, 0xFF, 0xFF, 0xFF, 0xFF,
    0xFF, 0xFF, 0xFF, 0xFF, 0xFF, 0xFF, 0xFB, 0xFF, 0xFF, 0x29, 0x00, 0x01,
    0x00, 0x00, 0x0B, 0xFF, 0xFF, 0xFF, 0xFF, 0xFF, 0xFF, 0xFF, 0xFF, 0xFF,
    0xFF, 0xFF, 0xFF, 0xFF, 0xFF, 0xFF, 0xFF, 0xFF, 0xFF, 0xFF, 0xFF, 0xFF,
    0xFF, 0xFF, 0xFF, 0xFF, 0xFF, 0xFF, 0xFF, 0xFF, 0xFF, 0xFF, 0xFF, 0xFE,
    0xFE, 0xD7, 0x0B, 0x00, 0x00, 0x00, 0xE3, 0xFF, 0xFF, 0xFF, 0xFF, 0xFF,
    0xFF, 0xFF, 0xFF, 0xFF, 0xFF, 0xFF, 0xFF, 0xFF, 0xFF, 0xFF, 0xFF, 0xFF,
    0xFF, 0xFF, 0xFF, 0xFF, 0xFF, 0xFF, 0xFF, 0xFF, 0xFF, 0xFF, 0xFF, 0xFF,
    0xFF, 0xFF, 0xFF, 0xFF, 0xFF, 0xCC, 0x00, 0x01, 0x00, 0xFF, 0xFF, 0xFC,
    0xFF, 0xFF, 0xFF, 0xFF, 0xFF, 0xFF, 0xFF, 0xFF, 0xFF, 0xFF, 0xFF, 0xFF,
    0xFF, 0xFF, 0xFF, 0xFF, 0xFF, 0xFF, 0xFF, 0xFF, 0xFF, 0xFF, 0xFF, 0xFF,
    0xFF, 0xFF, 0xFF, 0xFF, 0xFF, 0xFF, 0xFF, 0xFF, 0xFF, 0xF8, 0x21, 0x00,
    0x00, 0xFF, 0xFF, 0xFF, 0xFF, 0xFF, 0xFF, 0xFF, 0xFF, 0xFF, 0xFF, 0xFF,
    0xFF, 0xFF, 0xFF, 0xFF, 0xFF, 0xFF, 0xFF, 0xFF, 0xFF, 0xFF, 0xFF, 0xFF,
    0xFF, 0xFF, 0xFF, 0xFF, 0xFF, 0xFF, 0xFF, 0xFF, 0xFF, 0xFF, 0xFF, 0xFF,
    0xFE, 0xFF, 0xBD, 0x00, 0x00, 0xFF, 0xFF, 0xFF, 0xFF, 0xFF, 0xFF, 0xFF,
    0xFF, 0xFF, 0xFF, 0xFF, 0xFF, 0xFF, 0xFF, 0xFF, 0xFF, 0xFF, 0xFF, 0xFF,
    0xFF, 0xFF, 0xFF, 0xFF, 0xFF, 0xFF, 0xFF, 0xFF, 0xFF, 0xFF, 0xFF, 0xFF,
    0xFF, 0xFF, 0xFF, 0xFF, 0xFE, 0xFE, 0xFF, 0x3C, 0x00, 0xFF, 0xFF, 0xFF,
    0xFF, 0xFF, 0xFF, 0xFF, 0xFF, 0xFF, 0xFF, 0xFF, 0xFF, 0xFF, 0xFF, 0xFF,
    0xFF, 0xFF, 0xFF, 0xFF, 0xFF, 0xFF, 0xFF, 0xFF, 0xFF, 0xFF, 0xFF, 0xFF,
    0xFF, 0xFF, 0xFF, 0xFF, 0xFF, 0xFF, 0xFF, 0xFF, 0xFF, 0xFE, 0xFF, 0xE7,
    0xFF, 0xFF, 0xFF, 0xFF, 0xFF, 0xFF, 0xFF, 0xFF, 0xFF, 0xFF, 0xFF, 0xFF,
    0xFF, 0xFF, 0xFF, 0xFF, 0xFF, 0xFF, 0xFF, 0xFF, 0xFF, 0xFF, 0xFF, 0xFF,
    0xFF, 0xFF, 0xFF, 0xFF, 0xFF, 0xFF, 0xFF, 0xFF, 0xFF, 0xFF, 0xFF, 0xFF,
    0xFF, 0xFF, 0xFF, 0x90, 0xFF, 0xFF, 0xFF, 0xFF, 0xFF, 0xFF, 0xFF, 0xFF,
    0xFF, 0xFF, 0xFF, 0xFF, 0xFF, 0xFF, 0xFF, 0xFF, 0xFF, 0xFF, 0xFF, 0xFF,
    0xFF, 0xFF, 0xFF, 0xFF, 0xFF, 0xFF, 0xFF, 0xFF, 0xFF, 0xFF, 0xFF, 0xFF,
    0xFF, 0xFF, 0xFF, 0xFF, 0xFF, 0xFF, 0xFF, 0x57, 0xEC, 0xFA, 0xFF, 0xFF,
    0xFF, 0xFF, 0xFF, 0xFF, 0xFF, 0xFF, 0xFF, 0xFF, 0xFF, 0xFF, 0xFF, 0xFF,
    0xFF, 0xFF, 0xFF, 0xFF, 0xFF, 0xFF, 0xFF, 0xFF, 0xFF, 0xFF, 0xFF, 0xFF,
    0xFF, 0xFF, 0xFF, 0xFF, 0xFF, 0xFF, 0xFF, 0xFF, 0xFF, 0xFE, 0xFE, 0xFF,
    0x81, 0xFF, 0xFF, 0xFF, 0xFF, 0xFF, 0xFF, 0xFF, 0xFF, 0xFF, 0xFF, 0xFF,
    0xFF, 0xFF, 0xFF, 0xFF, 0xFF, 0xFF, 0xFF, 0xFF, 0xFF, 0xFF, 0xFF, 0xFF,
    0xFF, 0xFF, 0xFF, 0xFF, 0xFF, 0xFF, 0xFF, 0xFF, 0xFF, 0xFF, 0xFF, 0xFF,
    0xFF, 0xFF, 0xFF, 0xCA, 0xCA, 0xFF, 0xFF, 0xFF, 0xFF, 0xFF, 0xFF, 0xFF,
    0xFF, 0xFF, 0xFF, 0xFF, 0xFF, 0xFF, 0xFF, 0xFF, 0xFF, 0xFF, 0xFF, 0xFF,
    0xFF, 0xFF, 0xFF, 0xFF, 0xFF, 0xFF, 0xFF, 0xFF, 0xFF, 0xFF, 0xFF, 0xFF,
    0xFF, 0xFF, 0xFF, 0xFF, 0xFF, 0xFF, 0xFF, 0x81, 0xFF, 0xFE, 0xFE, 0xFF,
    0xFF, 0xFF, 0xFF, 0xFF, 0xFF, 0xFF, 0xFF, 0xFF, 0xFF, 0xFF, 0xFF, 0xFF,
    0xFF, 0xFF, 0xFF, 0xFF, 0xFF, 0xFF, 0xFF, 0xFF, 0xFF, 0xFF, 0xFF, 0xFF,
    0xFF, 0xFF, 0xFF, 0xFF, 0xFF, 0xFF, 0xFF, 0xFF, 0xFF, 0xFF, 0xFA, 0xEC,
    0x57, 0xFF, 0xFF, 0xFF, 0xFF, 0xFF, 0xFF, 0xFF, 0xFF, 0xFF, 0xFF, 0xFF,
    0xFF, 0xFF, 0xFF, 0xFF, 0xFF, 0xFF, 0xFF, 0xFF, 0xFF, 0xFF, 0xFF, 0xFF,
    0xFF, 0xFF, 0xFF, 0xFF, 0xFF, 0xFF, 0xFF, 0xFF, 0xFF, 0xFF, 0xFF, 0xFF,
    0xFF, 0xFF, 0xFF, 0xFF, 0x90, 0xFF, 0xFF, 0xFF, 0xFF, 0xFF, 0xFF, 0xFF,
    0xFF, 0xFF, 0xFF, 0xFF, 0xFF, 0xFF, 0xFF, 0xFF, 0xFF, 0xFF, 0xFF, 0xFF,
    0xFF, 0xFF, 0xFF, 0xFF, 0xFF, 0xFF, 0xFF, 0xFF, 0xFF, 0xFF, 0xFF, 0xFF,
    0xFF, 0xFF, 0xFF, 0xFF, 0xFF, 0xFF, 0xFF, 0xFF, 0xE7, 0xFF, 0xFE, 0xFF,
    0xFF, 0xFF, 0xFF, 0xFF, 0xFF, 0xFF, 0xFF, 0xFF, 0xFF, 0xFF, 0xFF, 0xFF,
    0xFF, 0xFF, 0xFF, 0xFF, 0xFF, 0xFF, 0xFF, 0xFF, 0xFF, 0xFF, 0xFF, 0xFF,
    0xFF, 0xFF, 0xFF, 0xFF, 0xFF, 0xFF, 0xFF, 0xFF, 0xFF, 0xFF, 0xFF, 0x00,
    0x3C, 0xFF, 0xFE, 0xFE, 0xFF, 0xFF, 0xFF, 0xFF, 0xFF, 0xFF, 0xFF, 0xFF,
    0xFF, 0xFF, 0xFF, 0xFF, 0xFF, 0xFF, 0xFF, 0xFF, 0xFF, 0xFF, 0xFF, 0xFF,
    0xFF, 0xFF, 0xFF, 0xFF, 0xFF, 0xFF, 0xFF, 0xFF, 0xFF, 0xFF, 0xFF, 0xFF,
    0xFF, 0xFF, 0xFF, 0x00, 0x00, 0xBD, 0xFF, 0xFE, 0xFF, 0xFF, 0xFF, 0xFF,
    0xFF, 0xFF, 0xFF, 0xFF, 0xFF, 0xFF, 0xFF, 0xFF, 0xFF, 0xFF, 0xFF, 0xFF,
    0xFF, 0xFF, 0xFF, 0xFF, 0xFF, 0xFF, 0xFF, 0xFF, 0xFF, 0xFF, 0xFF, 0xFF,
    0xFF, 0xFF, 0xFF, 0xFF, 0xFF, 0xFF, 0xFF, 0x00, 0x00, 0x21, 0xF8, 0xFF,
    0xFF, 0xFF, 0xFF, 0xFF, 0xFF, 0xFF, 0xFF, 0xFF, 0xFF, 0xFF, 0xFF, 0xFF,
    0xFF, 0xFF, 0xFF, 0xFF, 0xFF, 0xFF, 0xFF, 0xFF, 0xFF, 0xFF, 0xFF, 0xFF,
    0xFF, 0xFF, 0xFF, 0xFF, 0xFF, 0xFF, 0xFF, 0xFF, 0xFC, 0xFF, 0xFF, 0x00,
    0x01, 0x00, 0xCC, 0xFF, 0xFF, 0xFF, 0xFF, 0xFF, 0xFF, 0xFF, 0xFF, 0xFF,
    0xFF, 0xFF, 0xFF, 0xFF, 0xFF, 0xFF, 0xFF, 0xFF, 0xFF, 0xFF, 0xFF, 0xFF,
    0xFF, 0xFF, 0xFF, 0xFF, 0xFF, 0xFF, 0xFF, 0xFF, 0xFF, 0xFF, 0xFF, 0xFF,
    0xFF, 0xE3, 0x00, 0x00, 0x00, 0x0B, 0xD7, 0xFE, 0xFE, 0xFF, 0xFF, 0xFF,
    0xFF, 0xFF, 0xFF, 0xFF, 0xFF, 0xFF, 0xFF, 0xFF, 0xFF, 0xFF, 0xFF, 0xFF,
    0xFF, 0xFF, 0xFF, 0xFF, 0xFF, 0xFF, 0xFF, 0xFF, 0xFF, 0xFF, 0xFF, 0xFF,
    0xFF, 0xFF, 0xFF, 0xFF, 0xFF, 0x0B, 0x00, 0x00, 0x01, 0x00, 0x29, 0xFF,
    0xFF, 0xFB, 0xFF, 0xFF, 0xFF, 0xFF, 0xFF, 0xFF, 0xFF, 0xFF, 0xFF, 0xFF,
    0xFF, 0xFF, 0xFF, 0xFF, 0xFF, 0xFF, 0xFF, 0xFF, 0xFF, 0xFF, 0xFF, 0xFF,
    0xFF, 0xFF, 0xFF, 0xFF, 0xFF, 0xFF, 0xFE, 0xFF, 0xEC, 0x00, 0x00, 0x00,
    0x00, 0x05, 0x00, 0x01, 0xC8, 0xFF, 0xFE, 0xFF, 0xFF, 0xFF, 0xFF, 0xFF,
    0xFF, 0xFF, 0xFF, 0xFF, 0xFF, 0xFF, 0xFF, 0xFF, 0xFF, 0xFF, 0xFF, 0xFF,
    0xFF, 0xFF, 0xFF, 0xFF, 0xFF, 0xFF, 0xFF, 0xFF, 0xFF, 0xFF, 0xFF, 0xC6,
    0x56, 0x00, 0x00, 0x00, 0x00, 0x00, 0x00, 0x00, 0x30, 0xFF, 0xFF, 0xFF,
    0xFF, 0xFF, 0xFF, 0xFF, 0xFF, 0xFF, 0xFF, 0xFF, 0xFF, 0xFF, 0xFF, 0xFF,
    0xFF, 0xFF, 0xFF, 0xFF, 0xFF, 0xFF, 0xFF, 0xFF, 0xFF, 0xFF, 0xFF, 0xFF,
    0xFF, 0xFE, 0xFF, 0x33, 0x00, 0x00, 0x00, 0x00, 0x00, 0x00, 0x00, 0x00,
    0x00, 0xB0, 0xFF, 0xFE, 0xFF, 0xFF, 0xFF, 0xFF, 0xFF, 0xFF, 0xFF, 0xFF,
    0xFF, 0xFF, 0xFF, 0xFF, 0xFF, 0xFF, 0xFF, 0xFF, 0xFF, 0xFF, 0xFF, 0xFF,
    0xFF, 0xFF, 0xFF, 0xFE, 0xFF, 0xFF, 0xFF, 0x09, 0x00, 0x00, 0x00, 0x00,
    0x00, 0x00, 0x00, 0x00, 0x00, 0x0E, 0xFF, 0xFF, 0xFF, 0xFE, 0xFF, 0xFF,
    0xFF, 0xFF, 0xFF, 0xFF, 0xFF, 0xFF, 0xFF, 0xFF, 0xFF, 0xFF, 0xFF, 0xFF,
    0xFF, 0xFF, 0xFF, 0xFF, 0xFF, 0xFF, 0xFB, 0xFF, 0xFF, 0xB0, 0x0E, 0x00,
    0x00, 0x00, 0x00, 0x00, 0x00, 0x00, 0x00, 0x00, 0x04, 0x00, 0x09, 0x33,
    0xC6, 0xFF, 0xFF, 0xFF, 0xFF, 0xFF, 0xFF, 0xFF, 0xFF, 0xFF, 0xFF, 0xFF,
    0xFF, 0xFF, 0xFF, 0xFF, 0xFF, 0xFF, 0xFF, 0xFF, 0xFF, 0xFE, 0xFF, 0xC8,
    0x30, 0x00, 0x00, 0x04, 0x00, 0x00, 0x00, 0x00, 0x00, 0x00, 0x00, 0x00,
    0x00, 0x00, 0x00, 0x00, 0x56, 0xEC, 0xFF, 0xFF, 0xFC, 0xFF, 0xFF, 0xFF,
    0xFF, 0xFF, 0xFF, 0xFF, 0xFF, 0xFF, 0xFF, 0xFF, 0xFF, 0xFE, 0xFE, 0xFF,
    0xFF, 0xFE, 0xFF, 0x01, 0x00, 0x00, 0x00, 0x00, 0x00, 0x00, 0x00, 0x00,
    0x00, 0x00, 0x00, 0x00, 0x00, 0x00, 0x00, 0x00, 0x00, 0x00, 0x0B, 0xE3,
    0xFF, 0xFF, 0xFF, 0xFF, 0xFF, 0xFF, 0xFF, 0xFF, 0xFF, 0xFE, 0xFF, 0xFF,
    0xFE, 0xFE, 0xFF, 0xF8, 0xCC, 0xD7, 0x29, 0x00, 0x00, 0x00, 0x00, 0x00,
    0x00, 0x00, 0x00, 0x00, 0x00, 0x00, 0x00, 0x00, 0x00, 0x00, 0x00, 0x00,
    0x00, 0x00, 0x00, 0x00, 0xFF, 0xFF, 0xFF, 0xFF, 0xFF, 0xFF, 0xFA, 0xFF,
    0xFF, 0xFE, 0xFF, 0xFF, 0xFF, 0xFF, 0xBD, 0x21, 0x00, 0x0B, 0x00, 0x05,
    0x00, 0x00, 0x00, 0x00, 0x00, 0x00, 0x00, 0x00, 0x00, 0x00, 0x00, 0x00,
    0x00, 0x00, 0x00, 0x00, 0x00, 0x00, 0x00, 0x00, 0x00, 0x00, 0x00, 0x00,
    0xFF, 0xFF, 0xEC, 0x81, 0xCA, 0xFF, 0x57, 0x90, 0xE7, 0x3C, 0x00, 0x00,
    0x01, 0x00, 0x01, 0x00, 0x00, 0x00, 0x00, 0x00, 0x00, 0x00, 0x00, 0x00,
  },
  { /* frame 2 */
    0x00, 0x00, 0x00, 0x00, 0x00, 0x00, 0x00, 0x00, 0x00, 0x00, 0x00, 0x00,
    0x00, 0x00, 0x00, 0x00, 0x00, 0x00, 0x00, 0x00, 0x00, 0xF8, 0x00, 0xF8,
    0x00, 0x00, 0x28, 0xCA, 0x08, 0xD2, 0x28, 0xD2, 0x08, 0xD2, 0x28, 0xD2,
    0x28, 0xD2, 0x49, 0xE2, 0xAA, 0xFA, 0x28, 0xD2, 0x28, 0xD2, 0x08, 0xD2,
    0x28, 0xD2, 0x00, 0x00, 0x00, 0x00, 0x00, 0x00, 0x00, 0x00, 0x00, 0x00,
    0x00, 0x00, 0x00, 0x00, 0x00, 0x00, 0x00, 0x00, 0x00, 0x00, 0x00, 0x00,
    0x00, 0x00, 0x00, 0x00, 0x00, 0x00, 0x00, 0x00, 0x00, 0x00, 0x00, 0x00,
    0x00, 0x00, 0x00, 0x00, 0x00, 0x00, 0x00, 0x00, 0x00, 0x00, 0x00, 0x00,
    0x00, 0x00, 0x00, 0x00, 0x00, 0x00, 0x00, 0x00, 0xC7, 0xD1, 0x28, 0xD2,
    0xAA, 0xFA, 0x69, 0xEA, 0x69, 0xEA, 0x49, 0xE2, 0x28, 0xD2, 0x28, 0xDA,
    0x28, 0xD2, 0x49, 0xE2, 0x49, 0xE2, 0x49, 0xEA, 0x69, 0xF2, 0x28, 0xD2,
    0x28, 0xD2, 0x49, 0xE2, 0x00, 0x00, 0x00, 0x00, 0x00, 0x00, 0x00, 0x00,
    0x00, 0x00, 0x00, 0x00, 0x00, 0x00, 0x00, 0x00, 0x00, 0x00, 0x00, 0x00,
    0x00, 0x00, 0x00, 0x00, 0x00, 0x00, 0x00, 0x00, 0x00, 0x00, 0x00, 0x00,
    0x00, 0x00, 0x00, 0x00, 0x00, 0x00, 0x00, 0x00, 0x00, 0x00, 0x08, 0xD2,
    0x28, 0xD2, 0x28, 0xD2, 0x8A, 0xFA, 0x28, 0xDA, 0x28, 0xD2, 0x28, 0xD2,
    0x28, 0xD2, 0x28, 0xD2, 0x28, 0xD2, 0x28, 0xD2, 0x28, 0xD2, 0x28, 0xD2,
    0x28, 0xD2, 0x28, 0xD2, 0x28, 0xD2, 0x49, 0xE2, 0x28, 0xD2, 0x28, 0xD2,
    0x28, 0xD2, 0x28, 0xD2, 0x00, 0x00, 0x00, 0x00, 0x00, 0x00, 0x00, 0x00,
    0x00, 0x00, 0x00, 0x00, 0x00, 0x00, 0x00, 0x00, 0x00, 0x00, 0x00, 0x00,
    0x00, 0x00, 0x00, 0x00, 0x00, 0x00, 0x00, 0x00, 0x00, 0x00, 0x00, 0x00,
    0x00, 0xF8, 0x00, 0x00, 0x28, 0xD2, 0xAA, 0xFA, 0x28, 0xD2, 0x28, 0xDA,
    0x28, 0xD2, 0x28, 0xD2, 0x28, 0xD2, 0x28, 0xD2, 0x28, 0xD2, 0x28, 0xD2,
    0x28, 0xD2, 0x28, 0xD2, 0x28, 0xD2, 0x28, 0xD2, 0x28, 0xD2, 0x28, 0xD2,
    0x28, 0xD2, 0x28, 0xD2, 0x28, 0xD2, 0x28, 0xD2, 0x28, 0xD2, 0x28, 0xD2,
    0x28, 0xD2, 0x00, 0x00, 0x00, 0x00, 0x00, 0x00, 0x00, 0x00, 0x00, 0x00,
    0x00, 0x00, 0x00, 0x00, 0x00, 0x00, 0x00, 0x00, 0x00, 0x00, 0x00, 0x00,
    0x00, 0x00, 0x00, 0x00, 0x00, 0x00, 0x00, 0x00, 0xE7, 0xD1, 0x08, 0xD2,
    0x28, 0xD2, 0x49, 0xE2, 0x28, 0xD2, 0x28, 0xD2, 0x28, 0xD2, 0x28, 0xD2,
    0x28, 0xD2, 0x28, 0xD2, 0x28, 0xD2, 0x28, 0xD2, 0x28, 0xD2, 0x28, 0xD2,
    0x28, 0xD2, 0x28, 0xD2, 0x28, 0xD2, 0x28, 0xD2, 0x28, 0xD2, 0x28, 0xD2,
    0x28, 0xD2, 0x28, 0xD2, 0x28, 0xD2, 0x28, 0xD2, 0x28, 0xD2, 0x28, 0xD2,
    0x69, 0xF2, 0x00, 0x00, 0x00, 0x00, 0x00, 0x00, 0x00, 0x00, 0x00, 0x00,
    0x00, 0x00, 0x00, 0x00, 0x00, 0x00, 0x00, 0x00, 0x00, 0x00, 0x00, 0x00,
    0x00, 0x00, 0x00, 0x00, 0x08, 0xD2, 0xAA, 0xFA, 0x49, 0xDA, 0x28, 0xD2,
    0x28, 0xD2, 0x28, 0xD2, 0x28, 0xD2, 0x28, 0xD2, 0x28, 0xD2, 0x28, 0xD2,
    0x28, 0xD2, 0x28, 0xD2, 0x28, 0xD2, 0x28, 0xD2, 0x08, 0xD2, 0x28, 0xDA,
    0x28, 0xD2, 0x28, 0xD2, 0x28, 0xD2, 0x28, 0xD2, 0x28, 0xD2, 0x28, 0xD2,
    0x28, 0xD2, 0x28, 0xD2, 0x28, 0xD2, 0x28, 0xD2, 0x28, 0xD2, 0x08, 0xD2,
    0x00, 0x00, 0x00, 0x00, 0x00, 0x00, 0x00, 0x00, 0x00, 0x00, 0x00, 0x00,
    0x00, 0x00, 0x00, 0x00, 0x00, 0x00, 0x00, 0x00, 0x00, 0x00, 0x08, 0xD2,
    0x49, 0xE2, 0x28, 0xD2, 0x28, 0xD2, 0x28, 0xD2, 0x28, 0xD2, 0x28, 0xD2,
    0x28, 0xD2, 0x28, 0xD2, 0x28, 0xD2, 0x28, 0xD2, 0x69, 0xFA, 0x08, 0xCA,
    0x89, 0xFA, 0x28, 0xE2, 0x28, 0xDA, 0x08, 0xCA, 0x49, 0xF2, 0x28, 0xDA,
    0x49, 0xE2, 0x28, 0xD2, 0x28, 0xD2, 0x28, 0xD2, 0x28, 0xD2, 0x28, 0xD2,
    0x28, 0xD2, 0x28, 0xD2, 0x49, 0xE2, 0x49, 0xE2, 0x08, 0xD2, 0xE7, 0xD1,
    0x00, 0xF8, 0x00, 0x00, 0x00, 0x00, 0x00, 0x00, 0x00, 0x00, 0x00, 0x00,
    0x00, 0x00, 0x00, 0x00, 0x69, 0xF2, 0x28, 0xD2, 0x49, 0xE2, 0x28, 0xD2,
    0x28, 0xD2, 0x28, 0xD2, 0x28, 0xD2, 0x28, 0xD2, 0x28, 0xD2, 0x28, 0xD2,
    0x69, 0xF2, 0xA6, 0x91, 0x24, 0x59, 0x82, 0x10, 0x86, 0x89, 0x04, 0x41,
    0xA3, 0x18, 0x82, 0x08, 0x86, 0x91, 0xC7, 0xA9, 0x65, 0x71, 0x48, 0xE2,
    0x28, 0xDA, 0x28, 0xD2, 0x28, 0xD2, 0x28, 0xD2, 0x28, 0xD2, 0x28, 0xD2,
    0x28, 0xD2, 0x28, 0xD2, 0xAA, 0xFA, 0x08, 0xD2, 0x00, 0x00, 0x00, 0x00,
    0x00, 0x00, 0x00, 0x00, 0x00, 0x00, 0x00, 0x00, 0x00, 0x00, 0x00, 0x00,
    0x28, 0xD2, 0x28, 0xD2, 0x28, 0xD2, 0x28, 0xD2, 0x28, 0xD2, 0x28, 0xD2,
    0x28, 0xD2, 0x28, 0xD2, 0x28, 0xDA, 0x28, 0xD2, 0x28, 0xD2, 0x82, 0x08,
    0x62, 0x00, 0x62, 0x00, 0x62, 0x00, 0x82, 0x00, 0x82, 0x10, 0x82, 0x08,
    0x41, 0x00, 0x82, 0x10, 0x00, 0x00, 0x86, 0x89, 0x28, 0xDA, 0x28, 0xD2,
    0x28, 0xD2, 0x28, 0xD2, 0x28, 0xD2, 0x28, 0xD2, 0x28, 0xD2, 0x28, 0xD2,
    0x49, 0xDA, 0x28, 0xD2, 0x28, 0xD2, 0x00, 0x00, 0x00, 0x00, 0x00, 0x00,
    0x00, 0x00, 0x00, 0x00, 0x00, 0x00, 0x28, 0xD2, 0x28, 0xD2, 0x28, 0xD2,
    0x28, 0xD2, 0x28, 0xD2, 0x28, 0xD2, 0x28, 0xD2, 0x28, 0xD2, 0x28, 0xE2,
    0xE7, 0xB9, 0x69, 0xF2, 0x69, 0xFA, 0x04, 0x51, 0x82, 0x08, 0x82, 0x10,
    0x82, 0x10, 0x82, 0x10, 0x82, 0x10, 0x82, 0x10, 0x82, 0x10, 0x82, 0x08,
    0xC3, 0x28, 0x28, 0xDA, 0x28, 0xDA, 0x49, 0xEA, 0xE7, 0xB9, 0x49, 0xEA,
    0x28, 0xD2, 0x28, 0xD2, 0x28, 0xD2, 0x28, 0xD2, 0x28, 0xD2, 0x49, 0xE2,
    0xAA, 0xFA, 0x08, 0xD2, 0x00, 0x00, 0x00, 0x00, 0x00, 0x00, 0x00, 0x00,
    0x28, 0xD2, 0x28, 0xD2, 0x28, 0xD2, 0x28, 0xD2, 0x28, 0xD2, 0x28, 0xD2,
    0x28, 0xD2, 0x49, 0xE2, 0x49, 0xEA, 0xA6, 0x91, 0x41, 0x00, 0x66, 0x79,
    0x28, 0xD2, 0x86, 0x89, 0x82, 0x08, 0x82, 0x00, 0x82, 0x10, 0x82, 0x10,
    0x82, 0x10, 0x82, 0x10, 0x82, 0x10, 0x62, 0x00, 0x86, 0x91, 0x49, 0xEA,
    0x49, 0xE2, 0xA6, 0x99, 0x82, 0x10, 0x49, 0xEA, 0x28, 0xD2, 0x28, 0xD2,
    0x28, 0xD2, 0x28, 0xD2, 0x28, 0xD2, 0x28, 0xD2, 0x28, 0xD2, 0x28, 0xD2,
    0x00, 0x00, 0x00, 0xF8, 0x00, 0x00, 0x00, 0x00, 0x28, 0xD2, 0x28, 0xD2,
    0x28, 0xD2, 0x28, 0xD2, 0x28, 0xD2, 0x28, 0xD2, 0x48, 0xE2, 0xC7, 0xB1,
    0xA3, 0x20, 0xA3, 0x18, 0x62, 0x00, 0x04, 0x51, 0x89, 0xFA, 0xAA, 0xFA,
    0xA6, 0x99, 0x82, 0x08, 0x82, 0x10, 0x82, 0x10, 0x82, 0x10, 0x82, 0x10,
    0x62, 0x00, 0x04, 0x49, 0x49, 0xEA, 0x28, 0xD2, 0x49, 0xEA, 0x04, 0x41,
    0x82, 0x08, 0xA6, 0x99, 0x49, 0xEA, 0x49, 0xE2, 0x28, 0xD2, 0x28, 0xD2,
    0x28, 0xD2, 0x28, 0xD2, 0x28, 0xDA, 0x28, 0xD2, 0x00, 0x00, 0x00, 0xF8,
    0x00, 0x00, 0x49, 0xE2, 0x28, 0xD2, 0x28, 0xD2, 0x28, 0xD2, 0x28, 0xD2,
    0x28, 0xD2, 0x28, 0xD2, 0x49, 0xEA, 0x24, 0x51, 0x42, 0x00, 0xA2, 0x10,
    0x82, 0x08, 0x41, 0x00, 0xE4, 0x38, 0x49, 0xEA, 0x04, 0x49, 0x62, 0x00,
    0x82, 0x10, 0x82, 0x10, 0x82, 0x10, 0x82, 0x10, 0x82, 0x08, 0x86, 0x81,
    0x89, 0xFA, 0x69, 0xFA, 0x86, 0x89, 0x62, 0x00, 0x82, 0x00, 0x42, 0x00,
    0xC3, 0x28, 0x08, 0xCA, 0x28, 0xD2, 0x28, 0xD2, 0x28, 0xD2, 0x28, 0xD2,
    0x28, 0xD2, 0x8A, 0xFA, 0xC7, 0xD1, 0x00, 0x00, 0x00, 0x00, 0x28, 0xD2,
    0x28, 0xD2, 0x28, 0xD2, 0x28, 0xD2, 0x28, 0xD2, 0x28, 0xD2, 0x49, 0xEA,
    0xA6, 0x99, 0x62, 0x00, 0x82, 0x10, 0x82, 0x10, 0x82, 0x10, 0x82, 0x10,
    0xE3, 0x30, 0xA6, 0x99, 0x41, 0x00, 0x82, 0x10, 0x82, 0x10, 0x82, 0x10,
    0x82, 0x10, 0x82, 0x10, 0x82, 0x08, 0x62, 0x00, 0x25, 0x59, 0xE7, 0xB9,
    0xC3, 0x28, 0x82, 0x00, 0x82, 0x10, 0x82, 0x10, 0x82, 0x10, 0x28, 0xDA,
    0x28, 0xD2, 0x28, 0xD2, 0x28, 0xD2, 0x28, 0xD2, 0x28, 0xD2, 0x28, 0xDA,
    0x28, 0xD2, 0x28, 0xCA, 0x00, 0x00, 0x28, 0xD2, 0x49, 0xE2, 0x28, 0xD2,
    0x28, 0xD2, 0x28, 0xD2, 0x28, 0xD2, 0x48, 0xE2, 0xE4, 0x38, 0x62, 0x00,
    0x82, 0x10, 0x82, 0x10, 0x82, 0x10, 0x82, 0x10, 0x62, 0x00, 0x82, 0x10,
    0x82, 0x08, 0x82, 0x10, 0x82, 0x10, 0x82, 0x10, 0x82, 0x10, 0x82, 0x10,
    0x82, 0x10, 0x82, 0x10, 0x42, 0x00, 0x82, 0x10, 0x62, 0x00, 0x82, 0x10,
    0x82, 0x10, 0x82, 0x10, 0x41, 0x00, 0xA7, 0x99, 0x69, 0xFA, 0x28, 0xD2,
    0x28, 0xD2, 0x28, 0xD2, 0x28, 0xD2, 0x28, 0xD2, 0xAA, 0xFA, 0x08, 0xD2,
    0x28, 0xD2, 0x69, 0xF2, 0x28, 0xD2, 0x28, 0xD2, 0x28, 0xD2, 0x28, 0xD2,
    0x49, 0xE2, 0x65, 0x71, 0x41, 0x00, 0x82, 0x10, 0x82, 0x10, 0x82, 0x10,
    0x82, 0x10, 0x82, 0x10, 0x82, 0x10, 0x82, 0x10, 0x82, 0x10, 0x82, 0x10,
    0x82, 0x08, 0x62, 0x08, 0xC3, 0x10, 0x62, 0x08, 0x82, 0x08, 0x82, 0x10,
    0x82, 0x10, 0x82, 0x10, 0x82, 0x10, 0x82, 0x10, 0x82, 0x10, 0x82, 0x10,
    0x82, 0x00, 0xC3, 0x28, 0xA6, 0x91, 0x28, 0xD2, 0x28, 0xD2, 0x28, 0xD2,
    0x28, 0xD2, 0x28, 0xD2, 0x69, 0xEA, 0x28, 0xD2, 0x08, 0xD2, 0x49, 0xEA,
    0x28, 0xD2, 0x28, 0xD2, 0x28, 0xD2, 0x28, 0xD2, 0x28, 0xDA, 0xC7, 0xA9,
    0x82, 0x10, 0x82, 0x10, 0x82, 0x10, 0x82, 0x10, 0x82, 0x10, 0x82, 0x10,
    0x82, 0x10, 0x82, 0x10, 0x62, 0x08, 0xE4, 0x18, 0x25, 0x21, 0x46, 0x29,
    0x87, 0x31, 0x25, 0x21, 0xC3, 0x10, 0x62, 0x08, 0x82, 0x10, 0x82, 0x10,
    0x82, 0x10, 0x82, 0x10, 0x82, 0x10, 0x82, 0x10, 0x82, 0x10, 0x62, 0x00,
    0x24, 0x59, 0x69, 0xFA, 0x28, 0xD2, 0x28, 0xD2, 0x28, 0xD2, 0x28, 0xD2,
    0x69, 0xEA, 0x08, 0xD2, 0x28, 0xD2, 0x49, 0xE2, 0x28, 0xD2, 0x28, 0xD2,
    0x28, 0xD2, 0x28, 0xD2, 0x49, 0xEA, 0x86, 0x81, 0x41, 0x00, 0x82, 0x08,
    0x82, 0x08, 0x82, 0x10, 0x82, 0x08, 0x82, 0x10, 0x82, 0x10, 0x82, 0x08,
    0xC3, 0x10, 0x86, 0x29, 0x66, 0x29, 0x66, 0x29, 0x66, 0x29, 0x66, 0x29,
    0x86, 0x29, 0xE4, 0x18, 0x82, 0x10, 0x82, 0x10, 0x82, 0x10, 0x82, 0x10,
    0x82, 0x08, 0x62, 0x00, 0x82, 0x08, 0x62, 0x00, 0x82, 0x10, 0x08, 0xCA,
    0x28, 0xD2, 0x28, 0xD2, 0x28, 0xD2, 0x28, 0xD2, 0x49, 0xE2, 0x28, 0xD2,
    0x28, 0xD2, 0x49, 0xE2, 0x28, 0xD2, 0x28, 0xD2, 0x28, 0xD2, 0x28, 0xD2,
    0x28, 0xD2, 0x45, 0x71, 0x41, 0x00, 0xE4, 0x40, 0x41, 0x00, 0xC3, 0x28,
    0x82, 0x08, 0x82, 0x10, 0x82, 0x10, 0x62, 0x08, 0x25, 0x21, 0x66, 0x29,
    0x66, 0x29, 0x66, 0x29, 0x66, 0x29, 0x66, 0x29, 0x66, 0x29, 0x25, 0x21,
    0x82, 0x08, 0x82, 0x10, 0x82, 0x10, 0x82, 0x00, 0xC3, 0x20, 0x45, 0x61,
    0x41, 0x00, 0xE4, 0x38, 0x66, 0x79, 0x69, 0xF2, 0x28, 0xD2, 0x28, 0xD2,
    0x28, 0xD2, 0x28, 0xD2, 0x28, 0xD2, 0x28, 0xD2, 0xAA, 0xFA, 0x28, 0xD2,
    0x28, 0xD2, 0x28, 0xD2, 0x28, 0xD2, 0x28, 0xD2, 0x28, 0xDA, 0x69, 0xFA,
    0xE7, 0xB9, 0x8A, 0xFA, 0xE7, 0xB1, 0x69, 0xF2, 0xE4, 0x40, 0x82, 0x08,
    0x82, 0x10, 0xC3, 0x10, 0x87, 0x31, 0x66, 0x29, 0x66, 0x29, 0x66, 0x29,
    0x66, 0x29, 0x66, 0x29, 0x66, 0x29, 0x46, 0x29, 0x62, 0x08, 0x82, 0x10,
    0x82, 0x10, 0x42, 0x00, 0x86, 0x89, 0xAA, 0xFA, 0xE7, 0xB9, 0x8A, 0xFA,
    0x28, 0xDA, 0x28, 0xD2, 0x28, 0xD2, 0x28, 0xD2, 0x28, 0xD2, 0x28, 0xD2,
    0x28, 0xDA, 0x49, 0xE2, 0x49, 0xE2, 0x28, 0xDA, 0x28, 0xD2, 0x28, 0xD2,
    0x28, 0xD2, 0x28, 0xD2, 0x28, 0xD2, 0x28, 0xDA, 0x8A, 0xFA, 0xE7, 0xB9,
    0xAA, 0xFA, 0x86, 0x89, 0x42, 0x00, 0x82, 0x10, 0x82, 0x10, 0x62, 0x08,
    0x46, 0x29, 0x66, 0x29, 0x66, 0x29, 0x66, 0x29, 0x66, 0x29, 0x66, 0x29,
    0x66, 0x29, 0x87, 0x31, 0xC3, 0x10, 0x82, 0x10, 0x82, 0x08, 0xE4, 0x40,
    0x69, 0xF2, 0xE7, 0xB1, 0x8A, 0xFA, 0xE7, 0xB9, 0x69, 0xFA, 0x28, 0xDA,
    0x28, 0xD2, 0x28, 0xD2, 0x28, 0xD2, 0x28, 0xD2, 0x28, 0xD2, 0xAA, 0xFA,
    0x28, 0xD2, 0x28, 0xD2, 0x28, 0xD2, 0x28, 0xD2, 0x28, 0xD2, 0x28, 0xD2,
    0x69, 0xF2, 0x66, 0x79, 0xE4, 0x38, 0x41, 0x00, 0x45, 0x61, 0xC3, 0x20,
    0x82, 0x00, 0x82, 0x10, 0x82, 0x10, 0x82, 0x08, 0x25, 0x21, 0x66, 0x29,
    0x66, 0x29, 0x66, 0x29, 0x66, 0x29, 0x66, 0x29, 0x66, 0x29, 0x25, 0x21,
    0x62, 0x08, 0x82, 0x10, 0x82, 0x10, 0x82, 0x08, 0xC3, 0x28, 0x41, 0x00,
    0xE4, 0x40, 0x41, 0x00, 0x45, 0x71, 0x28, 0xD2, 0x28, 0xD2, 0x28, 0xD2,
    0x28, 0xD2, 0x28, 0xD2, 0x49, 0xE2, 0x28, 0xD2, 0x28, 0xD2, 0x49, 0xE2,
    0x28, 0xD2, 0x28, 0xD2, 0x28, 0xD2, 0x28, 0xD2, 0x08, 0xCA, 0x82, 0x10,
    0x62, 0x00, 0x82, 0x08, 0x62, 0x00, 0x82, 0x08, 0x82, 0x10, 0x82, 0x10,
    0x82, 0x10, 0x82, 0x10, 0xE4, 0x18, 0x86, 0x29, 0x66, 0x29, 0x66, 0x29,
    0x66, 0x29, 0x66, 0x29, 0x86, 0x29, 0xC3, 0x10, 0x82, 0x08, 0x82, 0x10,
    0x82, 0x10, 0x82, 0x08, 0x82, 0x10, 0x82, 0x08, 0x82, 0x08, 0x41, 0x00,
    0x86, 0x81, 0x49, 0xEA, 0x28, 0xD2, 0x28, 0xD2, 0x28, 0xD2, 0x28, 0xD2,
    0x49, 0xE2, 0x28, 0xD2, 0x08, 0xD2, 0x69, 0xEA, 0x28, 0xD2, 0x28, 0xD2,
    0x28, 0xD2, 0x28, 0xD2, 0x69, 0xFA, 0x24, 0x59, 0x62, 0x00, 0x82, 0x10,
    0x82, 0x10, 0x82, 0x10, 0x82, 0x10, 0x82, 0x10, 0x82, 0x10, 0x82, 0x10,
    0x62, 0x08, 0xC3, 0x10, 0x25, 0x21, 0x87, 0x31, 0x46, 0x29, 0x25, 0x21,
    0xE4, 0x18, 0x62, 0x08, 0x82, 0x10, 0x82, 0x10, 0x82, 0x10, 0x82, 0x10,
    0x82, 0x10, 0x82, 0x10, 0x82, 0x10, 0x82, 0x10, 0xC7, 0xA9, 0x28, 0xDA,
    0x28, 0xD2, 0x28, 0xD2, 0x28, 0xD2, 0x28, 0xD2, 0x49, 0xEA, 0x08, 0xD2,
    0x28, 0xD2, 0x69, 0xEA, 0x28, 0xD2, 0x28, 0xD2, 0x28, 0xD2, 0x28, 0xD2,
    0x28, 0xD2, 0xA6, 0x91, 0xC3, 0x28, 0x82, 0x00, 0x82, 0x10, 0x82, 0x10,
    0x82, 0x10, 0x82, 0x10, 0x82, 0x10, 0x82, 0x10, 0x82, 0x10, 0x82, 0x08,
    0x62, 0x08, 0xC3, 0x10, 0x62, 0x08, 0x82, 0x08, 0x82, 0x10, 0x82, 0x10,
    0x82, 0x10, 0x82, 0x10, 0x82, 0x10, 0x82, 0x10, 0x82, 0x10, 0x82, 0x10,
    0x82, 0x10, 0x41, 0x00, 0x65, 0x71, 0x49, 0xE2, 0x28, 0xD2, 0x28, 0xD2,
    0x28, 0xD2, 0x28, 0xD2, 0x69, 0xF2, 0x28, 0xD2, 0x08, 0xD2, 0xAA, 0xFA,
    0x28, 0xD2, 0x28, 0xD2, 0x28, 0xD2, 0x28, 0xD2, 0x28, 0xD2, 0x69, 0xFA,
    0xA7, 0x99, 0x41, 0x00, 0x82, 0x10, 0x82, 0x10, 0x82, 0x10, 0x82, 0x10,
    0x82, 0x10, 0x82, 0x10, 0x82, 0x10, 0x82, 0x10, 0x82, 0x10, 0x82, 0x10,
    0x82, 0x10, 0x82, 0x10, 0x82, 0x10, 0x82, 0x08, 0x82, 0x10, 0x62, 0x00,
    0x82, 0x10, 0x82, 0x10, 0x82, 0x10, 0x82, 0x10, 0x62, 0x00, 0xE4, 0x38,
    0x48, 0xE2, 0x28, 0xD2, 0x28, 0xD2, 0x28, 0xD2, 0x28, 0xD2, 0x49, 0xE2,
    0x28, 0xD2, 0x00, 0x00, 0x28, 0xCA, 0x28, 0xD2, 0x28, 0xDA, 0x28, 0xD2,
    0x28, 0xD2, 0x28, 0xD2, 0x28, 0xD2, 0x28, 0xD2, 0x28, 0xDA, 0x82, 0x10,
    0x82, 0x10, 0x82, 0x10, 0x82, 0x10, 0x82, 0x10, 0x82, 0x10, 0x62, 0x00,
    0x82, 0x10, 0x82, 0x10, 0x82, 0x10, 0x82, 0x10, 0x82, 0x10, 0x82, 0x10,
    0x82, 0x10, 0x41, 0x00, 0xA6, 0x99, 0xE3, 0x30, 0x82, 0x10, 0x82, 0x10,
    0x82, 0x10, 0x82, 0x10, 0x62, 0x00, 0xA6, 0x99, 0x49, 0xEA, 0x28, 0xD2,
    0x28, 0xD2, 0x28, 0xD2, 0x28, 0xD2, 0x28, 0xD2, 0x28, 0xD2, 0x00, 0x00,
    0x00, 0x00, 0xC7, 0xD1, 0x8A, 0xFA, 0x28, 0xD2, 0x28, 0xD2, 0x28, 0xD2,
    0x28, 0xD2, 0x28, 0xD2, 0x08, 0xCA, 0xC3, 0x28, 0x42, 0x00, 0x82, 0x00,
    0x82, 0x10, 0x41, 0x00, 0x24, 0x59, 0x04, 0x49, 0x42, 0x00, 0x82, 0x08,
    0x82, 0x10, 0x82, 0x10, 0x82, 0x10, 0x82, 0x10, 0x62, 0x00, 0x04, 0x49,
    0x49, 0xEA, 0xE4, 0x38, 0x41, 0x00, 0x82, 0x08, 0xA2, 0x10, 0x42, 0x00,
    0x24, 0x51, 0x49, 0xEA, 0x28, 0xD2, 0x28, 0xD2, 0x28, 0xD2, 0x28, 0xD2,
    0x28, 0xD2, 0x28, 0xD2, 0x49, 0xE2, 0x00, 0x00, 0x00, 0xF8, 0x00, 0x00,
    0x28, 0xD2, 0x28, 0xDA, 0x28, 0xD2, 0x28, 0xD2, 0x28, 0xD2, 0x28, 0xD2,
    0x49, 0xE2, 0x49, 0xEA, 0xA6, 0x99, 0xA3, 0x18, 0x82, 0x08, 0xC3, 0x28,
    0x49, 0xE2, 0x49, 0xEA, 0xA6, 0x99, 0xA3, 0x18, 0x82, 0x10, 0x82, 0x10,
    0x82, 0x10, 0x82, 0x10, 0x82, 0x08, 0xA6, 0x99, 0xAA, 0xFA, 0x89, 0xFA,
    0x04, 0x51, 0x62, 0x00, 0xA3, 0x18, 0xA3, 0x20, 0xC7, 0xB1, 0x48, 0xE2,
    0x28, 0xD2, 0x28, 0xD2, 0x28, 0xD2, 0x28, 0xD2, 0x28, 0xD2, 0x28, 0xD2,
    0x00, 0x00, 0x00, 0x00, 0x00, 0xF8, 0x00, 0x00, 0x28, 0xD2, 0x28, 0xD2,
    0x28, 0xD2, 0x28, 0xD2, 0x28, 0xD2, 0x28, 0xD2, 0x28, 0xD2, 0x28, 0xD2,
    0x49, 0xEA, 0xA3, 0x20, 0x01, 0x00, 0x86, 0x89, 0x49, 0xEA, 0x49, 0xE2,
    0xE7, 0xB9, 0x62, 0x00, 0x82, 0x10, 0x82, 0x10, 0x82, 0x10, 0x82, 0x10,
    0x82, 0x00, 0x82, 0x08, 0x86, 0x89, 0x28, 0xD2, 0x66, 0x79, 0x41, 0x00,
    0xA6, 0x91, 0x49, 0xEA, 0x49, 0xE2, 0x28, 0xD2, 0x28, 0xD2, 0x28, 0xD2,
    0x28, 0xD2, 0x28, 0xD2, 0x28, 0xD2, 0x28, 0xD2, 0x00, 0x00, 0x00, 0x00,
    0x00, 0x00, 0x00, 0x00, 0x08, 0xD2, 0xAA, 0xFA, 0x49, 0xE2, 0x28, 0xD2,
    0x28, 0xD2, 0x28, 0xD2, 0x28, 0xD2, 0x28, 0xD2, 0x49, 0xE2, 0xC7, 0xA9,
    0x65, 0x71, 0x49, 0xEA, 0x28, 0xD2, 0x49, 0xEA, 0x04, 0x49, 0x62, 0x00,
    0x82, 0x10, 0x82, 0x10, 0x82, 0x10, 0x82, 0x10, 0x82, 0x10, 0x82, 0x08,
    0x04, 0x51, 0x69, 0xFA, 0x69, 0xF2, 0xE7, 0xB9, 0x28, 0xE2, 0x28, 0xD2,
    0x28, 0xD2, 0x28, 0xD2, 0x28, 0xD2, 0x28, 0xD2, 0x28, 0xD2, 0x28, 0xD2,
    0x28, 0xD2, 0x00, 0x00, 0x00, 0x00, 0x00, 0x00, 0x00, 0x00, 0x00, 0x00,
    0x00, 0x00, 0x28, 0xD2, 0x28, 0xD2, 0x49, 0xDA, 0x28, 0xD2, 0x28, 0xD2,
    0x28, 0xD2, 0x28, 0xD2, 0x28, 0xD2, 0x49, 0xE2, 0x28, 0xDA, 0x28, 0xDA,
    0x49, 0xEA, 0x65, 0x79, 0x62, 0x00, 0x41, 0x00, 0x82, 0x08, 0x82, 0x10,
    0x82, 0x00, 0x62, 0x00, 0x62, 0x00, 0x62, 0x00, 0x82, 0x08, 0x28, 0xD2,
    0x28, 0xD2, 0x28, 0xDA, 0x28, 0xD2, 0x28, 0xD2, 0x28, 0xD2, 0x28, 0xD2,
    0x28, 0xD2, 0x28, 0xD2, 0x28, 0xD2, 0x28, 0xD2, 0x00, 0x00, 0x00, 0x00,
    0x00, 0x00, 0x00, 0x00, 0x00, 0x00, 0x00, 0x00, 0x00, 0x00, 0x00, 0x00,
    0x08, 0xD2, 0xAA, 0xFA, 0x28, 0xD2, 0x28, 0xD2, 0x28, 0xD2, 0x28, 0xD2,
    0x28, 0xD2, 0x28, 0xD2, 0x28, 0xD2, 0x28, 0xD2, 0x28, 0xD2, 0x86, 0x81,
    0xA7, 0xA1, 0x86, 0x91, 0x82, 0x08, 0xA3, 0x18, 0x04, 0x41, 0x86, 0x89,
    0x82, 0x10, 0x24, 0x59, 0xA6, 0x91, 0x69, 0xF2, 0x28, 0xD2, 0x28, 0xD2,
    0x28, 0xD2, 0x28, 0xD2, 0x28, 0xD2, 0x28, 0xD2, 0x28, 0xD2, 0x49, 0xE2,
    0x28, 0xD2, 0x69, 0xF2, 0x00, 0x00, 0x00, 0x00, 0x00, 0x00, 0x00, 0x00,
    0x00, 0x00, 0x00, 0x00, 0x00, 0x00, 0x00, 0xF8, 0xE7, 0xD1, 0x08, 0xD2,
    0x49, 0xE2, 0x49, 0xE2, 0x28, 0xD2, 0x28, 0xD2, 0x28, 0xD2, 0x28, 0xD2,
    0x28, 0xD2, 0x28, 0xD2, 0x28, 0xD2, 0x49, 0xEA, 0x28, 0xDA, 0x49, 0xF2,
    0x08, 0xCA, 0x28, 0xDA, 0x28, 0xE2, 0x89, 0xFA, 0x08, 0xCA, 0x69, 0xFA,
    0x28, 0xD2, 0x28, 0xD2, 0x28, 0xD2, 0x28, 0xD2, 0x28, 0xD2, 0x28, 0xD2,
    0x28, 0xD2, 0x28, 0xD2, 0x28, 0xD2, 0x49, 0xE2, 0x08, 0xD2, 0x00, 0x00,
    0x00, 0x00, 0x00, 0x00, 0x00, 0x00, 0x00, 0x00, 0x00, 0x00, 0x00, 0x00,
    0x00, 0x00, 0x00, 0x00, 0x00, 0x00, 0x00, 0x00, 0x08, 0xD2, 0x28, 0xD2,
    0x28, 0xD2, 0x28, 0xD2, 0x28, 0xD2, 0x28, 0xD2, 0x28, 0xD2, 0x28, 0xD2,
    0x28, 0xD2, 0x28, 0xD2, 0x28, 0xD2, 0x28, 0xD2, 0x28, 0xDA, 0x08, 0xD2,
    0x28, 0xD2, 0x28, 0xD2, 0x28, 0xD2, 0x28, 0xD2, 0x28, 0xD2, 0x28, 0xD2,
    0x28, 0xD2, 0x28, 0xD2, 0x28, 0xD2, 0x28, 0xD2, 0x28, 0xD2, 0x49, 0xDA,
    0xAA, 0xFA, 0x08, 0xD2, 0x00, 0x00, 0x00, 0x00, 0x00, 0x00, 0x00, 0x00,
    0x00, 0x00, 0x00, 0x00, 0x00, 0x00, 0x00, 0x00, 0x00, 0x00, 0x00, 0x00,
    0x00, 0x00, 0x00, 0x00, 0x00, 0x00, 0x69, 0xF2, 0x28, 0xD2, 0x28, 0xD2,
    0x28, 0xD2, 0x28, 0xD2, 0x28, 0xD2, 0x28, 0xD2, 0x28, 0xD2, 0x28, 0xD2,
    0x28, 0xD2, 0x28, 0xD2, 0x28, 0xD2, 0x28, 0xD2, 0x28, 0xD2, 0x28, 0xD2,
    0x28, 0xD2, 0x28, 0xD2, 0x28, 0xD2, 0x28, 0xD2, 0x28, 0xD2, 0x28, 0xD2,
    0x28, 0xD2, 0x28, 0xD2, 0x49, 0xE2, 0x28, 0xD2, 0x08, 0xD2, 0xE7, 0xD1,
    0x00, 0x00, 0x00, 0x00, 0x00, 0x00, 0x00, 0x00, 0x00, 0x00, 0x00, 0x00,
    0x00, 0x00, 0x00, 0x00, 0x00, 0x00, 0x00, 0x00, 0x00, 0x00, 0x00, 0x00,
    0x00, 0x00, 0x00, 0x00, 0x00, 0x00, 0x28, 0xD2, 0x28, 0xD2, 0x28, 0xD2,
    0x28, 0xD2, 0x28, 0xD2, 0x28, 0xD2, 0x28, 0xD2, 0x28, 0xD2, 0x28, 0xD2,
    0x28, 0xD2, 0x28, 0xD2, 0x28, 0xD2, 0x28, 0xD2, 0x28, 0xD2, 0x28, 0xD2,
    0x28, 0xD2, 0x28, 0xD2, 0x28, 0xD2, 0x28, 0xD2, 0x28, 0xDA, 0x28, 0xD2,
    0xAA, 0xFA, 0x28, 0xD2, 0x00, 0x00, 0x00, 0xF8, 0x00, 0x00, 0x00, 0x00,
    0x00, 0x00, 0x00, 0x00, 0x00, 0x00, 0x00, 0x00, 0x00, 0x00, 0x00, 0x00,
    0x00, 0x00, 0x00, 0x00, 0x00, 0x00, 0x00, 0x00, 0x00, 0x00, 0x00, 0x00,
    0x00, 0x00, 0x00, 0x00, 0x28, 0xD2, 0x28, 0xD2, 0x28, 0xD2, 0x28, 0xD2,
    0x49, 0xE2, 0x28, 0xD2, 0x28, 0xD2, 0x28, 0xD2, 0x28, 0xD2, 0x28, 0xD2,
    0x28, 0xD2, 0x28, 0xD2, 0x28, 0xD2, 0x28, 0xD2, 0x28, 0xD2, 0x28, 0xD2,
    0x28, 0xDA, 0x8A, 0xFA, 0x28, 0xD2, 0x28, 0xD2, 0x08, 0xD2, 0x00, 0x00,
    0x00, 0x00, 0x00, 0x00, 0x00, 0x00, 0x00, 0x00, 0x00, 0x00, 0x00, 0x00,
    0x00, 0x00, 0x00, 0x00, 0x00, 0x00, 0x00, 0x00, 0x00, 0x00, 0x00, 0x00,
    0x00, 0x00, 0x00, 0x00, 0x00, 0x00, 0x00, 0x00, 0x00, 0x00, 0x00, 0x00,
    0x00, 0x00, 0x00, 0x00, 0x49, 0xE2, 0x28, 0xD2, 0x28, 0xD2, 0x69, 0xF2,
    0x49, 0xEA, 0x49, 0xE2, 0x49, 0xE2, 0x28, 0xD2, 0x28, 0xDA, 0x28, 0xD2,
    0x49, 0xE2, 0x69, 0xEA, 0x69, 0xEA, 0xAA, 0xFA, 0x28, 0xD2, 0xC7, 0xD1,
    0x00, 0x00, 0x00, 0x00, 0x00, 0x00, 0x00, 0x00, 0x00, 0x00, 0x00, 0x00,
    0x00, 0x00, 0x00, 0x00, 0x00, 0x00, 0x00, 0x00, 0x00, 0x00, 0x00, 0x00,
    0x00, 0x00, 0x00, 0x00, 0x00, 0x00, 0x00, 0x00, 0x00, 0x00, 0x00, 0x00,
    0x00, 0x00, 0x00, 0x00, 0x00, 0x00, 0x00, 0x00, 0x00, 0x00, 0x00, 0x00,
    0x00, 0x00, 0x00, 0x00, 0x00, 0x00, 0x28, 0xD2, 0x08, 0xD2, 0x28, 0xD2,
    0x28, 0xD2, 0xAA, 0xFA, 0x49, 0xE2, 0x28, 0xD2, 0x28, 0xD2, 0x08, 0xD2,
    0x28, 0xD2, 0x08, 0xD2, 0x28, 0xCA, 0x00, 0x00, 0x00, 0xF8, 0x00, 0xF8,
    0x00, 0x00, 0x00, 0x00, 0x00, 0x00, 0x00, 0x00, 0x00, 0x00, 0x00, 0x00,
    0x00, 0x00, 0x00, 0x00, 0x00, 0x00, 0x00, 0x00, 0x00, 0x00, 0x00, 0x00,
    0x00, 0x00, 0x00, 0x00, 0x00, 0x00, 0x02, 0x02, 0x00, 0x1A, 0x58, 0xB7,
    0x45, 0x70, 0xCA, 0xFF, 0xFF, 0xDB, 0x4E, 0xA6, 0x65, 0x00, 0x00, 0x00,
    0x00, 0x00, 0x00, 0x00, 0x00, 0x00, 0x00, 0x00, 0x00, 0x00, 0x00, 0x00,
    0x00, 0x00, 0x00, 0x00, 0x00, 0x00, 0x00, 0x00, 0x00, 0x00, 0x00, 0x00,
    0x0D, 0x97, 0xFF, 0xFF, 0xFF, 0xFF, 0xFF, 0xFF, 0xFC, 0xFF, 0xFF, 0xFF,
    0xFF, 0xBA, 0xE7, 0xFF, 0x00, 0x00, 0x00, 0x00, 0x00, 0x00, 0x00, 0x00,
    0x00, 0x00, 0x00, 0x00, 0x00, 0x00, 0x00, 0x00, 0x00, 0x00, 0x00, 0x00,
    0x00, 0x50, 0xA0, 0xE7, 0xFF, 0xFF, 0xFF, 0xFE, 0xFF, 0xFC, 0xFF, 0xFF,
    0xFF, 0xFF, 0xFF, 0xFE, 0xFF, 0xFF, 0xFC, 0xFF, 0xFF, 0xFF, 0x00, 0x00,
    0x00, 0x00, 0x00, 0x00, 0x00, 0x00, 0x00, 0x00, 0x00, 0x00, 0x00, 0x00,
    0x00, 0x00, 0x01, 0x00, 0x4A, 0xFF, 0xFF, 0xFF, 0xFF, 0xFB, 0xFF, 0xFF,
    0xFF, 0xFF, 0xFF, 0xFF, 0xFF, 0xFF, 0xFF, 0xFF, 0xFF, 0xFF, 0xFE, 0xFF,
    0xFF, 0xFF, 0xFF, 0x00, 0x00, 0x00, 0x00, 0x00, 0x00, 0x00, 0x00, 0x00,
    0x00, 0x00, 0x00, 0x00, 0x00, 0x00, 0x0C, 0x41, 0xC2, 0xFF, 0xFE, 0xFF,
    0xFF, 0xFF, 0xFF, 0xFF, 0xFF, 0xFF, 0xFF, 0xFF, 0xFF, 0xFF, 0xFF, 0xFF,
    0xFF, 0xFF, 0xFF, 0xFF, 0xFF, 0xFF, 0xFF, 0xFF, 0xFF, 0x00, 0x00, 0x00,
    0x00, 0x00, 0x00, 0x00, 0x00, 0x00, 0x00, 0x00, 0x00, 0x00, 0x9A, 0xFF,
    0xFF, 0xFF, 0xFF, 0xFF, 0xFF, 0xFF, 0xFF, 0xFF, 0xFF, 0xFF, 0xFF, 0xFF,
    0xFF, 0xFF, 0xFF, 0xFF, 0xFF, 0xFF, 0xFF, 0xFF, 0xFF, 0xFF, 0xFF, 0xFD,
    0xF9, 0x3D, 0x00, 0x00, 0x00, 0x00, 0x00, 0x00, 0x00, 0x00, 0x00, 0x00,
    0x00, 0x3D, 0xFF, 0xFF, 0xFE, 0xFF, 0xFF, 0xFF, 0xFF, 0xFF, 0xFF, 0xFF,
    0xFF, 0xFF, 0xFF, 0xFF, 0xFF, 0xFF, 0xFF, 0xFF, 0xFF, 0xFF, 0xFF, 0xFF,
    0xFF, 0xFF, 0xFF, 0xFF, 0xFF, 0xFF, 0x9A, 0x0C, 0x01, 0x00, 0x00, 0x00,
    0x00, 0x00, 0x00, 0x00, 0xFF, 0xF9, 0xFF, 0xFF, 0xFF, 0xFF, 0xFF, 0xFF,
    0xFF, 0xFF, 0xFF, 0xFF, 0xFF, 0xFF, 0xFF, 0xFF, 0xFF, 0xFF, 0xFF, 0xFF,
    0xFF, 0xFF, 0xFF, 0xFF, 0xFF, 0xFF, 0xFF, 0xFF, 0xFF, 0xFF, 0xFF, 0x41,
    0x00, 0x00, 0x00, 0x00, 0x00, 0x00, 0x00, 0x00, 0xFF, 0xFD, 0xFF, 0xFF,
    0xFF, 0xFF, 0xFF, 0xFF, 0xFF, 0xFF, 0xFF, 0xFF, 0xFF, 0xFF, 0xFF, 0xFF,
    0xFF, 0xFF, 0xFF, 0xFF, 0xFF, 0xFF, 0xFF, 0xFF, 0xFF, 0xFF, 0xFF, 0xFF,
    0xFF, 0xFE, 0xFF, 0xC2, 0x4A, 0x00, 0x00, 0x00, 0x00, 0x00, 0x00, 0xFF,
    0xFF, 0xFF, 0xFF, 0xFF, 0xFF, 0xFF, 0xFF, 0xFF, 0xFF, 0xFF, 0xFF, 0xFF,
    0xFF, 0xFF, 0xFF, 0xFF, 0xFF, 0xFF, 0xFF, 0xFF, 0xFF, 0xFF, 0xFF, 0xFF,
    0xFF, 0xFF, 0xFF, 0xFF, 0xFF, 0xFF, 0xFF, 0xFF, 0xFF, 0x50, 0x00, 0x00,
    0x00, 0x00, 0xFF, 0xFF, 0xFF, 0xFF, 0xFF, 0xFF, 0xFF, 0xFF, 0xFF, 0xFF,
    0xFF, 0xFF, 0xFF, 0xFF, 0xFF, 0xFF, 0xFF, 0xFF, 0xFF, 0xFF, 0xFF, 0xFF,
    0xFF, 0xFF, 0xFF, 0xFF, 0xFF, 0xFF, 0xFF, 0xFF, 0xFF, 0xFF, 0xFF, 0xFE,
    0xFF, 0xA0, 0x00, 0x02, 0x00, 0x00, 0xFF, 0xFF, 0xFF, 0xFF, 0xFF, 0xFF,
    0xFF, 0xFF, 0xFF, 0xFF, 0xFF, 0xFF, 0xFF, 0xFF, 0xFF, 0xFF, 0xFF, 0xFF,
    0xFF, 0xFF, 0xFF, 0xFF, 0xFF, 0xFF, 0xFF, 0xFF, 0xFF, 0xFF, 0xFF, 0xFF,
    0xFF, 0xFF, 0xFF, 0xFF, 0xFF, 0xE7, 0x00, 0x02, 0x00, 0xFF, 0xFF, 0xFF,
    0xFF, 0xFF, 0xFF, 0xFF, 0xFF, 0xFF, 0xFF, 0xFF, 0xFF, 0xFF, 0xFF, 0xFF,
    0xFF, 0xFF, 0xFF, 0xFF, 0xFF, 0xFF, 0xFF, 0xFF, 0xFF, 0xFF, 0xFF, 0xFF,
    0xFF, 0xFF, 0xFF, 0xFF, 0xFF, 0xFF, 0xFF, 0xFF, 0xFF, 0xFF, 0x0D, 0x00,
    0x00, 0xE7, 0xFC, 0xFE, 0xFF, 0xFF, 0xFF, 0xFF, 0xFF, 0xFF, 0xFF, 0xFF,
    0xFF, 0xFF, 0xFF, 0xFF, 0xFF, 0xFF, 0xFF, 0xFF, 0xFF, 0xFF, 0xFF, 0xFF,
    0xFF, 0xFF, 0xFF, 0xFF, 0xFF, 0xFF, 0xFF, 0xFF, 0xFF, 0xFF, 0xFF, 0xFF,
    0xFB, 0xFF, 0x97, 0x1A, 0x00, 0xBA, 0xFF, 0xFF, 0xFF, 0xFF, 0xFF, 0xFF,
    0xFF, 0xFF, 0xFF, 0xFF, 0xFF, 0xFF, 0xFF, 0xFF, 0xFF, 0xFF, 0xFF, 0xFF,
    0xFF, 0xFF, 0xFF, 0xFF, 0xFF, 0xFF, 0xFF, 0xFF, 0xFF, 0xFF, 0xFF, 0xFF,
    0xFF, 0xFF, 0xFF, 0xFF, 0xFF, 0xFF, 0xFF, 0x58, 0x65, 0xFF, 0xFF, 0xFF,
    0xFF, 0xFF, 0xFF, 0xFF, 0xFF, 0xFF, 0xFF, 0xFF, 0xFF, 0xFF, 0xFF, 0xFF,
    0xFF, 0xFF, 0xFF, 0xFF, 0xFF, 0xFF, 0xFF, 0xFF, 0xFF, 0xFF, 0xFF, 0xFF,
    0xFF, 0xFF, 0xFF, 0xFF, 0xFF, 0xFF, 0xFF, 0xFF, 0xFF, 0xFE, 0xFF, 0xB7,
    0xA6, 0xFF, 0xFE, 0xFF, 0xFF, 0xFF, 0xFF, 0xFF, 0xFF, 0xFF, 0xFF, 0xFF,
    0xFF, 0xFF, 0xFF, 0xFF, 0xFF, 0xFF, 0xFF, 0xFF, 0xFF, 0xFF, 0xFF, 0xFF,
    0xFF, 0xFF, 0xFF, 0xFF, 0xFF, 0xFF, 0xFF, 0xFF, 0xFF, 0xFF, 0xFF, 0xFF,
    0xFF, 0xFF, 0xFF, 0x45, 0x4E, 0xFF, 0xFF, 0xFF, 0xFF, 0xFF, 0xFF, 0xFF,
    0xFF, 0xFF, 0xFF, 0xFF, 0xFF, 0xFF, 0xFF, 0xFF, 0xFF, 0xFF, 0xFF, 0xFF,
    0xFF, 0xFF, 0xFF, 0xFF, 0xFF, 0xFF, 0xFF, 0xFF, 0xFF, 0xFF, 0xFF, 0xFF,
    0xFF, 0xFF, 0xFF, 0xFF, 0xFF, 0xFC, 0xFF, 0x70, 0xDB, 0xFF, 0xFF, 0xFF,
    0xFF, 0xFF, 0xFF, 0xFF, 0xFF, 0xFF, 0xFF, 0xFF, 0xFF, 0xFF, 0xFF, 0xFF,
    0xFF, 0xFF, 0xFF, 0xFF, 0xFF, 0xFF, 0xFF, 0xFF, 0xFF, 0xFF, 0xFF, 0xFF,
    0xFF, 0xFF, 0xFF, 0xFF, 0xFF, 0xFF, 0xFF, 0xFF, 0xFF, 0xFF, 0xFF, 0xCA,
    0xFF, 0xFC, 0xFF, 0xFF, 0xFF, 0xFF, 0xFF, 0xFF, 0xFF, 0xFF, 0xFF, 0xFF,
    0xFF, 0xFF, 0xFF, 0xFF, 0xFF, 0xFF, 0xFF, 0xFF, 0xFF, 0xFF, 0xFF, 0xFF,
    0xFF, 0xFF, 0xFF, 0xFF, 0xFF, 0xFF, 0xFF, 0xFF, 0xFF, 0xFF, 0xFF, 0xFF,
    0xFF, 0xFF, 0xFF, 0xFF, 0xFF, 0xFF, 0xFF, 0xFF, 0xFF, 0xFF, 0xFF, 0xFF,
    0xFF, 0xFF, 0xFF, 0xFF, 0xFF, 0xFF, 0xFF, 0xFF, 0xFF, 0xFF, 0xFF, 0xFF,
    0xFF, 0xFF, 0xFF, 0xFF, 0xFF, 0xFF, 0xFF, 0xFF, 0xFF, 0xFF, 0xFF, 0xFF,
    0xFF, 0xFF, 0xFF, 0xFF, 0xFF, 0xFF, 0xFC, 0xFF, 0xCA, 0xFF, 0xFF, 0xFF,
    0xFF, 0xFF, 0xFF, 0xFF, 0xFF, 0xFF, 0xFF, 0xFF, 0xFF, 0xFF, 0xFF, 0xFF,
    0xFF, 0xFF, 0xFF, 0xFF, 0xFF, 0xFF, 0xFF, 0xFF, 0xFF, 0xFF, 0xFF, 0xFF,
    0xFF, 0xFF, 0xFF, 0xFF, 0xFF, 0xFF, 0xFF, 0xFF, 0xFF, 0xFF, 0xFF, 0xDB,
    0x70, 0xFF, 0xFC, 0xFF, 0xFF, 0xFF, 0xFF, 0xFF, 0xFF, 0xFF, 0xFF, 0xFF,
    0xFF, 0xFF, 0xFF, 0xFF, 0xFF, 0xFF, 0xFF, 0xFF, 0xFF, 0xFF, 0xFF, 0xFF,
    0xFF, 0xFF, 0xFF, 0xFF, 0xFF, 0xFF, 0xFF, 0xFF, 0xFF, 0xFF, 0xFF, 0xFF,
    0xFF, 0xFF, 0xFF, 0x4E, 0x45, 0xFF, 0xFF, 0xFF, 0xFF, 0xFF, 0xFF, 0xFF,
    0xFF, 0xFF, 0xFF, 0xFF, 0xFF, 0xFF, 0xFF, 0xFF, 0xFF, 0xFF, 0xFF, 0xFF,
    0xFF, 0xFF, 0xFF, 0xFF, 0xFF, 0xFF, 0xFF, 0xFF, 0xFF, 0xFF, 0xFF, 0xFF,
    0xFF, 0xFF, 0xFF, 0xFF, 0xFF, 0xFE, 0xFF, 0xA6, 0xB7, 0xFF, 0xFE, 0xFF,
    0xFF, 0xFF, 0xFF, 0xFF, 0xFF, 0xFF, 0xFF, 0xFF, 0xFF, 0xFF, 0xFF, 0xFF,
    0xFF, 0xFF, 0xFF, 0xFF, 0xFF, 0xFF, 0xFF, 0xFF, 0xFF, 0xFF, 0xFF, 0xFF,
    0xFF, 0xFF, 0xFF, 0xFF, 0xFF, 0xFF, 0xFF, 0xFF, 0xFF, 0xFF, 0xFF, 0x65,
    0x58, 0xFF, 0xFF, 0xFF, 0xFF, 0xFF, 0xFF, 0xFF, 0xFF, 0xFF, 0xFF, 0xFF,
    0xFF, 0xFF, 0xFF, 0xFF, 0xFF, 0xFF, 0xFF, 0xFF, 0xFF, 0xFF, 0xFF, 0xFF,
    0xFF, 0xFF, 0xFF, 0xFF, 0xFF, 0xFF, 0xFF, 0xFF, 0xFF, 0xFF, 0xFF, 0xFF,
    0xFF, 0xFF, 0xBA, 0x00, 0x1A, 0x97, 0xFF, 0xFB, 0xFF, 0xFF, 0xFF, 0xFF,
    0xFF, 0xFF, 0xFF, 0xFF, 0xFF, 0xFF, 0xFF, 0xFF, 0xFF, 0xFF, 0xFF, 0xFF,
    0xFF, 0xFF, 0xFF, 0xFF, 0xFF, 0xFF, 0xFF, 0xFF, 0xFF, 0xFF, 0xFF, 0xFF,
    0xFF, 0xFF, 0xFF, 0xFF, 0xFE, 0xFC, 0xE7, 0x00, 0x00, 0x0D, 0xFF, 0xFF,
    0xFF, 0xFF, 0xFF, 0xFF, 0xFF, 0xFF, 0xFF, 0xFF, 0xFF, 0xFF, 0xFF, 0xFF,
    0xFF, 0xFF, 0xFF, 0xFF, 0xFF, 0xFF, 0xFF, 0xFF, 0xFF, 0xFF, 0xFF, 0xFF,
    0xFF, 0xFF, 0xFF, 0xFF, 0xFF, 0xFF, 0xFF, 0xFF, 0xFF, 0xFF, 0xFF, 0x00,
    0x02, 0x00, 0xE7, 0xFF, 0xFF, 0xFF, 0xFF, 0xFF, 0xFF, 0xFF, 0xFF, 0xFF,
    0xFF, 0xFF, 0xFF, 0xFF, 0xFF, 0xFF, 0xFF, 0xFF, 0xFF, 0xFF, 0xFF, 0xFF,
    0xFF, 0xFF, 0xFF, 0xFF, 0xFF, 0xFF, 0xFF, 0xFF, 0xFF, 0xFF, 0xFF, 0xFF,
    0xFF, 0xFF, 0x00, 0x00, 0x02, 0x00, 0xA0, 0xFF, 0xFE, 0xFF, 0xFF, 0xFF,
    0xFF, 0xFF, 0xFF, 0xFF, 0xFF, 0xFF, 0xFF, 0xFF, 0xFF, 0xFF, 0xFF, 0xFF,
    0xFF, 0xFF, 0xFF, 0xFF, 0xFF, 0xFF, 0xFF, 0xFF, 0xFF, 0xFF, 0xFF, 0xFF,
    0xFF, 0xFF, 0xFF, 0xFF, 0xFF, 0xFF, 0x00, 0x00, 0x00, 0x00, 0x50, 0xFF,
    0xFF, 0xFF, 0xFF, 0xFF, 0xFF, 0xFF, 0xFF, 0xFF, 0xFF, 0xFF, 0xFF, 0xFF,
    0xFF, 0xFF, 0xFF, 0xFF, 0xFF, 0xFF, 0xFF, 0xFF, 0xFF, 0xFF, 0xFF, 0xFF,
    0xFF, 0xFF, 0xFF, 0xFF, 0xFF, 0xFF, 0xFF, 0xFF, 0xFF, 0x00, 0x00, 0x00,
    0x00, 0x00, 0x00, 0x4A, 0xC2, 0xFF, 0xFE, 0xFF, 0xFF, 0xFF, 0xFF, 0xFF,
    0xFF, 0xFF, 0xFF, 0xFF, 0xFF, 0xFF, 0xFF, 0xFF, 0xFF, 0xFF, 0xFF, 0xFF,
    0xFF, 0xFF, 0xFF, 0xFF, 0xFF, 0xFF, 0xFF, 0xFF, 0xFF, 0xFF, 0xFD, 0xFF,
    0x00, 0x00, 0x00, 0x00, 0x00, 0x00, 0x00, 0x00, 0x41, 0xFF, 0xFF, 0xFF,
    0xFF, 0xFF, 0xFF, 0xFF, 0xFF, 0xFF, 0xFF, 0xFF, 0xFF, 0xFF, 0xFF, 0xFF,
    0xFF, 0xFF, 0xFF, 0xFF, 0xFF, 0xFF, 0xFF, 0xFF, 0xFF, 0xFF, 0xFF, 0xFF,
    0xFF, 0xFF, 0xF9, 0xFF, 0x00, 0x00, 0x00, 0x00, 0x00, 0x00, 0x00, 0x01,
    0x0C, 0x9A, 0xFF, 0xFF, 0xFF, 0xFF, 0xFF, 0xFF, 0xFF, 0xFF, 0xFF, 0xFF,
    0xFF, 0xFF, 0xFF, 0xFF, 0xFF, 0xFF, 0xFF, 0xFF, 0xFF, 0xFF, 0xFF, 0xFF,
    0xFF, 0xFF, 0xFF, 0xFE, 0xFF, 0xFF, 0x3D, 0x00, 0x00, 0x00, 0x00, 0x00,
    0x00, 0x00, 0x00, 0x00, 0x00, 0x00, 0x3D, 0xF9, 0xFD, 0xFF, 0xFF, 0xFF,
    0xFF, 0xFF, 0xFF, 0xFF, 0xFF, 0xFF, 0xFF, 0xFF, 0xFF, 0xFF, 0xFF, 0xFF,
    0xFF, 0xFF, 0xFF, 0xFF, 0xFF, 0xFF, 0xFF, 0xFF, 0xFF, 0x9A, 0x00, 0x00,
    0x00, 0x00, 0x00, 0x00, 0x00, 0x00, 0x00, 0x00, 0x00, 0x00, 0x00, 0xFF,
    0xFF, 0xFF, 0xFF, 0xFF, 0xFF, 0xFF, 0xFF, 0xFF, 0xFF, 0xFF, 0xFF, 0xFF,
    0xFF, 0xFF, 0xFF, 0xFF, 0xFF, 0xFF, 0xFF, 0xFF, 0xFF, 0xFE, 0xFF, 0xC2,
    0x41, 0x0C, 0x00, 0x00, 0x00, 0x00, 0x00, 0x00, 0x00, 0x00, 0x00, 0x00,
    0x00, 0x00, 0x00, 0x00, 0x00, 0xFF, 0xFF, 0xFF, 0xFF, 0xFE, 0xFF, 0xFF,
    0xFF, 0xFF, 0xFF, 0xFF, 0xFF, 0xFF, 0xFF, 0xFF, 0xFF, 0xFF, 0xFB, 0xFF,
    0xFF, 0xFF, 0xFF, 0x4A, 0x00, 0x01, 0x00, 0x00, 0x00, 0x00, 0x00, 0x00,
    0x00, 0x00, 0x00, 0x00, 0x00, 0x00, 0x00, 0x00, 0x00, 0x00, 0xFF, 0xFF,
    0xFF, 0xFC, 0xFF, 0xFF, 0xFE, 0xFF, 0xFF, 0xFF, 0xFF, 0xFF, 0xFC, 0xFF,
    0xFE, 0xFF, 0xFF, 0xFF, 0xE7, 0xA0, 0x50, 0x00, 0x00, 0x00, 0x00, 0x00,
    0x00, 0x00, 0x00, 0x00, 0x00, 0x00, 0x00, 0x00, 0x00, 0x00, 0x00, 0x00,
    0x00, 0x00, 0x00, 0x00, 0xFF, 0xE7, 0xBA, 0xFF, 0xFF, 0xFF, 0xFF, 0xFC,
    0xFF, 0xFF, 0xFF, 0xFF, 0xFF, 0xFF, 0x97, 0x0D, 0x00, 0x00, 0x00, 0x00,
    0x00, 0x00, 0x00, 0x00, 0x00, 0x00, 0x00, 0x00, 0x00, 0x00, 0x00, 0x00,
    0x00, 0x00, 0x00, 0x00, 0x00, 0x00, 0x00, 0x00, 0x00, 0x00, 0x00, 0x65,
    0xA6, 0x4E, 0xDB, 0xFF, 0xFF, 0xCA, 0x70, 0x45, 0xB7, 0x58, 0x1A, 0x00,
    0x02, 0x02, 0x00, 0x00, 0x00, 0x00, 0x00, 0x00, 0x00, 0x00, 0x00, 0x00,
  },
  { /* frame 3 */
    0x00, 0x00, 0x00, 0x00, 0x00, 0x00, 0x00, 0x00, 0x00, 0x00, 0x00, 0x00,
    0x00, 0x00, 0x00, 0x00, 0x00, 0x00, 0x00, 0x00, 0x00, 0x00, 0x86, 0xC9,
    0x00, 0x00, 0x08, 0xD2, 0x08, 0xD2, 0x28, 0xD2, 0x28, 0xD2, 0x08, 0xD2,
    0x28, 0xD2, 0x8A, 0xFA, 0x8A, 0xFA, 0x28, 0xD2, 0x08, 0xD2, 0x28, 0xD2,
    0x28, 0xD2, 0x08, 0xD2, 0x08, 0xD2, 0x00, 0x00, 0x86, 0xC9, 0x00, 0x00,
    0x00, 0x00, 0x00, 0x00, 0x00, 0x00, 0x00, 0x00, 0x00, 0x00, 0x00, 0x00,
    0x00, 0x00, 0x00, 0x00, 0x00, 0x00, 0x00, 0x00, 0x00, 0x00, 0x00, 0x00,
    0x00, 0x00, 0x00, 0x00, 0x00, 0x00, 0x00, 0x00, 0x00, 0x00, 0x00, 0x00,
    0x00, 0x00, 0x00, 0x00, 0x00, 0x00, 0x28, 0xD2, 0x00, 0x00, 0x28, 0xD2,
    0x8A, 0xFA, 0x69, 0xF2, 0x28, 0xD2, 0x69, 0xEA, 0x49, 0xE2, 0x28, 0xD2,
    0x28, 0xD2, 0x49, 0xE2, 0x69, 0xEA, 0x28, 0xD2, 0x69, 0xF2, 0x8A, 0xFA,
    0x28, 0xD2, 0x00, 0x00, 0x28, 0xD2, 0x00, 0x00, 0x00, 0x00, 0x00, 0x00,
    0x00, 0x00, 0x00, 0x00, 0x00, 0x00, 0x00, 0x00, 0x00, 0x00, 0x00, 0x00,
    0x00, 0x00, 0x00, 0x00, 0x00, 0x00, 0x00, 0x00, 0x00, 0x00, 0x00, 0x00,
    0x00, 0x00, 0x00, 0x00, 0x00, 0x00, 0x00, 0x00, 0x00, 0x00, 0x00, 0x00,
    0x08, 0xD2, 0x8A, 0xFA, 0x28, 0xD2, 0x69, 0xF2, 0x28, 0xD2, 0x28, 0xD2,
    0x28, 0xD2, 0x28, 0xD2, 0x28, 0xD2, 0x28, 0xD2, 0x28, 0xD2, 0x28, 0xD2,
    0x28, 0xD2, 0x28, 0xD2, 0x28, 0xD2, 0x28, 0xD2, 0x69, 0xF2, 0x28, 0xD2,
    0x8A, 0xFA, 0x08, 0xD2, 0x00, 0x00, 0x00, 0x00, 0x00, 0x00, 0x00, 0x00,
    0x00, 0x00, 0x00, 0x00, 0x00, 0x00, 0x00, 0x00, 0x00, 0x00, 0x00, 0x00,
    0x00, 0x00, 0x00, 0x00, 0x00, 0x00, 0x00, 0x00, 0x00, 0x00, 0x00, 0x00,
    0x00, 0x00, 0x00, 0x00, 0x28, 0xD2, 0x28, 0xD2, 0x69, 0xEA, 0x28, 0xDA,
    0x28, 0xD2, 0x28, 0xD2, 0x28, 0xD2, 0x28, 0xD2, 0x28, 0xD2, 0x28, 0xD2,
    0x28, 0xD2, 0x28, 0xD2, 0x28, 0xD2, 0x28, 0xD2, 0x28, 0xD2, 0x28, 0xD2,
    0x28, 0xD2, 0x28, 0xD2, 0x28, 0xD2, 0x28, 0xD2, 0x28, 0xDA, 0x69, 0xEA,
    0x28, 0xD2, 0x28, 0xD2, 0x00, 0x00, 0x00, 0x00, 0x00, 0x00, 0x00, 0x00,
    0x00, 0x00, 0x00, 0x00, 0x00, 0x00, 0x00, 0x00, 0x00, 0x00, 0x00, 0x00,
    0x00, 0x00, 0x00, 0x00, 0x00, 0x00, 0x00, 0x00, 0x00, 0x00, 0x28, 0xD2,
    0x28, 0xDA, 0x28, 0xD2, 0x28, 0xDA, 0x28, 0xD2, 0x28, 0xD2, 0x28, 0xD2,
    0x28, 0xD2, 0x28, 0xD2, 0x28, 0xD2, 0x28, 0xD2, 0x28, 0xD2, 0x28, 0xD2,
    0x28, 0xD2, 0x28, 0xD2, 0x28, 0xD2, 0x28, 0xD2, 0x28, 0xD2, 0x28, 0xD2,
    0x28, 0xD2, 0x28, 0xD2, 0x28, 0xD2, 0x28, 0xDA, 0x28, 0xD2, 0x28, 0xDA,
    0x28, 0xD2, 0x00, 0x00, 0x00, 0x00, 0x00, 0x00, 0x00, 0x00, 0x00, 0x00,
    0x00, 0x00, 0x00, 0x00, 0x00, 0x00, 0x00, 0x00, 0x00, 0x00, 0x00, 0x00,
    0x00, 0x00, 0x00, 0x00, 0x28, 0xD2, 0x28, 0xD2, 0x28, 0xD2, 0x28, 0xD2,
    0x28, 0xD2, 0x28, 0xD2, 0x28, 0xD2, 0x28, 0xD2, 0x28, 0xD2, 0x28, 0xD2,
    0x28, 0xD2, 0x28, 0xD2, 0x28, 0xD2, 0x28, 0xD2, 0x28, 0xD2, 0x28, 0xD2,
    0x28, 0xD2, 0x28, 0xD2, 0x28, 0xD2, 0x28, 0xD2, 0x28, 0xD2, 0x28, 0xD2,
    0x28, 0xD2, 0x28, 0xD2, 0x28, 0xD2, 0x28, 0xD2, 0x28, 0xD2, 0x28, 0xD2,
    0x00, 0x00, 0x00, 0x00, 0x00, 0x00, 0x00, 0x00, 0x00, 0x00, 0x00, 0x00,
    0x00, 0x00, 0x00, 0x00, 0x00, 0x00, 0x00, 0x00, 0x00, 0x00, 0x28, 0xD2,
    0x28, 0xD2, 0x28, 0xD2, 0x28, 0xD2, 0x28, 0xD2, 0x28, 0xD2, 0x28, 0xD2,
    0x28, 0xD2, 0x28, 0xD2, 0x28, 0xD2, 0x28, 0xD2, 0x28, 0xD2, 0x28, 0xDA,
    0x49, 0xE2, 0x08, 0xCA, 0x08, 0xCA, 0x49, 0xE2, 0x48, 0xE2, 0x49, 0xEA,
    0x28, 0xDA, 0x28, 0xD2, 0x28, 0xD2, 0x28, 0xD2, 0x28, 0xD2, 0x28, 0xD2,
    0x28, 0xD2, 0x28, 0xD2, 0x28, 0xD2, 0x28, 0xD2, 0x28, 0xD2, 0x00, 0x00,
    0x00, 0x00, 0x00, 0x00, 0x00, 0x00, 0x00, 0x00, 0x00, 0x00, 0x00, 0x00,
    0x00, 0x00, 0x00, 0x00, 0x28, 0xD2, 0x28, 0xD2, 0x28, 0xD2, 0x28, 0xD2,
    0x28, 0xD2, 0x28, 0xD2, 0x28, 0xD2, 0x28, 0xD2, 0x28, 0xD2, 0x28, 0xD2,
    0x49, 0xE2, 0x28, 0xE2, 0x28, 0xDA, 0x28, 0xDA, 0xE4, 0x40, 0x41, 0x00,
    0x41, 0x00, 0x45, 0x61, 0xA6, 0x91, 0xA6, 0x91, 0x86, 0x89, 0x69, 0xF2,
    0x28, 0xD2, 0x28, 0xD2, 0x28, 0xD2, 0x28, 0xD2, 0x28, 0xD2, 0x28, 0xD2,
    0x28, 0xD2, 0x28, 0xD2, 0x28, 0xD2, 0x28, 0xD2, 0x00, 0x00, 0x00, 0x00,
    0x00, 0x00, 0x00, 0x00, 0x00, 0x00, 0x00, 0x00, 0x00, 0x00, 0x28, 0xD2,
    0x28, 0xDA, 0x28, 0xD2, 0x28, 0xD2, 0x28, 0xD2, 0x28, 0xD2, 0x28, 0xD2,
    0x28, 0xD2, 0x49, 0xEA, 0x08, 0xCA, 0x69, 0xF2, 0x45, 0x71, 0x24, 0x59,
    0x49, 0xEA, 0x69, 0xFA, 0xE3, 0x30, 0x82, 0x10, 0x82, 0x10, 0x62, 0x00,
    0x62, 0x00, 0x82, 0x08, 0x21, 0x00, 0x66, 0x79, 0x69, 0xF2, 0x08, 0xCA,
    0x49, 0xEA, 0x28, 0xD2, 0x28, 0xD2, 0x28, 0xD2, 0x28, 0xD2, 0x28, 0xD2,
    0x28, 0xD2, 0x28, 0xDA, 0x28, 0xD2, 0x00, 0x00, 0x00, 0x00, 0x00, 0x00,
    0x00, 0x00, 0x00, 0x00, 0x00, 0x00, 0x28, 0xD2, 0x28, 0xD2, 0x28, 0xD2,
    0x28, 0xD2, 0x28, 0xD2, 0x28, 0xD2, 0x28, 0xD2, 0x49, 0xE2, 0x08, 0xCA,
    0xA3, 0x20, 0xA3, 0x20, 0x62, 0x00, 0x21, 0x00, 0xE7, 0xB1, 0x08, 0xCA,
    0xC3, 0x28, 0x42, 0x00, 0x82, 0x10, 0x82, 0x10, 0x82, 0x10, 0x82, 0x10,
    0x82, 0x08, 0x62, 0x00, 0xA3, 0x20, 0xA3, 0x10, 0x08, 0xCA, 0x28, 0xDA,
    0x28, 0xD2, 0x28, 0xD2, 0x28, 0xD2, 0x28, 0xD2, 0x28, 0xD2, 0x28, 0xD2,
    0x28, 0xD2, 0x00, 0x00, 0x00, 0x00, 0x00, 0x00, 0x00, 0x00, 0x00, 0x00,
    0x08, 0xD2, 0x69, 0xEA, 0x28, 0xDA, 0x28, 0xD2, 0x28, 0xD2, 0x28, 0xD2,
    0x28, 0xD2, 0x49, 0xE2, 0x08, 0xCA, 0xE4, 0x38, 0x62, 0x00, 0x82, 0x10,
    0x82, 0x10, 0xA2, 0x10, 0xE7, 0xB9, 0x8A, 0xFA, 0x08, 0xCA, 0xA3, 0x20,
    0x82, 0x10, 0x82, 0x10, 0x82, 0x10, 0x82, 0x10, 0x82, 0x10, 0x82, 0x10,
    0x62, 0x00, 0x82, 0x08, 0xE7, 0xB1, 0x28, 0xD2, 0x28, 0xD2, 0x28, 0xD2,
    0x28, 0xD2, 0x28, 0xD2, 0x28, 0xD2, 0x28, 0xDA, 0x69, 0xEA, 0x08, 0xD2,
    0x00, 0x00, 0x00, 0x00, 0x86, 0xC9, 0x28, 0xD2, 0x8A, 0xFA, 0x28, 0xDA,
    0x28, 0xD2, 0x28, 0xD2, 0x28, 0xD2, 0x28, 0xD2, 0x49, 0xEA, 0x08, 0xCA,
    0xE4, 0x38, 0x62, 0x00, 0x82, 0x10, 0x82, 0x10, 0x82, 0x10, 0x62, 0x00,
    0xA3, 0x18, 0x49, 0xEA, 0x86, 0x89, 0x62, 0x00, 0x82, 0x10, 0x82, 0x10,
    0x82, 0x10, 0x82, 0x10, 0x82, 0x10, 0x62, 0x00, 0xA3, 0x20, 0xC7, 0xA9,
    0x69, 0xF2, 0x28, 0xDA, 0x28, 0xD2, 0x48, 0xE2, 0x28, 0xD2, 0x28, 0xD2,
    0x28, 0xD2, 0x28, 0xD2, 0x28, 0xDA, 0x8A, 0xFA, 0x28, 0xD2, 0x86, 0xC9,
    0x00, 0x00, 0x00, 0x00, 0x28, 0xD2, 0x28, 0xD2, 0x28, 0xD2, 0x28, 0xD2,
    0x28, 0xD2, 0x28, 0xD2, 0x08, 0xCA, 0xA3, 0x20, 0x62, 0x00, 0x82, 0x10,
    0x82, 0x10, 0x82, 0x10, 0x82, 0x10, 0x82, 0x10, 0x04, 0x41, 0xA7, 0xA1,
    0x62, 0x00, 0x82, 0x08, 0x82, 0x10, 0x82, 0x10, 0x82, 0x10, 0x82, 0x10,
    0x62, 0x00, 0xA3, 0x20, 0xC7, 0xA9, 0x49, 0xEA, 0x28, 0xDA, 0x49, 0xE2,
    0x25, 0x59, 0x08, 0xCA, 0x28, 0xD2, 0x28, 0xD2, 0x28, 0xD2, 0x28, 0xD2,
    0x28, 0xD2, 0x28, 0xD2, 0x00, 0x00, 0x00, 0x00, 0x08, 0xD2, 0x28, 0xD2,
    0x69, 0xF2, 0x28, 0xD2, 0x28, 0xD2, 0x28, 0xD2, 0x28, 0xD2, 0x28, 0xD2,
    0x69, 0xF2, 0xA3, 0x20, 0x82, 0x10, 0x82, 0x10, 0x82, 0x10, 0x82, 0x10,
    0x82, 0x10, 0x82, 0x10, 0x62, 0x00, 0x82, 0x08, 0x82, 0x08, 0x82, 0x10,
    0x82, 0x10, 0x82, 0x10, 0x82, 0x10, 0x82, 0x10, 0xA3, 0x10, 0xC7, 0xA9,
    0x69, 0xFA, 0x28, 0xDA, 0x49, 0xE2, 0x25, 0x59, 0x62, 0x00, 0x69, 0xF2,
    0x28, 0xD2, 0x28, 0xD2, 0x28, 0xD2, 0x28, 0xD2, 0x28, 0xD2, 0x69, 0xF2,
    0x28, 0xD2, 0x08, 0xD2, 0x08, 0xD2, 0x8A, 0xFA, 0x28, 0xD2, 0x28, 0xD2,
    0x28, 0xD2, 0x28, 0xD2, 0x28, 0xD2, 0x49, 0xE2, 0x45, 0x71, 0x62, 0x00,
    0x82, 0x10, 0x82, 0x10, 0x82, 0x10, 0x82, 0x10, 0x82, 0x10, 0x82, 0x10,
    0x82, 0x10, 0x82, 0x10, 0x82, 0x10, 0x82, 0x10, 0x82, 0x10, 0x82, 0x10,
    0x82, 0x10, 0x82, 0x10, 0x62, 0x00, 0x04, 0x49, 0x28, 0xDA, 0x69, 0xF2,
    0x25, 0x59, 0x42, 0x00, 0x62, 0x00, 0x66, 0x79, 0x69, 0xF2, 0x28, 0xD2,
    0x28, 0xD2, 0x28, 0xD2, 0x28, 0xD2, 0x28, 0xD2, 0x8A, 0xFA, 0x08, 0xD2,
    0x28, 0xD2, 0x69, 0xF2, 0x28, 0xD2, 0x28, 0xD2, 0x28, 0xD2, 0x28, 0xD2,
    0x28, 0xD2, 0x28, 0xE2, 0x24, 0x59, 0x21, 0x00, 0xA2, 0x10, 0x62, 0x00,
    0x82, 0x10, 0x82, 0x10, 0x82, 0x10, 0x82, 0x10, 0x82, 0x10, 0x62, 0x08,
    0xA3, 0x10, 0x62, 0x08, 0x62, 0x08, 0xA3, 0x10, 0x62, 0x08, 0x82, 0x10,
    0x82, 0x10, 0x42, 0x00, 0x04, 0x49, 0x25, 0x59, 0x41, 0x00, 0x82, 0x10,
    0x82, 0x08, 0x21, 0x00, 0x86, 0x89, 0x28, 0xDA, 0x28, 0xD2, 0x28, 0xD2,
    0x28, 0xD2, 0x28, 0xD2, 0x69, 0xF2, 0x28, 0xD2, 0x28, 0xD2, 0x28, 0xD2,
    0x28, 0xD2, 0x28, 0xD2, 0x28, 0xD2, 0x28, 0xD2, 0x28, 0xD2, 0x28, 0xDA,
    0x49, 0xEA, 0xE7, 0xB1, 0xE7, 0xB9, 0xA3, 0x18, 0x04, 0x41, 0x62, 0x00,
    0x82, 0x10, 0x82, 0x10, 0x62, 0x08, 0xC3, 0x10, 0x66, 0x29, 0x46, 0x29,
    0x46, 0x29, 0x66, 0x29, 0xC3, 0x10, 0x62, 0x08, 0x82, 0x10, 0x82, 0x10,
    0x82, 0x00, 0x82, 0x08, 0x82, 0x10, 0x82, 0x10, 0x82, 0x10, 0x82, 0x08,
    0xA6, 0x91, 0x49, 0xEA, 0x28, 0xD2, 0x28, 0xD2, 0x28, 0xD2, 0x28, 0xD2,
    0x28, 0xD2, 0x28, 0xD2, 0x08, 0xD2, 0x69, 0xEA, 0x28, 0xD2, 0x28, 0xD2,
    0x28, 0xD2, 0x28, 0xD2, 0x28, 0xDA, 0x28, 0xDA, 0x69, 0xFA, 0x08, 0xCA,
    0x8A, 0xFA, 0x49, 0xEA, 0xA7, 0xA1, 0x82, 0x08, 0x82, 0x10, 0x62, 0x08,
    0xC3, 0x10, 0x66, 0x29, 0x66, 0x29, 0x66, 0x29, 0x66, 0x29, 0x66, 0x29,
    0x66, 0x29, 0xC3, 0x10, 0x62, 0x08, 0x82, 0x10, 0x82, 0x10, 0x82, 0x10,
    0x82, 0x10, 0x82, 0x10, 0x82, 0x10, 0x62, 0x00, 0xA6, 0x91, 0x48, 0xE2,
    0x28, 0xD2, 0x28, 0xD2, 0x28, 0xD2, 0x28, 0xD2, 0x69, 0xEA, 0x08, 0xD2,
    0x28, 0xD2, 0x49, 0xE2, 0x28, 0xD2, 0x28, 0xD2, 0x28, 0xD2, 0x28, 0xD2,
    0x49, 0xE2, 0xE4, 0x40, 0xE3, 0x30, 0xC3, 0x28, 0x08, 0xCA, 0x86, 0x89,
    0x62, 0x00, 0x82, 0x08, 0x82, 0x10, 0xA3, 0x10, 0x66, 0x29, 0x66, 0x29,
    0x66, 0x29, 0x66, 0x29, 0x66, 0x29, 0x66, 0x29, 0x66, 0x29, 0x66, 0x29,
    0xA3, 0x10, 0x82, 0x10, 0x82, 0x10, 0x82, 0x10, 0x82, 0x10, 0x82, 0x10,
    0x82, 0x10, 0x62, 0x00, 0x45, 0x61, 0x49, 0xE2, 0x28, 0xD2, 0x28, 0xD2,
    0x28, 0xD2, 0x28, 0xD2, 0x49, 0xE2, 0x28, 0xD2, 0x8A, 0xFA, 0x28, 0xD2,
    0x28, 0xD2, 0x28, 0xD2, 0x28, 0xD2, 0x28, 0xD2, 0x08, 0xCA, 0x41, 0x00,
    0x82, 0x10, 0x42, 0x00, 0xA3, 0x20, 0x62, 0x00, 0x82, 0x08, 0x82, 0x10,
    0x82, 0x10, 0x62, 0x08, 0x46, 0x29, 0x66, 0x29, 0x66, 0x29, 0x66, 0x29,
    0x66, 0x29, 0x66, 0x29, 0x66, 0x29, 0x46, 0x29, 0x62, 0x08, 0x82, 0x10,
    0x82, 0x10, 0x82, 0x10, 0x82, 0x10, 0x82, 0x10, 0x82, 0x10, 0x82, 0x10,
    0x41, 0x00, 0x08, 0xCA, 0x28, 0xD2, 0x28, 0xD2, 0x28, 0xD2, 0x28, 0xD2,
    0x28, 0xD2, 0x8A, 0xFA, 0x8A, 0xFA, 0x28, 0xD2, 0x28, 0xD2, 0x28, 0xD2,
    0x28, 0xD2, 0x28, 0xD2, 0x08, 0xCA, 0x41, 0x00, 0x82, 0x10, 0x82, 0x10,
    0x82, 0x10, 0x82, 0x10, 0x82, 0x10, 0x82, 0x10, 0x82, 0x10, 0x62, 0x08,
    0x46, 0x29, 0x66, 0x29, 0x66, 0x29, 0x66, 0x29, 0x66, 0x29, 0x66, 0x29,
    0x66, 0x29, 0x46, 0x29, 0x62, 0x08, 0x82, 0x10, 0x82, 0x10, 0x82, 0x08,
    0x62, 0x00, 0xA3, 0x20, 0x42, 0x00, 0x82, 0x10, 0x41, 0x00, 0x08, 0xCA,
    0x28, 0xD2, 0x28, 0xD2, 0x28, 0xD2, 0x28, 0xD2, 0x28, 0xD2, 0x8A, 0xFA,
    0x28, 0xD2, 0x49, 0xE2, 0x28, 0xD2, 0x28, 0xD2, 0x28, 0xD2, 0x28, 0xD2,
    0x49, 0xE2, 0x45, 0x61, 0x62, 0x00, 0x82, 0x10, 0x82, 0x10, 0x82, 0x10,
    0x82, 0x10, 0x82, 0x10, 0x82, 0x10, 0xA3, 0x10, 0x66, 0x29, 0x66, 0x29,
    0x66, 0x29, 0x66, 0x29, 0x66, 0x29, 0x66, 0x29, 0x66, 0x29, 0x66, 0x29,
    0xA3, 0x10, 0x82, 0x10, 0x82, 0x08, 0x62, 0x00, 0x86, 0x89, 0x08, 0xCA,
    0xC3, 0x28, 0xE3, 0x30, 0xE4, 0x40, 0x49, 0xE2, 0x28, 0xD2, 0x28, 0xD2,
    0x28, 0xD2, 0x28, 0xD2, 0x49, 0xE2, 0x28, 0xD2, 0x08, 0xD2, 0x69, 0xEA,
    0x28, 0xD2, 0x28, 0xD2, 0x28, 0xD2, 0x28, 0xD2, 0x48, 0xE2, 0xA6, 0x91,
    0x62, 0x00, 0x82, 0x10, 0x82, 0x10, 0x82, 0x10, 0x82, 0x10, 0x82, 0x10,
    0x82, 0x10, 0x62, 0x08, 0xC3, 0x10, 0x66, 0x29, 0x66, 0x29, 0x66, 0x29,
    0x66, 0x29, 0x66, 0x29, 0x66, 0x29, 0xC3, 0x10, 0x62, 0x08, 0x82, 0x10,
    0x82, 0x08, 0xA7, 0xA1, 0x49, 0xEA, 0x8A, 0xFA, 0x08, 0xCA, 0x69, 0xFA,
    0x28, 0xDA, 0x28, 0xDA, 0x28, 0xD2, 0x28, 0xD2, 0x28, 0xD2, 0x28, 0xD2,
    0x69, 0xEA, 0x08, 0xD2, 0x28, 0xD2, 0x28, 0xD2, 0x28, 0xD2, 0x28, 0xD2,
    0x28, 0xD2, 0x28, 0xD2, 0x49, 0xEA, 0xA6, 0x91, 0x82, 0x08, 0x82, 0x10,
    0x82, 0x10, 0x82, 0x10, 0x82, 0x10, 0x82, 0x10, 0x82, 0x10, 0x82, 0x10,
    0x62, 0x08, 0xC3, 0x10, 0x66, 0x29, 0x46, 0x29, 0x46, 0x29, 0x66, 0x29,
    0xC3, 0x10, 0x62, 0x08, 0x82, 0x10, 0x82, 0x10, 0x62, 0x00, 0x04, 0x41,
    0xA3, 0x18, 0xE7, 0xB9, 0xE7, 0xB1, 0x49, 0xEA, 0x28, 0xDA, 0x28, 0xD2,
    0x28, 0xD2, 0x28, 0xD2, 0x28, 0xD2, 0x28, 0xD2, 0x28, 0xD2, 0x28, 0xD2,
    0x28, 0xD2, 0x69, 0xF2, 0x28, 0xD2, 0x28, 0xD2, 0x28, 0xD2, 0x28, 0xD2,
    0x28, 0xDA, 0x86, 0x89, 0x21, 0x00, 0x82, 0x08, 0x82, 0x10, 0x82, 0x10,
    0x82, 0x10, 0x82, 0x10, 0x82, 0x10, 0x82, 0x10, 0x82, 0x10, 0x62, 0x08,
    0xA3, 0x10, 0x62, 0x08, 0x62, 0x08, 0xA3, 0x10, 0x62, 0x08, 0x82, 0x10,
    0x82, 0x10, 0x82, 0x10, 0x82, 0x10, 0x82, 0x10, 0x62, 0x00, 0xA2, 0x10,
    0x21, 0x00, 0x24, 0x59, 0x28, 0xE2, 0x28, 0xD2, 0x28, 0xD2, 0x28, 0xD2,
    0x28, 0xD2, 0x28, 0xD2, 0x69, 0xF2, 0x28, 0xD2, 0x08, 0xD2, 0x8A, 0xFA,
    0x28, 0xD2, 0x28, 0xD2, 0x28, 0xD2, 0x28, 0xD2, 0x28, 0xD2, 0x69, 0xF2,
    0x66, 0x79, 0x62, 0x00, 0x82, 0x10, 0x62, 0x00, 0xA3, 0x18, 0x82, 0x08,
    0x62, 0x00, 0x82, 0x10, 0x82, 0x10, 0x82, 0x10, 0x82, 0x10, 0x82, 0x10,
    0x82, 0x10, 0x82, 0x10, 0x82, 0x10, 0x82, 0x10, 0x82, 0x10, 0x82, 0x10,
    0x82, 0x10, 0x82, 0x10, 0x82, 0x10, 0x82, 0x10, 0x62, 0x00, 0x45, 0x71,
    0x49, 0xE2, 0x28, 0xD2, 0x28, 0xD2, 0x28, 0xD2, 0x28, 0xD2, 0x28, 0xD2,
    0x8A, 0xFA, 0x08, 0xD2, 0x08, 0xD2, 0x28, 0xD2, 0x69, 0xF2, 0x28, 0xD2,
    0x28, 0xD2, 0x28, 0xD2, 0x28, 0xD2, 0x28, 0xD2, 0x69, 0xF2, 0xA3, 0x20,
    0x62, 0x00, 0xA3, 0x20, 0x08, 0xC2, 0xC7, 0xA9, 0x82, 0x08, 0x82, 0x00,
    0x82, 0x10, 0x82, 0x10, 0x82, 0x10, 0x82, 0x10, 0x82, 0x10, 0x82, 0x08,
    0x82, 0x08, 0x62, 0x00, 0x82, 0x10, 0x82, 0x10, 0x82, 0x10, 0x82, 0x10,
    0x82, 0x10, 0x82, 0x10, 0xA3, 0x20, 0x69, 0xF2, 0x28, 0xD2, 0x28, 0xD2,
    0x28, 0xD2, 0x28, 0xD2, 0x28, 0xD2, 0x69, 0xF2, 0x28, 0xD2, 0x08, 0xD2,
    0x00, 0x00, 0x00, 0x00, 0x28, 0xD2, 0x28, 0xD2, 0x28, 0xD2, 0x28, 0xD2,
    0x28, 0xD2, 0x28, 0xD2, 0x08, 0xCA, 0xA3, 0x10, 0x82, 0x08, 0xC7, 0xA9,
    0x49, 0xEA, 0x69, 0xFA, 0xC7, 0xA1, 0x82, 0x08, 0x82, 0x10, 0x82, 0x10,
    0x82, 0x10, 0x82, 0x10, 0x82, 0x08, 0x62, 0x00, 0xA7, 0xA1, 0x04, 0x41,
    0x82, 0x10, 0x82, 0x10, 0x82, 0x10, 0x82, 0x10, 0x82, 0x10, 0x62, 0x00,
    0xA3, 0x20, 0x08, 0xCA, 0x28, 0xD2, 0x28, 0xD2, 0x28, 0xD2, 0x28, 0xD2,
    0x28, 0xD2, 0x28, 0xD2, 0x00, 0x00, 0x00, 0x00, 0x86, 0xC9, 0x28, 0xD2,
    0x8A, 0xFA, 0x28, 0xDA, 0x28, 0xD2, 0x28, 0xD2, 0x28, 0xD2, 0x28, 0xD2,
    0x49, 0xEA, 0x08, 0xCA, 0xE7, 0xB1, 0x69, 0xF2, 0x28, 0xDA, 0x49, 0xE2,
    0x45, 0x61, 0x62, 0x00, 0x82, 0x10, 0x82, 0x10, 0x82, 0x10, 0x82, 0x10,
    0x62, 0x00, 0x86, 0x89, 0x49, 0xEA, 0xA3, 0x18, 0x62, 0x00, 0x82, 0x10,
    0x82, 0x10, 0x82, 0x10, 0x62, 0x00, 0xE4, 0x38, 0x08, 0xCA, 0x49, 0xEA,
    0x28, 0xD2, 0x28, 0xD2, 0x28, 0xD2, 0x28, 0xD2, 0x28, 0xDA, 0x8A, 0xFA,
    0x28, 0xD2, 0x86, 0xC9, 0x00, 0x00, 0x00, 0x00, 0x08, 0xD2, 0x69, 0xEA,
    0x28, 0xDA, 0x28, 0xD2, 0x28, 0xD2, 0x28, 0xD2, 0x28, 0xD2, 0x28, 0xDA,
    0x28, 0xD2, 0x28, 0xDA, 0x49, 0xE2, 0x25, 0x59, 0x42, 0x00, 0x82, 0x10,
    0x82, 0x10, 0x82, 0x10, 0x82, 0x10, 0x82, 0x10, 0xA3, 0x20, 0x08, 0xCA,
    0x8A, 0xFA, 0xE7, 0xB9, 0xA2, 0x10, 0x82, 0x10, 0x82, 0x10, 0x62, 0x00,
    0xE4, 0x38, 0x08, 0xCA, 0x49, 0xE2, 0x28, 0xD2, 0x28, 0xD2, 0x28, 0xD2,
    0x28, 0xD2, 0x28, 0xDA, 0x69, 0xEA, 0x08, 0xD2, 0x00, 0x00, 0x00, 0x00,
    0x00, 0x00, 0x00, 0x00, 0x00, 0x00, 0x28, 0xD2, 0x28, 0xD2, 0x28, 0xD2,
    0x28, 0xD2, 0x28, 0xD2, 0x28, 0xD2, 0x28, 0xD2, 0x28, 0xD2, 0x28, 0xD2,
    0x25, 0x59, 0x62, 0x00, 0x62, 0x00, 0x82, 0x08, 0x82, 0x10, 0x82, 0x10,
    0x82, 0x10, 0x82, 0x10, 0x42, 0x00, 0xC3, 0x28, 0x08, 0xCA, 0xE7, 0xB1,
    0x21, 0x00, 0x62, 0x00, 0xA3, 0x20, 0xA3, 0x20, 0x08, 0xCA, 0x49, 0xE2,
    0x28, 0xD2, 0x28, 0xD2, 0x28, 0xD2, 0x28, 0xD2, 0x28, 0xD2, 0x28, 0xD2,
    0x28, 0xD2, 0x00, 0x00, 0x00, 0x00, 0x00, 0x00, 0x00, 0x00, 0x00, 0x00,
    0x00, 0x00, 0x28, 0xD2, 0x28, 0xDA, 0x28, 0xD2, 0x28, 0xD2, 0x28, 0xD2,
    0x28, 0xD2, 0x28, 0xD2, 0x28, 0xD2, 0x48, 0xE2, 0x08, 0xCA, 0x69, 0xF2,
    0x66, 0x79, 0x21, 0x00, 0x82, 0x08, 0x62, 0x00, 0x62, 0x00, 0x82, 0x10,
    0x82, 0x10, 0xE3, 0x30, 0x69, 0xFA, 0x49, 0xEA, 0x24, 0x59, 0x45, 0x71,
    0x69, 0xF2, 0x08, 0xCA, 0x49, 0xEA, 0x28, 0xD2, 0x28, 0xD2, 0x28, 0xD2,
    0x28, 0xD2, 0x28, 0xD2, 0x28, 0xD2, 0x28, 0xDA, 0x28, 0xD2, 0x00, 0x00,
    0x00, 0x00, 0x00, 0x00, 0x00, 0x00, 0x00, 0x00, 0x00, 0x00, 0x00, 0x00,
    0x28, 0xD2, 0x28, 0xD2, 0x28, 0xD2, 0x28, 0xD2, 0x28, 0xD2, 0x28, 0xD2,
    0x28, 0xD2, 0x28, 0xD2, 0x28, 0xD2, 0x28, 0xD2, 0x69, 0xF2, 0x86, 0x89,
    0xA6, 0x91, 0xA6, 0x91, 0x45, 0x61, 0x41, 0x00, 0x41, 0x00, 0xE4, 0x40,
    0x28, 0xDA, 0x28, 0xDA, 0x28, 0xE2, 0x49, 0xE2, 0x28, 0xD2, 0x28, 0xD2,
    0x28, 0xD2, 0x28, 0xD2, 0x28, 0xD2, 0x28, 0xD2, 0x28, 0xD2, 0x28, 0xD2,
    0x28, 0xD2, 0x28, 0xD2, 0x00, 0x00, 0x00, 0x00, 0x00, 0x00, 0x00, 0x00,
    0x00, 0x00, 0x00, 0x00, 0x00, 0x00, 0x00, 0x00, 0x00, 0x00, 0x28, 0xD2,
    0x28, 0xD2, 0x28, 0xD2, 0x28, 0xD2, 0x28, 0xD2, 0x28, 0xD2, 0x28, 0xD2,
    0x28, 0xD2, 0x28, 0xD2, 0x28, 0xD2, 0x28, 0xDA, 0x49, 0xEA, 0x48, 0xE2,
    0x49, 0xE2, 0x08, 0xCA, 0x08, 0xCA, 0x49, 0xE2, 0x28, 0xDA, 0x28, 0xD2,
    0x28, 0xD2, 0x28, 0xD2, 0x28, 0xD2, 0x28, 0xD2, 0x28, 0xD2, 0x28, 0xD2,
    0x28, 0xD2, 0x28, 0xD2, 0x28, 0xD2, 0x28, 0xD2, 0x28, 0xD2, 0x00, 0x00,
    0x00, 0x00, 0x00, 0x00, 0x00, 0x00, 0x00, 0x00, 0x00, 0x00, 0x00, 0x00,
    0x00, 0x00, 0x00, 0x00, 0x00, 0x00, 0x00, 0x00, 0x28, 0xD2, 0x28, 0xD2,
    0x28, 0xD2, 0x28, 0xD2, 0x28, 0xD2, 0x28, 0xD2, 0x28, 0xD2, 0x28, 0xD2,
    0x28, 0xD2, 0x28, 0xD2, 0x28, 0xD2, 0x28, 0xD2, 0x28, 0xD2, 0x28, 0xD2,
    0x28, 0xD2, 0x28, 0xD2, 0x28, 0xD2, 0x28, 0xD2, 0x28, 0xD2, 0x28, 0xD2,
    0x28, 0xD2, 0x28, 0xD2, 0x28, 0xD2, 0x28, 0xD2, 0x28, 0xD2, 0x28, 0xD2,
    0x28, 0xD2, 0x28, 0xD2, 0x00, 0x00, 0x00, 0x00, 0x00, 0x00, 0x00, 0x00,
    0x00, 0x00, 0x00, 0x00, 0x00, 0x00, 0x00, 0x00, 0x00, 0x00, 0x00, 0x00,
    0x00, 0x00, 0x00, 0x00, 0x00, 0x00, 0x28, 0xD2, 0x28, 0xDA, 0x28, 0xD2,
    0x28, 0xDA, 0x28, 0xD2, 0x28, 0xD2, 0x28, 0xD2, 0x28, 0xD2, 0x28, 0xD2,
    0x28, 0xD2, 0x28, 0xD2, 0x28, 0xD2, 0x28, 0xD2, 0x28, 0xD2, 0x28, 0xD2,
    0x28, 0xD2, 0x28, 0xD2, 0x28, 0xD2, 0x28, 0xD2, 0x28, 0xD2, 0x28, 0xD2,
    0x28, 0xD2, 0x28, 0xDA, 0x28, 0xD2, 0x28, 0xDA, 0x28, 0xD2, 0x00, 0x00,
    0x00, 0x00, 0x00, 0x00, 0x00, 0x00, 0x00, 0x00, 0x00, 0x00, 0x00, 0x00,
    0x00, 0x00, 0x00, 0x00, 0x00, 0x00, 0x00, 0x00, 0x00, 0x00, 0x00, 0x00,
    0x00, 0x00, 0x00, 0x00, 0x28, 0xD2, 0x28, 0xD2, 0x69, 0xEA, 0x28, 0xDA,
    0x28, 0xD2, 0x28, 0xD2, 0x28, 0xD2, 0x28, 0xD2, 0x28, 0xD2, 0x28, 0xD2,
    0x28, 0xD2, 0x28, 0xD2, 0x28, 0xD2, 0x28, 0xD2, 0x28, 0xD2, 0x28, 0xD2,
    0x28, 0xD2, 0x28, 0xD2, 0x28, 0xD2, 0x28, 0xD2, 0x28, 0xDA, 0x69, 0xEA,
    0x28, 0xD2, 0x28, 0xD2, 0x00, 0x00, 0x00, 0x00, 0x00, 0x00, 0x00, 0x00,
    0x00, 0x00, 0x00, 0x00, 0x00, 0x00, 0x00, 0x00, 0x00, 0x00, 0x00, 0x00,
    0x00, 0x00, 0x00, 0x00, 0x00, 0x00, 0x00, 0x00, 0x00, 0x00, 0x00, 0x00,
    0x00, 0x00, 0x00, 0x00, 0x08, 0xD2, 0x8A, 0xFA, 0x28, 0xD2, 0x69, 0xF2,
    0x28, 0xD2, 0x28, 0xD2, 0x28, 0xD2, 0x28, 0xD2, 0x28, 0xD2, 0x28, 0xD2,
    0x28, 0xD2, 0x28, 0xD2, 0x28, 0xD2, 0x28, 0xD2, 0x28, 0xD2, 0x28, 0xD2,
    0x69, 0xF2, 0x28, 0xD2, 0x8A, 0xFA, 0x08, 0xD2, 0x00, 0x00, 0x00, 0x00,
    0x00, 0x00, 0x00, 0x00, 0x00, 0x00, 0x00, 0x00, 0x00, 0x00, 0x00, 0x00,
    0x00, 0x00, 0x00, 0x00, 0x00, 0x00, 0x00, 0x00, 0x00, 0x00, 0x00, 0x00,
    0x00, 0x00, 0x00, 0x00, 0x00, 0x00, 0x00, 0x00, 0x00, 0x00, 0x00, 0x00,
    0x00, 0x00, 0x28, 0xD2, 0x00, 0x00, 0x28, 0xD2, 0x8A, 0xFA, 0x69, 0xF2,
    0x28, 0xD2, 0x69, 0xEA, 0x49, 0xE2, 0x28, 0xD2, 0x28, 0xD2, 0x49, 0xE2,
    0x69, 0xEA, 0x28, 0xD2, 0x69, 0xF2, 0x8A, 0xFA, 0x28, 0xD2, 0x00, 0x00,
    0x28, 0xD2, 0x00, 0x00, 0x00, 0x00, 0x00, 0x00, 0x00, 0x00, 0x00, 0x00,
    0x00, 0x00, 0x00, 0x00, 0x00, 0x00, 0x00, 0x00, 0x00, 0x00, 0x00, 0x00,
    0x00, 0x00, 0x00, 0x00, 0x00, 0x00, 0x00, 0x00, 0x00, 0x00, 0x00, 0x00,
    0x00, 0x00, 0x00, 0x00, 0x00, 0x00, 0x00, 0x00, 0x00, 0x00, 0x86, 0xC9,
    0x00, 0x00, 0x08, 0xD2, 0x08, 0xD2, 0x28, 0xD2, 0x28, 0xD2, 0x08, 0xD2,
    0x28, 0xD2, 0x8A, 0xFA, 0x8A, 0xFA, 0x28, 0xD2, 0x08, 0xD2, 0x28, 0xD2,
    0x28, 0xD2, 0x08, 0xD2, 0x08, 0xD2, 0x00, 0x00, 0x86, 0xC9, 0x00, 0x00,
    0x00, 0x00, 0x00, 0x00, 0x00, 0x00, 0x00, 0x00, 0x00, 0x00, 0x00, 0x00,
    0x00, 0x00, 0x00, 0x00, 0x00, 0x00, 0x00, 0x00, 0x00, 0x00, 0x00, 0x00,
    0x00, 0x00, 0x00, 0x00, 0x00, 0x00, 0x00, 0x05, 0x00, 0x22, 0x6E, 0x67,
    0x70, 0x6A, 0x9F, 0xFF, 0xFF, 0x9F, 0x6A, 0x70, 0x67, 0x6E, 0x22, 0x00,
    0x05, 0x00, 0x00, 0x00, 0x00, 0x00, 0x00, 0x00, 0x00, 0x00, 0x00, 0x00,
    0x00, 0x00, 0x00, 0x00, 0x00, 0x00, 0x00, 0x00, 0x00, 0x00, 0x00, 0x1E,
    0x00, 0xD1, 0xFF, 0xFF, 0xFF, 0xFF, 0xFF, 0xFE, 0xFE, 0xFF, 0xFF, 0xFF,
    0xFF, 0xFF, 0xD1, 0x00, 0x1E, 0x00, 0x00, 0x00, 0x00, 0x00, 0x00, 0x00,
    0x00, 0x00, 0x00, 0x00, 0x00, 0x00, 0x00, 0x00, 0x00, 0x00, 0x00, 0x00,
    0x00, 0x00, 0x6A, 0xFF, 0xE7, 0xFF, 0xFF, 0xFE, 0xFD, 0xFE, 0xFF, 0xFF,
    0xFF, 0xFF, 0xFE, 0xFD, 0xFE, 0xFF, 0xFF, 0xE7, 0xFF, 0x6A, 0x00, 0x00,
    0x00, 0x00, 0x00, 0x00, 0x00, 0x00, 0x00, 0x00, 0x00, 0x00, 0x00, 0x00,
    0x00, 0x00, 0x00, 0x00, 0xF4, 0x8E, 0xFF, 0xFF, 0xFB, 0xFF, 0xFF, 0xFF,
    0xFF, 0xFF, 0xFF, 0xFF, 0xFF, 0xFF, 0xFF, 0xFF, 0xFF, 0xFF, 0xFF, 0xFB,
    0xFF, 0xFF, 0x8E, 0xF4, 0x00, 0x00, 0x00, 0x00, 0x00, 0x00, 0x00, 0x00,
    0x00, 0x00, 0x00, 0x00, 0x00, 0x00, 0x00, 0xFF, 0xFF, 0xFF, 0xFF, 0xFF,
    0xFF, 0xFF, 0xFF, 0xFF, 0xFF, 0xFF, 0xFF, 0xFF, 0xFF, 0xFF, 0xFF, 0xFF,
    0xFF, 0xFF, 0xFF, 0xFF, 0xFF, 0xFF, 0xFF, 0xFF, 0xFF, 0x00, 0x00, 0x00,
    0x00, 0x00, 0x00, 0x00, 0x00, 0x00, 0x00, 0x00, 0x00, 0x00, 0xFF, 0xFF,
    0xFF, 0xFE, 0xFF, 0xFF, 0xFF, 0xFF, 0xFF, 0xFF, 0xFF, 0xFF, 0xFF, 0xFF,
    0xFF, 0xFF, 0xFF, 0xFF, 0xFF, 0xFF, 0xFF, 0xFF, 0xFF, 0xFF, 0xFE, 0xFF,
    0xFF, 0xFF, 0x00, 0x00, 0x00, 0x00, 0x00, 0x00, 0x00, 0x00, 0x00, 0x00,
    0x00, 0xFF, 0xFF, 0xFF, 0xFF, 0xFF, 0xFF, 0xFF, 0xFF, 0xFF, 0xFF, 0xFF,
    0xFF, 0xFF, 0xFF, 0xFF, 0xFF, 0xFF, 0xFF, 0xFF, 0xFF, 0xFF, 0xFF, 0xFF,
    0xFF, 0xFF, 0xFF, 0xFF, 0xFF, 0xFF, 0xFF, 0x00, 0x00, 0x00, 0x00, 0x00,
    0x00, 0x00, 0x00, 0x00, 0xFF, 0xFF, 0xFF, 0xFF, 0xFF, 0xFF, 0xFF, 0xFF,
    0xFF, 0xFF, 0xFF, 0xFF, 0xFF, 0xFF, 0xFF, 0xFF, 0xFF, 0xFF, 0xFF, 0xFF,
    0xFF, 0xFF, 0xFF, 0xFF, 0xFF, 0xFF, 0xFF, 0xFF, 0xFF, 0xFF, 0xFF, 0xFF,
    0x00, 0x00, 0x00, 0x00, 0x00, 0x00, 0x00, 0xF4, 0xFF, 0xFF, 0xFF, 0xFF,
    0xFF, 0xFF, 0xFF, 0xFF, 0xFF, 0xFF, 0xFF, 0xFF, 0xFF, 0xFF, 0xFF, 0xFF,
    0xFF, 0xFF, 0xFF, 0xFF, 0xFF, 0xFF, 0xFF, 0xFF, 0xFF, 0xFF, 0xFF, 0xFF,
    0xFF, 0xFF, 0xFF, 0xFF, 0xF4, 0x00, 0x00, 0x00, 0x00, 0x00, 0x00, 0x8E,
    0xFF, 0xFE, 0xFF, 0xFF, 0xFF, 0xFF, 0xFF, 0xFF, 0xFF, 0xFF, 0xFF, 0xFF,
    0xFF, 0xFF, 0xFF, 0xFF, 0xFF, 0xFF, 0xFF, 0xFF, 0xFF, 0xFF, 0xFF, 0xFF,
    0xFF, 0xFF, 0xFF, 0xFF, 0xFF, 0xFF, 0xFE, 0xFF, 0x8E, 0x00, 0x00, 0x00,
    0x00, 0x00, 0x6A, 0xFF, 0xFF, 0xFF, 0xFF, 0xFF, 0xFF, 0xFF, 0xFF, 0xFF,
    0xFF, 0xFF, 0xFF, 0xFF, 0xFF, 0xFF, 0xFF, 0xFF, 0xFF, 0xFF, 0xFF, 0xFF,
    0xFF, 0xFF, 0xFF, 0xFF, 0xFF, 0xFF, 0xFF, 0xFF, 0xFF, 0xFF, 0xFF, 0xFF,
    0xFF, 0x6A, 0x00, 0x00, 0x05, 0x1E, 0xFF, 0xFF, 0xFF, 0xFF, 0xFF, 0xFF,
    0xFF, 0xFF, 0xFF, 0xFF, 0xFF, 0xFF, 0xFF, 0xFF, 0xFF, 0xFF, 0xFF, 0xFF,
    0xFF, 0xFF, 0xFF, 0xFF, 0xFF, 0xFF, 0xFF, 0xFF, 0xFF, 0xFF, 0xFF, 0xFF,
    0xFF, 0xFF, 0xFF, 0xFF, 0xFF, 0xFF, 0x1E, 0x05, 0x00, 0x00, 0xE7, 0xFB,
    0xFF, 0xFF, 0xFF, 0xFF, 0xFF, 0xFF, 0xFF, 0xFF, 0xFF, 0xFF, 0xFF, 0xFF,
    0xFF, 0xFF, 0xFF, 0xFF, 0xFF, 0xFF, 0xFF, 0xFF, 0xFF, 0xFF, 0xFF, 0xFF,
    0xFF, 0xFF, 0xFF, 0xFF, 0xFF, 0xFF, 0xFF, 0xFF, 0xFB, 0xE7, 0x00, 0x00,
    0x22, 0xD1, 0xFF, 0xFF, 0xFF, 0xFF, 0xFF, 0xFF, 0xFF, 0xFF, 0xFF, 0xFF,
    0xFF, 0xFF, 0xFF, 0xFF, 0xFF, 0xFF, 0xFF, 0xFF, 0xFF, 0xFF, 0xFF, 0xFF,
    0xFF, 0xFF, 0xFF, 0xFF, 0xFF, 0xFF, 0xFF, 0xFF, 0xFF, 0xFF, 0xFF, 0xFF,
    0xFF, 0xFF, 0xD1, 0x22, 0x6E, 0xFF, 0xFF, 0xFF, 0xFF, 0xFF, 0xFF, 0xFF,
    0xFF, 0xFF, 0xFF, 0xFF, 0xFF, 0xFF, 0xFF, 0xFF, 0xFF, 0xFF, 0xFF, 0xFF,
    0xFF, 0xFF, 0xFF, 0xFF, 0xFF, 0xFF, 0xFF, 0xFF, 0xFF, 0xFF, 0xFF, 0xFF,
    0xFF, 0xFF, 0xFF, 0xFF, 0xFF, 0xFF, 0xFF, 0x6E, 0x67, 0xFF, 0xFE, 0xFF,
    0xFF, 0xFF, 0xFF, 0xFF, 0xFF, 0xFF, 0xFF, 0xFF, 0xFF, 0xFF, 0xFF, 0xFF,
    0xFF, 0xFF, 0xFF, 0xFF, 0xFF, 0xFF, 0xFF, 0xFF, 0xFF, 0xFF, 0xFF, 0xFF,
    0xFF, 0xFF, 0xFF, 0xFF, 0xFF, 0xFF, 0xFF, 0xFF, 0xFF, 0xFE, 0xFF, 0x67,
    0x70, 0xFF, 0xFD, 0xFF, 0xFF, 0xFF, 0xFF, 0xFF, 0xFF, 0xFF, 0xFF, 0xFF,
    0xFF, 0xFF, 0xFF, 0xFF, 0xFF, 0xFF, 0xFF, 0xFF, 0xFF, 0xFF, 0xFF, 0xFF,
    0xFF, 0xFF, 0xFF, 0xFF, 0xFF, 0xFF, 0xFF, 0xFF, 0xFF, 0xFF, 0xFF, 0xFF,
    0xFF, 0xFD, 0xFF, 0x70, 0x6A, 0xFF, 0xFE, 0xFF, 0xFF, 0xFF, 0xFF, 0xFF,
    0xFF, 0xFF, 0xFF, 0xFF, 0xFF, 0xFF, 0xFF, 0xFF, 0xFF, 0xFF, 0xFF, 0xFF,
    0xFF, 0xFF, 0xFF, 0xFF, 0xFF, 0xFF, 0xFF, 0xFF, 0xFF, 0xFF, 0xFF, 0xFF,
    0xFF, 0xFF, 0xFF, 0xFF, 0xFF, 0xFE, 0xFF, 0x6A, 0x9F, 0xFF, 0xFF, 0xFF,
    0xFF, 0xFF, 0xFF, 0xFF, 0xFF, 0xFF, 0xFF, 0xFF, 0xFF, 0xFF, 0xFF, 0xFF,
    0xFF, 0xFF, 0xFF, 0xFF, 0xFF, 0xFF, 0xFF, 0xFF, 0xFF, 0xFF, 0xFF, 0xFF,
    0xFF, 0xFF, 0xFF, 0xFF, 0xFF, 0xFF, 0xFF, 0xFF, 0xFF, 0xFF, 0xFF, 0x9F,
    0xFF, 0xFE, 0xFF, 0xFF, 0xFF, 0xFF, 0xFF, 0xFF, 0xFF, 0xFF, 0xFF, 0xFF,
    0xFF, 0xFF, 0xFF, 0xFF, 0xFF, 0xFF, 0xFF, 0xFF, 0xFF, 0xFF, 0xFF, 0xFF,
    0xFF, 0xFF, 0xFF, 0xFF, 0xFF, 0xFF, 0xFF, 0xFF, 0xFF, 0xFF, 0xFF, 0xFF,
    0xFF, 0xFF, 0xFE, 0xFF, 0xFF, 0xFE, 0xFF, 0xFF, 0xFF, 0xFF, 0xFF, 0xFF,
    0xFF, 0xFF, 0xFF, 0xFF, 0xFF, 0xFF, 0xFF, 0xFF, 0xFF, 0xFF, 0xFF, 0xFF,
    0xFF, 0xFF, 0xFF, 0xFF, 0xFF, 0xFF, 0xFF, 0xFF, 0xFF, 0xFF, 0xFF, 0xFF,
    0xFF, 0xFF, 0xFF, 0xFF, 0xFF, 0xFF, 0xFE, 0xFF, 0x9F, 0xFF, 0xFF, 0xFF,
    0xFF, 0xFF, 0xFF, 0xFF, 0xFF, 0xFF, 0xFF, 0xFF, 0xFF, 0xFF, 0xFF, 0xFF,
    0xFF, 0xFF, 0xFF, 0xFF, 0xFF, 0xFF, 0xFF, 0xFF, 0xFF, 0xFF, 0xFF, 0xFF,
    0xFF, 0xFF, 0xFF, 0xFF, 0xFF, 0xFF, 0xFF, 0xFF, 0xFF, 0xFF, 0xFF, 0x9F,
    0x6A, 0xFF, 0xFE, 0xFF, 0xFF, 0xFF, 0xFF, 0xFF, 0xFF, 0xFF, 0xFF, 0xFF,
    0xFF, 0xFF, 0xFF, 0xFF, 0xFF, 0xFF, 0xFF, 0xFF, 0xFF, 0xFF, 0xFF, 0xFF,
    0xFF, 0xFF, 0xFF, 0xFF, 0xFF, 0xFF, 0xFF, 0xFF, 0xFF, 0xFF, 0xFF, 0xFF,
    0xFF, 0xFE, 0xFF, 0x6A, 0x70, 0xFF, 0xFD, 0xFF, 0xFF, 0xFF, 0xFF, 0xFF,
    0xFF, 0xFF, 0xFF, 0xFF, 0xFF, 0xFF, 0xFF, 0xFF, 0xFF, 0xFF, 0xFF, 0xFF,
    0xFF, 0xFF, 0xFF, 0xFF, 0xFF, 0xFF, 0xFF, 0xFF, 0xFF, 0xFF, 0xFF, 0xFF,
    0xFF, 0xFF, 0xFF, 0xFF, 0xFF, 0xFD, 0xFF, 0x70, 0x67, 0xFF, 0xFE, 0xFF,
    0xFF, 0xFF, 0xFF, 0xFF, 0xFF, 0xFF, 0xFF, 0xFF, 0xFF, 0xFF, 0xFF, 0xFF,
    0xFF, 0xFF, 0xFF, 0xFF, 0xFF, 0xFF, 0xFF, 0xFF, 0xFF, 0xFF, 0xFF, 0xFF,
    0xFF, 0xFF, 0xFF, 0xFF, 0xFF, 0xFF, 0xFF, 0xFF, 0xFF, 0xFE, 0xFF, 0x67,
    0x6E, 0xFF, 0xFF, 0xFF, 0xFF, 0xFF, 0xFF, 0xFF, 0xFF, 0xFF, 0xFF, 0xFF,
    0xFF, 0xFF, 0xFF, 0xFF, 0xFF, 0xFF, 0xFF, 0xFF, 0xFF, 0xFF, 0xFF, 0xFF,
    0xFF, 0xFF, 0xFF, 0xFF, 0xFF, 0xFF, 0xFF, 0xFF, 0xFF, 0xFF, 0xFF, 0xFF,
    0xFF, 0xFF, 0xFF, 0x6E, 0x22, 0xD1, 0xFF, 0xFF, 0xFF, 0xFF, 0xFF, 0xFF,
    0xFF, 0xFF, 0xFF, 0xFF, 0xFF, 0xFF, 0xFF, 0xFF, 0xFF, 0xFF, 0xFF, 0xFF,
    0xFF, 0xFF, 0xFF, 0xFF, 0xFF, 0xFF, 0xFF, 0xFF, 0xFF, 0xFF, 0xFF, 0xFF,
    0xFF, 0xFF, 0xFF, 0xFF, 0xFF, 0xFF, 0xD1, 0x22, 0x00, 0x00, 0xE7, 0xFB,
    0xFF, 0xFF, 0xFF, 0xFF, 0xFF, 0xFF, 0xFF, 0xFF, 0xFF, 0xFF, 0xFF, 0xFF,
    0xFF, 0xFF, 0xFF, 0xFF, 0xFF, 0xFF, 0xFF, 0xFF, 0xFF, 0xFF, 0xFF, 0xFF,
    0xFF, 0xFF, 0xFF, 0xFF, 0xFF, 0xFF, 0xFF, 0xFF, 0xFB, 0xE7, 0x00, 0x00,
    0x05, 0x1E, 0xFF, 0xFF, 0xFF, 0xFF, 0xFF, 0xFF, 0xFF, 0xFF, 0xFF, 0xFF,
    0xFF, 0xFF, 0xFF, 0xFF, 0xFF, 0xFF, 0xFF, 0xFF, 0xFF, 0xFF, 0xFF, 0xFF,
    0xFF, 0xFF, 0xFF, 0xFF, 0xFF, 0xFF, 0xFF, 0xFF, 0xFF, 0xFF, 0xFF, 0xFF,
    0xFF, 0xFF, 0x1E, 0x05, 0x00, 0x00, 0x6A, 0xFF, 0xFF, 0xFF, 0xFF, 0xFF,
    0xFF, 0xFF, 0xFF, 0xFF, 0xFF, 0xFF, 0xFF, 0xFF, 0xFF, 0xFF, 0xFF, 0xFF,
    0xFF, 0xFF, 0xFF, 0xFF, 0xFF, 0xFF, 0xFF, 0xFF, 0xFF, 0xFF, 0xFF, 0xFF,
    0xFF, 0xFF, 0xFF, 0xFF, 0xFF, 0x6A, 0x00, 0x00, 0x00, 0x00, 0x00, 0x8E,
    0xFF, 0xFE, 0xFF, 0xFF, 0xFF, 0xFF, 0xFF, 0xFF, 0xFF, 0xFF, 0xFF, 0xFF,
    0xFF, 0xFF, 0xFF, 0xFF, 0xFF, 0xFF, 0xFF, 0xFF, 0xFF, 0xFF, 0xFF, 0xFF,
    0xFF, 0xFF, 0xFF, 0xFF, 0xFF, 0xFF, 0xFE, 0xFF, 0x8E, 0x00, 0x00, 0x00,
    0x00, 0x00, 0x00, 0xF4, 0xFF, 0xFF, 0xFF, 0xFF, 0xFF, 0xFF, 0xFF, 0xFF,
    0xFF, 0xFF, 0xFF, 0xFF, 0xFF, 0xFF, 0xFF, 0xFF, 0xFF, 0xFF, 0xFF, 0xFF,
    0xFF, 0xFF, 0xFF, 0xFF, 0xFF, 0xFF, 0xFF, 0xFF, 0xFF, 0xFF, 0xFF, 0xFF,
    0xF4, 0x00, 0x00, 0x00, 0x00, 0x00, 0x00, 0x00, 0xFF, 0xFF, 0xFF, 0xFF,
    0xFF, 0xFF, 0xFF, 0xFF, 0xFF, 0xFF, 0xFF, 0xFF, 0xFF, 0xFF, 0xFF, 0xFF,
    0xFF, 0xFF, 0xFF, 0xFF, 0xFF, 0xFF, 0xFF, 0xFF, 0xFF, 0xFF, 0xFF, 0xFF,
    0xFF, 0xFF, 0xFF, 0xFF, 0x00, 0x00, 0x00, 0x00, 0x00, 0x00, 0x00, 0x00,
    0x00, 0xFF, 0xFF, 0xFF, 0xFF, 0xFF, 0xFF, 0xFF, 0xFF, 0xFF, 0xFF, 0xFF,
    0xFF, 0xFF, 0xFF, 0xFF, 0xFF, 0xFF, 0xFF, 0xFF, 0xFF, 0xFF, 0xFF, 0xFF,
    0xFF, 0xFF, 0xFF, 0xFF, 0xFF, 0xFF, 0xFF, 0x00, 0x00, 0x00, 0x00, 0x00,
    0x00, 0x00, 0x00, 0x00, 0x00, 0x00, 0xFF, 0xFF, 0xFF, 0xFE, 0xFF, 0xFF,
    0xFF, 0xFF, 0xFF, 0xFF, 0xFF, 0xFF, 0xFF, 0xFF, 0xFF, 0xFF, 0xFF, 0xFF,
    0xFF, 0xFF, 0xFF, 0xFF, 0xFF, 0xFF, 0xFE, 0xFF, 0xFF, 0xFF, 0x00, 0x00,
    0x00, 0x00, 0x00, 0x00, 0x00, 0x00, 0x00, 0x00, 0x00, 0x00, 0x00, 0xFF,
    0xFF, 0xFF, 0xFF, 0xFF, 0xFF, 0xFF, 0xFF, 0xFF, 0xFF, 0xFF, 0xFF, 0xFF,
    0xFF, 0xFF, 0xFF, 0xFF, 0xFF, 0xFF, 0xFF, 0xFF, 0xFF, 0xFF, 0xFF, 0xFF,
    0xFF, 0x00, 0x00, 0x00, 0x00, 0x00, 0x00, 0x00, 0x00, 0x00, 0x00, 0x00,
    0x00, 0x00, 0x00, 0x00, 0xF4, 0x8E, 0xFF, 0xFF, 0xFB, 0xFF, 0xFF, 0xFF,
    0xFF, 0xFF, 0xFF, 0xFF, 0xFF, 0xFF, 0xFF, 0xFF, 0xFF, 0xFF, 0xFF, 0xFB,
    0xFF, 0xFF, 0x8E, 0xF4, 0x00, 0x00, 0x00, 0x00, 0x00, 0x00, 0x00, 0x00,
    0x00, 0x00, 0x00, 0x00, 0x00, 0x00, 0x00, 0x00, 0x00, 0x00, 0x6A, 0xFF,
    0xE7, 0xFF, 0xFF, 0xFE, 0xFD, 0xFE, 0xFF, 0xFF, 0xFF, 0xFF, 0xFE, 0xFD,
    0xFE, 0xFF, 0xFF, 0xE7, 0xFF, 0x6A, 0x00, 0x00, 0x00, 0x00, 0x00, 0x00,
    0x00, 0x00, 0x00, 0x00, 0x00, 0x00, 0x00, 0x00, 0x00, 0x00, 0x00, 0x00,
    0x00, 0x00, 0x00, 0x1E, 0x00, 0xD1, 0xFF, 0xFF, 0xFF, 0xFF, 0xFF, 0xFE,
    0xFE, 0xFF, 0xFF, 0xFF, 0xFF, 0xFF, 0xD1, 0x00, 0x1E, 0x00, 0x00, 0x00,
    0x00, 0x00, 0x00, 0x00, 0x00, 0x00, 0x00, 0x00, 0x00, 0x00, 0x00, 0x00,
    0x00, 0x00, 0x00, 0x00, 0x00, 0x00, 0x00, 0x05, 0x00, 0x22, 0x6E, 0x67,
    0x70, 0x6A, 0x9F, 0xFF, 0xFF, 0x9F, 0x6A, 0x70, 0x67, 0x6E, 0x22, 0x00,
    0x05, 0x00, 0x00, 0x00, 0x00, 0x00, 0x00, 0x00, 0x00, 0x00, 0x00, 0x00,
  },
  { /* frame 4 */
    0x00, 0x00, 0x00, 0x00, 0x00, 0x00, 0x00, 0x00, 0x00, 0x00, 0x00, 0x00,
    0x00, 0x00, 0x00, 0x00, 0x00, 0x00, 0x00, 0x00, 0x00, 0x00, 0x00, 0x00,
    0x00, 0x00, 0x00, 0x00, 0x00, 0x00, 0x28, 0xD2, 0x08, 0xD2, 0x28, 0xD2,
    0x28, 0xD2, 0xAA, 0xFA, 0x49, 0xE2, 0x28, 0xD2, 0x28, 0xD2, 0x08, 0xD2,
    0x28, 0xD2, 0x08, 0xD2, 0x28, 0xCA, 0x00, 0x00, 0x00, 0xF8, 0x00, 0xF8,
    0x00, 0x00, 0x00, 0x00, 0x00, 0x00, 0x00, 0x00, 0x00, 0x00, 0x00, 0x00,
    0x00, 0x00, 0x00, 0x00, 0x00, 0x00, 0x00, 0x00, 0x00, 0x00, 0x00, 0x00,
    0x00, 0x00, 0x00, 0x00, 0x00, 0x00, 0x00, 0x00, 0x00, 0x00, 0x00, 0x00,
    0x00, 0x00, 0x00, 0x00, 0x00, 0x00, 0x00, 0x00, 0x49, 0xE2, 0x28, 0xD2,
    0x28, 0xD2, 0x69, 0xF2, 0x49, 0xEA, 0x49, 0xE2, 0x49, 0xE2, 0x28, 0xD2,
    0x28, 0xDA, 0x28, 0xD2, 0x49, 0xE2, 0x69, 0xEA, 0x69, 0xEA, 0xAA, 0xFA,
    0x28, 0xD2, 0xC7, 0xD1, 0x00, 0x00, 0x00, 0x00, 0x00, 0x00, 0x00, 0x00,
    0x00, 0x00, 0x00, 0x00, 0x00, 0x00, 0x00, 0x00, 0x00, 0x00, 0x00, 0x00,
    0x00, 0x00, 0x00, 0x00, 0x00, 0x00, 0x00, 0x00, 0x00, 0x00, 0x00, 0x00,
    0x00, 0x00, 0x00, 0x00, 0x00, 0x00, 0x00, 0x00, 0x00, 0x00, 0x00, 0x00,
    0x28, 0xD2, 0x28, 0xD2, 0x28, 0xD2, 0x28, 0xD2, 0x49, 0xE2, 0x28, 0xD2,
    0x28, 0xD2, 0x28, 0xD2, 0x28, 0xD2, 0x28, 0xD2, 0x28, 0xD2, 0x28, 0xD2,
    0x28, 0xD2, 0x28, 0xD2, 0x28, 0xD2, 0x28, 0xD2, 0x28, 0xDA, 0x8A, 0xFA,
    0x28, 0xD2, 0x28, 0xD2, 0x08, 0xD2, 0x00, 0x00, 0x00, 0x00, 0x00, 0x00,
    0x00, 0x00, 0x00, 0x00, 0x00, 0x00, 0x00, 0x00, 0x00, 0x00, 0x00, 0x00,
    0x00, 0x00, 0x00, 0x00, 0x00, 0x00, 0x00, 0x00, 0x00, 0x00, 0x00, 0x00,
    0x00, 0x00, 0x00, 0x00, 0x00, 0x00, 0x28, 0xD2, 0x28, 0xD2, 0x28, 0xD2,
    0x28, 0xD2, 0x28, 0xD2, 0x28, 0xD2, 0x28, 0xD2, 0x28, 0xD2, 0x28, 0xD2,
    0x28, 0xD2, 0x28, 0xD2, 0x28, 0xD2, 0x28, 0xD2, 0x28, 0xD2, 0x28, 0xD2,
    0x28, 0xD2, 0x28, 0xD2, 0x28, 0xD2, 0x28, 0xD2, 0x28, 0xDA, 0x28, 0xD2,
    0xAA, 0xFA, 0x28, 0xD2, 0x00, 0x00, 0x00, 0xF8, 0x00, 0x00, 0x00, 0x00,
    0x00, 0x00, 0x00, 0x00, 0x00, 0x00, 0x00, 0x00, 0x00, 0x00, 0x00, 0x00,
    0x00, 0x00, 0x00, 0x00, 0x00, 0x00, 0x00, 0x00, 0x00, 0x00, 0x69, 0xF2,
    0x28, 0xD2, 0x28, 0xD2, 0x28, 0xD2, 0x28, 0xD2, 0x28, 0xD2, 0x28, 0xD2,
    0x28, 0xD2, 0x28, 0xD2, 0x28, 0xD2, 0x28, 0xD2, 0x28, 0xD2, 0x28, 0xD2,
    0x28, 0xD2, 0x28, 0xD2, 0x28, 0xD2, 0x28, 0xD2, 0x28, 0xD2, 0x28, 0xD2,
    0x28, 0xD2, 0x28, 0xD2, 0x28, 0xD2, 0x28, 0xD2, 0x49, 0xE2, 0x28, 0xD2,
    0x08, 0xD2, 0xE7, 0xD1, 0x00, 0x00, 0x00, 0x00, 0x00, 0x00, 0x00, 0x00,
    0x00, 0x00, 0x00, 0x00, 0x00, 0x00, 0x00, 0x00, 0x00, 0x00, 0x00, 0x00,
    0x00, 0x00, 0x00, 0x00, 0x08, 0xD2, 0x28, 0xD2, 0x28, 0xD2, 0x28, 0xD2,
    0x28, 0xD2, 0x28, 0xD2, 0x28, 0xD2, 0x28, 0xD2, 0x28, 0xD2, 0x28, 0xD2,
    0x28, 0xD2, 0x28, 0xD2, 0x28, 0xD2, 0x28, 0xD2, 0x28, 0xD2, 0x28, 0xD2,
    0x28, 0xD2, 0x28, 0xD2, 0x28, 0xD2, 0x28, 0xD2, 0x28, 0xD2, 0x28, 0xD2,
    0x28, 0xD2, 0x28, 0xD2, 0x28, 0xD2, 0x49, 0xDA, 0xAA, 0xFA, 0x08, 0xD2,
    0x00, 0x00, 0x00, 0x00, 0x00, 0x00, 0x00, 0x00, 0x00, 0x00, 0x00, 0x00,
    0x00, 0x00, 0x00, 0x00, 0x00, 0x00, 0x00, 0xF8, 0xE7, 0xD1, 0x08, 0xD2,
    0x49, 0xE2, 0x49, 0xE2, 0x28, 0xD2, 0x28, 0xD2, 0x28, 0xD2, 0x28, 0xD2,
    0x28, 0xD2, 0x28, 0xD2, 0x28, 0xD2, 0x49, 0xE2, 0x28, 0xDA, 0x49, 0xEA,
    0x28, 0xD2, 0x28, 0xDA, 0x28, 0xD2, 0x69, 0xF2, 0x08, 0xCA, 0x69, 0xFA,
    0x28, 0xD2, 0x28, 0xD2, 0x28, 0xD2, 0x28, 0xD2, 0x28, 0xD2, 0x28, 0xD2,
    0x28, 0xD2, 0x28, 0xD2, 0x28, 0xD2, 0x49, 0xE2, 0x08, 0xD2, 0x00, 0x00,
    0x00, 0x00, 0x00, 0x00, 0x00, 0x00, 0x00, 0x00, 0x00, 0x00, 0x00, 0x00,
    0x00, 0x00, 0x00, 0x00, 0x08, 0xD2, 0xAA, 0xFA, 0x28, 0xD2, 0x28, 0xD2,
    0x28, 0xD2, 0x28, 0xD2, 0x28, 0xD2, 0x28, 0xD2, 0x28, 0xD2, 0x49, 0xEA,
    0x48, 0xE2, 0x65, 0x71, 0xC7, 0xA9, 0x86, 0x81, 0x45, 0x71, 0x69, 0xFA,
    0x28, 0xDA, 0x66, 0x79, 0x82, 0x10, 0x24, 0x59, 0xA6, 0x91, 0x69, 0xFA,
    0x28, 0xD2, 0x28, 0xD2, 0x28, 0xD2, 0x28, 0xD2, 0x28, 0xD2, 0x28, 0xD2,
    0x28, 0xD2, 0x49, 0xE2, 0x28, 0xD2, 0x69, 0xF2, 0x00, 0x00, 0x00, 0x00,
    0x00, 0x00, 0x00, 0x00, 0x00, 0x00, 0x00, 0x00, 0x00, 0x00, 0x28, 0xD2,
    0x28, 0xD2, 0x49, 0xDA, 0x28, 0xD2, 0x28, 0xD2, 0x28, 0xD2, 0x28, 0xD2,
    0x28, 0xD2, 0x48, 0xE2, 0x49, 0xEA, 0xA6, 0x99, 0xE4, 0x38, 0x41, 0x00,
    0x82, 0x10, 0x41, 0x00, 0x41, 0x00, 0xE7, 0xB9, 0x8A, 0xFA, 0xE4, 0x38,
    0x62, 0x00, 0x62, 0x00, 0xC3, 0x28, 0xA7, 0x99, 0x28, 0xDA, 0x08, 0xCA,
    0x49, 0xE2, 0x28, 0xD2, 0x28, 0xD2, 0x28, 0xD2, 0x28, 0xD2, 0x28, 0xD2,
    0x28, 0xD2, 0x28, 0xD2, 0x00, 0x00, 0x00, 0x00, 0x00, 0x00, 0x00, 0x00,
    0x00, 0x00, 0x00, 0x00, 0x08, 0xD2, 0xAA, 0xFA, 0x49, 0xE2, 0x28, 0xD2,
    0x28, 0xD2, 0x28, 0xD2, 0x28, 0xD2, 0x28, 0xD2, 0x49, 0xE2, 0xC7, 0xB1,
    0x24, 0x51, 0x62, 0x00, 0x62, 0x00, 0x82, 0x10, 0x82, 0x10, 0x82, 0x08,
    0xE4, 0x40, 0x8A, 0xFA, 0xE7, 0xB9, 0x41, 0x00, 0x82, 0x08, 0x82, 0x10,
    0x82, 0x00, 0x41, 0x00, 0x82, 0x10, 0xC3, 0x28, 0x49, 0xEA, 0x28, 0xD2,
    0x28, 0xD2, 0x28, 0xD2, 0x28, 0xD2, 0x28, 0xD2, 0x28, 0xD2, 0x28, 0xD2,
    0x28, 0xD2, 0x00, 0x00, 0x00, 0x00, 0x00, 0x00, 0x00, 0xF8, 0x00, 0x00,
    0x28, 0xD2, 0x28, 0xD2, 0x28, 0xD2, 0x28, 0xD2, 0x28, 0xD2, 0x28, 0xD2,
    0x28, 0xD2, 0x28, 0xD2, 0x49, 0xEA, 0xA3, 0x20, 0x42, 0x00, 0x82, 0x10,
    0x82, 0x10, 0x82, 0x10, 0x82, 0x10, 0x82, 0x08, 0x41, 0x00, 0xE7, 0xB1,
    0xAA, 0xFA, 0x45, 0x61, 0x62, 0x00, 0x82, 0x10, 0x82, 0x10, 0x82, 0x10,
    0x82, 0x10, 0x42, 0x00, 0xA6, 0x99, 0x49, 0xEA, 0x49, 0xE2, 0x28, 0xD2,
    0x28, 0xD2, 0x28, 0xD2, 0x28, 0xD2, 0x28, 0xD2, 0x28, 0xD2, 0x28, 0xD2,
    0x00, 0x00, 0x00, 0x00, 0x00, 0xF8, 0x00, 0x00, 0x28, 0xD2, 0x28, 0xDA,
    0x28, 0xD2, 0x28, 0xD2, 0x28, 0xD2, 0x28, 0xD2, 0x28, 0xD2, 0x28, 0xE2,
    0xA6, 0x91, 0xA3, 0x18, 0xA2, 0x10, 0x82, 0x10, 0x82, 0x10, 0x82, 0x10,
    0x82, 0x10, 0x82, 0x10, 0xC3, 0x28, 0x69, 0xF2, 0x86, 0x89, 0xC3, 0x20,
    0x82, 0x08, 0x82, 0x10, 0x82, 0x10, 0x82, 0x10, 0x82, 0x10, 0x82, 0x00,
    0xA3, 0x18, 0xA3, 0x20, 0xC7, 0xA9, 0x49, 0xE2, 0x28, 0xD2, 0x28, 0xD2,
    0x28, 0xD2, 0x28, 0xD2, 0x28, 0xD2, 0x28, 0xD2, 0x00, 0x00, 0x00, 0x00,
    0x00, 0x00, 0xC7, 0xD1, 0x8A, 0xFA, 0x28, 0xD2, 0x28, 0xD2, 0x28, 0xD2,
    0x28, 0xD2, 0x28, 0xD2, 0x28, 0xDA, 0xE7, 0xB9, 0x41, 0x00, 0x62, 0x00,
    0x82, 0x08, 0x82, 0x10, 0x82, 0x10, 0x82, 0x10, 0x82, 0x10, 0x82, 0x08,
    0x82, 0x08, 0xE4, 0x40, 0x42, 0x00, 0x82, 0x00, 0x82, 0x10, 0x82, 0x10,
    0x82, 0x10, 0x82, 0x10, 0x82, 0x10, 0x82, 0x10, 0x82, 0x08, 0x01, 0x00,
    0x65, 0x71, 0x28, 0xDA, 0x28, 0xD2, 0x28, 0xD2, 0x28, 0xD2, 0x28, 0xD2,
    0x28, 0xD2, 0x28, 0xD2, 0x49, 0xE2, 0x00, 0x00, 0x28, 0xCA, 0x28, 0xD2,
    0x28, 0xDA, 0x28, 0xD2, 0x28, 0xD2, 0x28, 0xD2, 0x28, 0xD2, 0x28, 0xD2,
    0x28, 0xD2, 0x69, 0xF2, 0x66, 0x79, 0x04, 0x51, 0x41, 0x00, 0x82, 0x10,
    0x82, 0x10, 0x82, 0x10, 0x82, 0x10, 0x82, 0x10, 0x82, 0x10, 0x82, 0x08,
    0x82, 0x10, 0x82, 0x10, 0x82, 0x10, 0x82, 0x10, 0x82, 0x10, 0x82, 0x10,
    0x82, 0x08, 0x42, 0x00, 0xC3, 0x28, 0x86, 0x89, 0x49, 0xEA, 0x28, 0xDA,
    0x28, 0xD2, 0x28, 0xD2, 0x28, 0xD2, 0x28, 0xD2, 0x28, 0xD2, 0x28, 0xD2,
    0x28, 0xD2, 0x00, 0x00, 0x08, 0xD2, 0xAA, 0xFA, 0x28, 0xD2, 0x28, 0xD2,
    0x28, 0xD2, 0x28, 0xD2, 0x28, 0xD2, 0x69, 0xF2, 0x28, 0xD2, 0x69, 0xFA,
    0x28, 0xD2, 0x89, 0xFA, 0xE4, 0x38, 0xE3, 0x30, 0x62, 0x00, 0x82, 0x10,
    0x82, 0x10, 0x82, 0x10, 0x82, 0x10, 0x82, 0x10, 0x82, 0x10, 0x82, 0x10,
    0x82, 0x10, 0x82, 0x10, 0x82, 0x10, 0x82, 0x10, 0x82, 0x08, 0x65, 0x71,
    0x28, 0xD2, 0x49, 0xEA, 0x28, 0xD2, 0x49, 0xEA, 0x28, 0xD2, 0x28, 0xD2,
    0x28, 0xD2, 0x28, 0xD2, 0x28, 0xD2, 0x49, 0xE2, 0x28, 0xD2, 0x00, 0x00,
    0x28, 0xD2, 0x69, 0xEA, 0x28, 0xD2, 0x28, 0xD2, 0x28, 0xD2, 0x28, 0xD2,
    0x28, 0xD2, 0xA6, 0x91, 0x82, 0x08, 0x04, 0x51, 0x86, 0x89, 0xAA, 0xFA,
    0x49, 0xEA, 0xA6, 0x99, 0x82, 0x10, 0x82, 0x10, 0x82, 0x10, 0x82, 0x08,
    0x62, 0x08, 0xC3, 0x10, 0x62, 0x08, 0x82, 0x08, 0x82, 0x10, 0x82, 0x10,
    0x82, 0x10, 0x82, 0x08, 0x04, 0x51, 0xAA, 0xFA, 0x28, 0xDA, 0x49, 0xE2,
    0x49, 0xEA, 0x65, 0x79, 0x86, 0x81, 0x49, 0xEA, 0x28, 0xD2, 0x28, 0xD2,
    0x28, 0xD2, 0x28, 0xD2, 0x69, 0xF2, 0x28, 0xD2, 0x08, 0xD2, 0x69, 0xEA,
    0x28, 0xD2, 0x28, 0xD2, 0x28, 0xD2, 0x28, 0xD2, 0x69, 0xFA, 0x24, 0x59,
    0x62, 0x00, 0x82, 0x08, 0x82, 0x08, 0xA6, 0x99, 0x04, 0x49, 0x41, 0x00,
    0x82, 0x08, 0x82, 0x10, 0x62, 0x08, 0xC3, 0x10, 0x25, 0x21, 0x87, 0x31,
    0x46, 0x29, 0x25, 0x21, 0xE4, 0x18, 0x62, 0x08, 0x82, 0x10, 0x82, 0x10,
    0x62, 0x00, 0xC7, 0xA9, 0x8A, 0xFA, 0xC7, 0xA9, 0x04, 0x49, 0x62, 0x00,
    0xA7, 0xA1, 0x28, 0xDA, 0x28, 0xD2, 0x28, 0xD2, 0x28, 0xD2, 0x28, 0xD2,
    0x49, 0xEA, 0x08, 0xD2, 0x28, 0xD2, 0x49, 0xE2, 0x28, 0xD2, 0x28, 0xD2,
    0x28, 0xD2, 0x28, 0xD2, 0x08, 0xCA, 0x82, 0x10, 0x62, 0x00, 0x82, 0x10,
    0x82, 0x00, 0x82, 0x08, 0x62, 0x00, 0x82, 0x10, 0x82, 0x10, 0x82, 0x10,
    0xE4, 0x18, 0x86, 0x29, 0x66, 0x29, 0x66, 0x29, 0x66, 0x29, 0x66, 0x29,
    0x86, 0x29, 0xC3, 0x10, 0x82, 0x08, 0x82, 0x10, 0x62, 0x00, 0xE4, 0x38,
    0x45, 0x69, 0x62, 0x00, 0x62, 0x00, 0x41, 0x00, 0x86, 0x91, 0x49, 0xF2,
    0x28, 0xD2, 0x28, 0xD2, 0x28, 0xD2, 0x28, 0xD2, 0x49, 0xE2, 0x28, 0xD2,
    0x28, 0xD2, 0x28, 0xD2, 0x28, 0xD2, 0x28, 0xD2, 0x28, 0xD2, 0x28, 0xD2,
    0x89, 0xFA, 0x86, 0x89, 0x62, 0x00, 0x82, 0x10, 0x82, 0x10, 0x82, 0x10,
    0x82, 0x10, 0x82, 0x10, 0x82, 0x10, 0x82, 0x08, 0x25, 0x21, 0x66, 0x29,
    0x66, 0x29, 0x66, 0x29, 0x66, 0x29, 0x66, 0x29, 0x66, 0x29, 0x25, 0x21,
    0x62, 0x08, 0x82, 0x10, 0x82, 0x10, 0x82, 0x08, 0x62, 0x00, 0x82, 0x10,
    0x82, 0x10, 0x82, 0x08, 0x82, 0x08, 0x08, 0xCA, 0x28, 0xDA, 0x28, 0xD2,
    0x28, 0xD2, 0x28, 0xD2, 0x49, 0xE2, 0x28, 0xD2, 0x49, 0xE2, 0x28, 0xDA,
    0x28, 0xD2, 0x28, 0xD2, 0x28, 0xD2, 0x28, 0xD2, 0x28, 0xE2, 0x04, 0x41,
    0x82, 0x00, 0x82, 0x10, 0x82, 0x10, 0x82, 0x10, 0x82, 0x10, 0x82, 0x10,
    0x82, 0x10, 0x62, 0x08, 0x46, 0x29, 0x66, 0x29, 0x66, 0x29, 0x66, 0x29,
    0x66, 0x29, 0x66, 0x29, 0x66, 0x29, 0x87, 0x31, 0xC3, 0x10, 0x82, 0x10,
    0x82, 0x10, 0x82, 0x10, 0x82, 0x10, 0x82, 0x10, 0x82, 0x10, 0x82, 0x10,
    0xA3, 0x18, 0x28, 0xDA, 0x08, 0xD2, 0x28, 0xD2, 0x28, 0xD2, 0x28, 0xD2,
    0x28, 0xD2, 0xAA, 0xFA, 0xAA, 0xFA, 0x28, 0xD2, 0x28, 0xD2, 0x28, 0xD2,
    0x28, 0xD2, 0x08, 0xD2, 0x28, 0xDA, 0xA3, 0x18, 0x82, 0x10, 0x82, 0x10,
    0x82, 0x10, 0x82, 0x10, 0x82, 0x10, 0x82, 0x10, 0x82, 0x10, 0xC3, 0x10,
    0x87, 0x31, 0x66, 0x29, 0x66, 0x29, 0x66, 0x29, 0x66, 0x29, 0x66, 0x29,
    0x66, 0x29, 0x46, 0x29, 0x62, 0x08, 0x82, 0x10, 0x82, 0x10, 0x82, 0x10,
    0x82, 0x10, 0x82, 0x10, 0x82, 0x10, 0x82, 0x00, 0x04, 0x41, 0x28, 0xE2,
    0x28, 0xD2, 0x28, 0xD2, 0x28, 0xD2, 0x28, 0xD2, 0x28, 0xDA, 0x49, 0xE2,
    0x28, 0xD2, 0x49, 0xE2, 0x28, 0xD2, 0x28, 0xD2, 0x28, 0xD2, 0x28, 0xDA,
    0x08, 0xCA, 0x82, 0x08, 0x82, 0x08, 0x82, 0x10, 0x82, 0x10, 0x82, 0x10,
    0x82, 0x10, 0x82, 0x10, 0x82, 0x10, 0x62, 0x08, 0x25, 0x21, 0x66, 0x29,
    0x66, 0x29, 0x66, 0x29, 0x66, 0x29, 0x66, 0x29, 0x66, 0x29, 0x25, 0x21,
    0x82, 0x08, 0x82, 0x10, 0x82, 0x10, 0x82, 0x10, 0x82, 0x10, 0x82, 0x10,
    0x82, 0x10, 0x62, 0x00, 0x86, 0x89, 0x89, 0xFA, 0x28, 0xD2, 0x28, 0xD2,
    0x28, 0xD2, 0x28, 0xD2, 0x28, 0xD2, 0x28, 0xD2, 0x28, 0xD2, 0x49, 0xE2,
    0x28, 0xD2, 0x28, 0xD2, 0x28, 0xD2, 0x28, 0xD2, 0x49, 0xF2, 0x86, 0x91,
    0x41, 0x00, 0x82, 0x10, 0x82, 0x10, 0x82, 0x08, 0x82, 0x10, 0x82, 0x10,
    0x82, 0x10, 0x82, 0x08, 0xC3, 0x10, 0x86, 0x29, 0x66, 0x29, 0x66, 0x29,
    0x66, 0x29, 0x66, 0x29, 0x86, 0x29, 0xE4, 0x18, 0x82, 0x10, 0x82, 0x10,
    0x82, 0x10, 0x62, 0x00, 0x82, 0x08, 0x82, 0x00, 0x82, 0x10, 0x62, 0x00,
    0x82, 0x10, 0x08, 0xCA, 0x28, 0xD2, 0x28, 0xD2, 0x28, 0xD2, 0x28, 0xD2,
    0x49, 0xE2, 0x28, 0xD2, 0x08, 0xD2, 0x49, 0xEA, 0x28, 0xD2, 0x28, 0xD2,
    0x28, 0xD2, 0x28, 0xD2, 0x28, 0xDA, 0xC7, 0xA9, 0x82, 0x10, 0x82, 0x08,
    0x42, 0x00, 0xC3, 0x30, 0x62, 0x00, 0x82, 0x10, 0x82, 0x10, 0x82, 0x10,
    0x62, 0x08, 0xE4, 0x18, 0x25, 0x21, 0x46, 0x29, 0x87, 0x31, 0x25, 0x21,
    0xC3, 0x10, 0x62, 0x08, 0x82, 0x10, 0x82, 0x08, 0x41, 0x00, 0x04, 0x49,
    0xA6, 0x99, 0x82, 0x08, 0x82, 0x08, 0x62, 0x00, 0x24, 0x59, 0x69, 0xFA,
    0x28, 0xD2, 0x28, 0xD2, 0x28, 0xD2, 0x28, 0xD2, 0x69, 0xEA, 0x08, 0xD2,
    0x28, 0xD2, 0x69, 0xF2, 0x28, 0xD2, 0x28, 0xD2, 0x28, 0xD2, 0x28, 0xD2,
    0x49, 0xE2, 0x65, 0x71, 0x00, 0x00, 0xC3, 0x28, 0x86, 0x91, 0x69, 0xFA,
    0x04, 0x41, 0x62, 0x00, 0x82, 0x10, 0x82, 0x10, 0x82, 0x10, 0x82, 0x10,
    0x82, 0x08, 0x62, 0x08, 0xC3, 0x10, 0x62, 0x08, 0x82, 0x08, 0x82, 0x10,
    0x82, 0x10, 0x82, 0x10, 0xA6, 0x99, 0x49, 0xEA, 0xAA, 0xFA, 0x86, 0x89,
    0x04, 0x51, 0x82, 0x08, 0xA6, 0x91, 0x28, 0xD2, 0x28, 0xD2, 0x28, 0xD2,
    0x28, 0xD2, 0x28, 0xD2, 0x69, 0xEA, 0x28, 0xD2, 0x00, 0x00, 0x28, 0xD2,
    0x49, 0xE2, 0x28, 0xD2, 0x28, 0xD2, 0x28, 0xD2, 0x28, 0xD2, 0x48, 0xE2,
    0x86, 0x89, 0x28, 0xDA, 0x49, 0xEA, 0x49, 0xEA, 0xE7, 0xB1, 0x62, 0x00,
    0x82, 0x10, 0x82, 0x10, 0x82, 0x10, 0x82, 0x10, 0x82, 0x10, 0x82, 0x10,
    0x82, 0x10, 0x82, 0x10, 0x82, 0x10, 0x82, 0x10, 0x82, 0x10, 0x62, 0x00,
    0xE3, 0x30, 0xE4, 0x38, 0x89, 0xFA, 0x28, 0xD2, 0x69, 0xFA, 0x28, 0xD2,
    0x69, 0xF2, 0x28, 0xD2, 0x28, 0xD2, 0x28, 0xD2, 0x28, 0xD2, 0x28, 0xD2,
    0xAA, 0xFA, 0x08, 0xD2, 0x00, 0x00, 0x28, 0xD2, 0x28, 0xD2, 0x28, 0xD2,
    0x28, 0xD2, 0x28, 0xD2, 0x28, 0xD2, 0x28, 0xDA, 0x28, 0xDA, 0x28, 0xDA,
    0x49, 0xE2, 0x49, 0xEA, 0xA6, 0x99, 0xA3, 0x18, 0x82, 0x10, 0x82, 0x10,
    0x82, 0x10, 0x82, 0x10, 0x82, 0x10, 0x82, 0x10, 0x82, 0x08, 0x82, 0x10,
    0x82, 0x10, 0x82, 0x10, 0x82, 0x10, 0x82, 0x10, 0x82, 0x10, 0x41, 0x00,
    0x04, 0x51, 0x66, 0x79, 0x69, 0xF2, 0x28, 0xD2, 0x28, 0xD2, 0x28, 0xD2,
    0x28, 0xD2, 0x28, 0xD2, 0x28, 0xD2, 0x28, 0xDA, 0x28, 0xD2, 0x28, 0xCA,
    0x00, 0x00, 0x49, 0xE2, 0x28, 0xD2, 0x28, 0xD2, 0x28, 0xD2, 0x28, 0xD2,
    0x28, 0xD2, 0x28, 0xD2, 0x28, 0xD2, 0x49, 0xEA, 0xA6, 0x99, 0x04, 0x41,
    0x42, 0x00, 0x82, 0x08, 0x82, 0x10, 0x82, 0x10, 0x82, 0x10, 0x82, 0x10,
    0x82, 0x00, 0x42, 0x00, 0xE4, 0x40, 0x82, 0x08, 0x82, 0x08, 0x82, 0x10,
    0x82, 0x10, 0x82, 0x10, 0x82, 0x10, 0x82, 0x08, 0x62, 0x00, 0x41, 0x00,
    0xE7, 0xB9, 0x28, 0xDA, 0x28, 0xD2, 0x28, 0xD2, 0x28, 0xD2, 0x28, 0xD2,
    0x28, 0xD2, 0x8A, 0xFA, 0xC7, 0xD1, 0x00, 0x00, 0x00, 0x00, 0x00, 0x00,
    0x28, 0xD2, 0x28, 0xD2, 0x28, 0xD2, 0x28, 0xD2, 0x28, 0xD2, 0x28, 0xD2,
    0x28, 0xD2, 0xE7, 0xB9, 0x82, 0x10, 0x82, 0x08, 0x82, 0x00, 0x82, 0x10,
    0x82, 0x10, 0x82, 0x10, 0x82, 0x10, 0x82, 0x08, 0xC3, 0x20, 0x86, 0x89,
    0x69, 0xF2, 0xC3, 0x28, 0x82, 0x10, 0x82, 0x10, 0x82, 0x10, 0x82, 0x10,
    0x82, 0x10, 0xA2, 0x10, 0xA3, 0x18, 0xA6, 0x91, 0x28, 0xE2, 0x28, 0xD2,
    0x28, 0xD2, 0x28, 0xD2, 0x28, 0xD2, 0x28, 0xD2, 0x28, 0xDA, 0x28, 0xD2,
    0x00, 0x00, 0x00, 0xF8, 0x00, 0x00, 0x00, 0x00, 0x28, 0xD2, 0x28, 0xD2,
    0x28, 0xD2, 0x28, 0xD2, 0x28, 0xD2, 0x28, 0xD2, 0x28, 0xD2, 0x49, 0xEA,
    0x49, 0xEA, 0xA6, 0x99, 0x42, 0x00, 0x82, 0x10, 0x82, 0x10, 0x82, 0x10,
    0x82, 0x10, 0x62, 0x00, 0x45, 0x61, 0xAA, 0xFA, 0xE7, 0xB1, 0x41, 0x00,
    0x82, 0x08, 0x82, 0x10, 0x82, 0x10, 0x82, 0x10, 0x82, 0x10, 0x42, 0x00,
    0xA3, 0x20, 0x49, 0xEA, 0x28, 0xD2, 0x28, 0xD2, 0x28, 0xD2, 0x28, 0xD2,
    0x28, 0xD2, 0x28, 0xD2, 0x28, 0xD2, 0x28, 0xD2, 0x00, 0x00, 0x00, 0xF8,
    0x00, 0x00, 0x00, 0x00, 0x00, 0x00, 0x28, 0xD2, 0x28, 0xD2, 0x28, 0xD2,
    0x28, 0xD2, 0x28, 0xD2, 0x28, 0xD2, 0x28, 0xD2, 0x28, 0xD2, 0x49, 0xEA,
    0xC3, 0x28, 0x82, 0x10, 0x41, 0x00, 0x82, 0x00, 0x82, 0x10, 0x82, 0x08,
    0x41, 0x00, 0xE7, 0xB9, 0x8A, 0xFA, 0xE4, 0x40, 0x82, 0x08, 0x82, 0x10,
    0x82, 0x10, 0x62, 0x00, 0x62, 0x00, 0x24, 0x51, 0xC7, 0xB1, 0x49, 0xE2,
    0x28, 0xD2, 0x28, 0xD2, 0x28, 0xD2, 0x28, 0xD2, 0x28, 0xD2, 0x49, 0xE2,
    0xAA, 0xFA, 0x08, 0xD2, 0x00, 0x00, 0x00, 0x00, 0x00, 0x00, 0x00, 0x00,
    0x00, 0x00, 0x00, 0x00, 0x28, 0xD2, 0x28, 0xD2, 0x28, 0xD2, 0x28, 0xD2,
    0x28, 0xD2, 0x28, 0xD2, 0x28, 0xD2, 0x49, 0xE2, 0x08, 0xCA, 0x28, 0xDA,
    0xA7, 0x99, 0xC3, 0x28, 0x62, 0x00, 0x62, 0x00, 0xE4, 0x38, 0x8A, 0xFA,
    0xE7, 0xB9, 0x41, 0x00, 0x41, 0x00, 0x82, 0x10, 0x41, 0x00, 0xE4, 0x38,
    0xA6, 0x99, 0x49, 0xEA, 0x48, 0xE2, 0x28, 0xD2, 0x28, 0xD2, 0x28, 0xD2,
    0x28, 0xD2, 0x28, 0xD2, 0x49, 0xDA, 0x28, 0xD2, 0x28, 0xD2, 0x00, 0x00,
    0x00, 0x00, 0x00, 0x00, 0x00, 0x00, 0x00, 0x00, 0x00, 0x00, 0x00, 0x00,
    0x69, 0xF2, 0x28, 0xD2, 0x49, 0xE2, 0x28, 0xD2, 0x28, 0xD2, 0x28, 0xD2,
    0x28, 0xD2, 0x28, 0xD2, 0x28, 0xD2, 0x28, 0xD2, 0x69, 0xFA, 0xA6, 0x91,
    0x24, 0x59, 0x82, 0x10, 0x66, 0x79, 0x28, 0xDA, 0x69, 0xFA, 0x45, 0x71,
    0x86, 0x81, 0xC7, 0xA9, 0x65, 0x71, 0x48, 0xE2, 0x49, 0xEA, 0x28, 0xD2,
    0x28, 0xD2, 0x28, 0xD2, 0x28, 0xD2, 0x28, 0xD2, 0x28, 0xD2, 0x28, 0xD2,
    0xAA, 0xFA, 0x08, 0xD2, 0x00, 0x00, 0x00, 0x00, 0x00, 0x00, 0x00, 0x00,
    0x00, 0x00, 0x00, 0x00, 0x00, 0x00, 0x00, 0x00, 0x00, 0x00, 0x08, 0xD2,
    0x49, 0xE2, 0x28, 0xD2, 0x28, 0xD2, 0x28, 0xD2, 0x28, 0xD2, 0x28, 0xD2,
    0x28, 0xD2, 0x28, 0xD2, 0x28, 0xD2, 0x28, 0xD2, 0x69, 0xFA, 0x08, 0xCA,
    0x69, 0xF2, 0x28, 0xD2, 0x28, 0xDA, 0x28, 0xD2, 0x49, 0xEA, 0x28, 0xDA,
    0x49, 0xE2, 0x28, 0xD2, 0x28, 0xD2, 0x28, 0xD2, 0x28, 0xD2, 0x28, 0xD2,
    0x28, 0xD2, 0x28, 0xD2, 0x49, 0xE2, 0x49, 0xE2, 0x08, 0xD2, 0xE7, 0xD1,
    0x00, 0xF8, 0x00, 0x00, 0x00, 0x00, 0x00, 0x00, 0x00, 0x00, 0x00, 0x00,
    0x00, 0x00, 0x00, 0x00, 0x00, 0x00, 0x00, 0x00, 0x08, 0xD2, 0xAA, 0xFA,
    0x49, 0xDA, 0x28, 0xD2, 0x28, 0xD2, 0x28, 0xD2, 0x28, 0xD2, 0x28, 0xD2,
    0x28, 0xD2, 0x28, 0xD2, 0x28, 0xD2, 0x28, 0xD2, 0x28, 0xD2, 0x28, 0xD2,
    0x28, 0xD2, 0x28, 0xD2, 0x28, 0xD2, 0x28, 0xD2, 0x28, 0xD2, 0x28, 0xD2,
    0x28, 0xD2, 0x28, 0xD2, 0x28, 0xD2, 0x28, 0xD2, 0x28, 0xD2, 0x28, 0xD2,
    0x28, 0xD2, 0x08, 0xD2, 0x00, 0x00, 0x00, 0x00, 0x00, 0x00, 0x00, 0x00,
    0x00, 0x00, 0x00, 0x00, 0x00, 0x00, 0x00, 0x00, 0x00, 0x00, 0x00, 0x00,
    0x00, 0x00, 0x00, 0x00, 0xE7, 0xD1, 0x08, 0xD2, 0x28, 0xD2, 0x49, 0xE2,
    0x28, 0xD2, 0x28, 0xD2, 0x28, 0xD2, 0x28, 0xD2, 0x28, 0xD2, 0x28, 0xD2,
    0x28, 0xD2, 0x28, 0xD2, 0x28, 0xD2, 0x28, 0xD2, 0x28, 0xD2, 0x28, 0xD2,
    0x28, 0xD2, 0x28, 0xD2, 0x28, 0xD2, 0x28, 0xD2, 0x28, 0xD2, 0x28, 0xD2,
    0x28, 0xD2, 0x28, 0xD2, 0x28, 0xD2, 0x28, 0xD2, 0x69, 0xF2, 0x00, 0x00,
    0x00, 0x00, 0x00, 0x00, 0x00, 0x00, 0x00, 0x00, 0x00, 0x00, 0x00, 0x00,
    0x00, 0x00, 0x00, 0x00, 0x00, 0x00, 0x00, 0x00, 0x00, 0x00, 0x00, 0x00,
    0x00, 0xF8, 0x00, 0x00, 0x28, 0xD2, 0xAA, 0xFA, 0x28, 0xD2, 0x28, 0xDA,
    0x28, 0xD2, 0x28, 0xD2, 0x28, 0xD2, 0x28, 0xD2, 0x28, 0xD2, 0x28, 0xD2,
    0x28, 0xD2, 0x28, 0xD2, 0x28, 0xD2, 0x28, 0xD2, 0x28, 0xD2, 0x28, 0xD2,
    0x28, 0xD2, 0x28, 0xD2, 0x28, 0xD2, 0x28, 0xD2, 0x28, 0xD2, 0x28, 0xD2,
    0x28, 0xD2, 0x00, 0x00, 0x00, 0x00, 0x00, 0x00, 0x00, 0x00, 0x00, 0x00,
    0x00, 0x00, 0x00, 0x00, 0x00, 0x00, 0x00, 0x00, 0x00, 0x00, 0x00, 0x00,
    0x00, 0x00, 0x00, 0x00, 0x00, 0x00, 0x00, 0x00, 0x00, 0x00, 0x00, 0x00,
    0x00, 0x00, 0x08, 0xD2, 0x28, 0xD2, 0x28, 0xD2, 0x8A, 0xFA, 0x28, 0xDA,
    0x28, 0xD2, 0x28, 0xD2, 0x28, 0xD2, 0x28, 0xD2, 0x28, 0xD2, 0x28, 0xD2,
    0x28, 0xD2, 0x28, 0xD2, 0x28, 0xD2, 0x28, 0xD2, 0x28, 0xD2, 0x49, 0xE2,
    0x28, 0xD2, 0x28, 0xD2, 0x28, 0xD2, 0x28, 0xD2, 0x00, 0x00, 0x00, 0x00,
    0x00, 0x00, 0x00, 0x00, 0x00, 0x00, 0x00, 0x00, 0x00, 0x00, 0x00, 0x00,
    0x00, 0x00, 0x00, 0x00, 0x00, 0x00, 0x00, 0x00, 0x00, 0x00, 0x00, 0x00,
    0x00, 0x00, 0x00, 0x00, 0x00, 0x00, 0x00, 0x00, 0x00, 0x00, 0x00, 0x00,
    0x00, 0x00, 0x00, 0x00, 0xC7, 0xD1, 0x28, 0xD2, 0xAA, 0xFA, 0x69, 0xEA,
    0x69, 0xEA, 0x49, 0xE2, 0x28, 0xD2, 0x28, 0xDA, 0x28, 0xD2, 0x49, 0xE2,
    0x49, 0xE2, 0x49, 0xEA, 0x69, 0xF2, 0x28, 0xD2, 0x28, 0xD2, 0x49, 0xE2,
    0x00, 0x00, 0x00, 0x00, 0x00, 0x00, 0x00, 0x00, 0x00, 0x00, 0x00, 0x00,
    0x00, 0x00, 0x00, 0x00, 0x00, 0x00, 0x00, 0x00, 0x00, 0x00, 0x00, 0x00,
    0x00, 0x00, 0x00, 0x00, 0x00, 0x00, 0x00, 0x00, 0x00, 0x00, 0x00, 0x00,
    0x00, 0x00, 0x00, 0x00, 0x00, 0x00, 0x00, 0x00, 0x00, 0xF8, 0x00, 0xF8,
    0x00, 0x00, 0x28, 0xCA, 0x08, 0xD2, 0x28, 0xD2, 0x08, 0xD2, 0x28, 0xD2,
    0x28, 0xD2, 0x49, 0xE2, 0xAA, 0xFA, 0x28, 0xD2, 0x28, 0xD2, 0x08, 0xD2,
    0x28, 0xD2, 0x00, 0x00, 0x00, 0x00, 0x00, 0x00, 0x00, 0x00, 0x00, 0x00,
    0x00, 0x00, 0x00, 0x00, 0x00, 0x00, 0x00, 0x00, 0x00, 0x00, 0x00, 0x00,
    0x00, 0x00, 0x00, 0x00, 0x00, 0x00, 0x00, 0x00, 0x00, 0x00, 0x00, 0x00,
    0x00, 0x00, 0x00, 0x00, 0x00, 0x00, 0x00, 0x00, 0x00, 0x00, 0x00, 0x65,
    0xA6, 0x4E, 0xDB, 0xFF, 0xFF, 0xCA, 0x70, 0x45, 0xB7, 0x58, 0x1A, 0x00,
    0x02, 0x02, 0x00, 0x00, 0x00, 0x00, 0x00, 0x00, 0x00, 0x00, 0x00, 0x00,
    0x00, 0x00, 0x00, 0x00, 0x00, 0x00, 0x00, 0x00, 0x00, 0x00, 0x00, 0x00,
    0xFF, 0xE7, 0xBA, 0xFF, 0xFF, 0xFF, 0xFF, 0xFC, 0xFF, 0xFF, 0xFF, 0xFF,
    0xFF, 0xFF, 0x97, 0x0D, 0x00, 0x00, 0x00, 0x00, 0x00, 0x00, 0x00, 0x00,
    0x00, 0x00, 0x00, 0x00, 0x00, 0x00, 0x00, 0x00, 0x00, 0x00, 0x00, 0x00,
    0x00, 0x00, 0xFF, 0xFF, 0xFF, 0xFC, 0xFF, 0xFF, 0xFE, 0xFF, 0xFF, 0xFF,
    0xFF, 0xFF, 0xFC, 0xFF, 0xFE, 0xFF, 0xFF, 0xFF, 0xE7, 0xA0, 0x50, 0x00,
    0x00, 0x00, 0x00, 0x00, 0x00, 0x00, 0x00, 0x00, 0x00, 0x00, 0x00, 0x00,
    0x00, 0x00, 0x00, 0x00, 0x00, 0xFF, 0xFF, 0xFF, 0xFF, 0xFE, 0xFF, 0xFF,
    0xFF, 0xFF, 0xFF, 0xFF, 0xFF, 0xFF, 0xFF, 0xFF, 0xFF, 0xFF, 0xFB, 0xFF,
    0xFF, 0xFF, 0xFF, 0x4A, 0x00, 0x01, 0x00, 0x00, 0x00, 0x00, 0x00, 0x00,
    0x00, 0x00, 0x00, 0x00, 0x00, 0x00, 0x00, 0xFF, 0xFF, 0xFF, 0xFF, 0xFF,
    0xFF, 0xFF, 0xFF, 0xFF, 0xFF, 0xFF, 0xFF, 0xFF, 0xFF, 0xFF, 0xFF, 0xFF,
    0xFF, 0xFF, 0xFF, 0xFF, 0xFF, 0xFE, 0xFF, 0xC2, 0x41, 0x0C, 0x00, 0x00,
    0x00, 0x00, 0x00, 0x00, 0x00, 0x00, 0x00, 0x00, 0x00, 0x00, 0x3D, 0xF9,
    0xFD, 0xFF, 0xFF, 0xFF, 0xFF, 0xFF, 0xFF, 0xFF, 0xFF, 0xFF, 0xFF, 0xFF,
    0xFF, 0xFF, 0xFF, 0xFF, 0xFF, 0xFF, 0xFF, 0xFF, 0xFF, 0xFF, 0xFF, 0xFF,
    0xFF, 0x9A, 0x00, 0x00, 0x00, 0x00, 0x00, 0x00, 0x00, 0x00, 0x00, 0x01,
    0x0C, 0x9A, 0xFF, 0xFF, 0xFF, 0xFF, 0xFF, 0xFF, 0xFF, 0xFF, 0xFF, 0xFF,
    0xFF, 0xFF, 0xFF, 0xFF, 0xFF, 0xFF, 0xFF, 0xFF, 0xFF, 0xFF, 0xFF, 0xFF,
    0xFF, 0xFF, 0xFF, 0xFE, 0xFF, 0xFF, 0x3D, 0x00, 0x00, 0x00, 0x00, 0x00,
    0x00, 0x00, 0x00, 0x00, 0x41, 0xFF, 0xFF, 0xFF, 0xFF, 0xFF, 0xFF, 0xFF,
    0xFF, 0xFF, 0xFF, 0xFF, 0xFF, 0xFF, 0xFF, 0xFF, 0xFF, 0xFF, 0xFF, 0xFF,
    0xFF, 0xFF, 0xFF, 0xFF, 0xFF, 0xFF, 0xFF, 0xFF, 0xFF, 0xFF, 0xF9, 0xFF,
    0x00, 0x00, 0x00, 0x00, 0x00, 0x00, 0x00, 0x4A, 0xC2, 0xFF, 0xFE, 0xFF,
    0xFF, 0xFF, 0xFF, 0xFF, 0xFF, 0xFF, 0xFF, 0xFF, 0xFF, 0xFF, 0xFF, 0xFF,
    0xFF, 0xFF, 0xFF, 0xFF, 0xFF, 0xFF, 0xFF, 0xFF, 0xFF, 0xFF, 0xFF, 0xFF,
    0xFF, 0xFF, 0xFD, 0xFF, 0x00, 0x00, 0x00, 0x00, 0x00, 0x00, 0x50, 0xFF,
    0xFF, 0xFF, 0xFF, 0xFF, 0xFF, 0xFF, 0xFF, 0xFF, 0xFF, 0xFF, 0xFF, 0xFF,
    0xFF, 0xFF, 0xFF, 0xFF, 0xFF, 0xFF, 0xFF, 0xFF, 0xFF, 0xFF, 0xFF, 0xFF,
    0xFF, 0xFF, 0xFF, 0xFF, 0xFF, 0xFF, 0xFF, 0xFF, 0xFF, 0x00, 0x00, 0x00,
    0x02, 0x00, 0xA0, 0xFF, 0xFE, 0xFF, 0xFF, 0xFF, 0xFF, 0xFF, 0xFF, 0xFF,
    0xFF, 0xFF, 0xFF, 0xFF, 0xFF, 0xFF, 0xFF, 0xFF, 0xFF, 0xFF, 0xFF, 0xFF,
    0xFF, 0xFF, 0xFF, 0xFF, 0xFF, 0xFF, 0xFF, 0xFF, 0xFF, 0xFF, 0xFF, 0xFF,
    0xFF, 0xFF, 0x00, 0x00, 0x02, 0x00, 0xE7, 0xFF, 0xFF, 0xFF, 0xFF, 0xFF,
    0xFF, 0xFF, 0xFF, 0xFF, 0xFF, 0xFF, 0xFF, 0xFF, 0xFF, 0xFF, 0xFF, 0xFF,
    0xFF, 0xFF, 0xFF, 0xFF, 0xFF, 0xFF, 0xFF, 0xFF, 0xFF, 0xFF, 0xFF, 0xFF,
    0xFF, 0xFF, 0xFF, 0xFF, 0xFF, 0xFF, 0x00, 0x00, 0x00, 0x0D, 0xFF, 0xFF,
    0xFF, 0xFF, 0xFF, 0xFF, 0xFF, 0xFF, 0xFF, 0xFF, 0xFF, 0xFF, 0xFF, 0xFF,
    0xFF, 0xFF, 0xFF, 0xFF, 0xFF, 0xFF, 0xFF, 0xFF, 0xFF, 0xFF, 0xFF, 0xFF,
    0xFF, 0xFF, 0xFF, 0xFF, 0xFF, 0xFF, 0xFF, 0xFF, 0xFF, 0xFF, 0xFF, 0x00,
    0x1A, 0x97, 0xFF, 0xFB, 0xFF, 0xFF, 0xFF, 0xFF, 0xFF, 0xFF, 0xFF, 0xFF,
    0xFF, 0xFF, 0xFF, 0xFF, 0xFF, 0xFF, 0xFF, 0xFF, 0xFF, 0xFF, 0xFF, 0xFF,
    0xFF, 0xFF, 0xFF, 0xFF, 0xFF, 0xFF, 0xFF, 0xFF, 0xFF, 0xFF, 0xFF, 0xFF,
    0xFE, 0xFC, 0xE7, 0x00, 0x58, 0xFF, 0xFF, 0xFF, 0xFF, 0xFF, 0xFF, 0xFF,
    0xFF, 0xFF, 0xFF, 0xFF, 0xFF, 0xFF, 0xFF, 0xFF, 0xFF, 0xFF, 0xFF, 0xFF,
    0xFF, 0xFF, 0xFF, 0xFF, 0xFF, 0xFF, 0xFF, 0xFF, 0xFF, 0xFF, 0xFF, 0xFF,
    0xFF, 0xFF, 0xFF, 0xFF, 0xFF, 0xFF, 0xBA, 0x00, 0xB7, 0xFF, 0xFE, 0xFF,
    0xFF, 0xFF, 0xFF, 0xFF, 0xFF, 0xFF, 0xFF, 0xFF, 0xFF, 0xFF, 0xFF, 0xFF,
    0xFF, 0xFF, 0xFF, 0xFF, 0xFF, 0xFF, 0xFF, 0xFF, 0xFF, 0xFF, 0xFF, 0xFF,
    0xFF, 0xFF, 0xFF, 0xFF, 0xFF, 0xFF, 0xFF, 0xFF, 0xFF, 0xFF, 0xFF, 0x65,
    0x45, 0xFF, 0xFF, 0xFF, 0xFF, 0xFF, 0xFF, 0xFF, 0xFF, 0xFF, 0xFF, 0xFF,
    0xFF, 0xFF, 0xFF, 0xFF, 0xFF, 0xFF, 0xFF, 0xFF, 0xFF, 0xFF, 0xFF, 0xFF,
    0xFF, 0xFF, 0xFF, 0xFF, 0xFF, 0xFF, 0xFF, 0xFF, 0xFF, 0xFF, 0xFF, 0xFF,
    0xFF, 0xFE, 0xFF, 0xA6, 0x70, 0xFF, 0xFC, 0xFF, 0xFF, 0xFF, 0xFF, 0xFF,
    0xFF, 0xFF, 0xFF, 0xFF, 0xFF, 0xFF, 0xFF, 0xFF, 0xFF, 0xFF, 0xFF, 0xFF,
    0xFF, 0xFF, 0xFF, 0xFF, 0xFF, 0xFF, 0xFF, 0xFF, 0xFF, 0xFF, 0xFF, 0xFF,
    0xFF, 0xFF, 0xFF, 0xFF, 0xFF, 0xFF, 0xFF, 0x4E, 0xCA, 0xFF, 0xFF, 0xFF,
    0xFF, 0xFF, 0xFF, 0xFF, 0xFF, 0xFF, 0xFF, 0xFF, 0xFF, 0xFF, 0xFF, 0xFF,
    0xFF, 0xFF, 0xFF, 0xFF, 0xFF, 0xFF, 0xFF, 0xFF, 0xFF, 0xFF, 0xFF, 0xFF,
    0xFF, 0xFF, 0xFF, 0xFF, 0xFF, 0xFF, 0xFF, 0xFF, 0xFF, 0xFF, 0xFF, 0xDB,
    0xFF, 0xFF, 0xFF, 0xFF, 0xFF, 0xFF, 0xFF, 0xFF, 0xFF, 0xFF, 0xFF, 0xFF,
    0xFF, 0xFF, 0xFF, 0xFF, 0xFF, 0xFF, 0xFF, 0xFF, 0xFF, 0xFF, 0xFF, 0xFF,
    0xFF, 0xFF, 0xFF, 0xFF, 0xFF, 0xFF, 0xFF, 0xFF, 0xFF, 0xFF, 0xFF, 0xFF,
    0xFF, 0xFF, 0xFC, 0xFF, 0xFF, 0xFC, 0xFF, 0xFF, 0xFF, 0xFF, 0xFF, 0xFF,
    0xFF, 0xFF, 0xFF, 0xFF, 0xFF, 0xFF, 0xFF, 0xFF, 0xFF, 0xFF, 0xFF, 0xFF,
    0xFF, 0xFF, 0xFF, 0xFF, 0xFF, 0xFF, 0xFF, 0xFF, 0xFF, 0xFF, 0xFF, 0xFF,
    0xFF, 0xFF, 0xFF, 0xFF, 0xFF, 0xFF, 0xFF, 0xFF, 0xDB, 0xFF, 0xFF, 0xFF,
    0xFF, 0xFF, 0xFF, 0xFF, 0xFF, 0xFF, 0xFF, 0xFF, 0xFF, 0xFF, 0xFF, 0xFF,
    0xFF, 0xFF, 0xFF, 0xFF, 0xFF, 0xFF, 0xFF, 0xFF, 0xFF, 0xFF, 0xFF, 0xFF,
    0xFF, 0xFF, 0xFF, 0xFF, 0xFF, 0xFF, 0xFF, 0xFF, 0xFF, 0xFF, 0xFF, 0xCA,
    0x4E, 0xFF, 0xFF, 0xFF, 0xFF, 0xFF, 0xFF, 0xFF, 0xFF, 0xFF, 0xFF, 0xFF,
    0xFF, 0xFF, 0xFF, 0xFF, 0xFF, 0xFF, 0xFF, 0xFF, 0xFF, 0xFF, 0xFF, 0xFF,
    0xFF, 0xFF, 0xFF, 0xFF, 0xFF, 0xFF, 0xFF, 0xFF, 0xFF, 0xFF, 0xFF, 0xFF,
    0xFF, 0xFC, 0xFF, 0x70, 0xA6, 0xFF, 0xFE, 0xFF, 0xFF, 0xFF, 0xFF, 0xFF,
    0xFF, 0xFF, 0xFF, 0xFF, 0xFF, 0xFF, 0xFF, 0xFF, 0xFF, 0xFF, 0xFF, 0xFF,
    0xFF, 0xFF, 0xFF, 0xFF, 0xFF, 0xFF, 0xFF, 0xFF, 0xFF, 0xFF, 0xFF, 0xFF,
    0xFF, 0xFF, 0xFF, 0xFF, 0xFF, 0xFF, 0xFF, 0x45, 0x65, 0xFF, 0xFF, 0xFF,
    0xFF, 0xFF, 0xFF, 0xFF, 0xFF, 0xFF, 0xFF, 0xFF, 0xFF, 0xFF, 0xFF, 0xFF,
    0xFF, 0xFF, 0xFF, 0xFF, 0xFF, 0xFF, 0xFF, 0xFF, 0xFF, 0xFF, 0xFF, 0xFF,
    0xFF, 0xFF, 0xFF, 0xFF, 0xFF, 0xFF, 0xFF, 0xFF, 0xFF, 0xFE, 0xFF, 0xB7,
    0x00, 0xBA, 0xFF, 0xFF, 0xFF, 0xFF, 0xFF, 0xFF, 0xFF, 0xFF, 0xFF, 0xFF,
    0xFF, 0xFF, 0xFF, 0xFF, 0xFF, 0xFF, 0xFF, 0xFF, 0xFF, 0xFF, 0xFF, 0xFF,
    0xFF, 0xFF, 0xFF, 0xFF, 0xFF, 0xFF, 0xFF, 0xFF, 0xFF, 0xFF, 0xFF, 0xFF,
    0xFF, 0xFF, 0xFF, 0x58, 0x00, 0xE7, 0xFC, 0xFE, 0xFF, 0xFF, 0xFF, 0xFF,
    0xFF, 0xFF, 0xFF, 0xFF, 0xFF, 0xFF, 0xFF, 0xFF, 0xFF, 0xFF, 0xFF, 0xFF,
    0xFF, 0xFF, 0xFF, 0xFF, 0xFF, 0xFF, 0xFF, 0xFF, 0xFF, 0xFF, 0xFF, 0xFF,
    0xFF, 0xFF, 0xFF, 0xFF, 0xFB, 0xFF, 0x97, 0x1A, 0x00, 0xFF, 0xFF, 0xFF,
    0xFF, 0xFF, 0xFF, 0xFF, 0xFF, 0xFF, 0xFF, 0xFF, 0xFF, 0xFF, 0xFF, 0xFF,
    0xFF, 0xFF, 0xFF, 0xFF, 0xFF, 0xFF, 0xFF, 0xFF, 0xFF, 0xFF, 0xFF, 0xFF,
    0xFF, 0xFF, 0xFF, 0xFF, 0xFF, 0xFF, 0xFF, 0xFF, 0xFF, 0xFF, 0x0D, 0x00,
    0x00, 0x00, 0xFF, 0xFF, 0xFF, 0xFF, 0xFF, 0xFF, 0xFF, 0xFF, 0xFF, 0xFF,
    0xFF, 0xFF, 0xFF, 0xFF, 0xFF, 0xFF, 0xFF, 0xFF, 0xFF, 0xFF, 0xFF, 0xFF,
    0xFF, 0xFF, 0xFF, 0xFF, 0xFF, 0xFF, 0xFF, 0xFF, 0xFF, 0xFF, 0xFF, 0xFF,
    0xFF, 0xE7, 0x00, 0x02, 0x00, 0x00, 0xFF, 0xFF, 0xFF, 0xFF, 0xFF, 0xFF,
    0xFF, 0xFF, 0xFF, 0xFF, 0xFF, 0xFF, 0xFF, 0xFF, 0xFF, 0xFF, 0xFF, 0xFF,
    0xFF, 0xFF, 0xFF, 0xFF, 0xFF, 0xFF, 0xFF, 0xFF, 0xFF, 0xFF, 0xFF, 0xFF,
    0xFF, 0xFF, 0xFF, 0xFE, 0xFF, 0xA0, 0x00, 0x02, 0x00, 0x00, 0x00, 0xFF,
    0xFF, 0xFF, 0xFF, 0xFF, 0xFF, 0xFF, 0xFF, 0xFF, 0xFF, 0xFF, 0xFF, 0xFF,
    0xFF, 0xFF, 0xFF, 0xFF, 0xFF, 0xFF, 0xFF, 0xFF, 0xFF, 0xFF, 0xFF, 0xFF,
    0xFF, 0xFF, 0xFF, 0xFF, 0xFF, 0xFF, 0xFF, 0xFF, 0xFF, 0x50, 0x00, 0x00,
    0x00, 0x00, 0x00, 0x00, 0xFF, 0xFD, 0xFF, 0xFF, 0xFF, 0xFF, 0xFF, 0xFF,
    0xFF, 0xFF, 0xFF, 0xFF, 0xFF, 0xFF, 0xFF, 0xFF, 0xFF, 0xFF, 0xFF, 0xFF,
    0xFF, 0xFF, 0xFF, 0xFF, 0xFF, 0xFF, 0xFF, 0xFF, 0xFF, 0xFE, 0xFF, 0xC2,
    0x4A, 0x00, 0x00, 0x00, 0x00, 0x00, 0x00, 0x00, 0xFF, 0xF9, 0xFF, 0xFF,
    0xFF, 0xFF, 0xFF, 0xFF, 0xFF, 0xFF, 0xFF, 0xFF, 0xFF, 0xFF, 0xFF, 0xFF,
    0xFF, 0xFF, 0xFF, 0xFF, 0xFF, 0xFF, 0xFF, 0xFF, 0xFF, 0xFF, 0xFF, 0xFF,
    0xFF, 0xFF, 0xFF, 0x41, 0x00, 0x00, 0x00, 0x00, 0x00, 0x00, 0x00, 0x00,
    0x00, 0x3D, 0xFF, 0xFF, 0xFE, 0xFF, 0xFF, 0xFF, 0xFF, 0xFF, 0xFF, 0xFF,
    0xFF, 0xFF, 0xFF, 0xFF, 0xFF, 0xFF, 0xFF, 0xFF, 0xFF, 0xFF, 0xFF, 0xFF,
    0xFF, 0xFF, 0xFF, 0xFF, 0xFF, 0xFF, 0x9A, 0x0C, 0x01, 0x00, 0x00, 0x00,
    0x00, 0x00, 0x00, 0x00, 0x00, 0x00, 0x9A, 0xFF, 0xFF, 0xFF, 0xFF, 0xFF,
    0xFF, 0xFF, 0xFF, 0xFF, 0xFF, 0xFF, 0xFF, 0xFF, 0xFF, 0xFF, 0xFF, 0xFF,
    0xFF, 0xFF, 0xFF, 0xFF, 0xFF, 0xFF, 0xFF, 0xFD, 0xF9, 0x3D, 0x00, 0x00,
    0x00, 0x00, 0x00, 0x00, 0x00, 0x00, 0x00, 0x00, 0x00, 0x00, 0x0C, 0x41,
    0xC2, 0xFF, 0xFE, 0xFF, 0xFF, 0xFF, 0xFF, 0xFF, 0xFF, 0xFF, 0xFF, 0xFF,
    0xFF, 0xFF, 0xFF, 0xFF, 0xFF, 0xFF, 0xFF, 0xFF, 0xFF, 0xFF, 0xFF, 0xFF,
    0xFF, 0x00, 0x00, 0x00, 0x00, 0x00, 0x00, 0x00, 0x00, 0x00, 0x00, 0x00,
    0x00, 0x00, 0x01, 0x00, 0x4A, 0xFF, 0xFF, 0xFF, 0xFF, 0xFB, 0xFF, 0xFF,
    0xFF, 0xFF, 0xFF, 0xFF, 0xFF, 0xFF, 0xFF, 0xFF, 0xFF, 0xFF, 0xFE, 0xFF,
    0xFF, 0xFF, 0xFF, 0x00, 0x00, 0x00, 0x00, 0x00, 0x00, 0x00, 0x00, 0x00,
    0x00, 0x00, 0x00, 0x00, 0x00, 0x00, 0x00, 0x00, 0x00, 0x50, 0xA0, 0xE7,
    0xFF, 0xFF, 0xFF, 0xFE, 0xFF, 0xFC, 0xFF, 0xFF, 0xFF, 0xFF, 0xFF, 0xFE,
    0xFF, 0xFF, 0xFC, 0xFF, 0xFF, 0xFF, 0x00, 0x00, 0x00, 0x00, 0x00, 0x00,
    0x00, 0x00, 0x00, 0x00, 0x00, 0x00, 0x00, 0x00, 0x00, 0x00, 0x00, 0x00,
    0x00, 0x00, 0x00, 0x00, 0x0D, 0x97, 0xFF, 0xFF, 0xFF, 0xFF, 0xFF, 0xFF,
    0xFC, 0xFF, 0xFF, 0xFF, 0xFF, 0xBA, 0xE7, 0xFF, 0x00, 0x00, 0x00, 0x00,
    0x00, 0x00, 0x00, 0x00, 0x00, 0x00, 0x00, 0x00, 0x00, 0x00, 0x00, 0x00,
    0x00, 0x00, 0x00, 0x00, 0x00, 0x00, 0x02, 0x02, 0x00, 0x1A, 0x58, 0xB7,
    0x45, 0x70, 0xCA, 0xFF, 0xFF, 0xDB, 0x4E, 0xA6, 0x65, 0x00, 0x00, 0x00,
    0x00, 0x00, 0x00, 0x00, 0x00, 0x00, 0x00, 0x00, 0x00, 0x00, 0x00, 0x00,
  },
  { /* frame 5 */
    0x00, 0x00, 0x00, 0x00, 0x00, 0x00, 0x00, 0x00, 0x00, 0x00, 0x00, 0x00,
    0x00, 0x00, 0x00, 0x00, 0x00, 0x00, 0x00, 0x00, 0x00, 0x00, 0x00, 0x00,
    0x00, 0x00, 0x00, 0x00, 0x00, 0x00, 0x00, 0x00, 0x28, 0xD2, 0x28, 0xDA,
    0x28, 0xD2, 0x28, 0xD2, 0x28, 0xD2, 0x49, 0xE2, 0x08, 0xD2, 0x28, 0xD2,
    0x28, 0xD2, 0x28, 0xD2, 0x00, 0x00, 0x00, 0x00, 0x00, 0x00, 0x00, 0x00,
    0x00, 0xF8, 0x00, 0x00, 0x00, 0x00, 0x00, 0x00, 0x00, 0x00, 0x00, 0x00,
    0x00, 0x00, 0x00, 0x00, 0x00, 0x00, 0x00, 0x00, 0x00, 0x00, 0x00, 0x00,
    0x00, 0x00, 0x00, 0x00, 0x00, 0x00, 0x00, 0x00, 0x00, 0x00, 0x00, 0x00,
    0x00, 0x00, 0x00, 0x00, 0x00, 0x00, 0x00, 0x00, 0x28, 0xD2, 0x28, 0xD2,
    0x28, 0xD2, 0x28, 0xD2, 0x28, 0xD2, 0x28, 0xD2, 0x28, 0xD2, 0x49, 0xEA,
    0x49, 0xDA, 0x28, 0xD2, 0x69, 0xEA, 0x69, 0xF2, 0x49, 0xE2, 0x8A, 0xFA,
    0x28, 0xD2, 0x28, 0xD2, 0x00, 0x00, 0x28, 0xD2, 0x00, 0x00, 0x86, 0xC9,
    0x00, 0x00, 0x00, 0x00, 0x00, 0x00, 0x00, 0x00, 0x00, 0x00, 0x00, 0x00,
    0x00, 0x00, 0x00, 0x00, 0x00, 0x00, 0x00, 0x00, 0x00, 0x00, 0x00, 0x00,
    0x00, 0x00, 0x00, 0x00, 0x00, 0x00, 0x00, 0x00, 0x00, 0x00, 0x00, 0x00,
    0x28, 0xD2, 0x28, 0xD2, 0x28, 0xDA, 0x28, 0xD2, 0x28, 0xD2, 0x28, 0xD2,
    0x28, 0xD2, 0x28, 0xD2, 0x28, 0xD2, 0x28, 0xD2, 0x28, 0xD2, 0x28, 0xD2,
    0x28, 0xD2, 0x28, 0xD2, 0x28, 0xD2, 0x28, 0xD2, 0x69, 0xEA, 0x28, 0xD2,
    0x28, 0xD2, 0x28, 0xD2, 0x28, 0xD2, 0x00, 0x00, 0x00, 0x00, 0x00, 0x00,
    0x00, 0x00, 0x00, 0x00, 0x00, 0x00, 0x00, 0x00, 0x00, 0x00, 0x00, 0x00,
    0x00, 0x00, 0x00, 0x00, 0x00, 0x00, 0x00, 0x00, 0x00, 0x00, 0x00, 0x00,
    0x00, 0x00, 0x00, 0x00, 0x28, 0xD2, 0x28, 0xD2, 0x49, 0xEA, 0x49, 0xE2,
    0x28, 0xD2, 0x28, 0xD2, 0x28, 0xD2, 0x28, 0xD2, 0x28, 0xD2, 0x28, 0xD2,
    0x28, 0xD2, 0x28, 0xD2, 0x28, 0xD2, 0x28, 0xD2, 0x28, 0xD2, 0x28, 0xD2,
    0x28, 0xD2, 0x28, 0xD2, 0x28, 0xD2, 0x28, 0xD2, 0x28, 0xDA, 0x28, 0xD2,
    0xAA, 0xFA, 0x00, 0xF8, 0x00, 0x00, 0x00, 0x00, 0x00, 0x00, 0x00, 0x00,
    0x00, 0x00, 0x00, 0x00, 0x00, 0x00, 0x00, 0x00, 0x00, 0x00, 0x00, 0x00,
    0x00, 0x00, 0x00, 0x00, 0xE7, 0xB9, 0x00, 0x00, 0xC7, 0xE1, 0x08, 0xD2,
    0x28, 0xD2, 0x49, 0xE2, 0x28, 0xD2, 0x28, 0xD2, 0x28, 0xD2, 0x28, 0xD2,
    0x28, 0xD2, 0x28, 0xD2, 0x28, 0xD2, 0x28, 0xD2, 0x28, 0xD2, 0x28, 0xD2,
    0x28, 0xD2, 0x28, 0xD2, 0x28, 0xD2, 0x28, 0xD2, 0x28, 0xD2, 0x28, 0xD2,
    0x28, 0xD2, 0x28, 0xD2, 0x28, 0xD2, 0x28, 0xD2, 0x69, 0xEA, 0x28, 0xD2,
    0x28, 0xDA, 0x00, 0x00, 0x00, 0x00, 0xE7, 0xB9, 0x00, 0x00, 0x00, 0x00,
    0x00, 0x00, 0x00, 0x00, 0x00, 0x00, 0x00, 0x00, 0x00, 0x00, 0x00, 0x00,
    0x00, 0x00, 0xA6, 0xC9, 0x69, 0xF2, 0x69, 0xF2, 0x69, 0xEA, 0x28, 0xD2,
    0x28, 0xD2, 0x28, 0xD2, 0x28, 0xD2, 0x28, 0xD2, 0x28, 0xD2, 0x28, 0xD2,
    0x28, 0xD2, 0x28, 0xD2, 0x28, 0xDA, 0x28, 0xDA, 0x28, 0xD2, 0x28, 0xD2,
    0x28, 0xD2, 0x28, 0xD2, 0x28, 0xD2, 0x28, 0xD2, 0x28, 0xD2, 0x28, 0xD2,
    0x28, 0xD2, 0x28, 0xD2, 0x28, 0xD2, 0x69, 0xEA, 0x28, 0xDA, 0x28, 0xD2,
    0xA6, 0xC9, 0x00, 0x00, 0x00, 0x00, 0x00, 0x00, 0x00, 0x00, 0x00, 0x00,
    0x00, 0x00, 0x00, 0x00, 0x00, 0x00, 0x00, 0x00, 0x00, 0x00, 0x28, 0xD2,
    0x28, 0xD2, 0x28, 0xD2, 0x28, 0xD2, 0x28, 0xD2, 0x28, 0xD2, 0x28, 0xD2,
    0x28, 0xD2, 0x28, 0xD2, 0x28, 0xD2, 0x48, 0xE2, 0x49, 0xF2, 0x49, 0xEA,
    0x08, 0xC2, 0xE7, 0xB9, 0x8A, 0xFA, 0x48, 0xE2, 0x28, 0xDA, 0x28, 0xD2,
    0x28, 0xD2, 0x28, 0xD2, 0x28, 0xD2, 0x28, 0xD2, 0x28, 0xD2, 0x28, 0xD2,
    0x28, 0xD2, 0x28, 0xD2, 0x28, 0xD2, 0x28, 0xD2, 0x69, 0xF2, 0xC7, 0xE1,
    0x00, 0x00, 0x00, 0x00, 0x00, 0x00, 0x00, 0x00, 0x00, 0x00, 0x00, 0x00,
    0x00, 0x00, 0x00, 0x00, 0x28, 0xDA, 0x28, 0xDA, 0x28, 0xD2, 0x28, 0xD2,
    0x28, 0xD2, 0x28, 0xD2, 0x28, 0xD2, 0x28, 0xD2, 0x28, 0xD2, 0x48, 0xE2,
    0x28, 0xD2, 0xA7, 0xA1, 0x45, 0x69, 0xE4, 0x38, 0x62, 0x00, 0xA3, 0x18,
    0x45, 0x71, 0x04, 0x51, 0x49, 0xEA, 0x28, 0xD2, 0x69, 0xF2, 0x49, 0xEA,
    0x28, 0xDA, 0x28, 0xD2, 0x28, 0xD2, 0x28, 0xD2, 0x28, 0xD2, 0x28, 0xD2,
    0x28, 0xD2, 0x28, 0xD2, 0x69, 0xF2, 0x08, 0xD2, 0x00, 0x00, 0x00, 0x00,
    0x00, 0x00, 0x00, 0x00, 0x00, 0x00, 0x86, 0xC9, 0x00, 0x00, 0x00, 0xF8,
    0x28, 0xD2, 0x69, 0xEA, 0x28, 0xD2, 0x28, 0xD2, 0x28, 0xD2, 0x28, 0xD2,
    0x28, 0xD2, 0x28, 0xD2, 0x69, 0xF2, 0x08, 0xD2, 0x62, 0x00, 0x62, 0x00,
    0x62, 0x00, 0x82, 0x00, 0x82, 0x10, 0x82, 0x10, 0x62, 0x00, 0x21, 0x00,
    0xE8, 0xC1, 0x49, 0xEA, 0x66, 0x81, 0xA3, 0x10, 0xA6, 0x91, 0x08, 0xCA,
    0x28, 0xDA, 0x28, 0xD2, 0x28, 0xD2, 0x28, 0xD2, 0x28, 0xD2, 0x28, 0xD2,
    0x69, 0xEA, 0x28, 0xD2, 0x28, 0xD2, 0x00, 0x00, 0x00, 0x00, 0x00, 0x00,
    0x00, 0xF8, 0x00, 0x00, 0x28, 0xD2, 0xAA, 0xFA, 0x69, 0xEA, 0x28, 0xD2,
    0x28, 0xD2, 0x28, 0xD2, 0x28, 0xD2, 0x28, 0xD2, 0x28, 0xD2, 0x28, 0xD2,
    0x86, 0x81, 0x24, 0x51, 0x82, 0x10, 0x82, 0x10, 0x82, 0x10, 0x82, 0x10,
    0x82, 0x10, 0x82, 0x10, 0x62, 0x00, 0x45, 0x69, 0x49, 0xE2, 0x08, 0xCA,
    0xA3, 0x20, 0x62, 0x00, 0x42, 0x00, 0x25, 0x59, 0x8A, 0xFA, 0x28, 0xD2,
    0x28, 0xD2, 0x28, 0xD2, 0x28, 0xD2, 0x28, 0xD2, 0x28, 0xD2, 0x49, 0xE2,
    0x28, 0xD2, 0x00, 0x00, 0x00, 0x00, 0x00, 0x00, 0x00, 0x00, 0x28, 0xD2,
    0x28, 0xD2, 0x28, 0xD2, 0x28, 0xD2, 0x28, 0xD2, 0x28, 0xD2, 0x28, 0xD2,
    0x28, 0xD2, 0x28, 0xD2, 0x28, 0xD2, 0x69, 0xF2, 0xC3, 0x20, 0x21, 0x00,
    0x82, 0x10, 0x82, 0x10, 0x82, 0x10, 0x82, 0x10, 0x82, 0x10, 0x82, 0x10,
    0x41, 0x00, 0x04, 0x51, 0x89, 0xFA, 0x86, 0x89, 0x21, 0x00, 0x82, 0x10,
    0x82, 0x08, 0xC3, 0x28, 0x86, 0x91, 0x69, 0xFA, 0x28, 0xD2, 0x28, 0xD2,
    0x28, 0xD2, 0x28, 0xD2, 0x28, 0xD2, 0x28, 0xD2, 0x49, 0xEA, 0x28, 0xD2,
    0x00, 0x00, 0x00, 0x00, 0x00, 0x00, 0x00, 0x00, 0x28, 0xD2, 0x28, 0xDA,
    0x28, 0xD2, 0x28, 0xD2, 0x28, 0xD2, 0x28, 0xD2, 0x28, 0xDA, 0x69, 0xFA,
    0x28, 0xE2, 0x49, 0xEA, 0xA7, 0xA1, 0x04, 0x49, 0x62, 0x00, 0x82, 0x10,
    0x82, 0x10, 0x82, 0x10, 0x82, 0x10, 0x82, 0x08, 0xA3, 0x20, 0x08, 0xCA,
    0x49, 0xE2, 0xA7, 0xA1, 0x82, 0x08, 0x82, 0x10, 0x82, 0x10, 0x82, 0x10,
    0x41, 0x00, 0xC3, 0x28, 0xE7, 0xB1, 0x28, 0xDA, 0x28, 0xD2, 0x28, 0xD2,
    0x28, 0xD2, 0x28, 0xD2, 0x49, 0xE2, 0x28, 0xD2, 0x00, 0x00, 0x00, 0x00,
    0x00, 0x00, 0x28, 0xD2, 0x28, 0xD2, 0x28, 0xD2, 0x28, 0xD2, 0x28, 0xD2,
    0x28, 0xD2, 0x28, 0xD2, 0x08, 0xCA, 0x04, 0x51, 0x45, 0x69, 0x49, 0xE2,
    0x49, 0xEA, 0x08, 0xC2, 0x41, 0x00, 0x82, 0x08, 0x82, 0x10, 0x82, 0x10,
    0x82, 0x10, 0x82, 0x10, 0x82, 0x00, 0x25, 0x59, 0xC3, 0x20, 0x62, 0x00,
    0x82, 0x08, 0x82, 0x10, 0x82, 0x10, 0x82, 0x10, 0x82, 0x10, 0x41, 0x00,
    0x86, 0x81, 0x49, 0xF2, 0x28, 0xD2, 0x28, 0xD2, 0x28, 0xD2, 0x28, 0xD2,
    0x28, 0xD2, 0x28, 0xDA, 0x28, 0xD2, 0x00, 0x00, 0x00, 0x00, 0x28, 0xD2,
    0x69, 0xEA, 0x28, 0xD2, 0x28, 0xD2, 0x28, 0xD2, 0x28, 0xD2, 0x28, 0xDA,
    0xA6, 0x91, 0x42, 0x00, 0x82, 0x08, 0x82, 0x00, 0x28, 0xD2, 0x69, 0xFA,
    0x28, 0xDA, 0xC3, 0x30, 0x82, 0x08, 0x82, 0x10, 0x82, 0x10, 0x82, 0x10,
    0xA3, 0x10, 0x82, 0x00, 0x82, 0x08, 0x82, 0x10, 0x82, 0x10, 0x82, 0x10,
    0x82, 0x10, 0x82, 0x10, 0x82, 0x10, 0x62, 0x00, 0x24, 0x51, 0x08, 0xD2,
    0x48, 0xE2, 0x28, 0xD2, 0x28, 0xD2, 0x28, 0xD2, 0x28, 0xD2, 0x28, 0xD2,
    0x28, 0xD2, 0x00, 0x00, 0x28, 0xD2, 0x8A, 0xFA, 0x28, 0xD2, 0x28, 0xD2,
    0x28, 0xD2, 0x28, 0xD2, 0x28, 0xD2, 0x49, 0xEA, 0xA3, 0x18, 0x62, 0x00,
    0x82, 0x10, 0x42, 0x00, 0x65, 0x71, 0x65, 0x71, 0x04, 0x49, 0x82, 0x08,
    0x82, 0x10, 0x82, 0x10, 0x82, 0x10, 0x82, 0x10, 0x82, 0x08, 0x82, 0x10,
    0x82, 0x10, 0x82, 0x10, 0x82, 0x10, 0x82, 0x10, 0x82, 0x10, 0x82, 0x10,
    0x82, 0x10, 0x82, 0x10, 0x82, 0x10, 0x62, 0x00, 0x28, 0xD2, 0x28, 0xD2,
    0x28, 0xD2, 0x28, 0xD2, 0x28, 0xD2, 0x28, 0xD2, 0x28, 0xD2, 0x00, 0x00,
    0x28, 0xD2, 0x49, 0xE2, 0x28, 0xD2, 0x28, 0xD2, 0x28, 0xD2, 0x28, 0xD2,
    0x08, 0xD2, 0x69, 0xFA, 0x24, 0x51, 0x62, 0x00, 0x82, 0x10, 0x82, 0x08,
    0x82, 0x00, 0x42, 0x00, 0x82, 0x00, 0x82, 0x10, 0x82, 0x10, 0x62, 0x08,
    0x62, 0x08, 0x82, 0x10, 0xC3, 0x10, 0x62, 0x08, 0x82, 0x10, 0x82, 0x10,
    0x82, 0x10, 0x82, 0x10, 0x82, 0x10, 0x82, 0x08, 0x62, 0x00, 0x42, 0x00,
    0x62, 0x00, 0x82, 0x10, 0xE7, 0xB1, 0x28, 0xDA, 0x28, 0xD2, 0x28, 0xD2,
    0x28, 0xD2, 0x28, 0xD2, 0x28, 0xD2, 0x00, 0x00, 0x28, 0xD2, 0x69, 0xF2,
    0x28, 0xD2, 0x28, 0xD2, 0x28, 0xD2, 0x28, 0xD2, 0x49, 0xEA, 0xC7, 0xA9,
    0x41, 0x00, 0xA2, 0x10, 0x82, 0x10, 0x82, 0x10, 0x82, 0x10, 0x82, 0x10,
    0x82, 0x10, 0x82, 0x10, 0x82, 0x10, 0xE4, 0x18, 0x25, 0x21, 0x66, 0x29,
    0x87, 0x29, 0x25, 0x21, 0x82, 0x10, 0x82, 0x10, 0x82, 0x10, 0x82, 0x10,
    0x82, 0x10, 0xA3, 0x18, 0x24, 0x51, 0x66, 0x81, 0xE7, 0xB1, 0x49, 0xE2,
    0x49, 0xE2, 0x28, 0xD2, 0x28, 0xD2, 0x28, 0xD2, 0x28, 0xD2, 0x28, 0xD2,
    0x28, 0xD2, 0x28, 0xD2, 0x08, 0xD2, 0x69, 0xEA, 0x28, 0xD2, 0x28, 0xD2,
    0x28, 0xD2, 0x28, 0xD2, 0x08, 0xCA, 0xA3, 0x20, 0x82, 0x10, 0x82, 0x10,
    0x82, 0x10, 0x82, 0x10, 0x82, 0x10, 0x82, 0x10, 0x82, 0x10, 0x82, 0x10,
    0x82, 0x10, 0x66, 0x29, 0x66, 0x29, 0x66, 0x29, 0x66, 0x29, 0x86, 0x29,
    0x66, 0x29, 0xE4, 0x18, 0x62, 0x08, 0x82, 0x10, 0x62, 0x00, 0x25, 0x61,
    0xAA, 0xFA, 0x49, 0xEA, 0x28, 0xDA, 0x28, 0xD2, 0x28, 0xE2, 0x28, 0xD2,
    0x28, 0xD2, 0x28, 0xD2, 0x28, 0xD2, 0x28, 0xD2, 0x28, 0xD2, 0x28, 0xDA,
    0x49, 0xE2, 0x28, 0xD2, 0x28, 0xD2, 0x28, 0xD2, 0x28, 0xD2, 0x28, 0xD2,
    0x49, 0xEA, 0xC3, 0x30, 0x82, 0x08, 0x82, 0x10, 0x82, 0x10, 0x82, 0x10,
    0x82, 0x10, 0x82, 0x10, 0x82, 0x10, 0x62, 0x08, 0x25, 0x21, 0x86, 0x29,
    0x66, 0x29, 0x66, 0x29, 0x66, 0x29, 0x66, 0x29, 0x66, 0x29, 0x25, 0x21,
    0x62, 0x08, 0x82, 0x10, 0x82, 0x08, 0xC3, 0x28, 0x49, 0xEA, 0x49, 0xEA,
    0x49, 0xF2, 0x08, 0xD2, 0x86, 0x91, 0x08, 0xCA, 0x28, 0xD2, 0x28, 0xD2,
    0x28, 0xD2, 0x28, 0xD2, 0x28, 0xD2, 0x28, 0xD2, 0x28, 0xD2, 0x49, 0xDA,
    0x28, 0xD2, 0x28, 0xD2, 0x28, 0xD2, 0x28, 0xD2, 0x89, 0xFA, 0x65, 0x71,
    0x62, 0x00, 0x82, 0x10, 0x82, 0x10, 0x82, 0x10, 0x82, 0x10, 0x82, 0x10,
    0x82, 0x08, 0xC3, 0x10, 0x87, 0x29, 0x66, 0x29, 0x66, 0x29, 0x66, 0x29,
    0x66, 0x29, 0x66, 0x29, 0x66, 0x29, 0x66, 0x29, 0x82, 0x10, 0x82, 0x10,
    0x82, 0x10, 0x62, 0x00, 0x86, 0x91, 0x65, 0x79, 0x04, 0x41, 0x82, 0x10,
    0x62, 0x00, 0xE7, 0xB1, 0x28, 0xDA, 0x28, 0xD2, 0x28, 0xD2, 0x28, 0xD2,
    0x49, 0xEA, 0x28, 0xD2, 0x28, 0xD2, 0x49, 0xEA, 0x28, 0xD2, 0x28, 0xD2,
    0x28, 0xD2, 0x28, 0xDA, 0xE7, 0xB9, 0xA3, 0x18, 0x82, 0x10, 0x82, 0x00,
    0x62, 0x00, 0x82, 0x10, 0x82, 0x10, 0x82, 0x10, 0x82, 0x10, 0x82, 0x10,
    0x66, 0x29, 0x66, 0x29, 0x66, 0x29, 0x66, 0x29, 0x66, 0x29, 0x66, 0x29,
    0x66, 0x29, 0x87, 0x29, 0xC3, 0x10, 0x82, 0x08, 0x82, 0x10, 0x82, 0x08,
    0x62, 0x00, 0x41, 0x00, 0x62, 0x00, 0x62, 0x00, 0x65, 0x71, 0x89, 0xFA,
    0x28, 0xD2, 0x28, 0xD2, 0x28, 0xD2, 0x28, 0xD2, 0x49, 0xDA, 0x28, 0xD2,
    0x28, 0xD2, 0x28, 0xD2, 0x28, 0xD2, 0x28, 0xD2, 0x28, 0xD2, 0x28, 0xDA,
    0x08, 0xC2, 0x21, 0x00, 0x82, 0x08, 0xE4, 0x38, 0x65, 0x71, 0xA3, 0x18,
    0x82, 0x08, 0x82, 0x10, 0x82, 0x10, 0x62, 0x08, 0x25, 0x21, 0x66, 0x29,
    0x66, 0x29, 0x66, 0x29, 0x66, 0x29, 0x66, 0x29, 0x86, 0x29, 0x25, 0x21,
    0x62, 0x08, 0x82, 0x10, 0x82, 0x10, 0x82, 0x10, 0x82, 0x10, 0x82, 0x10,
    0x82, 0x10, 0x82, 0x08, 0xC3, 0x30, 0x49, 0xEA, 0x28, 0xD2, 0x28, 0xD2,
    0x28, 0xD2, 0x28, 0xD2, 0x28, 0xD2, 0x49, 0xE2, 0x28, 0xDA, 0x28, 0xD2,
    0x28, 0xD2, 0x28, 0xD2, 0x28, 0xD2, 0x28, 0xD2, 0x49, 0xE2, 0xC7, 0xA1,
    0x08, 0xCA, 0x49, 0xEA, 0xAA, 0xFA, 0x25, 0x59, 0x62, 0x00, 0x82, 0x10,
    0x82, 0x10, 0x62, 0x08, 0xE4, 0x18, 0x66, 0x29, 0x86, 0x29, 0x66, 0x29,
    0x66, 0x29, 0x66, 0x29, 0x66, 0x29, 0x82, 0x10, 0x82, 0x10, 0x82, 0x10,
    0x82, 0x10, 0x82, 0x10, 0x82, 0x10, 0x82, 0x10, 0x82, 0x10, 0x82, 0x10,
    0xA3, 0x20, 0x08, 0xCA, 0x28, 0xD2, 0x28, 0xD2, 0x28, 0xD2, 0x28, 0xD2,
    0x69, 0xEA, 0x08, 0xD2, 0x28, 0xD2, 0x28, 0xD2, 0x28, 0xD2, 0x28, 0xD2,
    0x28, 0xD2, 0x28, 0xD2, 0x28, 0xD2, 0x28, 0xDA, 0x28, 0xD2, 0x28, 0xDA,
    0x69, 0xFA, 0xA6, 0x99, 0x41, 0x00, 0x82, 0x10, 0x82, 0x10, 0x82, 0x10,
    0x82, 0x10, 0x82, 0x10, 0x25, 0x21, 0x87, 0x29, 0x66, 0x29, 0x25, 0x21,
    0xE4, 0x18, 0x82, 0x10, 0x82, 0x10, 0x82, 0x10, 0x82, 0x10, 0x82, 0x10,
    0x82, 0x10, 0x82, 0x10, 0xA2, 0x10, 0x41, 0x00, 0xC7, 0xA9, 0x49, 0xEA,
    0x28, 0xD2, 0x28, 0xD2, 0x28, 0xD2, 0x28, 0xD2, 0x69, 0xF2, 0x28, 0xD2,
    0x00, 0x00, 0x28, 0xD2, 0x28, 0xD2, 0x28, 0xD2, 0x28, 0xD2, 0x28, 0xD2,
    0x28, 0xD2, 0x28, 0xDA, 0x49, 0xEA, 0xE7, 0xB9, 0x86, 0x89, 0x04, 0x49,
    0x82, 0x08, 0x82, 0x10, 0x82, 0x10, 0x82, 0x10, 0x82, 0x10, 0x82, 0x10,
    0x62, 0x08, 0xC3, 0x10, 0x82, 0x10, 0x62, 0x08, 0x62, 0x08, 0x82, 0x10,
    0x82, 0x10, 0x82, 0x00, 0x42, 0x00, 0x82, 0x00, 0x82, 0x08, 0x82, 0x10,
    0x62, 0x00, 0x24, 0x51, 0x69, 0xFA, 0x08, 0xD2, 0x28, 0xD2, 0x28, 0xD2,
    0x28, 0xD2, 0x28, 0xD2, 0x49, 0xE2, 0x28, 0xD2, 0x00, 0x00, 0x28, 0xD2,
    0x28, 0xD2, 0x28, 0xD2, 0x28, 0xD2, 0x28, 0xD2, 0x28, 0xD2, 0x28, 0xD2,
    0xA3, 0x18, 0x62, 0x00, 0x42, 0x00, 0x62, 0x00, 0x82, 0x10, 0x82, 0x10,
    0x82, 0x10, 0x82, 0x10, 0x82, 0x10, 0x82, 0x10, 0x82, 0x10, 0x82, 0x08,
    0x82, 0x10, 0x82, 0x10, 0x82, 0x10, 0x82, 0x10, 0x82, 0x08, 0x04, 0x49,
    0x65, 0x71, 0x65, 0x71, 0x42, 0x00, 0x82, 0x10, 0x62, 0x00, 0xA3, 0x18,
    0x49, 0xEA, 0x28, 0xD2, 0x28, 0xD2, 0x28, 0xD2, 0x28, 0xD2, 0x28, 0xD2,
    0x8A, 0xFA, 0x28, 0xD2, 0x00, 0x00, 0x28, 0xD2, 0x28, 0xD2, 0x28, 0xD2,
    0x28, 0xD2, 0x28, 0xD2, 0x28, 0xD2, 0x49, 0xE2, 0x08, 0xCA, 0x24, 0x51,
    0x62, 0x00, 0x82, 0x10, 0x82, 0x10, 0x82, 0x10, 0x82, 0x10, 0x82, 0x10,
    0x82, 0x10, 0x82, 0x08, 0x82, 0x00, 0xA3, 0x10, 0x82, 0x10, 0x82, 0x10,
    0x82, 0x10, 0x82, 0x08, 0xC3, 0x30, 0x28, 0xDA, 0x69, 0xFA, 0x28, 0xD2,
    0x82, 0x00, 0x82, 0x08, 0x42, 0x00, 0xA6, 0x91, 0x28, 0xDA, 0x28, 0xD2,
    0x28, 0xD2, 0x28, 0xD2, 0x28, 0xD2, 0x69, 0xEA, 0x28, 0xD2, 0x00, 0x00,
    0x00, 0x00, 0x28, 0xD2, 0x28, 0xDA, 0x28, 0xD2, 0x28, 0xD2, 0x28, 0xD2,
    0x28, 0xD2, 0x28, 0xD2, 0x49, 0xF2, 0x86, 0x81, 0x41, 0x00, 0x82, 0x10,
    0x82, 0x10, 0x82, 0x10, 0x82, 0x10, 0x82, 0x08, 0x62, 0x00, 0xC3, 0x20,
    0x25, 0x59, 0x82, 0x00, 0x82, 0x10, 0x82, 0x10, 0x82, 0x10, 0x82, 0x10,
    0x82, 0x08, 0x41, 0x00, 0x08, 0xC2, 0x49, 0xEA, 0x49, 0xE2, 0x45, 0x69,
    0x04, 0x51, 0x08, 0xCA, 0x28, 0xD2, 0x28, 0xD2, 0x28, 0xD2, 0x28, 0xD2,
    0x28, 0xD2, 0x28, 0xD2, 0x28, 0xD2, 0x00, 0x00, 0x00, 0x00, 0x00, 0x00,
    0x28, 0xD2, 0x49, 0xE2, 0x28, 0xD2, 0x28, 0xD2, 0x28, 0xD2, 0x28, 0xD2,
    0x28, 0xDA, 0xE7, 0xB1, 0xC3, 0x28, 0x41, 0x00, 0x82, 0x10, 0x82, 0x10,
    0x82, 0x10, 0x82, 0x08, 0xA7, 0xA1, 0x49, 0xE2, 0x08, 0xCA, 0xA3, 0x20,
    0x82, 0x08, 0x82, 0x10, 0x82, 0x10, 0x82, 0x10, 0x82, 0x10, 0x62, 0x00,
    0x04, 0x49, 0xA7, 0xA1, 0x49, 0xEA, 0x28, 0xE2, 0x69, 0xFA, 0x28, 0xDA,
    0x28, 0xD2, 0x28, 0xD2, 0x28, 0xD2, 0x28, 0xD2, 0x28, 0xDA, 0x28, 0xD2,
    0x00, 0x00, 0x00, 0x00, 0x00, 0x00, 0x00, 0x00, 0x28, 0xD2, 0x49, 0xEA,
    0x28, 0xD2, 0x28, 0xD2, 0x28, 0xD2, 0x28, 0xD2, 0x28, 0xD2, 0x28, 0xD2,
    0x69, 0xFA, 0x86, 0x91, 0xC3, 0x28, 0x82, 0x08, 0x82, 0x10, 0x21, 0x00,
    0x86, 0x89, 0x89, 0xFA, 0x04, 0x51, 0x41, 0x00, 0x82, 0x10, 0x82, 0x10,
    0x82, 0x10, 0x82, 0x10, 0x82, 0x10, 0x82, 0x10, 0x21, 0x00, 0xC3, 0x20,
    0x69, 0xF2, 0x28, 0xD2, 0x28, 0xD2, 0x28, 0xD2, 0x28, 0xD2, 0x28, 0xD2,
    0x28, 0xD2, 0x28, 0xD2, 0x28, 0xD2, 0x28, 0xD2, 0x28, 0xD2, 0x00, 0x00,
    0x00, 0x00, 0x00, 0x00, 0x00, 0x00, 0x28, 0xD2, 0x49, 0xE2, 0x28, 0xD2,
    0x28, 0xD2, 0x28, 0xD2, 0x28, 0xD2, 0x28, 0xD2, 0x28, 0xD2, 0x8A, 0xFA,
    0x25, 0x59, 0x42, 0x00, 0x62, 0x00, 0xA3, 0x20, 0x08, 0xCA, 0x49, 0xE2,
    0x45, 0x69, 0x62, 0x00, 0x82, 0x10, 0x82, 0x10, 0x82, 0x10, 0x82, 0x10,
    0x82, 0x10, 0x82, 0x10, 0x24, 0x51, 0x86, 0x81, 0x28, 0xD2, 0x28, 0xD2,
    0x28, 0xD2, 0x28, 0xD2, 0x28, 0xD2, 0x28, 0xD2, 0x28, 0xD2, 0x69, 0xEA,
    0xAA, 0xFA, 0x28, 0xD2, 0x00, 0x00, 0x00, 0xF8, 0x00, 0x00, 0x00, 0x00,
    0x00, 0x00, 0x28, 0xD2, 0x28, 0xD2, 0x69, 0xEA, 0x28, 0xD2, 0x28, 0xD2,
    0x28, 0xD2, 0x28, 0xD2, 0x28, 0xD2, 0x28, 0xDA, 0x08, 0xCA, 0xA6, 0x91,
    0xA3, 0x10, 0x66, 0x81, 0x49, 0xEA, 0xE8, 0xC1, 0x21, 0x00, 0x62, 0x00,
    0x82, 0x10, 0x82, 0x10, 0x82, 0x00, 0x62, 0x00, 0x62, 0x00, 0x62, 0x00,
    0x08, 0xD2, 0x69, 0xF2, 0x28, 0xD2, 0x28, 0xD2, 0x28, 0xD2, 0x28, 0xD2,
    0x28, 0xD2, 0x28, 0xD2, 0x69, 0xEA, 0x28, 0xD2, 0x00, 0xF8, 0x00, 0x00,
    0x86, 0xC9, 0x00, 0x00, 0x00, 0x00, 0x00, 0x00, 0x00, 0x00, 0x00, 0x00,
    0x08, 0xD2, 0x69, 0xF2, 0x28, 0xD2, 0x28, 0xD2, 0x28, 0xD2, 0x28, 0xD2,
    0x28, 0xD2, 0x28, 0xD2, 0x28, 0xD2, 0x28, 0xDA, 0x49, 0xEA, 0x69, 0xF2,
    0x28, 0xD2, 0x49, 0xEA, 0x04, 0x51, 0x45, 0x71, 0xA3, 0x18, 0x62, 0x00,
    0xE4, 0x38, 0x45, 0x69, 0xA7, 0xA1, 0x28, 0xD2, 0x48, 0xE2, 0x28, 0xD2,
    0x28, 0xD2, 0x28, 0xD2, 0x28, 0xD2, 0x28, 0xD2, 0x28, 0xD2, 0x28, 0xD2,
    0x28, 0xDA, 0x28, 0xDA, 0x00, 0x00, 0x00, 0x00, 0x00, 0x00, 0x00, 0x00,
    0x00, 0x00, 0x00, 0x00, 0x00, 0x00, 0x00, 0x00, 0xC7, 0xE1, 0x69, 0xF2,
    0x28, 0xD2, 0x28, 0xD2, 0x28, 0xD2, 0x28, 0xD2, 0x28, 0xD2, 0x28, 0xD2,
    0x28, 0xD2, 0x28, 0xD2, 0x28, 0xD2, 0x28, 0xD2, 0x28, 0xD2, 0x28, 0xDA,
    0x48, 0xE2, 0x8A, 0xFA, 0xE7, 0xB9, 0x08, 0xC2, 0x49, 0xEA, 0x49, 0xF2,
    0x48, 0xE2, 0x28, 0xD2, 0x28, 0xD2, 0x28, 0xD2, 0x28, 0xD2, 0x28, 0xD2,
    0x28, 0xD2, 0x28, 0xD2, 0x28, 0xD2, 0x28, 0xD2, 0x28, 0xD2, 0x00, 0x00,
    0x00, 0x00, 0x00, 0x00, 0x00, 0x00, 0x00, 0x00, 0x00, 0x00, 0x00, 0x00,
    0x00, 0x00, 0x00, 0x00, 0x00, 0x00, 0xA6, 0xC9, 0x28, 0xD2, 0x28, 0xDA,
    0x69, 0xEA, 0x28, 0xD2, 0x28, 0xD2, 0x28, 0xD2, 0x28, 0xD2, 0x28, 0xD2,
    0x28, 0xD2, 0x28, 0xD2, 0x28, 0xD2, 0x28, 0xD2, 0x28, 0xD2, 0x28, 0xD2,
    0x28, 0xDA, 0x28, 0xDA, 0x28, 0xD2, 0x28, 0xD2, 0x28, 0xD2, 0x28, 0xD2,
    0x28, 0xD2, 0x28, 0xD2, 0x28, 0xD2, 0x28, 0xD2, 0x28, 0xD2, 0x69, 0xEA,
    0x69, 0xF2, 0x69, 0xF2, 0xA6, 0xC9, 0x00, 0x00, 0x00, 0x00, 0x00, 0x00,
    0x00, 0x00, 0x00, 0x00, 0x00, 0x00, 0x00, 0x00, 0x00, 0x00, 0x00, 0x00,
    0xE7, 0xB9, 0x00, 0x00, 0x00, 0x00, 0x28, 0xDA, 0x28, 0xD2, 0x69, 0xEA,
    0x28, 0xD2, 0x28, 0xD2, 0x28, 0xD2, 0x28, 0xD2, 0x28, 0xD2, 0x28, 0xD2,
    0x28, 0xD2, 0x28, 0xD2, 0x28, 0xD2, 0x28, 0xD2, 0x28, 0xD2, 0x28, 0xD2,
    0x28, 0xD2, 0x28, 0xD2, 0x28, 0xD2, 0x28, 0xD2, 0x28, 0xD2, 0x28, 0xD2,
    0x28, 0xD2, 0x28, 0xD2, 0x49, 0xE2, 0x28, 0xD2, 0x08, 0xD2, 0xC7, 0xE1,
    0x00, 0x00, 0xE7, 0xB9, 0x00, 0x00, 0x00, 0x00, 0x00, 0x00, 0x00, 0x00,
    0x00, 0x00, 0x00, 0x00, 0x00, 0x00, 0x00, 0x00, 0x00, 0x00, 0x00, 0x00,
    0x00, 0x00, 0x00, 0x00, 0x00, 0xF8, 0xAA, 0xFA, 0x28, 0xD2, 0x28, 0xDA,
    0x28, 0xD2, 0x28, 0xD2, 0x28, 0xD2, 0x28, 0xD2, 0x28, 0xD2, 0x28, 0xD2,
    0x28, 0xD2, 0x28, 0xD2, 0x28, 0xD2, 0x28, 0xD2, 0x28, 0xD2, 0x28, 0xD2,
    0x28, 0xD2, 0x28, 0xD2, 0x28, 0xD2, 0x28, 0xD2, 0x49, 0xE2, 0x49, 0xEA,
    0x28, 0xD2, 0x28, 0xD2, 0x00, 0x00, 0x00, 0x00, 0x00, 0x00, 0x00, 0x00,
    0x00, 0x00, 0x00, 0x00, 0x00, 0x00, 0x00, 0x00, 0x00, 0x00, 0x00, 0x00,
    0x00, 0x00, 0x00, 0x00, 0x00, 0x00, 0x00, 0x00, 0x00, 0x00, 0x00, 0x00,
    0x00, 0x00, 0x28, 0xD2, 0x28, 0xD2, 0x28, 0xD2, 0x28, 0xD2, 0x69, 0xEA,
    0x28, 0xD2, 0x28, 0xD2, 0x28, 0xD2, 0x28, 0xD2, 0x28, 0xD2, 0x28, 0xD2,
    0x28, 0xD2, 0x28, 0xD2, 0x28, 0xD2, 0x28, 0xD2, 0x28, 0xD2, 0x28, 0xD2,
    0x28, 0xD2, 0x28, 0xDA, 0x28, 0xD2, 0x28, 0xD2, 0x00, 0x00, 0x00, 0x00,
    0x00, 0x00, 0x00, 0x00, 0x00, 0x00, 0x00, 0x00, 0x00, 0x00, 0x00, 0x00,
    0x00, 0x00, 0x00, 0x00, 0x00, 0x00, 0x00, 0x00, 0x00, 0x00, 0x00, 0x00,
    0x00, 0x00, 0x00, 0x00, 0x00, 0x00, 0x00, 0x00, 0x86, 0xC9, 0x00, 0x00,
    0x28, 0xD2, 0x00, 0x00, 0x28, 0xD2, 0x28, 0xD2, 0x8A, 0xFA, 0x49, 0xE2,
    0x69, 0xF2, 0x69, 0xEA, 0x28, 0xD2, 0x49, 0xDA, 0x49, 0xEA, 0x28, 0xD2,
    0x28, 0xD2, 0x28, 0xD2, 0x28, 0xD2, 0x28, 0xD2, 0x28, 0xD2, 0x28, 0xD2,
    0x00, 0x00, 0x00, 0x00, 0x00, 0x00, 0x00, 0x00, 0x00, 0x00, 0x00, 0x00,
    0x00, 0x00, 0x00, 0x00, 0x00, 0x00, 0x00, 0x00, 0x00, 0x00, 0x00, 0x00,
    0x00, 0x00, 0x00, 0x00, 0x00, 0x00, 0x00, 0x00, 0x00, 0x00, 0x00, 0x00,
    0x00, 0x00, 0x00, 0x00, 0x00, 0x00, 0x00, 0xF8, 0x00, 0x00, 0x00, 0x00,
    0x00, 0x00, 0x00, 0x00, 0x28, 0xD2, 0x28, 0xD2, 0x28, 0xD2, 0x08, 0xD2,
    0x49, 0xE2, 0x28, 0xD2, 0x28, 0xD2, 0x28, 0xD2, 0x28, 0xDA, 0x28, 0xD2,
    0x00, 0x00, 0x00, 0x00, 0x00, 0x00, 0x00, 0x00, 0x00, 0x00, 0x00, 0x00,
    0x00, 0x00, 0x00, 0x00, 0x00, 0x00, 0x00, 0x00, 0x00, 0x00, 0x00, 0x00,
    0x00, 0x00, 0x00, 0x00, 0x00, 0x00, 0x00, 0x00, 0x00, 0x00, 0x00, 0x00,
    0x00, 0x00, 0x00, 0x00, 0x00, 0x00, 0x00, 0x00, 0x00, 0x00, 0x00, 0x00,
    0xFF, 0xFF, 0xEC, 0x81, 0xCA, 0xFF, 0x57, 0x90, 0xE7, 0x3C, 0x00, 0x00,
    0x01, 0x00, 0x01, 0x00, 0x00, 0x00, 0x00, 0x00, 0x00, 0x00, 0x00, 0x00,
    0x00, 0x00, 0x00, 0x00, 0x00, 0x00, 0x00, 0x00, 0x00, 0x00, 0x00, 0x00,
    0xFF, 0xFF, 0xFF, 0xFF, 0xFF, 0xFF, 0xFA, 0xFF, 0xFF, 0xFE, 0xFF, 0xFF,
    0xFF, 0xFF, 0xBD, 0x21, 0x00, 0x0B, 0x00, 0x05, 0x00, 0x00, 0x00, 0x00,
    0x00, 0x00, 0x00, 0x00, 0x00, 0x00, 0x00, 0x00, 0x00, 0x00, 0x00, 0x00,
    0x00, 0x00, 0x0B, 0xE3, 0xFF, 0xFF, 0xFF, 0xFF, 0xFF, 0xFF, 0xFF, 0xFF,
    0xFF, 0xFE, 0xFF, 0xFF, 0xFE, 0xFE, 0xFF, 0xF8, 0xCC, 0xD7, 0x29, 0x00,
    0x00, 0x00, 0x00, 0x00, 0x00, 0x00, 0x00, 0x00, 0x00, 0x00, 0x00, 0x00,
    0x00, 0x00, 0x00, 0x00, 0x56, 0xEC, 0xFF, 0xFF, 0xFC, 0xFF, 0xFF, 0xFF,
    0xFF, 0xFF, 0xFF, 0xFF, 0xFF, 0xFF, 0xFF, 0xFF, 0xFF, 0xFE, 0xFE, 0xFF,
    0xFF, 0xFE, 0xFF, 0x01, 0x00, 0x00, 0x00, 0x00, 0x00, 0x00, 0x00, 0x00,
    0x00, 0x00, 0x00, 0x00, 0x04, 0x00, 0x09, 0x33, 0xC6, 0xFF, 0xFF, 0xFF,
    0xFF, 0xFF, 0xFF, 0xFF, 0xFF, 0xFF, 0xFF, 0xFF, 0xFF, 0xFF, 0xFF, 0xFF,
    0xFF, 0xFF, 0xFF, 0xFF, 0xFF, 0xFE, 0xFF, 0xC8, 0x30, 0x00, 0x00, 0x04,
    0x00, 0x00, 0x00, 0x00, 0x00, 0x00, 0x00, 0x00, 0x00, 0x0E, 0xFF, 0xFF,
    0xFF, 0xFE, 0xFF, 0xFF, 0xFF, 0xFF, 0xFF, 0xFF, 0xFF, 0xFF, 0xFF, 0xFF,
    0xFF, 0xFF, 0xFF, 0xFF, 0xFF, 0xFF, 0xFF, 0xFF, 0xFF, 0xFF, 0xFB, 0xFF,
    0xFF, 0xB0, 0x0E, 0x00, 0x00, 0x00, 0x00, 0x00, 0x00, 0x00, 0x00, 0x00,
    0x00, 0xB0, 0xFF, 0xFE, 0xFF, 0xFF, 0xFF, 0xFF, 0xFF, 0xFF, 0xFF, 0xFF,
    0xFF, 0xFF, 0xFF, 0xFF, 0xFF, 0xFF, 0xFF, 0xFF, 0xFF, 0xFF, 0xFF, 0xFF,
    0xFF, 0xFF, 0xFF, 0xFE, 0xFF, 0xFF, 0xFF, 0x09, 0x00, 0x00, 0x00, 0x00,
    0x00, 0x00, 0x00, 0x00, 0x30, 0xFF, 0xFF, 0xFF, 0xFF, 0xFF, 0xFF, 0xFF,
    0xFF, 0xFF, 0xFF, 0xFF, 0xFF, 0xFF, 0xFF, 0xFF, 0xFF, 0xFF, 0xFF, 0xFF,
    0xFF, 0xFF, 0xFF, 0xFF, 0xFF, 0xFF, 0xFF, 0xFF, 0xFF, 0xFE, 0xFF, 0x33,
    0x00, 0x00, 0x00, 0x00, 0x00, 0x05, 0x00, 0x01, 0xC8, 0xFF, 0xFE, 0xFF,
    0xFF, 0xFF, 0xFF, 0xFF, 0xFF, 0xFF, 0xFF, 0xFF, 0xFF, 0xFF, 0xFF, 0xFF,
    0xFF, 0xFF, 0xFF, 0xFF, 0xFF, 0xFF, 0xFF, 0xFF, 0xFF, 0xFF, 0xFF, 0xFF,
    0xFF, 0xFF, 0xFF, 0xC6, 0x56, 0x00, 0x00, 0x00, 0x01, 0x00, 0x29, 0xFF,
    0xFF, 0xFB, 0xFF, 0xFF, 0xFF, 0xFF, 0xFF, 0xFF, 0xFF, 0xFF, 0xFF, 0xFF,
    0xFF, 0xFF, 0xFF, 0xFF, 0xFF, 0xFF, 0xFF, 0xFF, 0xFF, 0xFF, 0xFF, 0xFF,
    0xFF, 0xFF, 0xFF, 0xFF, 0xFF, 0xFF, 0xFE, 0xFF, 0xEC, 0x00, 0x00, 0x00,
    0x00, 0x0B, 0xD7, 0xFE, 0xFE, 0xFF, 0xFF, 0xFF, 0xFF, 0xFF, 0xFF, 0xFF,
    0xFF, 0xFF, 0xFF, 0xFF, 0xFF, 0xFF, 0xFF, 0xFF, 0xFF, 0xFF, 0xFF, 0xFF,
    0xFF, 0xFF, 0xFF, 0xFF, 0xFF, 0xFF, 0xFF, 0xFF, 0xFF, 0xFF, 0xFF, 0xFF,
    0xFF, 0x0B, 0x00, 0x00, 0x01, 0x00, 0xCC, 0xFF, 0xFF, 0xFF, 0xFF, 0xFF,
    0xFF, 0xFF, 0xFF, 0xFF, 0xFF, 0xFF, 0xFF, 0xFF, 0xFF, 0xFF, 0xFF, 0xFF,
    0xFF, 0xFF, 0xFF, 0xFF, 0xFF, 0xFF, 0xFF, 0xFF, 0xFF, 0xFF, 0xFF, 0xFF,
    0xFF, 0xFF, 0xFF, 0xFF, 0xFF, 0xE3, 0x00, 0x00, 0x00, 0x21, 0xF8, 0xFF,
    0xFF, 0xFF, 0xFF, 0xFF, 0xFF, 0xFF, 0xFF, 0xFF, 0xFF, 0xFF, 0xFF, 0xFF,
    0xFF, 0xFF, 0xFF, 0xFF, 0xFF, 0xFF, 0xFF, 0xFF, 0xFF, 0xFF, 0xFF, 0xFF,
    0xFF, 0xFF, 0xFF, 0xFF, 0xFF, 0xFF, 0xFF, 0xFF, 0xFC, 0xFF, 0xFF, 0x00,
    0x00, 0xBD, 0xFF, 0xFE, 0xFF, 0xFF, 0xFF, 0xFF, 0xFF, 0xFF, 0xFF, 0xFF,
    0xFF, 0xFF, 0xFF, 0xFF, 0xFF, 0xFF, 0xFF, 0xFF, 0xFF, 0xFF, 0xFF, 0xFF,
    0xFF, 0xFF, 0xFF, 0xFF, 0xFF, 0xFF, 0xFF, 0xFF, 0xFF, 0xFF, 0xFF, 0xFF,
    0xFF, 0xFF, 0xFF, 0x00, 0x3C, 0xFF, 0xFE, 0xFE, 0xFF, 0xFF, 0xFF, 0xFF,
    0xFF, 0xFF, 0xFF, 0xFF, 0xFF, 0xFF, 0xFF, 0xFF, 0xFF, 0xFF, 0xFF, 0xFF,
    0xFF, 0xFF, 0xFF, 0xFF, 0xFF, 0xFF, 0xFF, 0xFF, 0xFF, 0xFF, 0xFF, 0xFF,
    0xFF, 0xFF, 0xFF, 0xFF, 0xFF, 0xFF, 0xFF, 0x00, 0xE7, 0xFF, 0xFE, 0xFF,
    0xFF, 0xFF, 0xFF, 0xFF, 0xFF, 0xFF, 0xFF, 0xFF, 0xFF, 0xFF, 0xFF, 0xFF,
    0xFF, 0xFF, 0xFF, 0xFF, 0xFF, 0xFF, 0xFF, 0xFF, 0xFF, 0xFF, 0xFF, 0xFF,
    0xFF, 0xFF, 0xFF, 0xFF, 0xFF, 0xFF, 0xFF, 0xFF, 0xFF, 0xFF, 0xFF, 0x00,
    0x90, 0xFF, 0xFF, 0xFF, 0xFF, 0xFF, 0xFF, 0xFF, 0xFF, 0xFF, 0xFF, 0xFF,
    0xFF, 0xFF, 0xFF, 0xFF, 0xFF, 0xFF, 0xFF, 0xFF, 0xFF, 0xFF, 0xFF, 0xFF,
    0xFF, 0xFF, 0xFF, 0xFF, 0xFF, 0xFF, 0xFF, 0xFF, 0xFF, 0xFF, 0xFF, 0xFF,
    0xFF, 0xFF, 0xFF, 0xFF, 0x57, 0xFF, 0xFF, 0xFF, 0xFF, 0xFF, 0xFF, 0xFF,
    0xFF, 0xFF, 0xFF, 0xFF, 0xFF, 0xFF, 0xFF, 0xFF, 0xFF, 0xFF, 0xFF, 0xFF,
    0xFF, 0xFF, 0xFF, 0xFF, 0xFF, 0xFF, 0xFF, 0xFF, 0xFF, 0xFF, 0xFF, 0xFF,
    0xFF, 0xFF, 0xFF, 0xFF, 0xFF, 0xFF, 0xFF, 0xFF, 0xFF, 0xFE, 0xFE, 0xFF,
    0xFF, 0xFF, 0xFF, 0xFF, 0xFF, 0xFF, 0xFF, 0xFF, 0xFF, 0xFF, 0xFF, 0xFF,
    0xFF, 0xFF, 0xFF, 0xFF, 0xFF, 0xFF, 0xFF, 0xFF, 0xFF, 0xFF, 0xFF, 0xFF,
    0xFF, 0xFF, 0xFF, 0xFF, 0xFF, 0xFF, 0xFF, 0xFF, 0xFF, 0xFF, 0xFA, 0xEC,
    0xCA, 0xFF, 0xFF, 0xFF, 0xFF, 0xFF, 0xFF, 0xFF, 0xFF, 0xFF, 0xFF, 0xFF,
    0xFF, 0xFF, 0xFF, 0xFF, 0xFF, 0xFF, 0xFF, 0xFF, 0xFF, 0xFF, 0xFF, 0xFF,
    0xFF, 0xFF, 0xFF, 0xFF, 0xFF, 0xFF, 0xFF, 0xFF, 0xFF, 0xFF, 0xFF, 0xFF,
    0xFF, 0xFF, 0xFF, 0x81, 0x81, 0xFF, 0xFF, 0xFF, 0xFF, 0xFF, 0xFF, 0xFF,
    0xFF, 0xFF, 0xFF, 0xFF, 0xFF, 0xFF, 0xFF, 0xFF, 0xFF, 0xFF, 0xFF, 0xFF,
    0xFF, 0xFF, 0xFF, 0xFF, 0xFF, 0xFF, 0xFF, 0xFF, 0xFF, 0xFF, 0xFF, 0xFF,
    0xFF, 0xFF, 0xFF, 0xFF, 0xFF, 0xFF, 0xFF, 0xCA, 0xEC, 0xFA, 0xFF, 0xFF,
    0xFF, 0xFF, 0xFF, 0xFF, 0xFF, 0xFF, 0xFF, 0xFF, 0xFF, 0xFF, 0xFF, 0xFF,
    0xFF, 0xFF, 0xFF, 0xFF, 0xFF, 0xFF, 0xFF, 0xFF, 0xFF, 0xFF, 0xFF, 0xFF,
    0xFF, 0xFF, 0xFF, 0xFF, 0xFF, 0xFF, 0xFF, 0xFF, 0xFF, 0xFE, 0xFE, 0xFF,
    0xFF, 0xFF, 0xFF, 0xFF, 0xFF, 0xFF, 0xFF, 0xFF, 0xFF, 0xFF, 0xFF, 0xFF,
    0xFF, 0xFF, 0xFF, 0xFF, 0xFF, 0xFF, 0xFF, 0xFF, 0xFF, 0xFF, 0xFF, 0xFF,
    0xFF, 0xFF, 0xFF, 0xFF, 0xFF, 0xFF, 0xFF, 0xFF, 0xFF, 0xFF, 0xFF, 0xFF,
    0xFF, 0xFF, 0xFF, 0x57, 0xFF, 0xFF, 0xFF, 0xFF, 0xFF, 0xFF, 0xFF, 0xFF,
    0xFF, 0xFF, 0xFF, 0xFF, 0xFF, 0xFF, 0xFF, 0xFF, 0xFF, 0xFF, 0xFF, 0xFF,
    0xFF, 0xFF, 0xFF, 0xFF, 0xFF, 0xFF, 0xFF, 0xFF, 0xFF, 0xFF, 0xFF, 0xFF,
    0xFF, 0xFF, 0xFF, 0xFF, 0xFF, 0xFF, 0xFF, 0x90, 0x00, 0xFF, 0xFF, 0xFF,
    0xFF, 0xFF, 0xFF, 0xFF, 0xFF, 0xFF, 0xFF, 0xFF, 0xFF, 0xFF, 0xFF, 0xFF,
    0xFF, 0xFF, 0xFF, 0xFF, 0xFF, 0xFF, 0xFF, 0xFF, 0xFF, 0xFF, 0xFF, 0xFF,
    0xFF, 0xFF, 0xFF, 0xFF, 0xFF, 0xFF, 0xFF, 0xFF, 0xFF, 0xFE, 0xFF, 0xE7,
    0x00, 0xFF, 0xFF, 0xFF, 0xFF, 0xFF, 0xFF, 0xFF, 0xFF, 0xFF, 0xFF, 0xFF,
    0xFF, 0xFF, 0xFF, 0xFF, 0xFF, 0xFF, 0xFF, 0xFF, 0xFF, 0xFF, 0xFF, 0xFF,
    0xFF, 0xFF, 0xFF, 0xFF, 0xFF, 0xFF, 0xFF, 0xFF, 0xFF, 0xFF, 0xFF, 0xFF,
    0xFE, 0xFE, 0xFF, 0x3C, 0x00, 0xFF, 0xFF, 0xFF, 0xFF, 0xFF, 0xFF, 0xFF,
    0xFF, 0xFF, 0xFF, 0xFF, 0xFF, 0xFF, 0xFF, 0xFF, 0xFF, 0xFF, 0xFF, 0xFF,
    0xFF, 0xFF, 0xFF, 0xFF, 0xFF, 0xFF, 0xFF, 0xFF, 0xFF, 0xFF, 0xFF, 0xFF,
    0xFF, 0xFF, 0xFF, 0xFF, 0xFE, 0xFF, 0xBD, 0x00, 0x00, 0xFF, 0xFF, 0xFC,
    0xFF, 0xFF, 0xFF, 0xFF, 0xFF, 0xFF, 0xFF, 0xFF, 0xFF, 0xFF, 0xFF, 0xFF,
    0xFF, 0xFF, 0xFF, 0xFF, 0xFF, 0xFF, 0xFF, 0xFF, 0xFF, 0xFF, 0xFF, 0xFF,
    0xFF, 0xFF, 0xFF, 0xFF, 0xFF, 0xFF, 0xFF, 0xFF, 0xFF, 0xF8, 0x21, 0x00,
    0x00, 0x00, 0xE3, 0xFF, 0xFF, 0xFF, 0xFF, 0xFF, 0xFF, 0xFF, 0xFF, 0xFF,
    0xFF, 0xFF, 0xFF, 0xFF, 0xFF, 0xFF, 0xFF, 0xFF, 0xFF, 0xFF, 0xFF, 0xFF,
    0xFF, 0xFF, 0xFF, 0xFF, 0xFF, 0xFF, 0xFF, 0xFF, 0xFF, 0xFF, 0xFF, 0xFF,
    0xFF, 0xCC, 0x00, 0x01, 0x00, 0x00, 0x0B, 0xFF, 0xFF, 0xFF, 0xFF, 0xFF,
    0xFF, 0xFF, 0xFF, 0xFF, 0xFF, 0xFF, 0xFF, 0xFF, 0xFF, 0xFF, 0xFF, 0xFF,
    0xFF, 0xFF, 0xFF, 0xFF, 0xFF, 0xFF, 0xFF, 0xFF, 0xFF, 0xFF, 0xFF, 0xFF,
    0xFF, 0xFF, 0xFF, 0xFE, 0xFE, 0xD7, 0x0B, 0x00, 0x00, 0x00, 0x00, 0xEC,
    0xFF, 0xFE, 0xFF, 0xFF, 0xFF, 0xFF, 0xFF, 0xFF, 0xFF, 0xFF, 0xFF, 0xFF,
    0xFF, 0xFF, 0xFF, 0xFF, 0xFF, 0xFF, 0xFF, 0xFF, 0xFF, 0xFF, 0xFF, 0xFF,
    0xFF, 0xFF, 0xFF, 0xFF, 0xFF, 0xFF, 0xFB, 0xFF, 0xFF, 0x29, 0x00, 0x01,
    0x00, 0x00, 0x00, 0x56, 0xC6, 0xFF, 0xFF, 0xFF, 0xFF, 0xFF, 0xFF, 0xFF,
    0xFF, 0xFF, 0xFF, 0xFF, 0xFF, 0xFF, 0xFF, 0xFF, 0xFF, 0xFF, 0xFF, 0xFF,
    0xFF, 0xFF, 0xFF, 0xFF, 0xFF, 0xFF, 0xFF, 0xFF, 0xFF, 0xFE, 0xFF, 0xC8,
    0x01, 0x00, 0x05, 0x00, 0x00, 0x00, 0x00, 0x00, 0x33, 0xFF, 0xFE, 0xFF,
    0xFF, 0xFF, 0xFF, 0xFF, 0xFF, 0xFF, 0xFF, 0xFF, 0xFF, 0xFF, 0xFF, 0xFF,
    0xFF, 0xFF, 0xFF, 0xFF, 0xFF, 0xFF, 0xFF, 0xFF, 0xFF, 0xFF, 0xFF, 0xFF,
    0xFF, 0xFF, 0xFF, 0x30, 0x00, 0x00, 0x00, 0x00, 0x00, 0x00, 0x00, 0x00,
    0x09, 0xFF, 0xFF, 0xFF, 0xFE, 0xFF, 0xFF, 0xFF, 0xFF, 0xFF, 0xFF, 0xFF,
    0xFF, 0xFF, 0xFF, 0xFF, 0xFF, 0xFF, 0xFF, 0xFF, 0xFF, 0xFF, 0xFF, 0xFF,
    0xFF, 0xFF, 0xFF, 0xFF, 0xFE, 0xFF, 0xB0, 0x00, 0x00, 0x00, 0x00, 0x00,
    0x00, 0x00, 0x00, 0x00, 0x00, 0x0E, 0xB0, 0xFF, 0xFF, 0xFB, 0xFF, 0xFF,
    0xFF, 0xFF, 0xFF, 0xFF, 0xFF, 0xFF, 0xFF, 0xFF, 0xFF, 0xFF, 0xFF, 0xFF,
    0xFF, 0xFF, 0xFF, 0xFF, 0xFF, 0xFF, 0xFE, 0xFF, 0xFF, 0xFF, 0x0E, 0x00,
    0x00, 0x00, 0x00, 0x00, 0x00, 0x00, 0x00, 0x00, 0x04, 0x00, 0x00, 0x30,
    0xC8, 0xFF, 0xFE, 0xFF, 0xFF, 0xFF, 0xFF, 0xFF, 0xFF, 0xFF, 0xFF, 0xFF,
    0xFF, 0xFF, 0xFF, 0xFF, 0xFF, 0xFF, 0xFF, 0xFF, 0xFF, 0xFF, 0xFF, 0xC6,
    0x33, 0x09, 0x00, 0x04, 0x00, 0x00, 0x00, 0x00, 0x00, 0x00, 0x00, 0x00,
    0x00, 0x00, 0x00, 0x00, 0x01, 0xFF, 0xFE, 0xFF, 0xFF, 0xFE, 0xFE, 0xFF,
    0xFF, 0xFF, 0xFF, 0xFF, 0xFF, 0xFF, 0xFF, 0xFF, 0xFF, 0xFF, 0xFF, 0xFC,
    0xFF, 0xFF, 0xEC, 0x56, 0x00, 0x00, 0x00, 0x00, 0x00, 0x00, 0x00, 0x00,
    0x00, 0x00, 0x00, 0x00, 0x00, 0x00, 0x00, 0x00, 0x00, 0x29, 0xD7, 0xCC,
    0xF8, 0xFF, 0xFE, 0xFE, 0xFF, 0xFF, 0xFE, 0xFF, 0xFF, 0xFF, 0xFF, 0xFF,
    0xFF, 0xFF, 0xFF, 0xFF, 0xE3, 0x0B, 0x00, 0x00, 0x00, 0x00, 0x00, 0x00,
    0x00, 0x00, 0x00, 0x00, 0x00, 0x00, 0x00, 0x00, 0x00, 0x00, 0x00, 0x00,
    0x05, 0x00, 0x0B, 0x00, 0x21, 0xBD, 0xFF, 0xFF, 0xFF, 0xFF, 0xFE, 0xFF,
    0xFF, 0xFA, 0xFF, 0xFF, 0xFF, 0xFF, 0xFF, 0xFF, 0x00, 0x00, 0x00, 0x00,
    0x00, 0x00, 0x00, 0x00, 0x00, 0x00, 0x00, 0x00, 0x00, 0x00, 0x00, 0x00,
    0x00, 0x00, 0x00, 0x00, 0x00, 0x01, 0x00, 0x01, 0x00, 0x00, 0x3C, 0xE7,
    0x90, 0x57, 0xFF, 0xCA, 0x81, 0xEC, 0xFF, 0xFF, 0x00, 0x00, 0x00, 0x00,
    0x00, 0x00, 0x00, 0x00, 0x00, 0x00, 0x00, 0x00, 0x00, 0x00, 0x00, 0x00,
  },
  { /* frame 6 */
    0x00, 0x00, 0x00, 0x00, 0x00, 0x00, 0x00, 0x00, 0x00, 0x00, 0x00, 0x00,
    0x00, 0x00, 0x00, 0x00, 0x00, 0x00, 0x00, 0x00, 0x00, 0x00, 0x00, 0x00,
    0x00, 0x00, 0x00, 0x00, 0x00, 0x00, 0x00, 0x00, 0x28, 0xD2, 0x28, 0xD2,
    0x28, 0xD2, 0x28, 0xD2, 0x28, 0xD2, 0x28, 0xD2, 0x28, 0xD2, 0x28, 0xD2,
    0x00, 0x00, 0x00, 0x00, 0x00, 0x00, 0x00, 0x00, 0x00, 0x00, 0x00, 0x00,
    0x00, 0x00, 0x00, 0x00, 0x00, 0x00, 0x00, 0x00, 0x00, 0x00, 0x00, 0x00,
    0x00, 0x00, 0x00, 0x00, 0x00, 0x00, 0x00, 0x00, 0x00, 0x00, 0x00, 0x00,
    0x00, 0x00, 0x00, 0x00, 0x00, 0x00, 0x00, 0x00, 0x00, 0x00, 0x00, 0x00,
    0x00, 0x00, 0x00, 0x00, 0x00, 0x00, 0x00, 0x00, 0x00, 0x00, 0x28, 0xD2,
    0x28, 0xD2, 0x28, 0xD2, 0x28, 0xD2, 0x28, 0xD2, 0x28, 0xD2, 0x28, 0xD2,
    0x28, 0xD2, 0x28, 0xD2, 0x28, 0xD2, 0x28, 0xD2, 0x28, 0xD2, 0x28, 0xD2,
    0x28, 0xD2, 0x00, 0x00, 0x00, 0x00, 0x00, 0x00, 0x00, 0x00, 0x00, 0x00,
    0x00, 0x00, 0x00, 0x00, 0x00, 0x00, 0x00, 0x00, 0x00, 0x00, 0x00, 0x00,
    0x00, 0x00, 0x00, 0x00, 0x00, 0x00, 0x00, 0x00, 0x00, 0x00, 0x00, 0x00,
    0x00, 0x00, 0x00, 0x00, 0x00, 0x00, 0x00, 0x00, 0x00, 0x00, 0x00, 0x00,
    0x28, 0xD2, 0x28, 0xD2, 0x28, 0xD2, 0x28, 0xD2, 0x28, 0xD2, 0x28, 0xD2,
    0x28, 0xD2, 0x28, 0xD2, 0x28, 0xD2, 0x28, 0xD2, 0x28, 0xD2, 0x28, 0xD2,
    0x28, 0xD2, 0x28, 0xD2, 0x28, 0xD2, 0x28, 0xD2, 0x28, 0xD2, 0x28, 0xD2,
    0x28, 0xD2, 0x28, 0xD2, 0x00, 0x00, 0x00, 0x00, 0x00, 0x00, 0x00, 0x00,
    0x00, 0x00, 0x00, 0x00, 0x00, 0x00, 0x00, 0x00, 0x00, 0x00, 0x00, 0x00,
    0x00, 0x00, 0x00, 0x00, 0x00, 0x00, 0x00, 0x00, 0x00, 0x00, 0x00, 0x00,
    0x00, 0x00, 0x00, 0x00, 0x00, 0x00, 0x28, 0xD2, 0x28, 0xD2, 0x28, 0xD2,
    0x28, 0xD2, 0x28, 0xD2, 0x28, 0xD2, 0x28, 0xD2, 0x28, 0xD2, 0x28, 0xD2,
    0x28, 0xD2, 0x28, 0xD2, 0x28, 0xD2, 0x28, 0xD2, 0x28, 0xD2, 0x28, 0xD2,
    0x28, 0xD2, 0x28, 0xD2, 0x28, 0xD2, 0x28, 0xD2, 0x28, 0xD2, 0x28, 0xD2,
    0x28, 0xD2, 0x00, 0x00, 0x00, 0x00, 0x00, 0x00, 0x00, 0x00, 0x00, 0x00,
    0x00, 0x00, 0x00, 0x00, 0x00, 0x00, 0x00, 0x00, 0x00, 0x00, 0x00, 0x00,
    0x00, 0x00, 0x00, 0x00, 0x00, 0x00, 0x00, 0x00, 0x00, 0x00, 0x00, 0x00,
    0x28, 0xD2, 0x28, 0xD2, 0x28, 0xD2, 0x28, 0xD2, 0x28, 0xD2, 0x28, 0xD2,
    0x28, 0xD2, 0x28, 0xD2, 0x28, 0xD2, 0x28, 0xD2, 0x28, 0xD2, 0x28, 0xD2,
    0x28, 0xD2, 0x28, 0xD2, 0x28, 0xD2, 0x28, 0xD2, 0x28, 0xD2, 0x28, 0xD2,
    0x28, 0xD2, 0x28, 0xD2, 0x28, 0xD2, 0x28, 0xD2, 0x28, 0xD2, 0x28, 0xD2,
    0x00, 0x00, 0x00, 0x00, 0x00, 0x00, 0x00, 0x00, 0x00, 0x00, 0x00, 0x00,
    0x00, 0x00, 0x00, 0x00, 0x00, 0x00, 0x00, 0x00, 0x00, 0x00, 0x00, 0x00,
    0x00, 0x00, 0x00, 0x00, 0x28, 0xD2, 0x28, 0xD2, 0x28, 0xD2, 0x28, 0xD2,
    0x28, 0xD2, 0x28, 0xD2, 0x28, 0xD2, 0x28, 0xD2, 0x28, 0xD2, 0x28, 0xD2,
    0x28, 0xD2, 0x28, 0xD2, 0x28, 0xD2, 0x28, 0xD2, 0x28, 0xD2, 0x28, 0xD2,
    0x28, 0xD2, 0x28, 0xD2, 0x28, 0xD2, 0x28, 0xD2, 0x28, 0xD2, 0x28, 0xD2,
    0x28, 0xD2, 0x28, 0xD2, 0x28, 0xD2, 0x28, 0xD2, 0x28, 0xD2, 0x28, 0xD2,
    0x00, 0x00, 0x00, 0x00, 0x00, 0x00, 0x00, 0x00, 0x00, 0x00, 0x00, 0x00,
    0x00, 0x00, 0x00, 0x00, 0x00, 0x00, 0x00, 0x00, 0x00, 0x00, 0x28, 0xD2,
    0x28, 0xD2, 0x28, 0xD2, 0x28, 0xD2, 0x28, 0xD2, 0x28, 0xD2, 0x28, 0xD2,
    0x28, 0xD2, 0x28, 0xD2, 0x28, 0xD2, 0x28, 0xD2, 0x28, 0xD2, 0x28, 0xD2,
    0x28, 0xD2, 0x28, 0xD2, 0x28, 0xD2, 0x28, 0xD2, 0x28, 0xD2, 0x28, 0xD2,
    0x28, 0xD2, 0x28, 0xD2, 0x28, 0xD2, 0x28, 0xD2, 0x28, 0xD2, 0x28, 0xD2,
    0x28, 0xD2, 0x28, 0xD2, 0x28, 0xD2, 0x28, 0xD2, 0x28, 0xD2, 0x00, 0x00,
    0x00, 0x00, 0x00, 0x00, 0x00, 0x00, 0x00, 0x00, 0x00, 0x00, 0x00, 0x00,
    0x00, 0x00, 0x00, 0x00, 0x00, 0x00, 0x28, 0xD2, 0x28, 0xD2, 0x28, 0xD2,
    0x28, 0xD2, 0x28, 0xD2, 0x28, 0xD2, 0x28, 0xD2, 0x28, 0xD2, 0x28, 0xD2,
    0x28, 0xD2, 0x28, 0xD2, 0x28, 0xD2, 0x82, 0x10, 0x82, 0x10, 0x82, 0x10,
    0x82, 0x10, 0x82, 0x10, 0x82, 0x10, 0x28, 0xD2, 0x28, 0xD2, 0x28, 0xD2,
    0x28, 0xD2, 0x28, 0xD2, 0x28, 0xD2, 0x28, 0xD2, 0x28, 0xD2, 0x28, 0xD2,
    0x28, 0xD2, 0x28, 0xD2, 0x28, 0xD2, 0x00, 0x00, 0x00, 0x00, 0x00, 0x00,
    0x00, 0x00, 0x00, 0x00, 0x00, 0x00, 0x00, 0x00, 0x00, 0x00, 0x00, 0x00,
    0x28, 0xD2, 0x28, 0xD2, 0x28, 0xD2, 0x28, 0xD2, 0x28, 0xD2, 0x28, 0xD2,
    0x28, 0xD2, 0x28, 0xD2, 0x28, 0xD2, 0x28, 0xD2, 0x28, 0xD2, 0x82, 0x10,
    0x82, 0x10, 0x82, 0x10, 0x82, 0x10, 0x82, 0x10, 0x82, 0x10, 0x82, 0x10,
    0x82, 0x10, 0x82, 0x10, 0x82, 0x10, 0x28, 0xD2, 0x28, 0xD2, 0x28, 0xD2,
    0x28, 0xD2, 0x28, 0xD2, 0x28, 0xD2, 0x28, 0xD2, 0x28, 0xD2, 0x28, 0xD2,
    0x28, 0xD2, 0x28, 0xD2, 0x00, 0x00, 0x00, 0x00, 0x00, 0x00, 0x00, 0x00,
    0x00, 0x00, 0x00, 0x00, 0x00, 0x00, 0x28, 0xD2, 0x28, 0xD2, 0x28, 0xD2,
    0x28, 0xD2, 0x28, 0xD2, 0x28, 0xD2, 0x28, 0xD2, 0x28, 0xD2, 0x28, 0xD2,
    0x28, 0xD2, 0x28, 0xD2, 0x28, 0xD2, 0x82, 0x10, 0x82, 0x10, 0x82, 0x10,
    0x82, 0x10, 0x82, 0x10, 0x82, 0x10, 0x82, 0x10, 0x82, 0x10, 0x82, 0x10,
    0x82, 0x10, 0x28, 0xD2, 0x28, 0xD2, 0x28, 0xD2, 0x28, 0xD2, 0x28, 0xD2,
    0x28, 0xD2, 0x28, 0xD2, 0x28, 0xD2, 0x28, 0xD2, 0x28, 0xD2, 0x28, 0xD2,
    0x28, 0xD2, 0x00, 0x00, 0x00, 0x00, 0x00, 0x00, 0x00, 0x00, 0x00, 0x00,
    0x28, 0xD2, 0x28, 0xD2, 0x28, 0xD2, 0x28, 0xD2, 0x28, 0xD2, 0x28, 0xD2,
    0x28, 0xD2, 0x28, 0xD2, 0x28, 0xD2, 0x82, 0x10, 0x82, 0x10, 0x28, 0xD2,
    0x28, 0xD2, 0x28, 0xD2, 0x82, 0x10, 0x82, 0x10, 0x82, 0x10, 0x82, 0x10,
    0x82, 0x10, 0x82, 0x10, 0x82, 0x10, 0x82, 0x10, 0x28, 0xD2, 0x28, 0xD2,
    0x28, 0xD2, 0x82, 0x10, 0x82, 0x10, 0x28, 0xD2, 0x28, 0xD2, 0x28, 0xD2,
    0x28, 0xD2, 0x28, 0xD2, 0x28, 0xD2, 0x28, 0xD2, 0x28, 0xD2, 0x28, 0xD2,
    0x00, 0x00, 0x00, 0x00, 0x00, 0x00, 0x00, 0x00, 0x28, 0xD2, 0x28, 0xD2,
    0x28, 0xD2, 0x28, 0xD2, 0x28, 0xD2, 0x28, 0xD2, 0x28, 0xD2, 0x28, 0xD2,
    0x82, 0x10, 0x82, 0x10, 0x82, 0x10, 0x82, 0x10, 0x28, 0xD2, 0x28, 0xD2,
    0x82, 0x10, 0x82, 0x10, 0x82, 0x10, 0x82, 0x10, 0x82, 0x10, 0x82, 0x10,
    0x82, 0x10, 0x82, 0x10, 0x28, 0xD2, 0x28, 0xD2, 0x82, 0x10, 0x82, 0x10,
    0x82, 0x10, 0x82, 0x10, 0x28, 0xD2, 0x28, 0xD2, 0x28, 0xD2, 0x28, 0xD2,
    0x28, 0xD2, 0x28, 0xD2, 0x28, 0xD2, 0x28, 0xD2, 0x00, 0x00, 0x00, 0x00,
    0x00, 0x00, 0x00, 0x00, 0x28, 0xD2, 0x28, 0xD2, 0x28, 0xD2, 0x28, 0xD2,
    0x28, 0xD2, 0x28, 0xD2, 0x28, 0xD2, 0x28, 0xD2, 0x82, 0x10, 0x82, 0x10,
    0x82, 0x10, 0x82, 0x10, 0x28, 0xD2, 0x28, 0xD2, 0x28, 0xD2, 0x82, 0x10,
    0x82, 0x10, 0x82, 0x10, 0x82, 0x10, 0x82, 0x10, 0x82, 0x10, 0x28, 0xD2,
    0x28, 0xD2, 0x28, 0xD2, 0x82, 0x10, 0x82, 0x10, 0x82, 0x10, 0x82, 0x10,
    0x28, 0xD2, 0x28, 0xD2, 0x28, 0xD2, 0x28, 0xD2, 0x28, 0xD2, 0x28, 0xD2,
    0x28, 0xD2, 0x28, 0xD2, 0x00, 0x00, 0x00, 0x00, 0x00, 0x00, 0x28, 0xD2,
    0x28, 0xD2, 0x28, 0xD2, 0x28, 0xD2, 0x28, 0xD2, 0x28, 0xD2, 0x28, 0xD2,
    0x28, 0xD2, 0x82, 0x10, 0x82, 0x10, 0x82, 0x10, 0x82, 0x10, 0x82, 0x10,
    0x82, 0x10, 0x82, 0x10, 0x82, 0x10, 0x82, 0x10, 0x82, 0x10, 0x82, 0x10,
    0x82, 0x10, 0x82, 0x10, 0x82, 0x10, 0x82, 0x10, 0x82, 0x10, 0x82, 0x10,
    0x82, 0x10, 0x82, 0x10, 0x82, 0x10, 0x82, 0x10, 0x82, 0x10, 0x28, 0xD2,
    0x28, 0xD2, 0x28, 0xD2, 0x28, 0xD2, 0x28, 0xD2, 0x28, 0xD2, 0x28, 0xD2,
    0x28, 0xD2, 0x00, 0x00, 0x00, 0x00, 0x28, 0xD2, 0x28, 0xD2, 0x28, 0xD2,
    0x28, 0xD2, 0x28, 0xD2, 0x28, 0xD2, 0x28, 0xD2, 0x82, 0x10, 0x82, 0x10,
    0x82, 0x10, 0x82, 0x10, 0x82, 0x10, 0x82, 0x10, 0x82, 0x10, 0x82, 0x10,
    0x82, 0x10, 0x82, 0x10, 0x82, 0x10, 0x82, 0x10, 0x82, 0x10, 0x82, 0x10,
    0x82, 0x10, 0x82, 0x10, 0x82, 0x10, 0x82, 0x10, 0x82, 0x10, 0x82, 0x10,
    0x82, 0x10, 0x82, 0x10, 0x82, 0x10, 0x82, 0x10, 0x28, 0xD2, 0x28, 0xD2,
    0x28, 0xD2, 0x28, 0xD2, 0x28, 0xD2, 0x28, 0xD2, 0x28, 0xD2, 0x00, 0x00,
    0x00, 0x00, 0x28, 0xD2, 0x28, 0xD2, 0x28, 0xD2, 0x28, 0xD2, 0x28, 0xD2,
    0x28, 0xD2, 0x28, 0xD2, 0x82, 0x10, 0x82, 0x10, 0x82, 0x10, 0x82, 0x10,
    0x82, 0x10, 0x82, 0x10, 0x82, 0x10, 0x82, 0x10, 0x82, 0x10, 0x82, 0x10,
    0x82, 0x10, 0x82, 0x10, 0x82, 0x10, 0x82, 0x10, 0x82, 0x10, 0x82, 0x10,
    0x82, 0x10, 0x82, 0x10, 0x82, 0x10, 0x82, 0x10, 0x82, 0x10, 0x82, 0x10,
    0x82, 0x10, 0x82, 0x10, 0x28, 0xD2, 0x28, 0xD2, 0x28, 0xD2, 0x28, 0xD2,
    0x28, 0xD2, 0x28, 0xD2, 0x28, 0xD2, 0x00, 0x00, 0x28, 0xD2, 0x28, 0xD2,
    0x28, 0xD2, 0x28, 0xD2, 0x28, 0xD2, 0x28, 0xD2, 0x28, 0xD2, 0x28, 0xD2,
    0x82, 0x10, 0x82, 0x10, 0x82, 0x10, 0x82, 0x10, 0x82, 0x10, 0x82, 0x10,
    0x82, 0x10, 0x82, 0x10, 0x82, 0x10, 0x82, 0x10, 0x66, 0x29, 0x66, 0x29,
    0x66, 0x29, 0x66, 0x29, 0x82, 0x10, 0x82, 0x10, 0x82, 0x10, 0x82, 0x10,
    0x82, 0x10, 0x82, 0x10, 0x82, 0x10, 0x82, 0x10, 0x82, 0x10, 0x82, 0x10,
    0x28, 0xD2, 0x28, 0xD2, 0x28, 0xD2, 0x28, 0xD2, 0x28, 0xD2, 0x28, 0xD2,
    0x28, 0xD2, 0x28, 0xD2, 0x28, 0xD2, 0x28, 0xD2, 0x28, 0xD2, 0x28, 0xD2,
    0x28, 0xD2, 0x28, 0xD2, 0x28, 0xD2, 0x82, 0x10, 0x82, 0x10, 0x82, 0x10,
    0x82, 0x10, 0x82, 0x10, 0x82, 0x10, 0x82, 0x10, 0x82, 0x10, 0x82, 0x10,
    0x82, 0x10, 0x66, 0x29, 0x66, 0x29, 0x66, 0x29, 0x66, 0x29, 0x66, 0x29,
    0x66, 0x29, 0x82, 0x10, 0x82, 0x10, 0x82, 0x10, 0x82, 0x10, 0x82, 0x10,
    0x82, 0x10, 0x82, 0x10, 0x82, 0x10, 0x82, 0x10, 0x82, 0x10, 0x28, 0xD2,
    0x28, 0xD2, 0x28, 0xD2, 0x28, 0xD2, 0x28, 0xD2, 0x28, 0xD2, 0x28, 0xD2,
    0x28, 0xD2, 0x28, 0xD2, 0x28, 0xD2, 0x28, 0xD2, 0x28, 0xD2, 0x28, 0xD2,
    0x28, 0xD2, 0x82, 0x10, 0x82, 0x10, 0x82, 0x10, 0x82, 0x10, 0x82, 0x10,
    0x82, 0x10, 0x82, 0x10, 0x82, 0x10, 0x82, 0x10, 0x66, 0x29, 0x66, 0x29,
    0x66, 0x29, 0x66, 0x29, 0x66, 0x29, 0x66, 0x29, 0x66, 0x29, 0x66, 0x29,
    0x82, 0x10, 0x82, 0x10, 0x82, 0x10, 0x82, 0x10, 0x82, 0x10, 0x82, 0x10,
    0x82, 0x10, 0x82, 0x10, 0x82, 0x10, 0x28, 0xD2, 0x28, 0xD2, 0x28, 0xD2,
    0x28, 0xD2, 0x28, 0xD2, 0x28, 0xD2, 0x28, 0xD2, 0x28, 0xD2, 0x28, 0xD2,
    0x28, 0xD2, 0x28, 0xD2, 0x28, 0xD2, 0x28, 0xD2, 0x28, 0xD2, 0x28, 0xD2,
    0x28, 0xD2, 0x28, 0xD2, 0x28, 0xD2, 0x82, 0x10, 0x82, 0x10, 0x82, 0x10,
    0x82, 0x10, 0x82, 0x10, 0x66, 0x29, 0x66, 0x29, 0x66, 0x29, 0x66, 0x29,
    0x66, 0x29, 0x66, 0x29, 0x66, 0x29, 0x66, 0x29, 0x82, 0x10, 0x82, 0x10,
    0x82, 0x10, 0x82, 0x10, 0x28, 0xD2, 0x28, 0xD2, 0x28, 0xD2, 0x28, 0xD2,
    0x28, 0xD2, 0x28, 0xD2, 0x28, 0xD2, 0x28, 0xD2, 0x28, 0xD2, 0x28, 0xD2,
    0x28, 0xD2, 0x28, 0xD2, 0x28, 0xD2, 0x28, 0xD2, 0x28, 0xD2, 0x28, 0xD2,
    0x28, 0xD2, 0x28, 0xD2, 0x28, 0xD2, 0x28, 0xD2, 0x28, 0xD2, 0x28, 0xD2,
    0x28, 0xD2, 0x82, 0x10, 0x82, 0x10, 0x82, 0x10, 0x82, 0x10, 0x82, 0x10,
    0x66, 0x29, 0x66, 0x29, 0x66, 0x29, 0x66, 0x29, 0x66, 0x29, 0x66, 0x29,
    0x66, 0x29, 0x66, 0x29, 0x82, 0x10, 0x82, 0x10, 0x82, 0x10, 0x82, 0x10,
    0x28, 0xD2, 0x28, 0xD2, 0x28, 0xD2, 0x28, 0xD2, 0x28, 0xD2, 0x28, 0xD2,
    0x28, 0xD2, 0x28, 0xD2, 0x28, 0xD2, 0x28, 0xD2, 0x28, 0xD2, 0x28, 0xD2,
    0x28, 0xD2, 0x28, 0xD2, 0x28, 0xD2, 0x28, 0xD2, 0x28, 0xD2, 0x28, 0xD2,
    0x28, 0xD2, 0x28, 0xD2, 0x28, 0xD2, 0x28, 0xD2, 0x28, 0xD2, 0x82, 0x10,
    0x82, 0x10, 0x82, 0x10, 0x82, 0x10, 0x82, 0x10, 0x66, 0x29, 0x66, 0x29,
    0x66, 0x29, 0x66, 0x29, 0x66, 0x29, 0x66, 0x29, 0x66, 0x29, 0x66, 0x29,
    0x82, 0x10, 0x82, 0x10, 0x82, 0x10, 0x82, 0x10, 0x28, 0xD2, 0x28, 0xD2,
    0x28, 0xD2, 0x28, 0xD2, 0x28, 0xD2, 0x28, 0xD2, 0x28, 0xD2, 0x28, 0xD2,
    0x28, 0xD2, 0x28, 0xD2, 0x28, 0xD2, 0x28, 0xD2, 0x28, 0xD2, 0x28, 0xD2,
    0x28, 0xD2, 0x28, 0xD2, 0x28, 0xD2, 0x28, 0xD2, 0x28, 0xD2, 0x82, 0x10,
    0x82, 0x10, 0x82, 0x10, 0x82, 0x10, 0x82, 0x10, 0x82, 0x10, 0x82, 0x10,
    0x82, 0x10, 0x82, 0x10, 0x82, 0x10, 0x66, 0x29, 0x66, 0x29, 0x66, 0x29,
    0x66, 0x29, 0x66, 0x29, 0x66, 0x29, 0x82, 0x10, 0x82, 0x10, 0x82, 0x10,
    0x82, 0x10, 0x82, 0x10, 0x82, 0x10, 0x82, 0x10, 0x82, 0x10, 0x82, 0x10,
    0x82, 0x10, 0x28, 0xD2, 0x28, 0xD2, 0x28, 0xD2, 0x28, 0xD2, 0x28, 0xD2,
    0x28, 0xD2, 0x28, 0xD2, 0x28, 0xD2, 0x28, 0xD2, 0x28, 0xD2, 0x28, 0xD2,
    0x28, 0xD2, 0x28, 0xD2, 0x28, 0xD2, 0x28, 0xD2, 0x82, 0x10, 0x82, 0x10,
    0x82, 0x10, 0x82, 0x10, 0x82, 0x10, 0x82, 0x10, 0x82, 0x10, 0x82, 0x10,
    0x82, 0x10, 0x82, 0x10, 0x66, 0x29, 0x66, 0x29, 0x66, 0x29, 0x66, 0x29,
    0x82, 0x10, 0x82, 0x10, 0x82, 0x10, 0x82, 0x10, 0x82, 0x10, 0x82, 0x10,
    0x82, 0x10, 0x82, 0x10, 0x82, 0x10, 0x82, 0x10, 0x28, 0xD2, 0x28, 0xD2,
    0x28, 0xD2, 0x28, 0xD2, 0x28, 0xD2, 0x28, 0xD2, 0x28, 0xD2, 0x28, 0xD2,
    0x00, 0x00, 0x28, 0xD2, 0x28, 0xD2, 0x28, 0xD2, 0x28, 0xD2, 0x28, 0xD2,
    0x28, 0xD2, 0x28, 0xD2, 0x82, 0x10, 0x82, 0x10, 0x82, 0x10, 0x82, 0x10,
    0x82, 0x10, 0x82, 0x10, 0x82, 0x10, 0x82, 0x10, 0x82, 0x10, 0x82, 0x10,
    0x82, 0x10, 0x82, 0x10, 0x82, 0x10, 0x82, 0x10, 0x82, 0x10, 0x82, 0x10,
    0x82, 0x10, 0x82, 0x10, 0x82, 0x10, 0x82, 0x10, 0x82, 0x10, 0x82, 0x10,
    0x82, 0x10, 0x82, 0x10, 0x28, 0xD2, 0x28, 0xD2, 0x28, 0xD2, 0x28, 0xD2,
    0x28, 0xD2, 0x28, 0xD2, 0x28, 0xD2, 0x00, 0x00, 0x00, 0x00, 0x28, 0xD2,
    0x28, 0xD2, 0x28, 0xD2, 0x28, 0xD2, 0x28, 0xD2, 0x28, 0xD2, 0x28, 0xD2,
    0x82, 0x10, 0x82, 0x10, 0x82, 0x10, 0x82, 0x10, 0x82, 0x10, 0x82, 0x10,
    0x82, 0x10, 0x82, 0x10, 0x82, 0x10, 0x82, 0x10, 0x82, 0x10, 0x82, 0x10,
    0x82, 0x10, 0x82, 0x10, 0x82, 0x10, 0x82, 0x10, 0x82, 0x10, 0x82, 0x10,
    0x82, 0x10, 0x82, 0x10, 0x82, 0x10, 0x82, 0x10, 0x82, 0x10, 0x82, 0x10,
    0x28, 0xD2, 0x28, 0xD2, 0x28, 0xD2, 0x28, 0xD2, 0x28, 0xD2, 0x28, 0xD2,
    0x28, 0xD2, 0x00, 0x00, 0x00, 0x00, 0x28, 0xD2, 0x28, 0xD2, 0x28, 0xD2,
    0x28, 0xD2, 0x28, 0xD2, 0x28, 0xD2, 0x28, 0xD2, 0x28, 0xD2, 0x82, 0x10,
    0x82, 0x10, 0x82, 0x10, 0x82, 0x10, 0x82, 0x10, 0x82, 0x10, 0x82, 0x10,
    0x82, 0x10, 0x82, 0x10, 0x82, 0x10, 0x82, 0x10, 0x82, 0x10, 0x82, 0x10,
    0x82, 0x10, 0x82, 0x10, 0x82, 0x10, 0x82, 0x10, 0x82, 0x10, 0x82, 0x10,
    0x82, 0x10, 0x82, 0x10, 0x82, 0x10, 0x28, 0xD2, 0x28, 0xD2, 0x28, 0xD2,
    0x28, 0xD2, 0x28, 0xD2, 0x28, 0xD2, 0x28, 0xD2, 0x28, 0xD2, 0x00, 0x00,
    0x00, 0x00, 0x00, 0x00, 0x28, 0xD2, 0x28, 0xD2, 0x28, 0xD2, 0x28, 0xD2,
    0x28, 0xD2, 0x28, 0xD2, 0x28, 0xD2, 0x28, 0xD2, 0x82, 0x10, 0x82, 0x10,
    0x82, 0x10, 0x82, 0x10, 0x28, 0xD2, 0x28, 0xD2, 0x28, 0xD2, 0x82, 0x10,
    0x82, 0x10, 0x82, 0x10, 0x82, 0x10, 0x82, 0x10, 0x82, 0x10, 0x28, 0xD2,
    0x28, 0xD2, 0x28, 0xD2, 0x82, 0x10, 0x82, 0x10, 0x82, 0x10, 0x82, 0x10,
    0x28, 0xD2, 0x28, 0xD2, 0x28, 0xD2, 0x28, 0xD2, 0x28, 0xD2, 0x28, 0xD2,
    0x28, 0xD2, 0x28, 0xD2, 0x00, 0x00, 0x00, 0x00, 0x00, 0x00, 0x00, 0x00,
    0x28, 0xD2, 0x28, 0xD2, 0x28, 0xD2, 0x28, 0xD2, 0x28, 0xD2, 0x28, 0xD2,
    0x28, 0xD2, 0x28, 0xD2, 0x82, 0x10, 0x82, 0x10, 0x82, 0x10, 0x82, 0x10,
    0x28, 0xD2, 0x28, 0xD2, 0x82, 0x10, 0x82, 0x10, 0x82, 0x10, 0x82, 0x10,
    0x82, 0x10, 0x82, 0x10, 0x82, 0x10, 0x82, 0x10, 0x28, 0xD2, 0x28, 0xD2,
    0x82, 0x10, 0x82, 0x10, 0x82, 0x10, 0x82, 0x10, 0x28, 0xD2, 0x28, 0xD2,
    0x28, 0xD2, 0x28, 0xD2, 0x28, 0xD2, 0x28, 0xD2, 0x28, 0xD2, 0x28, 0xD2,
    0x00, 0x00, 0x00, 0x00, 0x00, 0x00, 0x00, 0x00, 0x28, 0xD2, 0x28, 0xD2,
    0x28, 0xD2, 0x28, 0xD2, 0x28, 0xD2, 0x28, 0xD2, 0x28, 0xD2, 0x28, 0xD2,
    0x28, 0xD2, 0x82, 0x10, 0x82, 0x10, 0x28, 0xD2, 0x28, 0xD2, 0x28, 0xD2,
    0x82, 0x10, 0x82, 0x10, 0x82, 0x10, 0x82, 0x10, 0x82, 0x10, 0x82, 0x10,
    0x82, 0x10, 0x82, 0x10, 0x28, 0xD2, 0x28, 0xD2, 0x28, 0xD2, 0x82, 0x10,
    0x82, 0x10, 0x28, 0xD2, 0x28, 0xD2, 0x28, 0xD2, 0x28, 0xD2, 0x28, 0xD2,
    0x28, 0xD2, 0x28, 0xD2, 0x28, 0xD2, 0x28, 0xD2, 0x00, 0x00, 0x00, 0x00,
    0x00, 0x00, 0x00, 0x00, 0x00, 0x00, 0x28, 0xD2, 0x28, 0xD2, 0x28, 0xD2,
    0x28, 0xD2, 0x28, 0xD2, 0x28, 0xD2, 0x28, 0xD2, 0x28, 0xD2, 0x28, 0xD2,
    0x28, 0xD2, 0x28, 0xD2, 0x28, 0xD2, 0x82, 0x10, 0x82, 0x10, 0x82, 0x10,
    0x82, 0x10, 0x82, 0x10, 0x82, 0x10, 0x82, 0x10, 0x82, 0x10, 0x82, 0x10,
    0x82, 0x10, 0x28, 0xD2, 0x28, 0xD2, 0x28, 0xD2, 0x28, 0xD2, 0x28, 0xD2,
    0x28, 0xD2, 0x28, 0xD2, 0x28, 0xD2, 0x28, 0xD2, 0x28, 0xD2, 0x28, 0xD2,
    0x28, 0xD2, 0x00, 0x00, 0x00, 0x00, 0x00, 0x00, 0x00, 0x00, 0x00, 0x00,
    0x00, 0x00, 0x00, 0x00, 0x28, 0xD2, 0x28, 0xD2, 0x28, 0xD2, 0x28, 0xD2,
    0x28, 0xD2, 0x28, 0xD2, 0x28, 0xD2, 0x28, 0xD2, 0x28, 0xD2, 0x28, 0xD2,
    0x28, 0xD2, 0x82, 0x10, 0x82, 0x10, 0x82, 0x10, 0x82, 0x10, 0x82, 0x10,
    0x82, 0x10, 0x82, 0x10, 0x82, 0x10, 0x82, 0x10, 0x82, 0x10, 0x28, 0xD2,
    0x28, 0xD2, 0x28, 0xD2, 0x28, 0xD2, 0x28, 0xD2, 0x28, 0xD2, 0x28, 0xD2,
    0x28, 0xD2, 0x28, 0xD2, 0x28, 0xD2, 0x28, 0xD2, 0x00, 0x00, 0x00, 0x00,
    0x00, 0x00, 0x00, 0x00, 0x00, 0x00, 0x00, 0x00, 0x00, 0x00, 0x00, 0x00,
    0x00, 0x00, 0x28, 0xD2, 0x28, 0xD2, 0x28, 0xD2, 0x28, 0xD2, 0x28, 0xD2,
    0x28, 0xD2, 0x28, 0xD2, 0x28, 0xD2, 0x28, 0xD2, 0x28, 0xD2, 0x28, 0xD2,
    0x28, 0xD2, 0x82, 0x10, 0x82, 0x10, 0x82, 0x10, 0x82, 0x10, 0x82, 0x10,
    0x82, 0x10, 0x28, 0xD2, 0x28, 0xD2, 0x28, 0xD2, 0x28, 0xD2, 0x28, 0xD2,
    0x28, 0xD2, 0x28, 0xD2, 0x28, 0xD2, 0x28, 0xD2, 0x28, 0xD2, 0x28, 0xD2,
    0x28, 0xD2, 0x00, 0x00, 0x00, 0x00, 0x00, 0x00, 0x00, 0x00, 0x00, 0x00,
    0x00, 0x00, 0x00, 0x00, 0x00, 0x00, 0x00, 0x00, 0x00, 0x00, 0x28, 0xD2,
    0x28, 0xD2, 0x28, 0xD2, 0x28, 0xD2, 0x28, 0xD2, 0x28, 0xD2, 0x28, 0xD2,
    0x28, 0xD2, 0x28, 0xD2, 0x28, 0xD2, 0x28, 0xD2, 0x28, 0xD2, 0x28, 0xD2,
    0x28, 0xD2, 0x28, 0xD2, 0x28, 0xD2, 0x28, 0xD2, 0x28, 0xD2, 0x28, 0xD2,
    0x28, 0xD2, 0x28, 0xD2, 0x28, 0xD2, 0x28, 0xD2, 0x28, 0xD2, 0x28, 0xD2,
    0x28, 0xD2, 0x28, 0xD2, 0x28, 0xD2, 0x28, 0xD2, 0x28, 0xD2, 0x00, 0x00,
    0x00, 0x00, 0x00, 0x00, 0x00, 0x00, 0x00, 0x00, 0x00, 0x00, 0x00, 0x00,
    0x00, 0x00, 0x00, 0x00, 0x00, 0x00, 0x00, 0x00, 0x28, 0xD2, 0x28, 0xD2,
    0x28, 0xD2, 0x28, 0xD2, 0x28, 0xD2, 0x28, 0xD2, 0x28, 0xD2, 0x28, 0xD2,
    0x28, 0xD2, 0x28, 0xD2, 0x28, 0xD2, 0x28, 0xD2, 0x28, 0xD2, 0x28, 0xD2,
    0x28, 0xD2, 0x28, 0xD2, 0x28, 0xD2, 0x28, 0xD2, 0x28, 0xD2, 0x28, 0xD2,
    0x28, 0xD2, 0x28, 0xD2, 0x28, 0xD2, 0x28, 0xD2, 0x28, 0xD2, 0x28, 0xD2,
    0x28, 0xD2, 0x28, 0xD2, 0x00, 0x00, 0x00, 0x00, 0x00, 0x00, 0x00, 0x00,
    0x00, 0x00, 0x00, 0x00, 0x00, 0x00, 0x00, 0x00, 0x00, 0x00, 0x00, 0x00,
    0x00, 0x00, 0x00, 0x00, 0x00, 0x00, 0x00, 0x00, 0x28, 0xD2, 0x28, 0xD2,
    0x28, 0xD2, 0x28, 0xD2, 0x28, 0xD2, 0x28, 0xD2, 0x28, 0xD2, 0x28, 0xD2,
    0x28, 0xD2, 0x28, 0xD2, 0x28, 0xD2, 0x28, 0xD2, 0x28, 0xD2, 0x28, 0xD2,
    0x28, 0xD2, 0x28, 0xD2, 0x28, 0xD2, 0x28, 0xD2, 0x28, 0xD2, 0x28, 0xD2,
    0x28, 0xD2, 0x28, 0xD2, 0x28, 0xD2, 0x28, 0xD2, 0x00, 0x00, 0x00, 0x00,
    0x00, 0x00, 0x00, 0x00, 0x00, 0x00, 0x00, 0x00, 0x00, 0x00, 0x00, 0x00,
    0x00, 0x00, 0x00, 0x00, 0x00, 0x00, 0x00, 0x00, 0x00, 0x00, 0x00, 0x00,
    0x00, 0x00, 0x00, 0x00, 0x00, 0x00, 0x28, 0xD2, 0x28, 0xD2, 0x28, 0xD2,
    0x28, 0xD2, 0x28, 0xD2, 0x28, 0xD2, 0x28, 0xD2, 0x28, 0xD2, 0x28, 0xD2,
    0x28, 0xD2, 0x28, 0xD2, 0x28, 0xD2, 0x28, 0xD2, 0x28, 0xD2, 0x28, 0xD2,
    0x28, 0xD2, 0x28, 0xD2, 0x28, 0xD2, 0x28, 0xD2, 0x28, 0xD2, 0x28, 0xD2,
    0x28, 0xD2, 0x00, 0x00, 0x00, 0x00, 0x00, 0x00, 0x00, 0x00, 0x00, 0x00,
    0x00, 0x00, 0x00, 0x00, 0x00, 0x00, 0x00, 0x00, 0x00, 0x00, 0x00, 0x00,
    0x00, 0x00, 0x00, 0x00, 0x00, 0x00, 0x00, 0x00, 0x00, 0x00, 0x00, 0x00,
    0x00, 0x00, 0x00, 0x00, 0x28, 0xD2, 0x28, 0xD2, 0x28, 0xD2, 0x28, 0xD2,
    0x28, 0xD2, 0x28, 0xD2, 0x28, 0xD2, 0x28, 0xD2, 0x28, 0xD2, 0x28, 0xD2,
    0x28, 0xD2, 0x28, 0xD2, 0x28, 0xD2, 0x28, 0xD2, 0x28, 0xD2, 0x28, 0xD2,
    0x28, 0xD2, 0x28, 0xD2, 0x28, 0xD2, 0x28, 0xD2, 0x00, 0x00, 0x00, 0x00,
    0x00, 0x00, 0x00, 0x00, 0x00, 0x00, 0x00, 0x00, 0x00, 0x00, 0x00, 0x00,
    0x00, 0x00, 0x00, 0x00, 0x00, 0x00, 0x00, 0x00, 0x00, 0x00, 0x00, 0x00,
    0x00, 0x00, 0x00, 0x00, 0x00, 0x00, 0x00, 0x00, 0x00, 0x00, 0x00, 0x00,
    0x00, 0x00, 0x00, 0x00, 0x00, 0x00, 0x28, 0xD2, 0x28, 0xD2, 0x28, 0xD2,
    0x28, 0xD2, 0x28, 0xD2, 0x28, 0xD2, 0x28, 0xD2, 0x28, 0xD2, 0x28, 0xD2,
    0x28, 0xD2, 0x28, 0xD2, 0x28, 0xD2, 0x28, 0xD2, 0x28, 0xD2, 0x00, 0x00,
    0x00, 0x00, 0x00, 0x00, 0x00, 0x00, 0x00, 0x00, 0x00, 0x00, 0x00, 0x00,
    0x00, 0x00, 0x00, 0x00, 0x00, 0x00, 0x00, 0x00, 0x00, 0x00, 0x00, 0x00,
    0x00, 0x00, 0x00, 0x00, 0x00, 0x00, 0x00, 0x00, 0x00, 0x00, 0x00, 0x00,
    0x00, 0x00, 0x00, 0x00, 0x00, 0x00, 0x00, 0x00, 0x00, 0x00, 0x00, 0x00,
    0x00, 0x00, 0x00, 0x00, 0x00, 0x00, 0x00, 0x00, 0x28, 0xD2, 0x28, 0xD2,
    0x28, 0xD2, 0x28, 0xD2, 0x28, 0xD2, 0x28, 0xD2, 0x28, 0xD2, 0x28, 0xD2,
    0x00, 0x00, 0x00, 0x00, 0x00, 0x00, 0x00, 0x00, 0x00, 0x00, 0x00, 0x00,
    0x00, 0x00, 0x00, 0x00, 0x00, 0x00, 0x00, 0x00, 0x00, 0x00, 0x00, 0x00,
    0x00, 0x00, 0x00, 0x00, 0x00, 0x00, 0x00, 0x00, 0x00, 0x00, 0x00, 0x00,
    0x00, 0x00, 0x00, 0x00, 0x00, 0x00, 0x00, 0x00, 0x00, 0x00, 0x00, 0x00,
    0xFF, 0xFF, 0xFF, 0xFF, 0xFF, 0xFF, 0xFF, 0xFF, 0x00, 0x00, 0x00, 0x00,
    0x00, 0x00, 0x00, 0x00, 0x00, 0x00, 0x00, 0x00, 0x00, 0x00, 0x00, 0x00,
    0x00, 0x00, 0x00, 0x00, 0x00, 0x00, 0x00, 0x00, 0x00, 0x00, 0x00, 0x00,
    0x00, 0xFF, 0xFF, 0xFF, 0xFF, 0xFF, 0xFF, 0xFF, 0xFF, 0xFF, 0xFF, 0xFF,
    0xFF, 0xFF, 0xFF, 0x00, 0x00, 0x00, 0x00, 0x00, 0x00, 0x00, 0x00, 0x00,
    0x00, 0x00, 0x00, 0x00, 0x00, 0x00, 0x00, 0x00, 0x00, 0x00, 0x00, 0x00,
    0x00, 0x00, 0xFF, 0xFF, 0xFF, 0xFF, 0xFF, 0xFF, 0xFF, 0xFF, 0xFF, 0xFF,
    0xFF, 0xFF, 0xFF, 0xFF, 0xFF, 0xFF, 0xFF, 0xFF, 0xFF, 0xFF, 0x00, 0x00,
    0x00, 0x00, 0x00, 0x00, 0x00, 0x00, 0x00, 0x00, 0x00, 0x00, 0x00, 0x00,
    0x00, 0x00, 0x00, 0x00, 0x00, 0xFF, 0xFF, 0xFF, 0xFF, 0xFF, 0xFF, 0xFF,
    0xFF, 0xFF, 0xFF, 0xFF, 0xFF, 0xFF, 0xFF, 0xFF, 0xFF, 0xFF, 0xFF, 0xFF,
    0xFF, 0xFF, 0xFF, 0x00, 0x00, 0x00, 0x00, 0x00, 0x00, 0x00, 0x00, 0x00,
    0x00, 0x00, 0x00, 0x00, 0x00, 0x00, 0x00, 0x00, 0xFF, 0xFF, 0xFF, 0xFF,
    0xFF, 0xFF, 0xFF, 0xFF, 0xFF, 0xFF, 0xFF, 0xFF, 0xFF, 0xFF, 0xFF, 0xFF,
    0xFF, 0xFF, 0xFF, 0xFF, 0xFF, 0xFF, 0xFF, 0xFF, 0x00, 0x00, 0x00, 0x00,
    0x00, 0x00, 0x00, 0x00, 0x00, 0x00, 0x00, 0x00, 0x00, 0x00, 0xFF, 0xFF,
    0xFF, 0xFF, 0xFF, 0xFF, 0xFF, 0xFF, 0xFF, 0xFF, 0xFF, 0xFF, 0xFF, 0xFF,
    0xFF, 0xFF, 0xFF, 0xFF, 0xFF, 0xFF, 0xFF, 0xFF, 0xFF, 0xFF, 0xFF, 0xFF,
    0xFF, 0xFF, 0x00, 0x00, 0x00, 0x00, 0x00, 0x00, 0x00, 0x00, 0x00, 0x00,
    0x00, 0xFF, 0xFF, 0xFF, 0xFF, 0xFF, 0xFF, 0xFF, 0xFF, 0xFF, 0xFF, 0xFF,
    0xFF, 0xFF, 0xFF, 0xFF, 0xFF, 0xFF, 0xFF, 0xFF, 0xFF, 0xFF, 0xFF, 0xFF,
    0xFF, 0xFF, 0xFF, 0xFF, 0xFF, 0xFF, 0xFF, 0x00, 0x00, 0x00, 0x00, 0x00,
    0x00, 0x00, 0x00, 0x00, 0x00, 0xFF, 0xFF, 0xFF, 0xFF, 0xFF, 0xFF, 0xFF,
    0xFF, 0xFF, 0xFF, 0xFF, 0xFF, 0xFF, 0xFF, 0xFF, 0xFF, 0xFF, 0xFF, 0xFF,
    0xFF, 0xFF, 0xFF, 0xFF, 0xFF, 0xFF, 0xFF, 0xFF, 0xFF, 0xFF, 0xFF, 0x00,
    0x00, 0x00, 0x00, 0x00, 0x00, 0x00, 0x00, 0x00, 0xFF, 0xFF, 0xFF, 0xFF,
    0xFF, 0xFF, 0xFF, 0xFF, 0xFF, 0xFF, 0xFF, 0xFF, 0xFF, 0xFF, 0xFF, 0xFF,
    0xFF, 0xFF, 0xFF, 0xFF, 0xFF, 0xFF, 0xFF, 0xFF, 0xFF, 0xFF, 0xFF, 0xFF,
    0xFF, 0xFF, 0xFF, 0xFF, 0x00, 0x00, 0x00, 0x00, 0x00, 0x00, 0x00, 0xFF,
    0xFF, 0xFF, 0xFF, 0xFF, 0xFF, 0xFF, 0xFF, 0xFF, 0xFF, 0xFF, 0xFF, 0xFF,
    0xFF, 0xFF, 0xFF, 0xFF, 0xFF, 0xFF, 0xFF, 0xFF, 0xFF, 0xFF, 0xFF, 0xFF,
    0xFF, 0xFF, 0xFF, 0xFF, 0xFF, 0xFF, 0xFF, 0xFF, 0xFF, 0x00, 0x00, 0x00,
    0x00, 0x00, 0xFF, 0xFF, 0xFF, 0xFF, 0xFF, 0xFF, 0xFF, 0xFF, 0xFF, 0xFF,
    0xFF, 0xFF, 0xFF, 0xFF, 0xFF, 0xFF, 0xFF, 0xFF, 0xFF, 0xFF, 0xFF, 0xFF,
    0xFF, 0xFF, 0xFF, 0xFF, 0xFF, 0xFF, 0xFF, 0xFF, 0xFF, 0xFF, 0xFF, 0xFF,
    0xFF, 0xFF, 0x00, 0x00, 0x00, 0x00, 0xFF, 0xFF, 0xFF, 0xFF, 0xFF, 0xFF,
    0xFF, 0xFF, 0xFF, 0xFF, 0xFF, 0xFF, 0xFF, 0xFF, 0xFF, 0xFF, 0xFF, 0xFF,
    0xFF, 0xFF, 0xFF, 0xFF, 0xFF, 0xFF, 0xFF, 0xFF, 0xFF, 0xFF, 0xFF, 0xFF,
    0xFF, 0xFF, 0xFF, 0xFF, 0xFF, 0xFF, 0x00, 0x00, 0x00, 0x00, 0xFF, 0xFF,
    0xFF, 0xFF, 0xFF, 0xFF, 0xFF, 0xFF, 0xFF, 0xFF, 0xFF, 0xFF, 0xFF, 0xFF,
    0xFF, 0xFF, 0xFF, 0xFF, 0xFF, 0xFF, 0xFF, 0xFF, 0xFF, 0xFF, 0xFF, 0xFF,
    0xFF, 0xFF, 0xFF, 0xFF, 0xFF, 0xFF, 0xFF, 0xFF, 0xFF, 0xFF, 0x00, 0x00,
    0x00, 0xFF, 0xFF, 0xFF, 0xFF, 0xFF, 0xFF, 0xFF, 0xFF, 0xFF, 0xFF, 0xFF,
    0xFF, 0xFF, 0xFF, 0xFF, 0xFF, 0xFF, 0xFF, 0xFF, 0xFF, 0xFF, 0xFF, 0xFF,
    0xFF, 0xFF, 0xFF, 0xFF, 0xFF, 0xFF, 0xFF, 0xFF, 0xFF, 0xFF, 0xFF, 0xFF,
    0xFF, 0xFF, 0xFF, 0x00, 0x00, 0xFF, 0xFF, 0xFF, 0xFF, 0xFF, 0xFF, 0xFF,
    0xFF, 0xFF, 0xFF, 0xFF, 0xFF, 0xFF, 0xFF, 0xFF, 0xFF, 0xFF, 0xFF, 0xFF,
    0xFF, 0xFF, 0xFF, 0xFF, 0xFF, 0xFF, 0xFF, 0xFF, 0xFF, 0xFF, 0xFF, 0xFF,
    0xFF, 0xFF, 0xFF, 0xFF, 0xFF, 0xFF, 0xFF, 0x00, 0x00, 0xFF, 0xFF, 0xFF,
    0xFF, 0xFF, 0xFF, 0xFF, 0xFF, 0xFF, 0xFF, 0xFF, 0xFF, 0xFF, 0xFF, 0xFF,
    0xFF, 0xFF, 0xFF, 0xFF, 0xFF, 0xFF, 0xFF, 0xFF, 0xFF, 0xFF, 0xFF, 0xFF,
    0xFF, 0xFF, 0xFF, 0xFF, 0xFF, 0xFF, 0xFF, 0xFF, 0xFF, 0xFF, 0xFF, 0x00,
    0xFF, 0xFF, 0xFF, 0xFF, 0xFF, 0xFF, 0xFF, 0xFF, 0xFF, 0xFF, 0xFF, 0xFF,
    0xFF, 0xFF, 0xFF, 0xFF, 0xFF, 0xFF, 0xFF, 0xFF, 0xFF, 0xFF, 0xFF, 0xFF,
    0xFF, 0xFF, 0xFF, 0xFF, 0xFF, 0xFF, 0xFF, 0xFF, 0xFF, 0xFF, 0xFF, 0xFF,
    0xFF, 0xFF, 0xFF, 0xFF, 0xFF, 0xFF, 0xFF, 0xFF, 0xFF, 0xFF, 0xFF, 0xFF,
    0xFF, 0xFF, 0xFF, 0xFF, 0xFF, 0xFF, 0xFF, 0xFF, 0xFF, 0xFF, 0xFF, 0xFF,
    0xFF, 0xFF, 0xFF, 0xFF, 0xFF, 0xFF, 0xFF, 0xFF, 0xFF, 0xFF, 0xFF, 0xFF,
    0xFF, 0xFF, 0xFF, 0xFF, 0xFF, 0xFF, 0xFF, 0xFF, 0xFF, 0xFF, 0xFF, 0xFF,
    0xFF, 0xFF, 0xFF, 0xFF, 0xFF, 0xFF, 0xFF, 0xFF, 0xFF, 0xFF, 0xFF, 0xFF,
    0xFF, 0xFF, 0xFF, 0xFF, 0xFF, 0xFF, 0xFF, 0xFF, 0xFF, 0xFF, 0xFF, 0xFF,
    0xFF, 0xFF, 0xFF, 0xFF, 0xFF, 0xFF, 0xFF, 0xFF, 0xFF, 0xFF, 0xFF, 0xFF,
    0xFF, 0xFF, 0xFF, 0xFF, 0xFF, 0xFF, 0xFF, 0xFF, 0xFF, 0xFF, 0xFF, 0xFF,
    0xFF, 0xFF, 0xFF, 0xFF, 0xFF, 0xFF, 0xFF, 0xFF, 0xFF, 0xFF, 0xFF, 0xFF,
    0xFF, 0xFF, 0xFF, 0xFF, 0xFF, 0xFF, 0xFF, 0xFF, 0xFF, 0xFF, 0xFF, 0xFF,
    0xFF, 0xFF, 0xFF, 0xFF, 0xFF, 0xFF, 0xFF, 0xFF, 0xFF, 0xFF, 0xFF, 0xFF,
    0xFF, 0xFF, 0xFF, 0xFF, 0xFF, 0xFF, 0xFF, 0xFF, 0xFF, 0xFF, 0xFF, 0xFF,
    0xFF, 0xFF, 0xFF, 0xFF, 0xFF, 0xFF, 0xFF, 0xFF, 0xFF, 0xFF, 0xFF, 0xFF,
    0xFF, 0xFF, 0xFF, 0xFF, 0xFF, 0xFF, 0xFF, 0xFF, 0xFF, 0xFF, 0xFF, 0xFF,
    0xFF, 0xFF, 0xFF, 0xFF, 0xFF, 0xFF, 0xFF, 0xFF, 0xFF, 0xFF, 0xFF, 0xFF,
    0xFF, 0xFF, 0xFF, 0xFF, 0xFF, 0xFF, 0xFF, 0xFF, 0xFF, 0xFF, 0xFF, 0xFF,
    0xFF, 0xFF, 0xFF, 0xFF, 0xFF, 0xFF, 0xFF, 0xFF, 0xFF, 0xFF, 0xFF, 0xFF,
    0xFF, 0xFF, 0xFF, 0xFF, 0xFF, 0xFF, 0xFF, 0xFF, 0xFF, 0xFF, 0xFF, 0xFF,
    0xFF, 0xFF, 0xFF, 0xFF, 0xFF, 0xFF, 0xFF, 0xFF, 0xFF, 0xFF, 0xFF, 0xFF,
    0xFF, 0xFF, 0xFF, 0xFF, 0xFF, 0xFF, 0xFF, 0xFF, 0xFF, 0xFF, 0xFF, 0xFF,
    0xFF, 0xFF, 0xFF, 0xFF, 0xFF, 0xFF, 0xFF, 0xFF, 0xFF, 0xFF, 0xFF, 0xFF,
    0xFF, 0xFF, 0xFF, 0xFF, 0xFF, 0xFF, 0xFF, 0xFF, 0xFF, 0xFF, 0xFF, 0xFF,
    0xFF, 0xFF, 0xFF, 0xFF, 0xFF, 0xFF, 0xFF, 0xFF, 0xFF, 0xFF, 0xFF, 0xFF,
    0xFF, 0xFF, 0xFF, 0xFF, 0xFF, 0xFF, 0xFF, 0xFF, 0x00, 0xFF, 0xFF, 0xFF,
    0xFF, 0xFF, 0xFF, 0xFF, 0xFF, 0xFF, 0xFF, 0xFF, 0xFF, 0xFF, 0xFF, 0xFF,
    0xFF, 0xFF, 0xFF, 0xFF, 0xFF, 0xFF, 0xFF, 0xFF, 0xFF, 0xFF, 0xFF, 0xFF,
    0xFF, 0xFF, 0xFF, 0xFF, 0xFF, 0xFF, 0xFF, 0xFF, 0xFF, 0xFF, 0xFF, 0x00,
    0x00, 0xFF, 0xFF, 0xFF, 0xFF, 0xFF, 0xFF, 0xFF, 0xFF, 0xFF, 0xFF, 0xFF,
    0xFF, 0xFF, 0xFF, 0xFF, 0xFF, 0xFF, 0xFF, 0xFF, 0xFF, 0xFF, 0xFF, 0xFF,
    0xFF, 0xFF, 0xFF, 0xFF, 0xFF, 0xFF, 0xFF, 0xFF, 0xFF, 0xFF, 0xFF, 0xFF,
    0xFF, 0xFF, 0xFF, 0x00, 0x00, 0xFF, 0xFF, 0xFF, 0xFF, 0xFF, 0xFF, 0xFF,
    0xFF, 0xFF, 0xFF, 0xFF, 0xFF, 0xFF, 0xFF, 0xFF, 0xFF, 0xFF, 0xFF, 0xFF,
    0xFF, 0xFF, 0xFF, 0xFF, 0xFF, 0xFF, 0xFF, 0xFF, 0xFF, 0xFF, 0xFF, 0xFF,
    0xFF, 0xFF, 0xFF, 0xFF, 0xFF, 0xFF, 0xFF, 0x00, 0x00, 0x00, 0xFF, 0xFF,
    0xFF, 0xFF, 0xFF, 0xFF, 0xFF, 0xFF, 0xFF, 0xFF, 0xFF, 0xFF, 0xFF, 0xFF,
    0xFF, 0xFF, 0xFF, 0xFF, 0xFF, 0xFF, 0xFF, 0xFF, 0xFF, 0xFF, 0xFF, 0xFF,
    0xFF, 0xFF, 0xFF, 0xFF, 0xFF, 0xFF, 0xFF, 0xFF, 0xFF, 0xFF, 0x00, 0x00,
    0x00, 0x00, 0xFF, 0xFF, 0xFF, 0xFF, 0xFF, 0xFF, 0xFF, 0xFF, 0xFF, 0xFF,
    0xFF, 0xFF, 0xFF, 0xFF, 0xFF, 0xFF, 0xFF, 0xFF, 0xFF, 0xFF, 0xFF, 0xFF,
    0xFF, 0xFF, 0xFF, 0xFF, 0xFF, 0xFF, 0xFF, 0xFF, 0xFF, 0xFF, 0xFF, 0xFF,
    0xFF, 0xFF, 0x00, 0x00, 0x00, 0x00, 0xFF, 0xFF, 0xFF, 0xFF, 0xFF, 0xFF,
    0xFF, 0xFF, 0xFF, 0xFF, 0xFF, 0xFF, 0xFF, 0xFF, 0xFF, 0xFF, 0xFF, 0xFF,
    0xFF, 0xFF, 0xFF, 0xFF, 0xFF, 0xFF, 0xFF, 0xFF, 0xFF, 0xFF, 0xFF, 0xFF,
    0xFF, 0xFF, 0xFF, 0xFF, 0xFF, 0xFF, 0x00, 0x00, 0x00, 0x00, 0x00, 0xFF,
    0xFF, 0xFF, 0xFF, 0xFF, 0xFF, 0xFF, 0xFF, 0xFF, 0xFF, 0xFF, 0xFF, 0xFF,
    0xFF, 0xFF, 0xFF, 0xFF, 0xFF, 0xFF, 0xFF, 0xFF, 0xFF, 0xFF, 0xFF, 0xFF,
    0xFF, 0xFF, 0xFF, 0xFF, 0xFF, 0xFF, 0xFF, 0xFF, 0xFF, 0x00, 0x00, 0x00,
    0x00, 0x00, 0x00, 0x00, 0xFF, 0xFF, 0xFF, 0xFF, 0xFF, 0xFF, 0xFF, 0xFF,
    0xFF, 0xFF, 0xFF, 0xFF, 0xFF, 0xFF, 0xFF, 0xFF, 0xFF, 0xFF, 0xFF, 0xFF,
    0xFF, 0xFF, 0xFF, 0xFF, 0xFF, 0xFF, 0xFF, 0xFF, 0xFF, 0xFF, 0xFF, 0xFF,
    0x00, 0x00, 0x00, 0x00, 0x00, 0x00, 0x00, 0x00, 0x00, 0xFF, 0xFF, 0xFF,
    0xFF, 0xFF, 0xFF, 0xFF, 0xFF, 0xFF, 0xFF, 0xFF, 0xFF, 0xFF, 0xFF, 0xFF,
    0xFF, 0xFF, 0xFF, 0xFF, 0xFF, 0xFF, 0xFF, 0xFF, 0xFF, 0xFF, 0xFF, 0xFF,
    0xFF, 0xFF, 0xFF, 0x00, 0x00, 0x00, 0x00, 0x00, 0x00, 0x00, 0x00, 0x00,
    0x00, 0xFF, 0xFF, 0xFF, 0xFF, 0xFF, 0xFF, 0xFF, 0xFF, 0xFF, 0xFF, 0xFF,
    0xFF, 0xFF, 0xFF, 0xFF, 0xFF, 0xFF, 0xFF, 0xFF, 0xFF, 0xFF, 0xFF, 0xFF,
    0xFF, 0xFF, 0xFF, 0xFF, 0xFF, 0xFF, 0xFF, 0x00, 0x00, 0x00, 0x00, 0x00,
    0x00, 0x00, 0x00, 0x00, 0x00, 0x00, 0xFF, 0xFF, 0xFF, 0xFF, 0xFF, 0xFF,
    0xFF, 0xFF, 0xFF, 0xFF, 0xFF, 0xFF, 0xFF, 0xFF, 0xFF, 0xFF, 0xFF, 0xFF,
    0xFF, 0xFF, 0xFF, 0xFF, 0xFF, 0xFF, 0xFF, 0xFF, 0xFF, 0xFF, 0x00, 0x00,
    0x00, 0x00, 0x00, 0x00, 0x00, 0x00, 0x00, 0x00, 0x00, 0x00, 0x00, 0x00,
    0xFF, 0xFF, 0xFF, 0xFF, 0xFF, 0xFF, 0xFF, 0xFF, 0xFF, 0xFF, 0xFF, 0xFF,
    0xFF, 0xFF, 0xFF, 0xFF, 0xFF, 0xFF, 0xFF, 0xFF, 0xFF, 0xFF, 0xFF, 0xFF,
    0x00, 0x00, 0x00, 0x00, 0x00, 0x00, 0x00, 0x00, 0x00, 0x00, 0x00, 0x00,
    0x00, 0x00, 0x00, 0x00, 0x00, 0xFF, 0xFF, 0xFF, 0xFF, 0xFF, 0xFF, 0xFF,
    0xFF, 0xFF, 0xFF, 0xFF, 0xFF, 0xFF, 0xFF, 0xFF, 0xFF, 0xFF, 0xFF, 0xFF,
    0xFF, 0xFF, 0xFF, 0x00, 0x00, 0x00, 0x00, 0x00, 0x00, 0x00, 0x00, 0x00,
    0x00, 0x00, 0x00, 0x00, 0x00, 0x00, 0x00, 0x00, 0x00, 0x00, 0xFF, 0xFF,
    0xFF, 0xFF, 0xFF, 0xFF, 0xFF, 0xFF, 0xFF, 0xFF, 0xFF, 0xFF, 0xFF, 0xFF,
    0xFF, 0xFF, 0xFF, 0xFF, 0xFF, 0xFF, 0x00, 0x00, 0x00, 0x00, 0x00, 0x00,
    0x00, 0x00, 0x00, 0x00, 0x00, 0x00, 0x00, 0x00, 0x00, 0x00, 0x00, 0x00,
    0x00, 0x00, 0x00, 0x00, 0x00, 0xFF, 0xFF, 0xFF, 0xFF, 0xFF, 0xFF, 0xFF,
    0xFF, 0xFF, 0xFF, 0xFF, 0xFF, 0xFF, 0xFF, 0x00, 0x00, 0x00, 0x00, 0x00,
    0x00, 0x00, 0x00, 0x00, 0x00, 0x00, 0x00, 0x00, 0x00, 0x00, 0x00, 0x00,
    0x00, 0x00, 0x00, 0x00, 0x00, 0x00, 0x00, 0x00, 0x00, 0x00, 0x00, 0x00,
    0xFF, 0xFF, 0xFF, 0xFF, 0xFF, 0xFF, 0xFF, 0xFF, 0x00, 0x00, 0x00, 0x00,
    0x00, 0x00, 0x00, 0x00, 0x00, 0x00, 0x00, 0x00, 0x00, 0x00, 0x00, 0x00,
  },
  { /* frame 7 */
    0x00, 0x00, 0x00, 0x00, 0x00, 0x00, 0x00, 0x00, 0x00, 0x00, 0x00, 0x00,
    0x00, 0x00, 0x00, 0x00, 0x00, 0x00, 0x00, 0xF8, 0x00, 0x00, 0x00, 0x00,
    0x00, 0x00, 0x00, 0x00, 0x28, 0xD2, 0x28, 0xD2, 0x28, 0xD2, 0x08, 0xD2,
    0x49, 0xE2, 0x28, 0xD2, 0x28, 0xD2, 0x28, 0xD2, 0x28, 0xDA, 0x28, 0xD2,
    0x00, 0x00, 0x00, 0x00, 0x00, 0x00, 0x00, 0x00, 0x00, 0x00, 0x00, 0x00,
    0x00, 0x00, 0x00, 0x00, 0x00, 0x00, 0x00, 0x00, 0x00, 0x00, 0x00, 0x00,
    0x00, 0x00, 0x00, 0x00, 0x00, 0x00, 0x00, 0x00, 0x00, 0x00, 0x00, 0x00,
    0x00, 0x00, 0x00, 0x00, 0x00, 0x00, 0x00, 0x00, 0x00, 0x00, 0x00, 0x00,
    0x86, 0xC9, 0x00, 0x00, 0x28, 0xD2, 0x00, 0x00, 0x28, 0xD2, 0x28, 0xD2,
    0x8A, 0xFA, 0x49, 0xE2, 0x69, 0xF2, 0x69, 0xEA, 0x28, 0xD2, 0x49, 0xDA,
    0x49, 0xEA, 0x28, 0xD2, 0x28, 0xD2, 0x28, 0xD2, 0x28, 0xD2, 0x28, 0xD2,
    0x28, 0xD2, 0x28, 0xD2, 0x00, 0x00, 0x00, 0x00, 0x00, 0x00, 0x00, 0x00,
    0x00, 0x00, 0x00, 0x00, 0x00, 0x00, 0x00, 0x00, 0x00, 0x00, 0x00, 0x00,
    0x00, 0x00, 0x00, 0x00, 0x00, 0x00, 0x00, 0x00, 0x00, 0x00, 0x00, 0x00,
    0x00, 0x00, 0x00, 0x00, 0x00, 0x00, 0x00, 0x00, 0x00, 0x00, 0x28, 0xD2,
    0x28, 0xD2, 0x28, 0xD2, 0x28, 0xD2, 0x69, 0xEA, 0x28, 0xD2, 0x28, 0xD2,
    0x28, 0xD2, 0x28, 0xD2, 0x28, 0xD2, 0x28, 0xD2, 0x28, 0xD2, 0x28, 0xD2,
    0x28, 0xD2, 0x28, 0xD2, 0x28, 0xD2, 0x28, 0xD2, 0x28, 0xD2, 0x28, 0xDA,
    0x28, 0xD2, 0x28, 0xD2, 0x00, 0x00, 0x00, 0x00, 0x00, 0x00, 0x00, 0x00,
    0x00, 0x00, 0x00, 0x00, 0x00, 0x00, 0x00, 0x00, 0x00, 0x00, 0x00, 0x00,
    0x00, 0x00, 0x00, 0x00, 0x00, 0x00, 0x00, 0x00, 0x00, 0x00, 0x00, 0x00,
    0x00, 0x00, 0x00, 0x00, 0x00, 0xF8, 0xAA, 0xFA, 0x28, 0xD2, 0x28, 0xDA,
    0x28, 0xD2, 0x28, 0xD2, 0x28, 0xD2, 0x28, 0xD2, 0x28, 0xD2, 0x28, 0xD2,
    0x28, 0xD2, 0x28, 0xD2, 0x28, 0xD2, 0x28, 0xD2, 0x28, 0xD2, 0x28, 0xD2,
    0x28, 0xD2, 0x28, 0xD2, 0x28, 0xD2, 0x28, 0xD2, 0x49, 0xE2, 0x49, 0xEA,
    0x28, 0xD2, 0x28, 0xD2, 0x00, 0x00, 0x00, 0x00, 0x00, 0x00, 0x00, 0x00,
    0x00, 0x00, 0x00, 0x00, 0x00, 0x00, 0x00, 0x00, 0x00, 0x00, 0x00, 0x00,
    0x00, 0x00, 0x00, 0x00, 0xE7, 0xB9, 0x00, 0x00, 0x00, 0x00, 0x28, 0xDA,
    0x28, 0xD2, 0x69, 0xEA, 0x28, 0xD2, 0x28, 0xD2, 0x28, 0xD2, 0x28, 0xD2,
    0x28, 0xD2, 0x28, 0xD2, 0x28, 0xD2, 0x28, 0xD2, 0x28, 0xD2, 0x28, 0xD2,
    0x28, 0xD2, 0x28, 0xD2, 0x28, 0xD2, 0x28, 0xD2, 0x28, 0xD2, 0x28, 0xD2,
    0x28, 0xD2, 0x28, 0xD2, 0x28, 0xD2, 0x28, 0xD2, 0x49, 0xE2, 0x28, 0xD2,
    0x08, 0xD2, 0xC7, 0xE1, 0x00, 0x00, 0xE7, 0xB9, 0x00, 0x00, 0x00, 0x00,
    0x00, 0x00, 0x00, 0x00, 0x00, 0x00, 0x00, 0x00, 0x00, 0x00, 0x00, 0x00,
    0x00, 0x00, 0xA6, 0xC9, 0x28, 0xD2, 0x28, 0xDA, 0x69, 0xEA, 0x28, 0xD2,
    0x28, 0xD2, 0x28, 0xD2, 0x28, 0xD2, 0x28, 0xD2, 0x28, 0xD2, 0x28, 0xD2,
    0x28, 0xD2, 0x28, 0xD2, 0x28, 0xD2, 0x28, 0xD2, 0x28, 0xDA, 0x28, 0xDA,
    0x28, 0xD2, 0x28, 0xD2, 0x28, 0xD2, 0x28, 0xD2, 0x28, 0xD2, 0x28, 0xD2,
    0x28, 0xD2, 0x28, 0xD2, 0x28, 0xD2, 0x69, 0xEA, 0x69, 0xF2, 0x69, 0xF2,
    0xA6, 0xC9, 0x00, 0x00, 0x00, 0x00, 0x00, 0x00, 0x00, 0x00, 0x00, 0x00,
    0x00, 0x00, 0x00, 0x00, 0x00, 0x00, 0x00, 0x00, 0xC7, 0xE1, 0x69, 0xF2,
    0x28, 0xD2, 0x28, 0xD2, 0x28, 0xD2, 0x28, 0xD2, 0x28, 0xD2, 0x28, 0xD2,
    0x28, 0xD2, 0x28, 0xD2, 0x28, 0xD2, 0x28, 0xD2, 0x28, 0xD2, 0x28, 0xDA,
    0x48, 0xE2, 0x8A, 0xFA, 0xE7, 0xB9, 0x08, 0xC2, 0x49, 0xEA, 0x49, 0xF2,
    0x48, 0xE2, 0x28, 0xD2, 0x28, 0xD2, 0x28, 0xD2, 0x28, 0xD2, 0x28, 0xD2,
    0x28, 0xD2, 0x28, 0xD2, 0x28, 0xD2, 0x28, 0xD2, 0x28, 0xD2, 0x00, 0x00,
    0x00, 0x00, 0x00, 0x00, 0x00, 0x00, 0x00, 0x00, 0x00, 0x00, 0x00, 0x00,
    0x00, 0x00, 0x00, 0x00, 0x08, 0xD2, 0x69, 0xF2, 0x28, 0xD2, 0x28, 0xD2,
    0x28, 0xD2, 0x28, 0xD2, 0x28, 0xD2, 0x28, 0xD2, 0x28, 0xD2, 0x28, 0xDA,
    0x49, 0xEA, 0x69, 0xF2, 0x28, 0xD2, 0x49, 0xEA, 0x04, 0x51, 0x45, 0x71,
    0xA3, 0x18, 0x62, 0x00, 0xE4, 0x38, 0x45, 0x69, 0xA7, 0xA1, 0x28, 0xD2,
    0x48, 0xE2, 0x28, 0xD2, 0x28, 0xD2, 0x28, 0xD2, 0x28, 0xD2, 0x28, 0xD2,
    0x28, 0xD2, 0x28, 0xD2, 0x28, 0xDA, 0x28, 0xDA, 0x00, 0x00, 0x00, 0x00,
    0x00, 0x00, 0x00, 0x00, 0x00, 0x00, 0x00, 0x00, 0x00, 0x00, 0x28, 0xD2,
    0x28, 0xD2, 0x69, 0xEA, 0x28, 0xD2, 0x28, 0xD2, 0x28, 0xD2, 0x28, 0xD2,
    0x28, 0xD2, 0x28, 0xDA, 0x08, 0xCA, 0xA6, 0x91, 0xA3, 0x10, 0x66, 0x81,
    0x49, 0xEA, 0xE8, 0xC1, 0x21, 0x00, 0x62, 0x00, 0x82, 0x10, 0x82, 0x10,
    0x82, 0x00, 0x62, 0x00, 0x62, 0x00, 0x62, 0x00, 0x08, 0xD2, 0x69, 0xF2,
    0x28, 0xD2, 0x28, 0xD2, 0x28, 0xD2, 0x28, 0xD2, 0x28, 0xD2, 0x28, 0xD2,
    0x69, 0xEA, 0x28, 0xD2, 0x00, 0xF8, 0x00, 0x00, 0x86, 0xC9, 0x00, 0x00,
    0x00, 0x00, 0x00, 0x00, 0x00, 0x00, 0x28, 0xD2, 0x49, 0xE2, 0x28, 0xD2,
    0x28, 0xD2, 0x28, 0xD2, 0x28, 0xD2, 0x28, 0xD2, 0x28, 0xD2, 0x8A, 0xFA,
    0x25, 0x59, 0x42, 0x00, 0x62, 0x00, 0xA3, 0x20, 0x08, 0xCA, 0x49, 0xE2,
    0x45, 0x69, 0x62, 0x00, 0x82, 0x10, 0x82, 0x10, 0x82, 0x10, 0x82, 0x10,
    0x82, 0x10, 0x82, 0x10, 0x24, 0x51, 0x86, 0x81, 0x28, 0xD2, 0x28, 0xD2,
    0x28, 0xD2, 0x28, 0xD2, 0x28, 0xD2, 0x28, 0xD2, 0x28, 0xD2, 0x69, 0xEA,
    0xAA, 0xFA, 0x28, 0xD2, 0x00, 0x00, 0x00, 0xF8, 0x00, 0x00, 0x00, 0x00,
    0x28, 0xD2, 0x49, 0xEA, 0x28, 0xD2, 0x28, 0xD2, 0x28, 0xD2, 0x28, 0xD2,
    0x28, 0xD2, 0x28, 0xD2, 0x69, 0xFA, 0x86, 0x91, 0xC3, 0x28, 0x82, 0x08,
    0x82, 0x10, 0x21, 0x00, 0x86, 0x89, 0x89, 0xFA, 0x04, 0x51, 0x41, 0x00,
    0x82, 0x10, 0x82, 0x10, 0x82, 0x10, 0x82, 0x10, 0x82, 0x10, 0x82, 0x10,
    0x21, 0x00, 0xC3, 0x20, 0x69, 0xF2, 0x28, 0xD2, 0x28, 0xD2, 0x28, 0xD2,
    0x28, 0xD2, 0x28, 0xD2, 0x28, 0xD2, 0x28, 0xD2, 0x28, 0xD2, 0x28, 0xD2,
    0x28, 0xD2, 0x00, 0x00, 0x00, 0x00, 0x00, 0x00, 0x28, 0xD2, 0x49, 0xE2,
    0x28, 0xD2, 0x28, 0xD2, 0x28, 0xD2, 0x28, 0xD2, 0x28, 0xDA, 0xE7, 0xB1,
    0xC3, 0x28, 0x41, 0x00, 0x82, 0x10, 0x82, 0x10, 0x82, 0x10, 0x82, 0x08,
    0xA7, 0xA1, 0x49, 0xE2, 0x08, 0xCA, 0xA3, 0x20, 0x82, 0x08, 0x82, 0x10,
    0x82, 0x10, 0x82, 0x10, 0x82, 0x10, 0x62, 0x00, 0x04, 0x49, 0xA7, 0xA1,
    0x49, 0xEA, 0x28, 0xE2, 0x69, 0xFA, 0x28, 0xDA, 0x28, 0xD2, 0x28, 0xD2,
    0x28, 0xD2, 0x28, 0xD2, 0x28, 0xDA, 0x28, 0xD2, 0x00, 0x00, 0x00, 0x00,
    0x00, 0x00, 0x28, 0xD2, 0x28, 0xDA, 0x28, 0xD2, 0x28, 0xD2, 0x28, 0xD2,
    0x28, 0xD2, 0x28, 0xD2, 0x49, 0xF2, 0x86, 0x81, 0x41, 0x00, 0x82, 0x10,
    0x82, 0x10, 0x82, 0x10, 0x82, 0x10, 0x82, 0x08, 0x62, 0x00, 0xC3, 0x20,
    0x25, 0x59, 0x82, 0x00, 0x82, 0x10, 0x82, 0x10, 0x82, 0x10, 0x82, 0x10,
    0x82, 0x08, 0x41, 0x00, 0x08, 0xC2, 0x49, 0xEA, 0x49, 0xE2, 0x45, 0x69,
    0x04, 0x51, 0x08, 0xCA, 0x28, 0xD2, 0x28, 0xD2, 0x28, 0xD2, 0x28, 0xD2,
    0x28, 0xD2, 0x28, 0xD2, 0x28, 0xD2, 0x00, 0x00, 0x00, 0x00, 0x28, 0xD2,
    0x28, 0xD2, 0x28, 0xD2, 0x28, 0xD2, 0x28, 0xD2, 0x28, 0xD2, 0x48, 0xE2,
    0x08, 0xD2, 0x24, 0x51, 0x62, 0x00, 0x82, 0x10, 0x82, 0x10, 0x82, 0x10,
    0x82, 0x10, 0x82, 0x10, 0x82, 0x10, 0x82, 0x08, 0x82, 0x00, 0xA3, 0x10,
    0x82, 0x10, 0x82, 0x10, 0x82, 0x10, 0x82, 0x08, 0xC3, 0x30, 0x28, 0xDA,
    0x69, 0xFA, 0x28, 0xD2, 0x82, 0x00, 0x82, 0x08, 0x42, 0x00, 0xA6, 0x91,
    0x28, 0xDA, 0x28, 0xD2, 0x28, 0xD2, 0x28, 0xD2, 0x28, 0xD2, 0x69, 0xEA,
    0x28, 0xD2, 0x00, 0x00, 0x00, 0x00, 0x28, 0xD2, 0x28, 0xD2, 0x28, 0xD2,
    0x28, 0xD2, 0x28, 0xD2, 0x28, 0xD2, 0x28, 0xD2, 0x62, 0x00, 0x82, 0x10,
    0x82, 0x10, 0x82, 0x10, 0x82, 0x10, 0x82, 0x10, 0x82, 0x10, 0x82, 0x10,
    0x82, 0x10, 0x82, 0x10, 0x82, 0x10, 0x82, 0x08, 0x82, 0x10, 0x82, 0x10,
    0x82, 0x10, 0x82, 0x10, 0x82, 0x08, 0x04, 0x49, 0x65, 0x71, 0x65, 0x71,
    0x42, 0x00, 0x82, 0x10, 0x62, 0x00, 0xA3, 0x18, 0x49, 0xEA, 0x28, 0xD2,
    0x28, 0xD2, 0x28, 0xD2, 0x28, 0xD2, 0x28, 0xD2, 0x8A, 0xFA, 0x28, 0xD2,
    0x00, 0x00, 0x28, 0xD2, 0x28, 0xD2, 0x28, 0xD2, 0x28, 0xD2, 0x28, 0xD2,
    0x28, 0xDA, 0xE7, 0xB1, 0x82, 0x10, 0x62, 0x00, 0x42, 0x00, 0x62, 0x00,
    0x82, 0x10, 0x82, 0x10, 0x82, 0x10, 0x82, 0x10, 0x82, 0x10, 0x82, 0x10,
    0x62, 0x08, 0xC3, 0x10, 0x82, 0x10, 0x62, 0x08, 0x62, 0x08, 0x82, 0x10,
    0x82, 0x10, 0x82, 0x00, 0x42, 0x00, 0x82, 0x00, 0x82, 0x08, 0x82, 0x10,
    0x62, 0x00, 0x24, 0x51, 0x69, 0xFA, 0x08, 0xD2, 0x28, 0xD2, 0x28, 0xD2,
    0x28, 0xD2, 0x28, 0xD2, 0x49, 0xE2, 0x28, 0xD2, 0x28, 0xD2, 0x28, 0xD2,
    0x28, 0xD2, 0x28, 0xD2, 0x28, 0xD2, 0x28, 0xD2, 0x28, 0xD2, 0x49, 0xE2,
    0x49, 0xE2, 0xE7, 0xB1, 0x86, 0x89, 0xE4, 0x30, 0x82, 0x08, 0x82, 0x10,
    0x82, 0x10, 0x82, 0x10, 0x82, 0x10, 0x82, 0x10, 0x25, 0x21, 0x87, 0x29,
    0x66, 0x29, 0x25, 0x21, 0xE4, 0x18, 0x82, 0x10, 0x82, 0x10, 0x82, 0x10,
    0x82, 0x10, 0x82, 0x10, 0x82, 0x10, 0x82, 0x10, 0xA2, 0x10, 0x41, 0x00,
    0xC7, 0xA9, 0x49, 0xEA, 0x28, 0xD2, 0x28, 0xD2, 0x28, 0xD2, 0x28, 0xD2,
    0x69, 0xF2, 0x28, 0xD2, 0x28, 0xDA, 0x28, 0xD2, 0x28, 0xD2, 0x28, 0xD2,
    0x28, 0xD2, 0x28, 0xD2, 0x28, 0xD2, 0x28, 0xE2, 0x28, 0xD2, 0x28, 0xDA,
    0x8A, 0xFA, 0x25, 0x61, 0x62, 0x00, 0x82, 0x10, 0x82, 0x10, 0x62, 0x08,
    0xE4, 0x18, 0x66, 0x29, 0x86, 0x29, 0x66, 0x29, 0x66, 0x29, 0x66, 0x29,
    0x66, 0x29, 0x82, 0x10, 0x82, 0x10, 0x82, 0x10, 0x82, 0x10, 0x82, 0x10,
    0x82, 0x10, 0x82, 0x10, 0x82, 0x10, 0x82, 0x10, 0xA3, 0x20, 0x08, 0xCA,
    0x28, 0xD2, 0x28, 0xD2, 0x28, 0xD2, 0x28, 0xD2, 0x69, 0xEA, 0x08, 0xD2,
    0x28, 0xD2, 0x28, 0xD2, 0x28, 0xD2, 0x28, 0xD2, 0x28, 0xD2, 0x28, 0xD2,
    0x08, 0xCA, 0x86, 0x91, 0x08, 0xD2, 0x49, 0xF2, 0x69, 0xFA, 0xC3, 0x20,
    0x82, 0x08, 0x82, 0x10, 0x82, 0x10, 0x62, 0x08, 0x25, 0x21, 0x66, 0x29,
    0x66, 0x29, 0x66, 0x29, 0x66, 0x29, 0x66, 0x29, 0x86, 0x29, 0x25, 0x21,
    0x62, 0x08, 0x82, 0x10, 0x82, 0x10, 0x82, 0x10, 0x82, 0x10, 0x82, 0x10,
    0x82, 0x10, 0x82, 0x08, 0xC3, 0x30, 0x49, 0xEA, 0x28, 0xD2, 0x28, 0xD2,
    0x28, 0xD2, 0x28, 0xD2, 0x28, 0xD2, 0x49, 0xE2, 0x28, 0xD2, 0x49, 0xEA,
    0x28, 0xD2, 0x28, 0xD2, 0x28, 0xD2, 0x28, 0xDA, 0xE7, 0xB1, 0x62, 0x00,
    0x82, 0x10, 0x04, 0x41, 0x45, 0x61, 0x62, 0x00, 0x82, 0x10, 0x82, 0x10,
    0x82, 0x10, 0x82, 0x10, 0x66, 0x29, 0x66, 0x29, 0x66, 0x29, 0x66, 0x29,
    0x66, 0x29, 0x66, 0x29, 0x66, 0x29, 0x87, 0x29, 0xC3, 0x10, 0x82, 0x08,
    0x82, 0x10, 0x82, 0x10, 0x82, 0x10, 0x82, 0x10, 0x82, 0x10, 0x62, 0x00,
    0x65, 0x71, 0x89, 0xFA, 0x28, 0xD2, 0x28, 0xD2, 0x28, 0xD2, 0x28, 0xD2,
    0x49, 0xDA, 0x28, 0xD2, 0x28, 0xD2, 0x49, 0xDA, 0x28, 0xD2, 0x28, 0xD2,
    0x28, 0xD2, 0x28, 0xD2, 0x89, 0xFA, 0x65, 0x71, 0x62, 0x00, 0x62, 0x00,
    0x62, 0x00, 0x82, 0x10, 0x82, 0x10, 0x82, 0x10, 0x82, 0x08, 0xC3, 0x10,
    0x87, 0x29, 0x66, 0x29, 0x66, 0x29, 0x66, 0x29, 0x66, 0x29, 0x66, 0x29,
    0x66, 0x29, 0x66, 0x29, 0x82, 0x10, 0x82, 0x10, 0x82, 0x10, 0x82, 0x10,
    0x62, 0x00, 0x62, 0x00, 0x82, 0x00, 0x82, 0x10, 0xA3, 0x18, 0xE7, 0xB9,
    0x28, 0xDA, 0x28, 0xD2, 0x28, 0xD2, 0x28, 0xD2, 0x49, 0xEA, 0x28, 0xD2,
    0x49, 0xE2, 0x28, 0xD2, 0x28, 0xD2, 0x28, 0xD2, 0x28, 0xD2, 0x28, 0xD2,
    0x49, 0xEA, 0xC3, 0x30, 0x82, 0x08, 0x82, 0x10, 0x82, 0x10, 0x82, 0x10,
    0x82, 0x10, 0x82, 0x10, 0x82, 0x10, 0x62, 0x08, 0x25, 0x21, 0x86, 0x29,
    0x66, 0x29, 0x66, 0x29, 0x66, 0x29, 0x66, 0x29, 0x66, 0x29, 0x25, 0x21,
    0x62, 0x08, 0x82, 0x10, 0x82, 0x08, 0xC3, 0x28, 0xC7, 0xB1, 0x45, 0x71,
    0xE4, 0x38, 0x82, 0x08, 0x21, 0x00, 0x08, 0xC2, 0x28, 0xDA, 0x28, 0xD2,
    0x28, 0xD2, 0x28, 0xD2, 0x28, 0xD2, 0x28, 0xD2, 0x08, 0xD2, 0x69, 0xEA,
    0x28, 0xD2, 0x28, 0xD2, 0x28, 0xD2, 0x28, 0xD2, 0x08, 0xCA, 0xA3, 0x20,
    0x82, 0x10, 0x82, 0x10, 0x82, 0x10, 0x82, 0x10, 0x82, 0x10, 0x82, 0x10,
    0x82, 0x10, 0x82, 0x10, 0x82, 0x10, 0x66, 0x29, 0x66, 0x29, 0x66, 0x29,
    0x66, 0x29, 0x86, 0x29, 0x66, 0x29, 0xE4, 0x18, 0x62, 0x08, 0x82, 0x10,
    0x62, 0x00, 0x25, 0x59, 0x69, 0xFA, 0x49, 0xF2, 0x49, 0xEA, 0x08, 0xCA,
    0xC7, 0xA1, 0x49, 0xE2, 0x28, 0xD2, 0x28, 0xD2, 0x28, 0xD2, 0x28, 0xD2,
    0x28, 0xD2, 0x28, 0xDA, 0x28, 0xD2, 0x69, 0xF2, 0x28, 0xD2, 0x28, 0xD2,
    0x28, 0xD2, 0x28, 0xD2, 0x49, 0xEA, 0xC7, 0xA9, 0x41, 0x00, 0xA2, 0x10,
    0x82, 0x10, 0x82, 0x10, 0x82, 0x10, 0x82, 0x10, 0x82, 0x10, 0x82, 0x10,
    0x82, 0x10, 0xE4, 0x18, 0x25, 0x21, 0x66, 0x29, 0x87, 0x29, 0x25, 0x21,
    0x82, 0x10, 0x82, 0x10, 0x82, 0x10, 0x82, 0x10, 0x62, 0x00, 0xA6, 0x91,
    0x8A, 0xFA, 0x49, 0xEA, 0x28, 0xDA, 0x28, 0xD2, 0x28, 0xDA, 0x28, 0xD2,
    0x28, 0xD2, 0x28, 0xD2, 0x28, 0xD2, 0x28, 0xD2, 0x28, 0xD2, 0x28, 0xD2,
    0x28, 0xD2, 0x49, 0xE2, 0x28, 0xD2, 0x28, 0xD2, 0x28, 0xD2, 0x28, 0xD2,
    0x08, 0xD2, 0x69, 0xFA, 0x24, 0x51, 0x62, 0x00, 0x82, 0x10, 0x82, 0x08,
    0x82, 0x00, 0x42, 0x00, 0x82, 0x00, 0x82, 0x10, 0x82, 0x10, 0x62, 0x08,
    0x62, 0x08, 0x82, 0x10, 0xC3, 0x10, 0x62, 0x08, 0x82, 0x10, 0x82, 0x10,
    0x82, 0x10, 0x82, 0x10, 0x82, 0x10, 0xA3, 0x20, 0x24, 0x51, 0x86, 0x89,
    0xE7, 0xB9, 0x49, 0xEA, 0x28, 0xDA, 0x28, 0xD2, 0x28, 0xD2, 0x28, 0xD2,
    0x28, 0xD2, 0x28, 0xD2, 0x28, 0xD2, 0x00, 0x00, 0x28, 0xD2, 0x8A, 0xFA,
    0x28, 0xD2, 0x28, 0xD2, 0x28, 0xD2, 0x28, 0xD2, 0x28, 0xD2, 0x49, 0xEA,
    0xA3, 0x18, 0x62, 0x00, 0x82, 0x10, 0x42, 0x00, 0x65, 0x71, 0x65, 0x71,
    0x04, 0x49, 0x82, 0x08, 0x82, 0x10, 0x82, 0x10, 0x82, 0x10, 0x82, 0x10,
    0x82, 0x08, 0x82, 0x10, 0x82, 0x10, 0x82, 0x10, 0x82, 0x10, 0x82, 0x10,
    0x82, 0x10, 0x82, 0x08, 0x62, 0x00, 0x42, 0x00, 0x62, 0x00, 0xA3, 0x18,
    0x28, 0xD2, 0x28, 0xD2, 0x28, 0xD2, 0x28, 0xD2, 0x28, 0xD2, 0x28, 0xD2,
    0x28, 0xD2, 0x00, 0x00, 0x00, 0x00, 0x28, 0xD2, 0x69, 0xEA, 0x28, 0xD2,
    0x28, 0xD2, 0x28, 0xD2, 0x28, 0xD2, 0x28, 0xDA, 0xA6, 0x91, 0x42, 0x00,
    0x82, 0x08, 0x82, 0x00, 0x28, 0xD2, 0x69, 0xFA, 0x28, 0xDA, 0xC3, 0x30,
    0x82, 0x08, 0x82, 0x10, 0x82, 0x10, 0x82, 0x10, 0xA3, 0x10, 0x82, 0x00,
    0x82, 0x08, 0x82, 0x10, 0x82, 0x10, 0x82, 0x10, 0x82, 0x10, 0x82, 0x10,
    0x82, 0x10, 0x62, 0x00, 0x24, 0x51, 0x08, 0xCA, 0x49, 0xE2, 0x28, 0xD2,
    0x28, 0xD2, 0x28, 0xD2, 0x28, 0xD2, 0x28, 0xD2, 0x28, 0xD2, 0x00, 0x00,
    0x00, 0x00, 0x28, 0xD2, 0x28, 0xD2, 0x28, 0xD2, 0x28, 0xD2, 0x28, 0xD2,
    0x28, 0xD2, 0x28, 0xD2, 0x08, 0xCA, 0x04, 0x51, 0x45, 0x69, 0x49, 0xE2,
    0x49, 0xEA, 0x08, 0xC2, 0x41, 0x00, 0x82, 0x08, 0x82, 0x10, 0x82, 0x10,
    0x82, 0x10, 0x82, 0x10, 0x82, 0x00, 0x25, 0x59, 0xC3, 0x20, 0x62, 0x00,
    0x82, 0x08, 0x82, 0x10, 0x82, 0x10, 0x82, 0x10, 0x82, 0x10, 0x41, 0x00,
    0x86, 0x81, 0x49, 0xF2, 0x28, 0xD2, 0x28, 0xD2, 0x28, 0xD2, 0x28, 0xD2,
    0x28, 0xD2, 0x28, 0xDA, 0x28, 0xD2, 0x00, 0x00, 0x00, 0x00, 0x00, 0x00,
    0x28, 0xD2, 0x28, 0xDA, 0x28, 0xD2, 0x28, 0xD2, 0x28, 0xD2, 0x28, 0xD2,
    0x28, 0xDA, 0x69, 0xFA, 0x28, 0xE2, 0x49, 0xEA, 0xA7, 0xA1, 0x04, 0x49,
    0x62, 0x00, 0x82, 0x10, 0x82, 0x10, 0x82, 0x10, 0x82, 0x10, 0x82, 0x08,
    0xA3, 0x20, 0x08, 0xCA, 0x49, 0xE2, 0xA7, 0xA1, 0x82, 0x08, 0x82, 0x10,
    0x82, 0x10, 0x82, 0x10, 0x41, 0x00, 0xC3, 0x28, 0xE7, 0xB1, 0x28, 0xDA,
    0x28, 0xD2, 0x28, 0xD2, 0x28, 0xD2, 0x28, 0xD2, 0x49, 0xE2, 0x28, 0xD2,
    0x00, 0x00, 0x00, 0x00, 0x00, 0x00, 0x28, 0xD2, 0x28, 0xD2, 0x28, 0xD2,
    0x28, 0xD2, 0x28, 0xD2, 0x28, 0xD2, 0x28, 0xD2, 0x28, 0xD2, 0x28, 0xD2,
    0x28, 0xD2, 0x69, 0xF2, 0xC3, 0x20, 0x21, 0x00, 0x82, 0x10, 0x82, 0x10,
    0x82, 0x10, 0x82, 0x10, 0x82, 0x10, 0x82, 0x10, 0x41, 0x00, 0x04, 0x51,
    0x89, 0xFA, 0x86, 0x89, 0x21, 0x00, 0x82, 0x10, 0x82, 0x08, 0xC3, 0x28,
    0x86, 0x91, 0x69, 0xFA, 0x28, 0xD2, 0x28, 0xD2, 0x28, 0xD2, 0x28, 0xD2,
    0x28, 0xD2, 0x28, 0xD2, 0x49, 0xEA, 0x28, 0xD2, 0x00, 0x00, 0x00, 0x00,
    0x00, 0xF8, 0x00, 0x00, 0x28, 0xD2, 0xAA, 0xFA, 0x69, 0xEA, 0x28, 0xD2,
    0x28, 0xD2, 0x28, 0xD2, 0x28, 0xD2, 0x28, 0xD2, 0x28, 0xD2, 0x28, 0xD2,
    0x86, 0x81, 0x24, 0x51, 0x82, 0x10, 0x82, 0x10, 0x82, 0x10, 0x82, 0x10,
    0x82, 0x10, 0x82, 0x10, 0x62, 0x00, 0x45, 0x69, 0x49, 0xE2, 0x08, 0xCA,
    0xA3, 0x20, 0x62, 0x00, 0x42, 0x00, 0x25, 0x59, 0x8A, 0xFA, 0x28, 0xD2,
    0x28, 0xD2, 0x28, 0xD2, 0x28, 0xD2, 0x28, 0xD2, 0x28, 0xD2, 0x49, 0xE2,
    0x28, 0xD2, 0x00, 0x00, 0x00, 0x00, 0x00, 0x00, 0x00, 0x00, 0x86, 0xC9,
    0x00, 0x00, 0x00, 0xF8, 0x28, 0xD2, 0x69, 0xEA, 0x28, 0xD2, 0x28, 0xD2,
    0x28, 0xD2, 0x28, 0xD2, 0x28, 0xD2, 0x28, 0xD2, 0x69, 0xF2, 0x08, 0xD2,
    0x62, 0x00, 0x62, 0x00, 0x62, 0x00, 0x82, 0x00, 0x82, 0x10, 0x82, 0x10,
    0x62, 0x00, 0x21, 0x00, 0xE8, 0xC1, 0x49, 0xEA, 0x66, 0x81, 0xA3, 0x10,
    0xA6, 0x91, 0x08, 0xCA, 0x28, 0xDA, 0x28, 0xD2, 0x28, 0xD2, 0x28, 0xD2,
    0x28, 0xD2, 0x28, 0xD2, 0x69, 0xEA, 0x28, 0xD2, 0x28, 0xD2, 0x00, 0x00,
    0x00, 0x00, 0x00, 0x00, 0x00, 0x00, 0x00, 0x00, 0x00, 0x00, 0x00, 0x00,
    0x28, 0xDA, 0x28, 0xDA, 0x28, 0xD2, 0x28, 0xD2, 0x28, 0xD2, 0x28, 0xD2,
    0x28, 0xD2, 0x28, 0xD2, 0x28, 0xD2, 0x48, 0xE2, 0x28, 0xD2, 0xA7, 0xA1,
    0x45, 0x69, 0xE4, 0x38, 0x62, 0x00, 0xA3, 0x18, 0x45, 0x71, 0x04, 0x51,
    0x49, 0xEA, 0x28, 0xD2, 0x69, 0xF2, 0x49, 0xEA, 0x28, 0xDA, 0x28, 0xD2,
    0x28, 0xD2, 0x28, 0xD2, 0x28, 0xD2, 0x28, 0xD2, 0x28, 0xD2, 0x28, 0xD2,
    0x69, 0xF2, 0x08, 0xD2, 0x00, 0x00, 0x00, 0x00, 0x00, 0x00, 0x00, 0x00,
    0x00, 0x00, 0x00, 0x00, 0x00, 0x00, 0x00, 0x00, 0x00, 0x00, 0x28, 0xD2,
    0x28, 0xD2, 0x28, 0xD2, 0x28, 0xD2, 0x28, 0xD2, 0x28, 0xD2, 0x28, 0xD2,
    0x28, 0xD2, 0x28, 0xD2, 0x28, 0xD2, 0x48, 0xE2, 0x49, 0xF2, 0x49, 0xEA,
    0x08, 0xC2, 0xE7, 0xB9, 0x8A, 0xFA, 0x48, 0xE2, 0x28, 0xDA, 0x28, 0xD2,
    0x28, 0xD2, 0x28, 0xD2, 0x28, 0xD2, 0x28, 0xD2, 0x28, 0xD2, 0x28, 0xD2,
    0x28, 0xD2, 0x28, 0xD2, 0x28, 0xD2, 0x28, 0xD2, 0x69, 0xF2, 0xC7, 0xE1,
    0x00, 0x00, 0x00, 0x00, 0x00, 0x00, 0x00, 0x00, 0x00, 0x00, 0x00, 0x00,
    0x00, 0x00, 0x00, 0x00, 0x00, 0x00, 0xA6, 0xC9, 0x69, 0xF2, 0x69, 0xF2,
    0x69, 0xEA, 0x28, 0xD2, 0x28, 0xD2, 0x28, 0xD2, 0x28, 0xD2, 0x28, 0xD2,
    0x28, 0xD2, 0x28, 0xD2, 0x28, 0xD2, 0x28, 0xD2, 0x28, 0xDA, 0x28, 0xDA,
    0x28, 0xD2, 0x28, 0xD2, 0x28, 0xD2, 0x28, 0xD2, 0x28, 0xD2, 0x28, 0xD2,
    0x28, 0xD2, 0x28, 0xD2, 0x28, 0xD2, 0x28, 0xD2, 0x28, 0xD2, 0x69, 0xEA,
    0x28, 0xDA, 0x28, 0xD2, 0xA6, 0xC9, 0x00, 0x00, 0x00, 0x00, 0x00, 0x00,
    0x00, 0x00, 0x00, 0x00, 0x00, 0x00, 0x00, 0x00, 0x00, 0x00, 0x00, 0x00,
    0xE7, 0xB9, 0x00, 0x00, 0xC7, 0xE1, 0x08, 0xD2, 0x28, 0xD2, 0x49, 0xE2,
    0x28, 0xD2, 0x28, 0xD2, 0x28, 0xD2, 0x28, 0xD2, 0x28, 0xD2, 0x28, 0xD2,
    0x28, 0xD2, 0x28, 0xD2, 0x28, 0xD2, 0x28, 0xD2, 0x28, 0xD2, 0x28, 0xD2,
    0x28, 0xD2, 0x28, 0xD2, 0x28, 0xD2, 0x28, 0xD2, 0x28, 0xD2, 0x28, 0xD2,
    0x28, 0xD2, 0x28, 0xD2, 0x69, 0xEA, 0x28, 0xD2, 0x28, 0xDA, 0x00, 0x00,
    0x00, 0x00, 0xE7, 0xB9, 0x00, 0x00, 0x00, 0x00, 0x00, 0x00, 0x00, 0x00,
    0x00, 0x00, 0x00, 0x00, 0x00, 0x00, 0x00, 0x00, 0x00, 0x00, 0x00, 0x00,
    0x00, 0x00, 0x00, 0x00, 0x28, 0xD2, 0x28, 0xD2, 0x49, 0xEA, 0x49, 0xE2,
    0x28, 0xD2, 0x28, 0xD2, 0x28, 0xD2, 0x28, 0xD2, 0x28, 0xD2, 0x28, 0xD2,
    0x28, 0xD2, 0x28, 0xD2, 0x28, 0xD2, 0x28, 0xD2, 0x28, 0xD2, 0x28, 0xD2,
    0x28, 0xD2, 0x28, 0xD2, 0x28, 0xD2, 0x28, 0xD2, 0x28, 0xDA, 0x28, 0xD2,
    0xAA, 0xFA, 0x00, 0xF8, 0x00, 0x00, 0x00, 0x00, 0x00, 0x00, 0x00, 0x00,
    0x00, 0x00, 0x00, 0x00, 0x00, 0x00, 0x00, 0x00, 0x00, 0x00, 0x00, 0x00,
    0x00, 0x00, 0x00, 0x00, 0x00, 0x00, 0x00, 0x00, 0x00, 0x00, 0x00, 0x00,
    0x00, 0x00, 0x00, 0x00, 0x28, 0xD2, 0x28, 0xD2, 0x28, 0xDA, 0x28, 0xD2,
    0x28, 0xD2, 0x28, 0xD2, 0x28, 0xD2, 0x28, 0xD2, 0x28, 0xD2, 0x28, 0xD2,
    0x28, 0xD2, 0x28, 0xD2, 0x28, 0xD2, 0x28, 0xD2, 0x28, 0xD2, 0x28, 0xD2,
    0x69, 0xEA, 0x28, 0xD2, 0x28, 0xD2, 0x28, 0xD2, 0x28, 0xD2, 0x00, 0x00,
    0x00, 0x00, 0x00, 0x00, 0x00, 0x00, 0x00, 0x00, 0x00, 0x00, 0x00, 0x00,
    0x00, 0x00, 0x00, 0x00, 0x00, 0x00, 0x00, 0x00, 0x00, 0x00, 0x00, 0x00,
    0x00, 0x00, 0x00, 0x00, 0x00, 0x00, 0x00, 0x00, 0x00, 0x00, 0x00, 0x00,
    0x00, 0x00, 0x00, 0x00, 0x28, 0xD2, 0x28, 0xD2, 0x28, 0xD2, 0x28, 0xD2,
    0x28, 0xD2, 0x28, 0xD2, 0x28, 0xD2, 0x49, 0xEA, 0x49, 0xDA, 0x28, 0xD2,
    0x69, 0xEA, 0x69, 0xF2, 0x49, 0xE2, 0x8A, 0xFA, 0x28, 0xD2, 0x28, 0xD2,
    0x00, 0x00, 0x28, 0xD2, 0x00, 0x00, 0x86, 0xC9, 0x00, 0x00, 0x00, 0x00,
    0x00, 0x00, 0x00, 0x00, 0x00, 0x00, 0x00, 0x00, 0x00, 0x00, 0x00, 0x00,
    0x00, 0x00, 0x00, 0x00, 0x00, 0x00, 0x00, 0x00, 0x00, 0x00, 0x00, 0x00,
    0x00, 0x00, 0x00, 0x00, 0x00, 0x00, 0x00, 0x00, 0x00, 0x00, 0x00, 0x00,
    0x00, 0x00, 0x00, 0x00, 0x00, 0x00, 0x00, 0x00, 0x28, 0xD2, 0x28, 0xDA,
    0x28, 0xD2, 0x28, 0xD2, 0x28, 0xD2, 0x49, 0xE2, 0x08, 0xD2, 0x28, 0xD2,
    0x28, 0xD2, 0x28, 0xD2, 0x00, 0x00, 0x00, 0x00, 0x00, 0x00, 0x00, 0x00,
    0x00, 0xF8, 0x00, 0x00, 0x00, 0x00, 0x00, 0x00, 0x00, 0x00, 0x00, 0x00,
    0x00, 0x00, 0x00, 0x00, 0x00, 0x00, 0x00, 0x00, 0x00, 0x00, 0x00, 0x00,
    0x00, 0x00, 0x00, 0x00, 0x00, 0x01, 0x00, 0x01, 0x00, 0x00, 0x3C, 0xE7,
    0x90, 0x57, 0xFF, 0xCA, 0x81, 0xEC, 0xFF, 0xFF, 0x00, 0x00, 0x00, 0x00,
    0x00, 0x00, 0x00, 0x00, 0x00, 0x00, 0x00, 0x00, 0x00, 0x00, 0x00, 0x00,
    0x00, 0x00, 0x00, 0x00, 0x00, 0x00, 0x00, 0x00, 0x05, 0x00, 0x0B, 0x00,
    0x21, 0xBD, 0xFF, 0xFF, 0xFF, 0xFF, 0xFE, 0xFF, 0xFF, 0xFA, 0xFF, 0xFF,
    0xFF, 0xFF, 0xFF, 0xFF, 0x00, 0x00, 0x00, 0x00, 0x00, 0x00, 0x00, 0x00,
    0x00, 0x00, 0x00, 0x00, 0x00, 0x00, 0x00, 0x00, 0x00, 0x00, 0x00, 0x00,
    0x00, 0x29, 0xD7, 0xCC, 0xF8, 0xFF, 0xFE, 0xFE, 0xFF, 0xFF, 0xFE, 0xFF,
    0xFF, 0xFF, 0xFF, 0xFF, 0xFF, 0xFF, 0xFF, 0xFF, 0xE3, 0x0B, 0x00, 0x00,
    0x00, 0x00, 0x00, 0x00, 0x00, 0x00, 0x00, 0x00, 0x00, 0x00, 0x00, 0x00,
    0x00, 0x00, 0x00, 0x00, 0x01, 0xFF, 0xFE, 0xFF, 0xFF, 0xFE, 0xFE, 0xFF,
    0xFF, 0xFF, 0xFF, 0xFF, 0xFF, 0xFF, 0xFF, 0xFF, 0xFF, 0xFF, 0xFF, 0xFC,
    0xFF, 0xFF, 0xEC, 0x56, 0x00, 0x00, 0x00, 0x00, 0x00, 0x00, 0x00, 0x00,
    0x00, 0x00, 0x00, 0x00, 0x04, 0x00, 0x00, 0x30, 0xC8, 0xFF, 0xFE, 0xFF,
    0xFF, 0xFF, 0xFF, 0xFF, 0xFF, 0xFF, 0xFF, 0xFF, 0xFF, 0xFF, 0xFF, 0xFF,
    0xFF, 0xFF, 0xFF, 0xFF, 0xFF, 0xFF, 0xFF, 0xC6, 0x33, 0x09, 0x00, 0x04,
    0x00, 0x00, 0x00, 0x00, 0x00, 0x00, 0x00, 0x00, 0x00, 0x0E, 0xB0, 0xFF,
    0xFF, 0xFB, 0xFF, 0xFF, 0xFF, 0xFF, 0xFF, 0xFF, 0xFF, 0xFF, 0xFF, 0xFF,
    0xFF, 0xFF, 0xFF, 0xFF, 0xFF, 0xFF, 0xFF, 0xFF, 0xFF, 0xFF, 0xFE, 0xFF,
    0xFF, 0xFF, 0x0E, 0x00, 0x00, 0x00, 0x00, 0x00, 0x00, 0x00, 0x00, 0x00,
    0x09, 0xFF, 0xFF, 0xFF, 0xFE, 0xFF, 0xFF, 0xFF, 0xFF, 0xFF, 0xFF, 0xFF,
    0xFF, 0xFF, 0xFF, 0xFF, 0xFF, 0xFF, 0xFF, 0xFF, 0xFF, 0xFF, 0xFF, 0xFF,
    0xFF, 0xFF, 0xFF, 0xFF, 0xFE, 0xFF, 0xB0, 0x00, 0x00, 0x00, 0x00, 0x00,
    0x00, 0x00, 0x00, 0x00, 0x33, 0xFF, 0xFE, 0xFF, 0xFF, 0xFF, 0xFF, 0xFF,
    0xFF, 0xFF, 0xFF, 0xFF, 0xFF, 0xFF, 0xFF, 0xFF, 0xFF, 0xFF, 0xFF, 0xFF,
    0xFF, 0xFF, 0xFF, 0xFF, 0xFF, 0xFF, 0xFF, 0xFF, 0xFF, 0xFF, 0xFF, 0x30,
    0x00, 0x00, 0x00, 0x00, 0x00, 0x00, 0x00, 0x56, 0xC6, 0xFF, 0xFF, 0xFF,
    0xFF, 0xFF, 0xFF, 0xFF, 0xFF, 0xFF, 0xFF, 0xFF, 0xFF, 0xFF, 0xFF, 0xFF,
    0xFF, 0xFF, 0xFF, 0xFF, 0xFF, 0xFF, 0xFF, 0xFF, 0xFF, 0xFF, 0xFF, 0xFF,
    0xFF, 0xFE, 0xFF, 0xC8, 0x01, 0x00, 0x05, 0x00, 0x00, 0x00, 0x00, 0xEC,
    0xFF, 0xFE, 0xFF, 0xFF, 0xFF, 0xFF, 0xFF, 0xFF, 0xFF, 0xFF, 0xFF, 0xFF,
    0xFF, 0xFF, 0xFF, 0xFF, 0xFF, 0xFF, 0xFF, 0xFF, 0xFF, 0xFF, 0xFF, 0xFF,
    0xFF, 0xFF, 0xFF, 0xFF, 0xFF, 0xFF, 0xFB, 0xFF, 0xFF, 0x29, 0x00, 0x01,
    0x00, 0x00, 0x0B, 0xFF, 0xFF, 0xFF, 0xFF, 0xFF, 0xFF, 0xFF, 0xFF, 0xFF,
    0xFF, 0xFF, 0xFF, 0xFF, 0xFF, 0xFF, 0xFF, 0xFF, 0xFF, 0xFF, 0xFF, 0xFF,
    0xFF, 0xFF, 0xFF, 0xFF, 0xFF, 0xFF, 0xFF, 0xFF, 0xFF, 0xFF, 0xFF, 0xFE,
    0xFE, 0xD7, 0x0B, 0x00, 0x00, 0x00, 0xE3, 0xFF, 0xFF, 0xFF, 0xFF, 0xFF,
    0xFF, 0xFF, 0xFF, 0xFF, 0xFF, 0xFF, 0xFF, 0xFF, 0xFF, 0xFF, 0xFF, 0xFF,
    0xFF, 0xFF, 0xFF, 0xFF, 0xFF, 0xFF, 0xFF, 0xFF, 0xFF, 0xFF, 0xFF, 0xFF,
    0xFF, 0xFF, 0xFF, 0xFF, 0xFF, 0xCC, 0x00, 0x01, 0x00, 0xFF, 0xFF, 0xFC,
    0xFF, 0xFF, 0xFF, 0xFF, 0xFF, 0xFF, 0xFF, 0xFF, 0xFF, 0xFF, 0xFF, 0xFF,
    0xFF, 0xFF, 0xFF, 0xFF, 0xFF, 0xFF, 0xFF, 0xFF, 0xFF, 0xFF, 0xFF, 0xFF,
    0xFF, 0xFF, 0xFF, 0xFF, 0xFF, 0xFF, 0xFF, 0xFF, 0xFF, 0xF8, 0x21, 0x00,
    0x00, 0xFF, 0xFF, 0xFF, 0xFF, 0xFF, 0xFF, 0xFF, 0xFF, 0xFF, 0xFF, 0xFF,
    0xFF, 0xFF, 0xFF, 0xFF, 0xFF, 0xFF, 0xFF, 0xFF, 0xFF, 0xFF, 0xFF, 0xFF,
    0xFF, 0xFF, 0xFF, 0xFF, 0xFF, 0xFF, 0xFF, 0xFF, 0xFF, 0xFF, 0xFF, 0xFF,
    0xFE, 0xFF, 0xBD, 0x00, 0x00, 0xFF, 0xFF, 0xFF, 0xFF, 0xFF, 0xFF, 0xFF,
    0xFF, 0xFF, 0xFF, 0xFF, 0xFF, 0xFF, 0xFF, 0xFF, 0xFF, 0xFF, 0xFF, 0xFF,
    0xFF, 0xFF, 0xFF, 0xFF, 0xFF, 0xFF, 0xFF, 0xFF, 0xFF, 0xFF, 0xFF, 0xFF,
    0xFF, 0xFF, 0xFF, 0xFF, 0xFE, 0xFE, 0xFF, 0x3C, 0x00, 0xFF, 0xFF, 0xFF,
    0xFF, 0xFF, 0xFF, 0xFF, 0xFF, 0xFF, 0xFF, 0xFF, 0xFF, 0xFF, 0xFF, 0xFF,
    0xFF, 0xFF, 0xFF, 0xFF, 0xFF, 0xFF, 0xFF, 0xFF, 0xFF, 0xFF, 0xFF, 0xFF,
    0xFF, 0xFF, 0xFF, 0xFF, 0xFF, 0xFF, 0xFF, 0xFF, 0xFF, 0xFE, 0xFF, 0xE7,
    0xFF, 0xFF, 0xFF, 0xFF, 0xFF, 0xFF, 0xFF, 0xFF, 0xFF, 0xFF, 0xFF, 0xFF,
    0xFF, 0xFF, 0xFF, 0xFF, 0xFF, 0xFF, 0xFF, 0xFF, 0xFF, 0xFF, 0xFF, 0xFF,
    0xFF, 0xFF, 0xFF, 0xFF, 0xFF, 0xFF, 0xFF, 0xFF, 0xFF, 0xFF, 0xFF, 0xFF,
    0xFF, 0xFF, 0xFF, 0x90, 0xFF, 0xFF, 0xFF, 0xFF, 0xFF, 0xFF, 0xFF, 0xFF,
    0xFF, 0xFF, 0xFF, 0xFF, 0xFF, 0xFF, 0xFF, 0xFF, 0xFF, 0xFF, 0xFF, 0xFF,
    0xFF, 0xFF, 0xFF, 0xFF, 0xFF, 0xFF, 0xFF, 0xFF, 0xFF, 0xFF, 0xFF, 0xFF,
    0xFF, 0xFF, 0xFF, 0xFF, 0xFF, 0xFF, 0xFF, 0x57, 0xEC, 0xFA, 0xFF, 0xFF,
    0xFF, 0xFF, 0xFF, 0xFF, 0xFF, 0xFF, 0xFF, 0xFF, 0xFF, 0xFF, 0xFF, 0xFF,
    0xFF, 0xFF, 0xFF, 0xFF, 0xFF, 0xFF, 0xFF, 0xFF, 0xFF, 0xFF, 0xFF, 0xFF,
    0xFF, 0xFF, 0xFF, 0xFF, 0xFF, 0xFF, 0xFF, 0xFF, 0xFF, 0xFE, 0xFE, 0xFF,
    0x81, 0xFF, 0xFF, 0xFF, 0xFF, 0xFF, 0xFF, 0xFF, 0xFF, 0xFF, 0xFF, 0xFF,
    0xFF, 0xFF, 0xFF, 0xFF, 0xFF, 0xFF, 0xFF, 0xFF, 0xFF, 0xFF, 0xFF, 0xFF,
    0xFF, 0xFF, 0xFF, 0xFF, 0xFF, 0xFF, 0xFF, 0xFF, 0xFF, 0xFF, 0xFF, 0xFF,
    0xFF, 0xFF, 0xFF, 0xCA, 0xCA, 0xFF, 0xFF, 0xFF, 0xFF, 0xFF, 0xFF, 0xFF,
    0xFF, 0xFF, 0xFF, 0xFF, 0xFF, 0xFF, 0xFF, 0xFF, 0xFF, 0xFF, 0xFF, 0xFF,
    0xFF, 0xFF, 0xFF, 0xFF, 0xFF, 0xFF, 0xFF, 0xFF, 0xFF, 0xFF, 0xFF, 0xFF,
    0xFF, 0xFF, 0xFF, 0xFF, 0xFF, 0xFF, 0xFF, 0x81, 0xFF, 0xFE, 0xFE, 0xFF,
    0xFF, 0xFF, 0xFF, 0xFF, 0xFF, 0xFF, 0xFF, 0xFF, 0xFF, 0xFF, 0xFF, 0xFF,
    0xFF, 0xFF, 0xFF, 0xFF, 0xFF, 0xFF, 0xFF, 0xFF, 0xFF, 0xFF, 0xFF, 0xFF,
    0xFF, 0xFF, 0xFF, 0xFF, 0xFF, 0xFF, 0xFF, 0xFF, 0xFF, 0xFF, 0xFA, 0xEC,
    0x57, 0xFF, 0xFF, 0xFF, 0xFF, 0xFF, 0xFF, 0xFF, 0xFF, 0xFF, 0xFF, 0xFF,
    0xFF, 0xFF, 0xFF, 0xFF, 0xFF, 0xFF, 0xFF, 0xFF, 0xFF, 0xFF, 0xFF, 0xFF,
    0xFF, 0xFF, 0xFF, 0xFF, 0xFF, 0xFF, 0xFF, 0xFF, 0xFF, 0xFF, 0xFF, 0xFF,
    0xFF, 0xFF, 0xFF, 0xFF, 0x90, 0xFF, 0xFF, 0xFF, 0xFF, 0xFF, 0xFF, 0xFF,
    0xFF, 0xFF, 0xFF, 0xFF, 0xFF, 0xFF, 0xFF, 0xFF, 0xFF, 0xFF, 0xFF, 0xFF,
    0xFF, 0xFF, 0xFF, 0xFF, 0xFF, 0xFF, 0xFF, 0xFF, 0xFF, 0xFF, 0xFF, 0xFF,
    0xFF, 0xFF, 0xFF, 0xFF, 0xFF, 0xFF, 0xFF, 0xFF, 0xE7, 0xFF, 0xFE, 0xFF,
    0xFF, 0xFF, 0xFF, 0xFF, 0xFF, 0xFF, 0xFF, 0xFF, 0xFF, 0xFF, 0xFF, 0xFF,
    0xFF, 0xFF, 0xFF, 0xFF, 0xFF, 0xFF, 0xFF, 0xFF, 0xFF, 0xFF, 0xFF, 0xFF,
    0xFF, 0xFF, 0xFF, 0xFF, 0xFF, 0xFF, 0xFF, 0xFF, 0xFF, 0xFF, 0xFF, 0x00,
    0x3C, 0xFF, 0xFE, 0xFE, 0xFF, 0xFF, 0xFF, 0xFF, 0xFF, 0xFF, 0xFF, 0xFF,
    0xFF, 0xFF, 0xFF, 0xFF, 0xFF, 0xFF, 0xFF, 0xFF, 0xFF, 0xFF, 0xFF, 0xFF,
    0xFF, 0xFF, 0xFF, 0xFF, 0xFF, 0xFF, 0xFF, 0xFF, 0xFF, 0xFF, 0xFF, 0xFF,
    0xFF, 0xFF, 0xFF, 0x00, 0x00, 0xBD, 0xFF, 0xFE, 0xFF, 0xFF, 0xFF, 0xFF,
    0xFF, 0xFF, 0xFF, 0xFF, 0xFF, 0xFF, 0xFF, 0xFF, 0xFF, 0xFF, 0xFF, 0xFF,
    0xFF, 0xFF, 0xFF, 0xFF, 0xFF, 0xFF, 0xFF, 0xFF, 0xFF, 0xFF, 0xFF, 0xFF,
    0xFF, 0xFF, 0xFF, 0xFF, 0xFF, 0xFF, 0xFF, 0x00, 0x00, 0x21, 0xF8, 0xFF,
    0xFF, 0xFF, 0xFF, 0xFF, 0xFF, 0xFF, 0xFF, 0xFF, 0xFF, 0xFF, 0xFF, 0xFF,
    0xFF, 0xFF, 0xFF, 0xFF, 0xFF, 0xFF, 0xFF, 0xFF, 0xFF, 0xFF, 0xFF, 0xFF,
    0xFF, 0xFF, 0xFF, 0xFF, 0xFF, 0xFF, 0xFF, 0xFF, 0xFC, 0xFF, 0xFF, 0x00,
    0x01, 0x00, 0xCC, 0xFF, 0xFF, 0xFF, 0xFF, 0xFF, 0xFF, 0xFF, 0xFF, 0xFF,
    0xFF, 0xFF, 0xFF, 0xFF, 0xFF, 0xFF, 0xFF, 0xFF, 0xFF, 0xFF, 0xFF, 0xFF,
    0xFF, 0xFF, 0xFF, 0xFF, 0xFF, 0xFF, 0xFF, 0xFF, 0xFF, 0xFF, 0xFF, 0xFF,
    0xFF, 0xE3, 0x00, 0x00, 0x00, 0x0B, 0xD7, 0xFE, 0xFE, 0xFF, 0xFF, 0xFF,
    0xFF, 0xFF, 0xFF, 0xFF, 0xFF, 0xFF, 0xFF, 0xFF, 0xFF, 0xFF, 0xFF, 0xFF,
    0xFF, 0xFF, 0xFF, 0xFF, 0xFF, 0xFF, 0xFF, 0xFF, 0xFF, 0xFF, 0xFF, 0xFF,
    0xFF, 0xFF, 0xFF, 0xFF, 0xFF, 0x0B, 0x00, 0x00, 0x01, 0x00, 0x29, 0xFF,
    0xFF, 0xFB, 0xFF, 0xFF, 0xFF, 0xFF, 0xFF, 0xFF, 0xFF, 0xFF, 0xFF, 0xFF,
    0xFF, 0xFF, 0xFF, 0xFF, 0xFF, 0xFF, 0xFF, 0xFF, 0xFF, 0xFF, 0xFF, 0xFF,
    0xFF, 0xFF, 0xFF, 0xFF, 0xFF, 0xFF, 0xFE, 0xFF, 0xEC, 0x00, 0x00, 0x00,
    0x00, 0x05, 0x00, 0x01, 0xC8, 0xFF, 0xFE, 0xFF, 0xFF, 0xFF, 0xFF, 0xFF,
    0xFF, 0xFF, 0xFF, 0xFF, 0xFF, 0xFF, 0xFF, 0xFF, 0xFF, 0xFF, 0xFF, 0xFF,
    0xFF, 0xFF, 0xFF, 0xFF, 0xFF, 0xFF, 0xFF, 0xFF, 0xFF, 0xFF, 0xFF, 0xC6,
    0x56, 0x00, 0x00, 0x00, 0x00, 0x00, 0x00, 0x00, 0x30, 0xFF, 0xFF, 0xFF,
    0xFF, 0xFF, 0xFF, 0xFF, 0xFF, 0xFF, 0xFF, 0xFF, 0xFF, 0xFF, 0xFF, 0xFF,
    0xFF, 0xFF, 0xFF, 0xFF, 0xFF, 0xFF, 0xFF, 0xFF, 0xFF, 0xFF, 0xFF, 0xFF,
    0xFF, 0xFE, 0xFF, 0x33, 0x00, 0x00, 0x00, 0x00, 0x00, 0x00, 0x00, 0x00,
    0x00, 0xB0, 0xFF, 0xFE, 0xFF, 0xFF, 0xFF, 0xFF, 0xFF, 0xFF, 0xFF, 0xFF,
    0xFF, 0xFF, 0xFF, 0xFF, 0xFF, 0xFF, 0xFF, 0xFF, 0xFF, 0xFF, 0xFF, 0xFF,
    0xFF, 0xFF, 0xFF, 0xFE, 0xFF, 0xFF, 0xFF, 0x09, 0x00, 0x00, 0x00, 0x00,
    0x00, 0x00, 0x00, 0x00, 0x00, 0x0E, 0xFF, 0xFF, 0xFF, 0xFE, 0xFF, 0xFF,
    0xFF, 0xFF, 0xFF, 0xFF, 0xFF, 0xFF, 0xFF, 0xFF, 0xFF, 0xFF, 0xFF, 0xFF,
    0xFF, 0xFF, 0xFF, 0xFF, 0xFF, 0xFF, 0xFB, 0xFF, 0xFF, 0xB0, 0x0E, 0x00,
    0x00, 0x00, 0x00, 0x00, 0x00, 0x00, 0x00, 0x00, 0x04, 0x00, 0x09, 0x33,
    0xC6, 0xFF, 0xFF, 0xFF, 0xFF, 0xFF, 0xFF, 0xFF, 0xFF, 0xFF, 0xFF, 0xFF,
    0xFF, 0xFF, 0xFF, 0xFF, 0xFF, 0xFF, 0xFF, 0xFF, 0xFF, 0xFE, 0xFF, 0xC8,
    0x30, 0x00, 0x00, 0x04, 0x00, 0x00, 0x00, 0x00, 0x00, 0x00, 0x00, 0x00,
    0x00, 0x00, 0x00, 0x00, 0x56, 0xEC, 0xFF, 0xFF, 0xFC, 0xFF, 0xFF, 0xFF,
    0xFF, 0xFF, 0xFF, 0xFF, 0xFF, 0xFF, 0xFF, 0xFF, 0xFF, 0xFE, 0xFE, 0xFF,
    0xFF, 0xFE, 0xFF, 0x01, 0x00, 0x00, 0x00, 0x00, 0x00, 0x00, 0x00, 0x00,
    0x00, 0x00, 0x00, 0x00, 0x00, 0x00, 0x00, 0x00, 0x00, 0x00, 0x0B, 0xE3,
    0xFF, 0xFF, 0xFF, 0xFF, 0xFF, 0xFF, 0xFF, 0xFF, 0xFF, 0xFE, 0xFF, 0xFF,
    0xFE, 0xFE, 0xFF, 0xF8, 0xCC, 0xD7, 0x29, 0x00, 0x00, 0x00, 0x00, 0x00,
    0x00, 0x00, 0x00, 0x00, 0x00, 0x00, 0x00, 0x00, 0x00, 0x00, 0x00, 0x00,
    0x00, 0x00, 0x00, 0x00, 0xFF, 0xFF, 0xFF, 0xFF, 0xFF, 0xFF, 0xFA, 0xFF,
    0xFF, 0xFE, 0xFF, 0xFF, 0xFF, 0xFF, 0xBD, 0x21, 0x00, 0x0B, 0x00, 0x05,
    0x00, 0x00, 0x00, 0x00, 0x00, 0x00, 0x00, 0x00, 0x00, 0x00, 0x00, 0x00,
    0x00, 0x00, 0x00, 0x00, 0x00, 0x00, 0x00, 0x00, 0x00, 0x00, 0x00, 0x00,
    0xFF, 0xFF, 0xEC, 0x81, 0xCA, 0xFF, 0x57, 0x90, 0xE7, 0x3C, 0x00, 0x00,
    0x01, 0x00, 0x01, 0x00, 0x00, 0x00, 0x00, 0x00, 0x00, 0x00, 0x00, 0x00,
  },
  { /* frame 8 */
    0x00, 0x00, 0x00, 0x00, 0x00, 0x00, 0x00, 0x00, 0x00, 0x00, 0x00, 0x00,
    0x00, 0x00, 0x00, 0x00, 0x00, 0x00, 0x00, 0x00, 0x00, 0xF8, 0x00, 0xF8,
    0x00, 0x00, 0x28, 0xCA, 0x08, 0xD2, 0x28, 0xD2, 0x08, 0xD2, 0x28, 0xD2,
    0x28, 0xD2, 0x49, 0xE2, 0xAA, 0xFA, 0x28, 0xD2, 0x28, 0xD2, 0x08, 0xD2,
    0x28, 0xD2, 0x00, 0x00, 0x00, 0x00, 0x00, 0x00, 0x00, 0x00, 0x00, 0x00,
    0x00, 0x00, 0x00, 0x00, 0x00, 0x00, 0x00, 0x00, 0x00, 0x00, 0x00, 0x00,
    0x00, 0x00, 0x00, 0x00, 0x00, 0x00, 0x00, 0x00, 0x00, 0x00, 0x00, 0x00,
    0x00, 0x00, 0x00, 0x00, 0x00, 0x00, 0x00, 0x00, 0x00, 0x00, 0x00, 0x00,
    0x00, 0x00, 0x00, 0x00, 0x00, 0x00, 0x00, 0x00, 0xC7, 0xD1, 0x28, 0xD2,
    0xAA, 0xFA, 0x69, 0xEA, 0x69, 0xEA, 0x49, 0xE2, 0x28, 0xD2, 0x28, 0xDA,
    0x28, 0xD2, 0x49, 0xE2, 0x49, 0xE2, 0x49, 0xEA, 0x69, 0xF2, 0x28, 0xD2,
    0x28, 0xD2, 0x49, 0xE2, 0x00, 0x00, 0x00, 0x00, 0x00, 0x00, 0x00, 0x00,
    0x00, 0x00, 0x00, 0x00, 0x00, 0x00, 0x00, 0x00, 0x00, 0x00, 0x00, 0x00,
    0x00, 0x00, 0x00, 0x00, 0x00, 0x00, 0x00, 0x00, 0x00, 0x00, 0x00, 0x00,
    0x00, 0x00, 0x00, 0x00, 0x00, 0x00, 0x00, 0x00, 0x00, 0x00, 0x08, 0xD2,
    0x28, 0xD2, 0x28, 0xD2, 0x8A, 0xFA, 0x28, 0xDA, 0x28, 0xD2, 0x28, 0xD2,
    0x28, 0xD2, 0x28, 0xD2, 0x28, 0xD2, 0x28, 0xD2, 0x28, 0xD2, 0x28, 0xD2,
    0x28, 0xD2, 0x28, 0xD2, 0x28, 0xD2, 0x49, 0xE2, 0x28, 0xD2, 0x28, 0xD2,
    0x28, 0xD2, 0x28, 0xD2, 0x00, 0x00, 0x00, 0x00, 0x00, 0x00, 0x00, 0x00,
    0x00, 0x00, 0x00, 0x00, 0x00, 0x00, 0x00, 0x00, 0x00, 0x00, 0x00, 0x00,
    0x00, 0x00, 0x00, 0x00, 0x00, 0x00, 0x00, 0x00, 0x00, 0x00, 0x00, 0x00,
    0x00, 0xF8, 0x00, 0x00, 0x28, 0xD2, 0xAA, 0xFA, 0x28, 0xD2, 0x28, 0xDA,
    0x28, 0xD2, 0x28, 0xD2, 0x28, 0xD2, 0x28, 0xD2, 0x28, 0xD2, 0x28, 0xD2,
    0x28, 0xD2, 0x28, 0xD2, 0x28, 0xD2, 0x28, 0xD2, 0x28, 0xD2, 0x28, 0xD2,
    0x28, 0xD2, 0x28, 0xD2, 0x28, 0xD2, 0x28, 0xD2, 0x28, 0xD2, 0x28, 0xD2,
    0x28, 0xD2, 0x00, 0x00, 0x00, 0x00, 0x00, 0x00, 0x00, 0x00, 0x00, 0x00,
    0x00, 0x00, 0x00, 0x00, 0x00, 0x00, 0x00, 0x00, 0x00, 0x00, 0x00, 0x00,
    0x00, 0x00, 0x00, 0x00, 0x00, 0x00, 0x00, 0x00, 0xE7, 0xD1, 0x08, 0xD2,
    0x28, 0xD2, 0x49, 0xE2, 0x28, 0xD2, 0x28, 0xD2, 0x28, 0xD2, 0x28, 0xD2,
    0x28, 0xD2, 0x28, 0xD2, 0x28, 0xD2, 0x28, 0xD2, 0x28, 0xD2, 0x28, 0xD2,
    0x28, 0xD2, 0x28, 0xD2, 0x28, 0xD2, 0x28, 0xD2, 0x28, 0xD2, 0x28, 0xD2,
    0x28, 0xD2, 0x28, 0xD2, 0x28, 0xD2, 0x28, 0xD2, 0x28, 0xD2, 0x28, 0xD2,
    0x69, 0xF2, 0x00, 0x00, 0x00, 0x00, 0x00, 0x00, 0x00, 0x00, 0x00, 0x00,
    0x00, 0x00, 0x00, 0x00, 0x00, 0x00, 0x00, 0x00, 0x00, 0x00, 0x00, 0x00,
    0x00, 0x00, 0x00, 0x00, 0x08, 0xD2, 0xAA, 0xFA, 0x49, 0xDA, 0x28, 0xD2,
    0x28, 0xD2, 0x28, 0xD2, 0x28, 0xD2, 0x28, 0xD2, 0x28, 0xD2, 0x28, 0xD2,
    0x28, 0xD2, 0x28, 0xD2, 0x28, 0xD2, 0x28, 0xD2, 0x28, 0xD2, 0x28, 0xD2,
    0x28, 0xD2, 0x28, 0xD2, 0x28, 0xD2, 0x28, 0xD2, 0x28, 0xD2, 0x28, 0xD2,
    0x28, 0xD2, 0x28, 0xD2, 0x28, 0xD2, 0x28, 0xD2, 0x28, 0xD2, 0x08, 0xD2,
    0x00, 0x00, 0x00, 0x00, 0x00, 0x00, 0x00, 0x00, 0x00, 0x00, 0x00, 0x00,
    0x00, 0x00, 0x00, 0x00, 0x00, 0x00, 0x00, 0x00, 0x00, 0x00, 0x08, 0xD2,
    0x49, 0xE2, 0x28, 0xD2, 0x28, 0xD2, 0x28, 0xD2, 0x28, 0xD2, 0x28, 0xD2,
    0x28, 0xD2, 0x28, 0xD2, 0x28, 0xD2, 0x28, 0xD2, 0x69, 0xFA, 0x08, 0xCA,
    0x69, 0xF2, 0x28, 0xD2, 0x28, 0xDA, 0x28, 0xD2, 0x49, 0xEA, 0x28, 0xDA,
    0x49, 0xE2, 0x28, 0xD2, 0x28, 0xD2, 0x28, 0xD2, 0x28, 0xD2, 0x28, 0xD2,
    0x28, 0xD2, 0x28, 0xD2, 0x49, 0xE2, 0x49, 0xE2, 0x08, 0xD2, 0xE7, 0xD1,
    0x00, 0xF8, 0x00, 0x00, 0x00, 0x00, 0x00, 0x00, 0x00, 0x00, 0x00, 0x00,
    0x00, 0x00, 0x00, 0x00, 0x69, 0xF2, 0x28, 0xD2, 0x49, 0xE2, 0x28, 0xD2,
    0x28, 0xD2, 0x28, 0xD2, 0x28, 0xD2, 0x28, 0xD2, 0x28, 0xD2, 0x28, 0xD2,
    0x69, 0xFA, 0xA6, 0x91, 0x24, 0x59, 0x82, 0x10, 0x66, 0x79, 0x28, 0xDA,
    0x69, 0xFA, 0x45, 0x71, 0x86, 0x81, 0xC7, 0xA9, 0x65, 0x71, 0x48, 0xE2,
    0x49, 0xEA, 0x28, 0xD2, 0x28, 0xD2, 0x28, 0xD2, 0x28, 0xD2, 0x28, 0xD2,
    0x28, 0xD2, 0x28, 0xD2, 0xAA, 0xFA, 0x08, 0xD2, 0x00, 0x00, 0x00, 0x00,
    0x00, 0x00, 0x00, 0x00, 0x00, 0x00, 0x00, 0x00, 0x00, 0x00, 0x00, 0x00,
    0x28, 0xD2, 0x28, 0xD2, 0x28, 0xD2, 0x28, 0xD2, 0x28, 0xD2, 0x28, 0xD2,
    0x28, 0xD2, 0x49, 0xE2, 0x08, 0xCA, 0x28, 0xDA, 0xA7, 0x99, 0xC3, 0x28,
    0x62, 0x00, 0x62, 0x00, 0xE4, 0x38, 0x8A, 0xFA, 0xE7, 0xB9, 0x41, 0x00,
    0x41, 0x00, 0x82, 0x10, 0x41, 0x00, 0xE4, 0x38, 0xA6, 0x99, 0x49, 0xEA,
    0x48, 0xE2, 0x28, 0xD2, 0x28, 0xD2, 0x28, 0xD2, 0x28, 0xD2, 0x28, 0xD2,
    0x49, 0xDA, 0x28, 0xD2, 0x28, 0xD2, 0x00, 0x00, 0x00, 0x00, 0x00, 0x00,
    0x00, 0x00, 0x00, 0x00, 0x00, 0x00, 0x28, 0xD2, 0x28, 0xD2, 0x28, 0xD2,
    0x28, 0xD2, 0x28, 0xD2, 0x28, 0xD2, 0x28, 0xD2, 0x28, 0xD2, 0x49, 0xEA,
    0xC3, 0x28, 0x82, 0x10, 0x41, 0x00, 0x82, 0x00, 0x82, 0x10, 0x82, 0x08,
    0x41, 0x00, 0xE7, 0xB9, 0x8A, 0xFA, 0xE4, 0x40, 0x82, 0x08, 0x82, 0x10,
    0x82, 0x10, 0x62, 0x00, 0x62, 0x00, 0x24, 0x51, 0xC7, 0xB1, 0x49, 0xE2,
    0x28, 0xD2, 0x28, 0xD2, 0x28, 0xD2, 0x28, 0xD2, 0x28, 0xD2, 0x49, 0xE2,
    0xAA, 0xFA, 0x08, 0xD2, 0x00, 0x00, 0x00, 0x00, 0x00, 0x00, 0x00, 0x00,
    0x28, 0xD2, 0x28, 0xD2, 0x28, 0xD2, 0x28, 0xD2, 0x28, 0xD2, 0x28, 0xD2,
    0x28, 0xD2, 0x49, 0xE2, 0x49, 0xEA, 0xA6, 0x99, 0x42, 0x00, 0x82, 0x10,
    0x82, 0x10, 0x82, 0x10, 0x82, 0x10, 0x62, 0x00, 0x45, 0x61, 0xAA, 0xFA,
    0xE7, 0xB1, 0x41, 0x00, 0x82, 0x08, 0x82, 0x10, 0x82, 0x10, 0x82, 0x10,
    0x82, 0x10, 0x42, 0x00, 0xA3, 0x20, 0x49, 0xEA, 0x28, 0xD2, 0x28, 0xD2,
    0x28, 0xD2, 0x28, 0xD2, 0x28, 0xD2, 0x28, 0xD2, 0x28, 0xD2, 0x28, 0xD2,
    0x00, 0x00, 0x00, 0xF8, 0x00, 0x00, 0x00, 0x00, 0x28, 0xD2, 0x28, 0xD2,
    0x28, 0xD2, 0x28, 0xD2, 0x28, 0xD2, 0x28, 0xD2, 0x49, 0xE2, 0xC7, 0xA9,
    0xA3, 0x20, 0xA3, 0x18, 0x82, 0x00, 0x82, 0x10, 0x82, 0x10, 0x82, 0x10,
    0x82, 0x10, 0x82, 0x08, 0xC3, 0x20, 0x86, 0x89, 0x69, 0xF2, 0xC3, 0x28,
    0x82, 0x10, 0x82, 0x10, 0x82, 0x10, 0x82, 0x10, 0x82, 0x10, 0xA2, 0x10,
    0xA3, 0x18, 0xA6, 0x91, 0x28, 0xE2, 0x28, 0xD2, 0x28, 0xD2, 0x28, 0xD2,
    0x28, 0xD2, 0x28, 0xD2, 0x28, 0xDA, 0x28, 0xD2, 0x00, 0x00, 0x00, 0xF8,
    0x00, 0x00, 0x49, 0xE2, 0x28, 0xD2, 0x28, 0xD2, 0x28, 0xD2, 0x28, 0xD2,
    0x28, 0xD2, 0x28, 0xD2, 0x28, 0xDA, 0x65, 0x71, 0x01, 0x00, 0x82, 0x08,
    0x82, 0x10, 0x82, 0x10, 0x82, 0x10, 0x82, 0x10, 0x82, 0x10, 0x82, 0x10,
    0x82, 0x00, 0x42, 0x00, 0xE4, 0x40, 0x82, 0x08, 0x82, 0x08, 0x82, 0x10,
    0x82, 0x10, 0x82, 0x10, 0x82, 0x10, 0x82, 0x08, 0x62, 0x00, 0x41, 0x00,
    0xE7, 0xB9, 0x28, 0xDA, 0x28, 0xD2, 0x28, 0xD2, 0x28, 0xD2, 0x28, 0xD2,
    0x28, 0xD2, 0x8A, 0xFA, 0xC7, 0xD1, 0x00, 0x00, 0x00, 0x00, 0x28, 0xD2,
    0x28, 0xD2, 0x28, 0xD2, 0x28, 0xD2, 0x28, 0xD2, 0x28, 0xD2, 0x28, 0xD2,
    0x28, 0xDA, 0x49, 0xEA, 0x86, 0x89, 0xC3, 0x28, 0x41, 0x00, 0x82, 0x10,
    0x82, 0x10, 0x82, 0x10, 0x82, 0x10, 0x82, 0x10, 0x82, 0x10, 0x82, 0x10,
    0x82, 0x08, 0x82, 0x10, 0x82, 0x10, 0x82, 0x10, 0x82, 0x10, 0x82, 0x10,
    0x82, 0x10, 0x41, 0x00, 0x04, 0x51, 0x66, 0x79, 0x69, 0xF2, 0x28, 0xD2,
    0x28, 0xD2, 0x28, 0xD2, 0x28, 0xD2, 0x28, 0xD2, 0x28, 0xD2, 0x28, 0xDA,
    0x28, 0xD2, 0x28, 0xCA, 0x00, 0x00, 0x28, 0xD2, 0x49, 0xE2, 0x28, 0xD2,
    0x28, 0xD2, 0x28, 0xD2, 0x28, 0xD2, 0x28, 0xD2, 0x49, 0xEA, 0x28, 0xD2,
    0x49, 0xEA, 0x49, 0xE2, 0x24, 0x59, 0x82, 0x10, 0x82, 0x10, 0x82, 0x10,
    0x82, 0x10, 0x82, 0x10, 0x82, 0x10, 0x82, 0x10, 0x82, 0x10, 0x82, 0x10,
    0x82, 0x10, 0x82, 0x10, 0x82, 0x10, 0x62, 0x00, 0xE3, 0x30, 0xE4, 0x38,
    0x89, 0xFA, 0x28, 0xD2, 0x69, 0xFA, 0x28, 0xD2, 0x69, 0xF2, 0x28, 0xD2,
    0x28, 0xD2, 0x28, 0xD2, 0x28, 0xD2, 0x28, 0xD2, 0xAA, 0xFA, 0x08, 0xD2,
    0x28, 0xD2, 0x69, 0xF2, 0x28, 0xD2, 0x28, 0xD2, 0x28, 0xD2, 0x28, 0xD2,
    0x49, 0xEA, 0x86, 0x81, 0x65, 0x79, 0x49, 0xEA, 0x49, 0xE2, 0x49, 0xEA,
    0x04, 0x49, 0x62, 0x00, 0x82, 0x10, 0x82, 0x10, 0x82, 0x10, 0x82, 0x10,
    0x82, 0x08, 0x62, 0x08, 0xC3, 0x10, 0x62, 0x08, 0x82, 0x08, 0x82, 0x10,
    0x82, 0x10, 0x82, 0x10, 0xA6, 0x99, 0x49, 0xEA, 0xAA, 0xFA, 0x86, 0x89,
    0x04, 0x51, 0x82, 0x08, 0xA6, 0x91, 0x28, 0xD2, 0x28, 0xD2, 0x28, 0xD2,
    0x28, 0xD2, 0x28, 0xD2, 0x69, 0xEA, 0x28, 0xD2, 0x08, 0xD2, 0x49, 0xEA,
    0x28, 0xD2, 0x28, 0xD2, 0x28, 0xD2, 0x28, 0xD2, 0x28, 0xDA, 0xA7, 0xA1,
    0x62, 0x00, 0x04, 0x49, 0xE7, 0xB9, 0xA6, 0x99, 0x42, 0x00, 0x82, 0x10,
    0x82, 0x10, 0x82, 0x10, 0x62, 0x08, 0xE4, 0x18, 0x25, 0x21, 0x46, 0x29,
    0x87, 0x31, 0x25, 0x21, 0xC3, 0x10, 0x62, 0x08, 0x82, 0x10, 0x82, 0x08,
    0x41, 0x00, 0x04, 0x49, 0xA6, 0x99, 0x82, 0x08, 0x82, 0x08, 0x62, 0x00,
    0x24, 0x59, 0x69, 0xFA, 0x28, 0xD2, 0x28, 0xD2, 0x28, 0xD2, 0x28, 0xD2,
    0x69, 0xEA, 0x08, 0xD2, 0x28, 0xD2, 0x49, 0xE2, 0x28, 0xD2, 0x28, 0xD2,
    0x28, 0xD2, 0x28, 0xD2, 0x49, 0xF2, 0x86, 0x91, 0x41, 0x00, 0x62, 0x00,
    0x62, 0x00, 0xA3, 0x18, 0x82, 0x08, 0x82, 0x10, 0x82, 0x10, 0x82, 0x08,
    0xC3, 0x10, 0x86, 0x29, 0x66, 0x29, 0x66, 0x29, 0x66, 0x29, 0x66, 0x29,
    0x86, 0x29, 0xE4, 0x18, 0x82, 0x10, 0x82, 0x10, 0x82, 0x10, 0x62, 0x00,
    0x82, 0x08, 0x82, 0x00, 0x82, 0x10, 0x62, 0x00, 0x82, 0x10, 0x08, 0xCA,
    0x28, 0xD2, 0x28, 0xD2, 0x28, 0xD2, 0x28, 0xD2, 0x49, 0xE2, 0x28, 0xD2,
    0x28, 0xD2, 0x49, 0xE2, 0x28, 0xD2, 0x28, 0xD2, 0x28, 0xD2, 0x28, 0xDA,
    0x08, 0xCA, 0x82, 0x08, 0x82, 0x08, 0x82, 0x10, 0x82, 0x10, 0x82, 0x10,
    0x82, 0x10, 0x82, 0x10, 0x82, 0x10, 0x62, 0x08, 0x25, 0x21, 0x66, 0x29,
    0x66, 0x29, 0x66, 0x29, 0x66, 0x29, 0x66, 0x29, 0x66, 0x29, 0x25, 0x21,
    0x82, 0x08, 0x82, 0x10, 0x82, 0x10, 0x82, 0x10, 0x82, 0x10, 0x82, 0x10,
    0x82, 0x10, 0x62, 0x00, 0x86, 0x89, 0x89, 0xFA, 0x28, 0xD2, 0x28, 0xD2,
    0x28, 0xD2, 0x28, 0xD2, 0x28, 0xD2, 0x28, 0xD2, 0xAA, 0xFA, 0x28, 0xD2,
    0x28, 0xD2, 0x28, 0xD2, 0x28, 0xD2, 0x08, 0xD2, 0x28, 0xDA, 0xA3, 0x18,
    0x82, 0x10, 0x82, 0x10, 0x82, 0x10, 0x82, 0x10, 0x82, 0x10, 0x82, 0x10,
    0x82, 0x10, 0xC3, 0x10, 0x87, 0x31, 0x66, 0x29, 0x66, 0x29, 0x66, 0x29,
    0x66, 0x29, 0x66, 0x29, 0x66, 0x29, 0x46, 0x29, 0x62, 0x08, 0x82, 0x10,
    0x82, 0x10, 0x82, 0x10, 0x82, 0x10, 0x82, 0x10, 0x82, 0x10, 0x82, 0x00,
    0x04, 0x41, 0x28, 0xE2, 0x28, 0xD2, 0x28, 0xD2, 0x28, 0xD2, 0x28, 0xD2,
    0x28, 0xDA, 0x49, 0xE2, 0x49, 0xE2, 0x28, 0xDA, 0x28, 0xD2, 0x28, 0xD2,
    0x28, 0xD2, 0x28, 0xD2, 0x28, 0xE2, 0x04, 0x41, 0x82, 0x00, 0x82, 0x10,
    0x82, 0x10, 0x82, 0x10, 0x82, 0x10, 0x82, 0x10, 0x82, 0x10, 0x62, 0x08,
    0x46, 0x29, 0x66, 0x29, 0x66, 0x29, 0x66, 0x29, 0x66, 0x29, 0x66, 0x29,
    0x66, 0x29, 0x87, 0x31, 0xC3, 0x10, 0x82, 0x10, 0x82, 0x10, 0x82, 0x10,
    0x82, 0x10, 0x82, 0x10, 0x82, 0x10, 0x82, 0x10, 0xA3, 0x18, 0x28, 0xDA,
    0x08, 0xD2, 0x28, 0xD2, 0x28, 0xD2, 0x28, 0xD2, 0x28, 0xD2, 0xAA, 0xFA,
    0x28, 0xD2, 0x28, 0xD2, 0x28, 0xD2, 0x28, 0xD2, 0x28, 0xD2, 0x28, 0xD2,
    0x89, 0xFA, 0x86, 0x89, 0x62, 0x00, 0x82, 0x10, 0x82, 0x10, 0x82, 0x10,
    0x82, 0x10, 0x82, 0x10, 0x82, 0x10, 0x82, 0x08, 0x25, 0x21, 0x66, 0x29,
    0x66, 0x29, 0x66, 0x29, 0x66, 0x29, 0x66, 0x29, 0x66, 0x29, 0x25, 0x21,
    0x62, 0x08, 0x82, 0x10, 0x82, 0x10, 0x82, 0x10, 0x82, 0x10, 0x82, 0x10,
    0x82, 0x10, 0x82, 0x08, 0x82, 0x08, 0x08, 0xCA, 0x28, 0xDA, 0x28, 0xD2,
    0x28, 0xD2, 0x28, 0xD2, 0x49, 0xE2, 0x28, 0xD2, 0x28, 0xD2, 0x49, 0xE2,
    0x28, 0xD2, 0x28, 0xD2, 0x28, 0xD2, 0x28, 0xD2, 0x08, 0xCA, 0x82, 0x10,
    0x62, 0x00, 0x82, 0x10, 0x82, 0x00, 0x82, 0x08, 0x62, 0x00, 0x82, 0x10,
    0x82, 0x10, 0x82, 0x10, 0xE4, 0x18, 0x86, 0x29, 0x66, 0x29, 0x66, 0x29,
    0x66, 0x29, 0x66, 0x29, 0x86, 0x29, 0xC3, 0x10, 0x82, 0x08, 0x82, 0x10,
    0x82, 0x08, 0x82, 0x08, 0x62, 0x00, 0x82, 0x10, 0x82, 0x10, 0x41, 0x00,
    0x86, 0x91, 0x49, 0xF2, 0x28, 0xD2, 0x28, 0xD2, 0x28, 0xD2, 0x28, 0xD2,
    0x49, 0xE2, 0x28, 0xD2, 0x08, 0xD2, 0x69, 0xEA, 0x28, 0xD2, 0x28, 0xD2,
    0x28, 0xD2, 0x28, 0xD2, 0x69, 0xFA, 0x24, 0x59, 0x62, 0x00, 0x82, 0x08,
    0x82, 0x08, 0xA6, 0x99, 0x04, 0x49, 0x41, 0x00, 0x82, 0x08, 0x82, 0x10,
    0x62, 0x08, 0xC3, 0x10, 0x25, 0x21, 0x87, 0x31, 0x46, 0x29, 0x25, 0x21,
    0xE4, 0x18, 0x62, 0x08, 0x82, 0x10, 0x82, 0x10, 0x62, 0x00, 0x86, 0x81,
    0x04, 0x49, 0x62, 0x00, 0x82, 0x08, 0x82, 0x10, 0xC7, 0xA9, 0x28, 0xDA,
    0x28, 0xD2, 0x28, 0xD2, 0x28, 0xD2, 0x28, 0xD2, 0x49, 0xEA, 0x08, 0xD2,
    0x28, 0xD2, 0x69, 0xEA, 0x28, 0xD2, 0x28, 0xD2, 0x28, 0xD2, 0x28, 0xD2,
    0x28, 0xD2, 0xA6, 0x91, 0x82, 0x08, 0x04, 0x51, 0x86, 0x89, 0xAA, 0xFA,
    0x49, 0xEA, 0xA6, 0x99, 0x82, 0x10, 0x82, 0x10, 0x82, 0x10, 0x82, 0x08,
    0x62, 0x08, 0xC3, 0x10, 0x62, 0x08, 0x82, 0x08, 0x82, 0x10, 0x82, 0x10,
    0x82, 0x10, 0x42, 0x00, 0x25, 0x59, 0x89, 0xFA, 0x49, 0xEA, 0x86, 0x91,
    0xC3, 0x28, 0x00, 0x00, 0x65, 0x71, 0x49, 0xE2, 0x28, 0xD2, 0x28, 0xD2,
    0x28, 0xD2, 0x28, 0xD2, 0x69, 0xF2, 0x28, 0xD2, 0x08, 0xD2, 0xAA, 0xFA,
    0x28, 0xD2, 0x28, 0xD2, 0x28, 0xD2, 0x28, 0xD2, 0x28, 0xD2, 0x69, 0xF2,
    0x28, 0xD2, 0x69, 0xFA, 0x28, 0xD2, 0x89, 0xFA, 0xE4, 0x38, 0xE3, 0x30,
    0x62, 0x00, 0x82, 0x10, 0x82, 0x10, 0x82, 0x10, 0x82, 0x10, 0x82, 0x10,
    0x82, 0x10, 0x82, 0x10, 0x82, 0x10, 0x82, 0x10, 0x82, 0x10, 0x82, 0x10,
    0xE7, 0xB9, 0x69, 0xFA, 0x28, 0xD2, 0x49, 0xEA, 0x28, 0xDA, 0x86, 0x89,
    0x48, 0xE2, 0x28, 0xD2, 0x28, 0xD2, 0x28, 0xD2, 0x28, 0xD2, 0x49, 0xE2,
    0x28, 0xD2, 0x00, 0x00, 0x28, 0xCA, 0x28, 0xD2, 0x28, 0xDA, 0x28, 0xD2,
    0x28, 0xD2, 0x28, 0xD2, 0x28, 0xD2, 0x28, 0xD2, 0x28, 0xD2, 0x69, 0xF2,
    0x66, 0x79, 0x04, 0x51, 0x41, 0x00, 0x82, 0x10, 0x82, 0x10, 0x82, 0x10,
    0x82, 0x10, 0x82, 0x10, 0x82, 0x10, 0x82, 0x08, 0x82, 0x10, 0x82, 0x10,
    0x82, 0x10, 0x82, 0x10, 0x82, 0x10, 0x62, 0x00, 0xC3, 0x28, 0x86, 0x89,
    0x49, 0xEA, 0x49, 0xE2, 0x28, 0xDA, 0x28, 0xDA, 0x28, 0xDA, 0x28, 0xD2,
    0x28, 0xD2, 0x28, 0xD2, 0x28, 0xD2, 0x28, 0xD2, 0x28, 0xD2, 0x00, 0x00,
    0x00, 0x00, 0xC7, 0xD1, 0x8A, 0xFA, 0x28, 0xD2, 0x28, 0xD2, 0x28, 0xD2,
    0x28, 0xD2, 0x28, 0xD2, 0x28, 0xDA, 0xE7, 0xB9, 0x41, 0x00, 0x62, 0x00,
    0x82, 0x08, 0x82, 0x10, 0x82, 0x10, 0x82, 0x10, 0x82, 0x10, 0x82, 0x08,
    0x82, 0x08, 0xE4, 0x40, 0x42, 0x00, 0x82, 0x00, 0x82, 0x10, 0x82, 0x10,
    0x82, 0x10, 0x82, 0x10, 0x82, 0x00, 0x62, 0x00, 0x04, 0x41, 0xA6, 0x99,
    0x49, 0xEA, 0x28, 0xD2, 0x28, 0xD2, 0x28, 0xD2, 0x28, 0xD2, 0x28, 0xD2,
    0x28, 0xD2, 0x28, 0xD2, 0x49, 0xE2, 0x00, 0x00, 0x00, 0xF8, 0x00, 0x00,
    0x28, 0xD2, 0x28, 0xDA, 0x28, 0xD2, 0x28, 0xD2, 0x28, 0xD2, 0x28, 0xD2,
    0x28, 0xD2, 0x28, 0xE2, 0xA6, 0x91, 0xA3, 0x18, 0xA2, 0x10, 0x82, 0x10,
    0x82, 0x10, 0x82, 0x10, 0x82, 0x10, 0x82, 0x10, 0xC3, 0x28, 0x69, 0xF2,
    0x86, 0x89, 0xC3, 0x20, 0x82, 0x08, 0x82, 0x10, 0x82, 0x10, 0x82, 0x10,
    0x82, 0x10, 0x82, 0x00, 0x82, 0x08, 0x82, 0x10, 0xE7, 0xB9, 0x28, 0xD2,
    0x28, 0xD2, 0x28, 0xD2, 0x28, 0xD2, 0x28, 0xD2, 0x28, 0xD2, 0x28, 0xD2,
    0x00, 0x00, 0x00, 0x00, 0x00, 0xF8, 0x00, 0x00, 0x28, 0xD2, 0x28, 0xD2,
    0x28, 0xD2, 0x28, 0xD2, 0x28, 0xD2, 0x28, 0xD2, 0x28, 0xD2, 0x28, 0xD2,
    0x49, 0xEA, 0xA3, 0x20, 0x42, 0x00, 0x82, 0x10, 0x82, 0x10, 0x82, 0x10,
    0x82, 0x10, 0x82, 0x08, 0x41, 0x00, 0xE7, 0xB1, 0xAA, 0xFA, 0x45, 0x61,
    0x62, 0x00, 0x82, 0x10, 0x82, 0x10, 0x82, 0x10, 0x82, 0x10, 0x42, 0x00,
    0xA6, 0x99, 0x49, 0xEA, 0x49, 0xEA, 0x28, 0xD2, 0x28, 0xD2, 0x28, 0xD2,
    0x28, 0xD2, 0x28, 0xD2, 0x28, 0xD2, 0x28, 0xD2, 0x00, 0x00, 0x00, 0x00,
    0x00, 0x00, 0x00, 0x00, 0x08, 0xD2, 0xAA, 0xFA, 0x49, 0xE2, 0x28, 0xD2,
    0x28, 0xD2, 0x28, 0xD2, 0x28, 0xD2, 0x28, 0xD2, 0x49, 0xE2, 0xC7, 0xB1,
    0x24, 0x51, 0x62, 0x00, 0x62, 0x00, 0x82, 0x10, 0x82, 0x10, 0x82, 0x08,
    0xE4, 0x40, 0x8A, 0xFA, 0xE7, 0xB9, 0x41, 0x00, 0x82, 0x08, 0x82, 0x10,
    0x82, 0x00, 0x41, 0x00, 0x82, 0x10, 0xC3, 0x28, 0x49, 0xEA, 0x28, 0xD2,
    0x28, 0xD2, 0x28, 0xD2, 0x28, 0xD2, 0x28, 0xD2, 0x28, 0xD2, 0x28, 0xD2,
    0x28, 0xD2, 0x00, 0x00, 0x00, 0x00, 0x00, 0x00, 0x00, 0x00, 0x00, 0x00,
    0x00, 0x00, 0x28, 0xD2, 0x28, 0xD2, 0x49, 0xDA, 0x28, 0xD2, 0x28, 0xD2,
    0x28, 0xD2, 0x28, 0xD2, 0x28, 0xD2, 0x48, 0xE2, 0x49, 0xEA, 0xA6, 0x99,
    0xE4, 0x38, 0x41, 0x00, 0x82, 0x10, 0x41, 0x00, 0x41, 0x00, 0xE7, 0xB9,
    0x8A, 0xFA, 0xE4, 0x38, 0x62, 0x00, 0x62, 0x00, 0xC3, 0x28, 0xA7, 0x99,
    0x28, 0xDA, 0x08, 0xCA, 0x49, 0xE2, 0x28, 0xD2, 0x28, 0xD2, 0x28, 0xD2,
    0x28, 0xD2, 0x28, 0xD2, 0x28, 0xD2, 0x28, 0xD2, 0x00, 0x00, 0x00, 0x00,
    0x00, 0x00, 0x00, 0x00, 0x00, 0x00, 0x00, 0x00, 0x00, 0x00, 0x00, 0x00,
    0x08, 0xD2, 0xAA, 0xFA, 0x28, 0xD2, 0x28, 0xD2, 0x28, 0xD2, 0x28, 0xD2,
    0x28, 0xD2, 0x28, 0xD2, 0x28, 0xD2, 0x49, 0xEA, 0x48, 0xE2, 0x65, 0x71,
    0xC7, 0xA9, 0x86, 0x81, 0x45, 0x71, 0x69, 0xFA, 0x28, 0xDA, 0x66, 0x79,
    0x82, 0x10, 0x24, 0x59, 0xA6, 0x91, 0x69, 0xFA, 0x28, 0xD2, 0x28, 0xD2,
    0x28, 0xD2, 0x28, 0xD2, 0x28, 0xD2, 0x28, 0xD2, 0x28, 0xD2, 0x49, 0xE2,
    0x28, 0xD2, 0x69, 0xF2, 0x00, 0x00, 0x00, 0x00, 0x00, 0x00, 0x00, 0x00,
    0x00, 0x00, 0x00, 0x00, 0x00, 0x00, 0x00, 0xF8, 0xE7, 0xD1, 0x08, 0xD2,
    0x49, 0xE2, 0x49, 0xE2, 0x28, 0xD2, 0x28, 0xD2, 0x28, 0xD2, 0x28, 0xD2,
    0x28, 0xD2, 0x28, 0xD2, 0x28, 0xD2, 0x49, 0xE2, 0x28, 0xDA, 0x49, 0xEA,
    0x28, 0xD2, 0x28, 0xDA, 0x28, 0xD2, 0x69, 0xF2, 0x08, 0xCA, 0x69, 0xFA,
    0x28, 0xD2, 0x28, 0xD2, 0x28, 0xD2, 0x28, 0xD2, 0x28, 0xD2, 0x28, 0xD2,
    0x28, 0xD2, 0x28, 0xD2, 0x28, 0xD2, 0x49, 0xE2, 0x08, 0xD2, 0x00, 0x00,
    0x00, 0x00, 0x00, 0x00, 0x00, 0x00, 0x00, 0x00, 0x00, 0x00, 0x00, 0x00,
    0x00, 0x00, 0x00, 0x00, 0x00, 0x00, 0x00, 0x00, 0x08, 0xD2, 0x28, 0xD2,
    0x28, 0xD2, 0x28, 0xD2, 0x28, 0xD2, 0x28, 0xD2, 0x28, 0xD2, 0x28, 0xD2,
    0x28, 0xD2, 0x28, 0xD2, 0x28, 0xD2, 0x28, 0xD2, 0x28, 0xD2, 0x28, 0xD2,
    0x28, 0xD2, 0x28, 0xD2, 0x28, 0xD2, 0x28, 0xD2, 0x28, 0xD2, 0x28, 0xD2,
    0x28, 0xD2, 0x28, 0xD2, 0x28, 0xD2, 0x28, 0xD2, 0x28, 0xD2, 0x49, 0xDA,
    0xAA, 0xFA, 0x08, 0xD2, 0x00, 0x00, 0x00, 0x00, 0x00, 0x00, 0x00, 0x00,
    0x00, 0x00, 0x00, 0x00, 0x00, 0x00, 0x00, 0x00, 0x00, 0x00, 0x00, 0x00,
    0x00, 0x00, 0x00, 0x00, 0x00, 0x00, 0x69, 0xF2, 0x28, 0xD2, 0x28, 0xD2,
    0x28, 0xD2, 0x28, 0xD2, 0x28, 0xD2, 0x28, 0xD2, 0x28, 0xD2, 0x28, 0xD2,
    0x28, 0xD2, 0x28, 0xD2, 0x28, 0xD2, 0x28, 0xD2, 0x28, 0xD2, 0x28, 0xD2,
    0x28, 0xD2, 0x28, 0xD2, 0x28, 0xD2, 0x28, 0xD2, 0x28, 0xD2, 0x28, 0xD2,
    0x28, 0xD2, 0x28, 0xD2, 0x49, 0xE2, 0x28, 0xD2, 0x08, 0xD2, 0xE7, 0xD1,
    0x00, 0x00, 0x00, 0x00, 0x00, 0x00, 0x00, 0x00, 0x00, 0x00, 0x00, 0x00,
    0x00, 0x00, 0x00, 0x00, 0x00, 0x00, 0x00, 0x00, 0x00, 0x00, 0x00, 0x00,
    0x00, 0x00, 0x00, 0x00, 0x00, 0x00, 0x28, 0xD2, 0x28, 0xD2, 0x28, 0xD2,
    0x28, 0xD2, 0x28, 0xD2, 0x28, 0xD2, 0x28, 0xD2, 0x28, 0xD2, 0x28, 0xD2,
    0x28, 0xD2, 0x28, 0xD2, 0x28, 0xD2, 0x28, 0xD2, 0x28, 0xD2, 0x28, 0xD2,
    0x28, 0xD2, 0x28, 0xD2, 0x28, 0xD2, 0x28, 0xD2, 0x28, 0xDA, 0x28, 0xD2,
    0xAA, 0xFA, 0x28, 0xD2, 0x00, 0x00, 0x00, 0xF8, 0x00, 0x00, 0x00, 0x00,
    0x00, 0x00, 0x00, 0x00, 0x00, 0x00, 0x00, 0x00, 0x00, 0x00, 0x00, 0x00,
    0x00, 0x00, 0x00, 0x00, 0x00, 0x00, 0x00, 0x00, 0x00, 0x00, 0x00, 0x00,
    0x00, 0x00, 0x00, 0x00, 0x28, 0xD2, 0x28, 0xD2, 0x28, 0xD2, 0x28, 0xD2,
    0x49, 0xE2, 0x28, 0xD2, 0x28, 0xD2, 0x28, 0xD2, 0x28, 0xD2, 0x28, 0xD2,
    0x28, 0xD2, 0x28, 0xD2, 0x28, 0xD2, 0x28, 0xD2, 0x28, 0xD2, 0x28, 0xD2,
    0x28, 0xDA, 0x8A, 0xFA, 0x28, 0xD2, 0x28, 0xD2, 0x08, 0xD2, 0x00, 0x00,
    0x00, 0x00, 0x00, 0x00, 0x00, 0x00, 0x00, 0x00, 0x00, 0x00, 0x00, 0x00,
    0x00, 0x00, 0x00, 0x00, 0x00, 0x00, 0x00, 0x00, 0x00, 0x00, 0x00, 0x00,
    0x00, 0x00, 0x00, 0x00, 0x00, 0x00, 0x00, 0x00, 0x00, 0x00, 0x00, 0x00,
    0x00, 0x00, 0x00, 0x00, 0x49, 0xE2, 0x28, 0xD2, 0x28, 0xD2, 0x69, 0xF2,
    0x49, 0xEA, 0x49, 0xE2, 0x49, 0xE2, 0x28, 0xD2, 0x28, 0xDA, 0x28, 0xD2,
    0x49, 0xE2, 0x69, 0xEA, 0x69, 0xEA, 0xAA, 0xFA, 0x28, 0xD2, 0xC7, 0xD1,
    0x00, 0x00, 0x00, 0x00, 0x00, 0x00, 0x00, 0x00, 0x00, 0x00, 0x00, 0x00,
    0x00, 0x00, 0x00, 0x00, 0x00, 0x00, 0x00, 0x00, 0x00, 0x00, 0x00, 0x00,
    0x00, 0x00, 0x00, 0x00, 0x00, 0x00, 0x00, 0x00, 0x00, 0x00, 0x00, 0x00,
    0x00, 0x00, 0x00, 0x00, 0x00, 0x00, 0x00, 0x00, 0x00, 0x00, 0x00, 0x00,
    0x00, 0x00, 0x00, 0x00, 0x00, 0x00, 0x28, 0xD2, 0x08, 0xD2, 0x28, 0xD2,
    0x28, 0xD2, 0xAA, 0xFA, 0x49, 0xE2, 0x28, 0xD2, 0x28, 0xD2, 0x08, 0xD2,
    0x28, 0xD2, 0x08, 0xD2, 0x28, 0xCA, 0x00, 0x00, 0x00, 0xF8, 0x00, 0xF8,
    0x00, 0x00, 0x00, 0x00, 0x00, 0x00, 0x00, 0x00, 0x00, 0x00, 0x00, 0x00,
    0x00, 0x00, 0x00, 0x00, 0x00, 0x00, 0x00, 0x00, 0x00, 0x00, 0x00, 0x00,
    0x00, 0x00, 0x00, 0x00, 0x00, 0x00, 0x02, 0x02, 0x00, 0x1A, 0x58, 0xB7,
    0x45, 0x70, 0xCA, 0xFF, 0xFF, 0xDB, 0x4E, 0xA6, 0x65, 0x00, 0x00, 0x00,
    0x00, 0x00, 0x00, 0x00, 0x00, 0x00, 0x00, 0x00, 0x00, 0x00, 0x00, 0x00,
    0x00, 0x00, 0x00, 0x00, 0x00, 0x00, 0x00, 0x00, 0x00, 0x00, 0x00, 0x00,
    0x0D, 0x97, 0xFF, 0xFF, 0xFF, 0xFF, 0xFF, 0xFF, 0xFC, 0xFF, 0xFF, 0xFF,
    0xFF, 0xBA, 0xE7, 0xFF, 0x00, 0x00, 0x00, 0x00, 0x00, 0x00, 0x00, 0x00,
    0x00, 0x00, 0x00, 0x00, 0x00, 0x00, 0x00, 0x00, 0x00, 0x00, 0x00, 0x00,
    0x00, 0x50, 0xA0, 0xE7, 0xFF, 0xFF, 0xFF, 0xFE, 0xFF, 0xFC, 0xFF, 0xFF,
    0xFF, 0xFF, 0xFF, 0xFE, 0xFF, 0xFF, 0xFC, 0xFF, 0xFF, 0xFF, 0x00, 0x00,
    0x00, 0x00, 0x00, 0x00, 0x00, 0x00, 0x00, 0x00, 0x00, 0x00, 0x00, 0x00,
    0x00, 0x00, 0x01, 0x00, 0x4A, 0xFF, 0xFF, 0xFF, 0xFF, 0xFB, 0xFF, 0xFF,
    0xFF, 0xFF, 0xFF, 0xFF, 0xFF, 0xFF, 0xFF, 0xFF, 0xFF, 0xFF, 0xFE, 0xFF,
    0xFF, 0xFF, 0xFF, 0x00, 0x00, 0x00, 0x00, 0x00, 0x00, 0x00, 0x00, 0x00,
    0x00, 0x00, 0x00, 0x00, 0x00, 0x00, 0x0C, 0x41, 0xC2, 0xFF, 0xFE, 0xFF,
    0xFF, 0xFF, 0xFF, 0xFF, 0xFF, 0xFF, 0xFF, 0xFF, 0xFF, 0xFF, 0xFF, 0xFF,
    0xFF, 0xFF, 0xFF, 0xFF, 0xFF, 0xFF, 0xFF, 0xFF, 0xFF, 0x00, 0x00, 0x00,
    0x00, 0x00, 0x00, 0x00, 0x00, 0x00, 0x00, 0x00, 0x00, 0x00, 0x9A, 0xFF,
    0xFF, 0xFF, 0xFF, 0xFF, 0xFF, 0xFF, 0xFF, 0xFF, 0xFF, 0xFF, 0xFF, 0xFF,
    0xFF, 0xFF, 0xFF, 0xFF, 0xFF, 0xFF, 0xFF, 0xFF, 0xFF, 0xFF, 0xFF, 0xFD,
    0xF9, 0x3D, 0x00, 0x00, 0x00, 0x00, 0x00, 0x00, 0x00, 0x00, 0x00, 0x00,
    0x00, 0x3D, 0xFF, 0xFF, 0xFE, 0xFF, 0xFF, 0xFF, 0xFF, 0xFF, 0xFF, 0xFF,
    0xFF, 0xFF, 0xFF, 0xFF, 0xFF, 0xFF, 0xFF, 0xFF, 0xFF, 0xFF, 0xFF, 0xFF,
    0xFF, 0xFF, 0xFF, 0xFF, 0xFF, 0xFF, 0x9A, 0x0C, 0x01, 0x00, 0x00, 0x00,
    0x00, 0x00, 0x00, 0x00, 0xFF, 0xF9, 0xFF, 0xFF, 0xFF, 0xFF, 0xFF, 0xFF,
    0xFF, 0xFF, 0xFF, 0xFF, 0xFF, 0xFF, 0xFF, 0xFF, 0xFF, 0xFF, 0xFF, 0xFF,
    0xFF, 0xFF, 0xFF, 0xFF, 0xFF, 0xFF, 0xFF, 0xFF, 0xFF, 0xFF, 0xFF, 0x41,
    0x00, 0x00, 0x00, 0x00, 0x00, 0x00, 0x00, 0x00, 0xFF, 0xFD, 0xFF, 0xFF,
    0xFF, 0xFF, 0xFF, 0xFF, 0xFF, 0xFF, 0xFF, 0xFF, 0xFF, 0xFF, 0xFF, 0xFF,
    0xFF, 0xFF, 0xFF, 0xFF, 0xFF, 0xFF, 0xFF, 0xFF, 0xFF, 0xFF, 0xFF, 0xFF,
    0xFF, 0xFE, 0xFF, 0xC2, 0x4A, 0x00, 0x00, 0x00, 0x00, 0x00, 0x00, 0xFF,
    0xFF, 0xFF, 0xFF, 0xFF, 0xFF, 0xFF, 0xFF, 0xFF, 0xFF, 0xFF, 0xFF, 0xFF,
    0xFF, 0xFF, 0xFF, 0xFF, 0xFF, 0xFF, 0xFF, 0xFF, 0xFF, 0xFF, 0xFF, 0xFF,
    0xFF, 0xFF, 0xFF, 0xFF, 0xFF, 0xFF, 0xFF, 0xFF, 0xFF, 0x50, 0x00, 0x00,
    0x00, 0x00, 0xFF, 0xFF, 0xFF, 0xFF, 0xFF, 0xFF, 0xFF, 0xFF, 0xFF, 0xFF,
    0xFF, 0xFF, 0xFF, 0xFF, 0xFF, 0xFF, 0xFF, 0xFF, 0xFF, 0xFF, 0xFF, 0xFF,
    0xFF, 0xFF, 0xFF, 0xFF, 0xFF, 0xFF, 0xFF, 0xFF, 0xFF, 0xFF, 0xFF, 0xFE,
    0xFF, 0xA0, 0x00, 0x02, 0x00, 0x00, 0xFF, 0xFF, 0xFF, 0xFF, 0xFF, 0xFF,
    0xFF, 0xFF, 0xFF, 0xFF, 0xFF, 0xFF, 0xFF, 0xFF, 0xFF, 0xFF, 0xFF, 0xFF,
    0xFF, 0xFF, 0xFF, 0xFF, 0xFF, 0xFF, 0xFF, 0xFF, 0xFF, 0xFF, 0xFF, 0xFF,
    0xFF, 0xFF, 0xFF, 0xFF, 0xFF, 0xE7, 0x00, 0x02, 0x00, 0xFF, 0xFF, 0xFF,
    0xFF, 0xFF, 0xFF, 0xFF, 0xFF, 0xFF, 0xFF, 0xFF, 0xFF, 0xFF, 0xFF, 0xFF,
    0xFF, 0xFF, 0xFF, 0xFF, 0xFF, 0xFF, 0xFF, 0xFF, 0xFF, 0xFF, 0xFF, 0xFF,
    0xFF, 0xFF, 0xFF, 0xFF, 0xFF, 0xFF, 0xFF, 0xFF, 0xFF, 0xFF, 0x0D, 0x00,
    0x00, 0xE7, 0xFC, 0xFE, 0xFF, 0xFF, 0xFF, 0xFF, 0xFF, 0xFF, 0xFF, 0xFF,
    0xFF, 0xFF, 0xFF, 0xFF, 0xFF, 0xFF, 0xFF, 0xFF, 0xFF, 0xFF, 0xFF, 0xFF,
    0xFF, 0xFF, 0xFF, 0xFF, 0xFF, 0xFF, 0xFF, 0xFF, 0xFF, 0xFF, 0xFF, 0xFF,
    0xFB, 0xFF, 0x97, 0x1A, 0x00, 0xBA, 0xFF, 0xFF, 0xFF, 0xFF, 0xFF, 0xFF,
    0xFF, 0xFF, 0xFF, 0xFF, 0xFF, 0xFF, 0xFF, 0xFF, 0xFF, 0xFF, 0xFF, 0xFF,
    0xFF, 0xFF, 0xFF, 0xFF, 0xFF, 0xFF, 0xFF, 0xFF, 0xFF, 0xFF, 0xFF, 0xFF,
    0xFF, 0xFF, 0xFF, 0xFF, 0xFF, 0xFF, 0xFF, 0x58, 0x65, 0xFF, 0xFF, 0xFF,
    0xFF, 0xFF, 0xFF, 0xFF, 0xFF, 0xFF, 0xFF, 0xFF, 0xFF, 0xFF, 0xFF, 0xFF,
    0xFF, 0xFF, 0xFF, 0xFF, 0xFF, 0xFF, 0xFF, 0xFF, 0xFF, 0xFF, 0xFF, 0xFF,
    0xFF, 0xFF, 0xFF, 0xFF, 0xFF, 0xFF, 0xFF, 0xFF, 0xFF, 0xFE, 0xFF, 0xB7,
    0xA6, 0xFF, 0xFE, 0xFF, 0xFF, 0xFF, 0xFF, 0xFF, 0xFF, 0xFF, 0xFF, 0xFF,
    0xFF, 0xFF, 0xFF, 0xFF, 0xFF, 0xFF, 0xFF, 0xFF, 0xFF, 0xFF, 0xFF, 0xFF,
    0xFF, 0xFF, 0xFF, 0xFF, 0xFF, 0xFF, 0xFF, 0xFF, 0xFF, 0xFF, 0xFF, 0xFF,
    0xFF, 0xFF, 0xFF, 0x45, 0x4E, 0xFF, 0xFF, 0xFF, 0xFF, 0xFF, 0xFF, 0xFF,
    0xFF, 0xFF, 0xFF, 0xFF, 0xFF, 0xFF, 0xFF, 0xFF, 0xFF, 0xFF, 0xFF, 0xFF,
    0xFF, 0xFF, 0xFF, 0xFF, 0xFF, 0xFF, 0xFF, 0xFF, 0xFF, 0xFF, 0xFF, 0xFF,
    0xFF, 0xFF, 0xFF, 0xFF, 0xFF, 0xFC, 0xFF, 0x70, 0xDB, 0xFF, 0xFF, 0xFF,
    0xFF, 0xFF, 0xFF, 0xFF, 0xFF, 0xFF, 0xFF, 0xFF, 0xFF, 0xFF, 0xFF, 0xFF,
    0xFF, 0xFF, 0xFF, 0xFF, 0xFF, 0xFF, 0xFF, 0xFF, 0xFF, 0xFF, 0xFF, 0xFF,
    0xFF, 0xFF, 0xFF, 0xFF, 0xFF, 0xFF, 0xFF, 0xFF, 0xFF, 0xFF, 0xFF, 0xCA,
    0xFF, 0xFC, 0xFF, 0xFF, 0xFF, 0xFF, 0xFF, 0xFF, 0xFF, 0xFF, 0xFF, 0xFF,
    0xFF, 0xFF, 0xFF, 0xFF, 0xFF, 0xFF, 0xFF, 0xFF, 0xFF, 0xFF, 0xFF, 0xFF,
    0xFF, 0xFF, 0xFF, 0xFF, 0xFF, 0xFF, 0xFF, 0xFF, 0xFF, 0xFF, 0xFF, 0xFF,
    0xFF, 0xFF, 0xFF, 0xFF, 0xFF, 0xFF, 0xFF, 0xFF, 0xFF, 0xFF, 0xFF, 0xFF,
    0xFF, 0xFF, 0xFF, 0xFF, 0xFF, 0xFF, 0xFF, 0xFF, 0xFF, 0xFF, 0xFF, 0xFF,
    0xFF, 0xFF, 0xFF, 0xFF, 0xFF, 0xFF, 0xFF, 0xFF, 0xFF, 0xFF, 0xFF, 0xFF,
    0xFF, 0xFF, 0xFF, 0xFF, 0xFF, 0xFF, 0xFC, 0xFF, 0xCA, 0xFF, 0xFF, 0xFF,
    0xFF, 0xFF, 0xFF, 0xFF, 0xFF, 0xFF, 0xFF, 0xFF, 0xFF, 0xFF, 0xFF, 0xFF,
    0xFF, 0xFF, 0xFF, 0xFF, 0xFF, 0xFF, 0xFF, 0xFF, 0xFF, 0xFF, 0xFF, 0xFF,
    0xFF, 0xFF, 0xFF, 0xFF, 0xFF, 0xFF, 0xFF, 0xFF, 0xFF, 0xFF, 0xFF, 0xDB,
    0x70, 0xFF, 0xFC, 0xFF, 0xFF, 0xFF, 0xFF, 0xFF, 0xFF, 0xFF, 0xFF, 0xFF,
    0xFF, 0xFF, 0xFF, 0xFF, 0xFF, 0xFF, 0xFF, 0xFF, 0xFF, 0xFF, 0xFF, 0xFF,
    0xFF, 0xFF, 0xFF, 0xFF, 0xFF, 0xFF, 0xFF, 0xFF, 0xFF, 0xFF, 0xFF, 0xFF,
    0xFF, 0xFF, 0xFF, 0x4E, 0x45, 0xFF, 0xFF, 0xFF, 0xFF, 0xFF, 0xFF, 0xFF,
    0xFF, 0xFF, 0xFF, 0xFF, 0xFF, 0xFF, 0xFF, 0xFF, 0xFF, 0xFF, 0xFF, 0xFF,
    0xFF, 0xFF, 0xFF, 0xFF, 0xFF, 0xFF, 0xFF, 0xFF, 0xFF, 0xFF, 0xFF, 0xFF,
    0xFF, 0xFF, 0xFF, 0xFF, 0xFF, 0xFE, 0xFF, 0xA6, 0xB7, 0xFF, 0xFE, 0xFF,
    0xFF, 0xFF, 0xFF, 0xFF, 0xFF, 0xFF, 0xFF, 0xFF, 0xFF, 0xFF, 0xFF, 0xFF,
    0xFF, 0xFF, 0xFF, 0xFF, 0xFF, 0xFF, 0xFF, 0xFF, 0xFF, 0xFF, 0xFF, 0xFF,
    0xFF, 0xFF, 0xFF, 0xFF, 0xFF, 0xFF, 0xFF, 0xFF, 0xFF, 0xFF, 0xFF, 0x65,
    0x58, 0xFF, 0xFF, 0xFF, 0xFF, 0xFF, 0xFF, 0xFF, 0xFF, 0xFF, 0xFF, 0xFF,
    0xFF, 0xFF, 0xFF, 0xFF, 0xFF, 0xFF, 0xFF, 0xFF, 0xFF, 0xFF, 0xFF, 0xFF,
    0xFF, 0xFF, 0xFF, 0xFF, 0xFF, 0xFF, 0xFF, 0xFF, 0xFF, 0xFF, 0xFF, 0xFF,
    0xFF, 0xFF, 0xBA, 0x00, 0x1A, 0x97, 0xFF, 0xFB, 0xFF, 0xFF, 0xFF, 0xFF,
    0xFF, 0xFF, 0xFF, 0xFF, 0xFF, 0xFF, 0xFF, 0xFF, 0xFF, 0xFF, 0xFF, 0xFF,
    0xFF, 0xFF, 0xFF, 0xFF, 0xFF, 0xFF, 0xFF, 0xFF, 0xFF, 0xFF, 0xFF, 0xFF,
    0xFF, 0xFF, 0xFF, 0xFF, 0xFE, 0xFC, 0xE7, 0x00, 0x00, 0x0D, 0xFF, 0xFF,
    0xFF, 0xFF, 0xFF, 0xFF, 0xFF, 0xFF, 0xFF, 0xFF, 0xFF, 0xFF, 0xFF, 0xFF,
    0xFF, 0xFF, 0xFF, 0xFF, 0xFF, 0xFF, 0xFF, 0xFF, 0xFF, 0xFF, 0xFF, 0xFF,
    0xFF, 0xFF, 0xFF, 0xFF, 0xFF, 0xFF, 0xFF, 0xFF, 0xFF, 0xFF, 0xFF, 0x00,
    0x02, 0x00, 0xE7, 0xFF, 0xFF, 0xFF, 0xFF, 0xFF, 0xFF, 0xFF, 0xFF, 0xFF,
    0xFF, 0xFF, 0xFF, 0xFF, 0xFF, 0xFF, 0xFF, 0xFF, 0xFF, 0xFF, 0xFF, 0xFF,
    0xFF, 0xFF, 0xFF, 0xFF, 0xFF, 0xFF, 0xFF, 0xFF, 0xFF, 0xFF, 0xFF, 0xFF,
    0xFF, 0xFF, 0x00, 0x00, 0x02, 0x00, 0xA0, 0xFF, 0xFE, 0xFF, 0xFF, 0xFF,
    0xFF, 0xFF, 0xFF, 0xFF, 0xFF, 0xFF, 0xFF, 0xFF, 0xFF, 0xFF, 0xFF, 0xFF,
    0xFF, 0xFF, 0xFF, 0xFF, 0xFF, 0xFF, 0xFF, 0xFF, 0xFF, 0xFF, 0xFF, 0xFF,
    0xFF, 0xFF, 0xFF, 0xFF, 0xFF, 0xFF, 0x00, 0x00, 0x00, 0x00, 0x50, 0xFF,
    0xFF, 0xFF, 0xFF, 0xFF, 0xFF, 0xFF, 0xFF, 0xFF, 0xFF, 0xFF, 0xFF, 0xFF,
    0xFF, 0xFF, 0xFF, 0xFF, 0xFF, 0xFF, 0xFF, 0xFF, 0xFF, 0xFF, 0xFF, 0xFF,
    0xFF, 0xFF, 0xFF, 0xFF, 0xFF, 0xFF, 0xFF, 0xFF, 0xFF, 0x00, 0x00, 0x00,
    0x00, 0x00, 0x00, 0x4A, 0xC2, 0xFF, 0xFE, 0xFF, 0xFF, 0xFF, 0xFF, 0xFF,
    0xFF, 0xFF, 0xFF, 0xFF, 0xFF, 0xFF, 0xFF, 0xFF, 0xFF, 0xFF, 0xFF, 0xFF,
    0xFF, 0xFF, 0xFF, 0xFF, 0xFF, 0xFF, 0xFF, 0xFF, 0xFF, 0xFF, 0xFD, 0xFF,
    0x00, 0x00, 0x00, 0x00, 0x00, 0x00, 0x00, 0x00, 0x41, 0xFF, 0xFF, 0xFF,
    0xFF, 0xFF, 0xFF, 0xFF, 0xFF, 0xFF, 0xFF, 0xFF, 0xFF, 0xFF, 0xFF, 0xFF,
    0xFF, 0xFF, 0xFF, 0xFF, 0xFF, 0xFF, 0xFF, 0xFF, 0xFF, 0xFF, 0xFF, 0xFF,
    0xFF, 0xFF, 0xF9, 0xFF, 0x00, 0x00, 0x00, 0x00, 0x00, 0x00, 0x00, 0x01,
    0x0C, 0x9A, 0xFF, 0xFF, 0xFF, 0xFF, 0xFF, 0xFF, 0xFF, 0xFF, 0xFF, 0xFF,
    0xFF, 0xFF, 0xFF, 0xFF, 0xFF, 0xFF, 0xFF, 0xFF, 0xFF, 0xFF, 0xFF, 0xFF,
    0xFF, 0xFF, 0xFF, 0xFE, 0xFF, 0xFF, 0x3D, 0x00, 0x00, 0x00, 0x00, 0x00,
    0x00, 0x00, 0x00, 0x00, 0x00, 0x00, 0x3D, 0xF9, 0xFD, 0xFF, 0xFF, 0xFF,
    0xFF, 0xFF, 0xFF, 0xFF, 0xFF, 0xFF, 0xFF, 0xFF, 0xFF, 0xFF, 0xFF, 0xFF,
    0xFF, 0xFF, 0xFF, 0xFF, 0xFF, 0xFF, 0xFF, 0xFF, 0xFF, 0x9A, 0x00, 0x00,
    0x00, 0x00, 0x00, 0x00, 0x00, 0x00, 0x00, 0x00, 0x00, 0x00, 0x00, 0xFF,
    0xFF, 0xFF, 0xFF, 0xFF, 0xFF, 0xFF, 0xFF, 0xFF, 0xFF, 0xFF, 0xFF, 0xFF,
    0xFF, 0xFF, 0xFF, 0xFF, 0xFF, 0xFF, 0xFF, 0xFF, 0xFF, 0xFE, 0xFF, 0xC2,
    0x41, 0x0C, 0x00, 0x00, 0x00, 0x00, 0x00, 0x00, 0x00, 0x00, 0x00, 0x00,
    0x00, 0x00, 0x00, 0x00, 0x00, 0xFF, 0xFF, 0xFF, 0xFF, 0xFE, 0xFF, 0xFF,
    0xFF, 0xFF, 0xFF, 0xFF, 0xFF, 0xFF, 0xFF, 0xFF, 0xFF, 0xFF, 0xFB, 0xFF,
    0xFF, 0xFF, 0xFF, 0x4A, 0x00, 0x01, 0x00, 0x00, 0x00, 0x00, 0x00, 0x00,
    0x00, 0x00, 0x00, 0x00, 0x00, 0x00, 0x00, 0x00, 0x00, 0x00, 0xFF, 0xFF,
    0xFF, 0xFC, 0xFF, 0xFF, 0xFE, 0xFF, 0xFF, 0xFF, 0xFF, 0xFF, 0xFC, 0xFF,
    0xFE, 0xFF, 0xFF, 0xFF, 0xE7, 0xA0, 0x50, 0x00, 0x00, 0x00, 0x00, 0x00,
    0x00, 0x00, 0x00, 0x00, 0x00, 0x00, 0x00, 0x00, 0x00, 0x00, 0x00, 0x00,
    0x00, 0x00, 0x00, 0x00, 0xFF, 0xE7, 0xBA, 0xFF, 0xFF, 0xFF, 0xFF, 0xFC,
    0xFF, 0xFF, 0xFF, 0xFF, 0xFF, 0xFF, 0x97, 0x0D, 0x00, 0x00, 0x00, 0x00,
    0x00, 0x00, 0x00, 0x00, 0x00, 0x00, 0x00, 0x00, 0x00, 0x00, 0x00, 0x00,
    0x00, 0x00, 0x00, 0x00, 0x00, 0x00, 0x00, 0x00, 0x00, 0x00, 0x00, 0x65,
    0xA6, 0x4E, 0xDB, 0xFF, 0xFF, 0xCA, 0x70, 0x45, 0xB7, 0x58, 0x1A, 0x00,
    0x02, 0x02, 0x00, 0x00, 0x00, 0x00, 0x00, 0x00, 0x00, 0x00, 0x00, 0x00,
  },
  { /* frame 9 */
    0x00, 0x00, 0x00, 0x00, 0x00, 0x00, 0x00, 0x00, 0x00, 0x00, 0x00, 0x00,
    0x00, 0x00, 0x00, 0x00, 0x00, 0x00, 0x00, 0x00, 0x00, 0x00, 0x86, 0xC9,
    0x00, 0x00, 0x08, 0xD2, 0x08, 0xD2, 0x28, 0xD2, 0x28, 0xD2, 0x08, 0xD2,
    0x28, 0xD2, 0x8A, 0xFA, 0x8A, 0xFA, 0x28, 0xD2, 0x08, 0xD2, 0x28, 0xD2,
    0x28, 0xD2, 0x08, 0xD2, 0x08, 0xD2, 0x00, 0x00, 0x86, 0xC9, 0x00, 0x00,
    0x00, 0x00, 0x00, 0x00, 0x00, 0x00, 0x00, 0x00, 0x00, 0x00, 0x00, 0x00,
    0x00, 0x00, 0x00, 0x00, 0x00, 0x00, 0x00, 0x00, 0x00, 0x00, 0x00, 0x00,
    0x00, 0x00, 0x00, 0x00, 0x00, 0x00, 0x00, 0x00, 0x00, 0x00, 0x00, 0x00,
    0x00, 0x00, 0x00, 0x00, 0x00, 0x00, 0x28, 0xD2, 0x00, 0x00, 0x28, 0xD2,
    0x8A, 0xFA, 0x69, 0xF2, 0x28, 0xD2, 0x69, 0xEA, 0x49, 0xE2, 0x28, 0xD2,
    0x28, 0xD2, 0x49, 0xE2, 0x69, 0xEA, 0x28, 0xD2, 0x69, 0xF2, 0x8A, 0xFA,
    0x28, 0xD2, 0x00, 0x00, 0x28, 0xD2, 0x00, 0x00, 0x00, 0x00, 0x00, 0x00,
    0x00, 0x00, 0x00, 0x00, 0x00, 0x00, 0x00, 0x00, 0x00, 0x00, 0x00, 0x00,
    0x00, 0x00, 0x00, 0x00, 0x00, 0x00, 0x00, 0x00, 0x00, 0x00, 0x00, 0x00,
    0x00, 0x00, 0x00, 0x00, 0x00, 0x00, 0x00, 0x00, 0x00, 0x00, 0x00, 0x00,
    0x08, 0xD2, 0x8A, 0xFA, 0x28, 0xD2, 0x69, 0xF2, 0x28, 0xD2, 0x28, 0xD2,
    0x28, 0xD2, 0x28, 0xD2, 0x28, 0xD2, 0x28, 0xD2, 0x28, 0xD2, 0x28, 0xD2,
    0x28, 0xD2, 0x28, 0xD2, 0x28, 0xD2, 0x28, 0xD2, 0x69, 0xF2, 0x28, 0xD2,
    0x8A, 0xFA, 0x08, 0xD2, 0x00, 0x00, 0x00, 0x00, 0x00, 0x00, 0x00, 0x00,
    0x00, 0x00, 0x00, 0x00, 0x00, 0x00, 0x00, 0x00, 0x00, 0x00, 0x00, 0x00,
    0x00, 0x00, 0x00, 0x00, 0x00, 0x00, 0x00, 0x00, 0x00, 0x00, 0x00, 0x00,
    0x00, 0x00, 0x00, 0x00, 0x28, 0xD2, 0x28, 0xD2, 0x69, 0xEA, 0x28, 0xDA,
    0x28, 0xD2, 0x28, 0xD2, 0x28, 0xD2, 0x28, 0xD2, 0x28, 0xD2, 0x28, 0xD2,
    0x28, 0xD2, 0x28, 0xD2, 0x28, 0xD2, 0x28, 0xD2, 0x28, 0xD2, 0x28, 0xD2,
    0x28, 0xD2, 0x28, 0xD2, 0x28, 0xD2, 0x28, 0xD2, 0x28, 0xDA, 0x69, 0xEA,
    0x28, 0xD2, 0x28, 0xD2, 0x00, 0x00, 0x00, 0x00, 0x00, 0x00, 0x00, 0x00,
    0x00, 0x00, 0x00, 0x00, 0x00, 0x00, 0x00, 0x00, 0x00, 0x00, 0x00, 0x00,
    0x00, 0x00, 0x00, 0x00, 0x00, 0x00, 0x00, 0x00, 0x00, 0x00, 0x28, 0xD2,
    0x28, 0xDA, 0x28, 0xD2, 0x28, 0xDA, 0x28, 0xD2, 0x28, 0xD2, 0x28, 0xD2,
    0x28, 0xD2, 0x28, 0xD2, 0x28, 0xD2, 0x28, 0xD2, 0x28, 0xD2, 0x28, 0xD2,
    0x28, 0xD2, 0x28, 0xD2, 0x28, 0xD2, 0x28, 0xD2, 0x28, 0xD2, 0x28, 0xD2,
    0x28, 0xD2, 0x28, 0xD2, 0x28, 0xD2, 0x28, 0xDA, 0x28, 0xD2, 0x28, 0xDA,
    0x28, 0xD2, 0x00, 0x00, 0x00, 0x00, 0x00, 0x00, 0x00, 0x00, 0x00, 0x00,
    0x00, 0x00, 0x00, 0x00, 0x00, 0x00, 0x00, 0x00, 0x00, 0x00, 0x00, 0x00,
    0x00, 0x00, 0x00, 0x00, 0x28, 0xD2, 0x28, 0xD2, 0x28, 0xD2, 0x28, 0xD2,
    0x28, 0xD2, 0x28, 0xD2, 0x28, 0xD2, 0x28, 0xD2, 0x28, 0xD2, 0x28, 0xD2,
    0x28, 0xD2, 0x28, 0xD2, 0x28, 0xD2, 0x28, 0xD2, 0x28, 0xD2, 0x28, 0xD2,
    0x28, 0xD2, 0x28, 0xD2, 0x28, 0xD2, 0x28, 0xD2, 0x28, 0xD2, 0x28, 0xD2,
    0x28, 0xD2, 0x28, 0xD2, 0x28, 0xD2, 0x28, 0xD2, 0x28, 0xD2, 0x28, 0xD2,
    0x00, 0x00, 0x00, 0x00, 0x00, 0x00, 0x00, 0x00, 0x00, 0x00, 0x00, 0x00,
    0x00, 0x00, 0x00, 0x00, 0x00, 0x00, 0x00, 0x00, 0x00, 0x00, 0x28, 0xD2,
    0x28, 0xD2, 0x28, 0xD2, 0x28, 0xD2, 0x28, 0xD2, 0x28, 0xD2, 0x28, 0xD2,
    0x28, 0xD2, 0x28, 0xD2, 0x28, 0xD2, 0x28, 0xDA, 0x49, 0xEA, 0x48, 0xE2,
    0x49, 0xE2, 0x08, 0xCA, 0x08, 0xCA, 0x49, 0xE2, 0x28, 0xDA, 0x28, 0xD2,
    0x28, 0xD2, 0x28, 0xD2, 0x28, 0xD2, 0x28, 0xD2, 0x28, 0xD2, 0x28, 0xD2,
    0x28, 0xD2, 0x28, 0xD2, 0x28, 0xD2, 0x28, 0xD2, 0x28, 0xD2, 0x00, 0x00,
    0x00, 0x00, 0x00, 0x00, 0x00, 0x00, 0x00, 0x00, 0x00, 0x00, 0x00, 0x00,
    0x00, 0x00, 0x00, 0x00, 0x28, 0xD2, 0x28, 0xD2, 0x28, 0xD2, 0x28, 0xD2,
    0x28, 0xD2, 0x28, 0xD2, 0x28, 0xD2, 0x28, 0xD2, 0x28, 0xD2, 0x28, 0xD2,
    0x69, 0xF2, 0x86, 0x89, 0xA6, 0x91, 0xA6, 0x91, 0x45, 0x61, 0x41, 0x00,
    0x41, 0x00, 0xE4, 0x40, 0x28, 0xDA, 0x28, 0xDA, 0x28, 0xE2, 0x49, 0xE2,
    0x28, 0xD2, 0x28, 0xD2, 0x28, 0xD2, 0x28, 0xD2, 0x28, 0xD2, 0x28, 0xD2,
    0x28, 0xD2, 0x28, 0xD2, 0x28, 0xD2, 0x28, 0xD2, 0x00, 0x00, 0x00, 0x00,
    0x00, 0x00, 0x00, 0x00, 0x00, 0x00, 0x00, 0x00, 0x00, 0x00, 0x28, 0xD2,
    0x28, 0xDA, 0x28, 0xD2, 0x28, 0xD2, 0x28, 0xD2, 0x28, 0xD2, 0x28, 0xD2,
    0x28, 0xD2, 0x49, 0xEA, 0x08, 0xCA, 0x69, 0xF2, 0x66, 0x79, 0x21, 0x00,
    0x82, 0x08, 0x62, 0x00, 0x62, 0x00, 0x82, 0x10, 0x82, 0x10, 0xE3, 0x30,
    0x69, 0xFA, 0x49, 0xEA, 0x24, 0x59, 0x45, 0x71, 0x69, 0xF2, 0x08, 0xCA,
    0x49, 0xEA, 0x28, 0xD2, 0x28, 0xD2, 0x28, 0xD2, 0x28, 0xD2, 0x28, 0xD2,
    0x28, 0xD2, 0x28, 0xDA, 0x28, 0xD2, 0x00, 0x00, 0x00, 0x00, 0x00, 0x00,
    0x00, 0x00, 0x00, 0x00, 0x00, 0x00, 0x28, 0xD2, 0x28, 0xD2, 0x28, 0xD2,
    0x28, 0xD2, 0x28, 0xD2, 0x28, 0xD2, 0x28, 0xD2, 0x28, 0xDA, 0x08, 0xCA,
    0xA3, 0x10, 0xA3, 0x20, 0x62, 0x00, 0x82, 0x08, 0x82, 0x10, 0x82, 0x10,
    0x82, 0x10, 0x82, 0x10, 0x42, 0x00, 0xC3, 0x28, 0x08, 0xCA, 0xE7, 0xB1,
    0x21, 0x00, 0x62, 0x00, 0xA3, 0x20, 0xA3, 0x20, 0x08, 0xCA, 0x49, 0xE2,
    0x28, 0xD2, 0x28, 0xD2, 0x28, 0xD2, 0x28, 0xD2, 0x28, 0xD2, 0x28, 0xD2,
    0x28, 0xD2, 0x00, 0x00, 0x00, 0x00, 0x00, 0x00, 0x00, 0x00, 0x00, 0x00,
    0x08, 0xD2, 0x69, 0xEA, 0x28, 0xDA, 0x28, 0xD2, 0x28, 0xD2, 0x28, 0xD2,
    0x28, 0xD2, 0x28, 0xD2, 0x28, 0xD2, 0xE7, 0xB1, 0x82, 0x08, 0x62, 0x00,
    0x82, 0x10, 0x82, 0x10, 0x82, 0x10, 0x82, 0x10, 0x82, 0x10, 0x82, 0x10,
    0xA3, 0x20, 0x08, 0xCA, 0x8A, 0xFA, 0xE7, 0xB9, 0xA2, 0x10, 0x82, 0x10,
    0x82, 0x10, 0x62, 0x00, 0xE4, 0x38, 0x08, 0xCA, 0x49, 0xE2, 0x28, 0xD2,
    0x28, 0xD2, 0x28, 0xD2, 0x28, 0xD2, 0x28, 0xDA, 0x69, 0xEA, 0x08, 0xD2,
    0x00, 0x00, 0x00, 0x00, 0x86, 0xC9, 0x28, 0xD2, 0x8A, 0xFA, 0x28, 0xDA,
    0x28, 0xD2, 0x28, 0xD2, 0x28, 0xD2, 0x28, 0xD2, 0x48, 0xE2, 0x28, 0xD2,
    0x28, 0xDA, 0x69, 0xF2, 0xC7, 0xA9, 0xA3, 0x20, 0x62, 0x00, 0x82, 0x10,
    0x82, 0x10, 0x82, 0x10, 0x82, 0x10, 0x82, 0x10, 0x62, 0x00, 0x86, 0x89,
    0x49, 0xEA, 0xA3, 0x18, 0x62, 0x00, 0x82, 0x10, 0x82, 0x10, 0x82, 0x10,
    0x62, 0x00, 0xE4, 0x38, 0x08, 0xCA, 0x49, 0xEA, 0x28, 0xD2, 0x28, 0xD2,
    0x28, 0xD2, 0x28, 0xD2, 0x28, 0xDA, 0x8A, 0xFA, 0x28, 0xD2, 0x86, 0xC9,
    0x00, 0x00, 0x00, 0x00, 0x28, 0xD2, 0x28, 0xD2, 0x28, 0xD2, 0x28, 0xD2,
    0x28, 0xD2, 0x28, 0xD2, 0x08, 0xCA, 0x25, 0x59, 0x49, 0xE2, 0x28, 0xDA,
    0x49, 0xEA, 0x08, 0xC2, 0xA3, 0x18, 0x82, 0x10, 0x82, 0x10, 0x82, 0x10,
    0x82, 0x10, 0x82, 0x10, 0x82, 0x08, 0x62, 0x00, 0xA7, 0xA1, 0x04, 0x41,
    0x82, 0x10, 0x82, 0x10, 0x82, 0x10, 0x82, 0x10, 0x82, 0x10, 0x62, 0x00,
    0xA3, 0x20, 0x08, 0xCA, 0x28, 0xD2, 0x28, 0xD2, 0x28, 0xD2, 0x28, 0xD2,
    0x28, 0xD2, 0x28, 0xD2, 0x00, 0x00, 0x00, 0x00, 0x08, 0xD2, 0x28, 0xD2,
    0x69, 0xF2, 0x28, 0xD2, 0x28, 0xD2, 0x28, 0xD2, 0x28, 0xD2, 0x28, 0xD2,
    0x69, 0xF2, 0x62, 0x00, 0x25, 0x59, 0x49, 0xE2, 0x69, 0xFA, 0xC7, 0xA9,
    0x82, 0x08, 0x82, 0x10, 0x82, 0x10, 0x82, 0x10, 0x82, 0x10, 0x82, 0x10,
    0x82, 0x10, 0x82, 0x08, 0x82, 0x08, 0x62, 0x00, 0x82, 0x10, 0x82, 0x10,
    0x82, 0x10, 0x82, 0x10, 0x82, 0x10, 0x82, 0x10, 0xA3, 0x20, 0x69, 0xF2,
    0x28, 0xD2, 0x28, 0xD2, 0x28, 0xD2, 0x28, 0xD2, 0x28, 0xD2, 0x69, 0xF2,
    0x28, 0xD2, 0x08, 0xD2, 0x08, 0xD2, 0x8A, 0xFA, 0x28, 0xD2, 0x28, 0xD2,
    0x28, 0xD2, 0x28, 0xD2, 0x28, 0xD2, 0x69, 0xF2, 0x66, 0x79, 0x62, 0x00,
    0x42, 0x00, 0x45, 0x61, 0xC7, 0xA1, 0x82, 0x08, 0x62, 0x00, 0x82, 0x10,
    0x82, 0x10, 0x82, 0x10, 0x82, 0x10, 0x82, 0x10, 0x82, 0x10, 0x82, 0x10,
    0x82, 0x10, 0x82, 0x10, 0x82, 0x10, 0x82, 0x10, 0x82, 0x10, 0x82, 0x10,
    0x82, 0x10, 0x82, 0x10, 0x62, 0x00, 0x45, 0x71, 0x49, 0xE2, 0x28, 0xD2,
    0x28, 0xD2, 0x28, 0xD2, 0x28, 0xD2, 0x28, 0xD2, 0x8A, 0xFA, 0x08, 0xD2,
    0x28, 0xD2, 0x69, 0xF2, 0x28, 0xD2, 0x28, 0xD2, 0x28, 0xD2, 0x28, 0xD2,
    0x28, 0xDA, 0x86, 0x89, 0x21, 0x00, 0x82, 0x08, 0x82, 0x10, 0x62, 0x00,
    0x82, 0x08, 0x82, 0x00, 0x82, 0x10, 0x82, 0x10, 0x82, 0x10, 0x62, 0x08,
    0xA3, 0x10, 0x62, 0x08, 0x62, 0x08, 0xA3, 0x10, 0x62, 0x08, 0x82, 0x10,
    0x82, 0x10, 0x82, 0x10, 0x82, 0x10, 0x82, 0x10, 0x62, 0x00, 0xA2, 0x10,
    0x21, 0x00, 0x24, 0x59, 0x28, 0xE2, 0x28, 0xD2, 0x28, 0xD2, 0x28, 0xD2,
    0x28, 0xD2, 0x28, 0xD2, 0x69, 0xF2, 0x28, 0xD2, 0x28, 0xD2, 0x28, 0xD2,
    0x28, 0xD2, 0x28, 0xD2, 0x28, 0xD2, 0x28, 0xD2, 0x49, 0xEA, 0xA6, 0x91,
    0x82, 0x08, 0x82, 0x10, 0x82, 0x10, 0x82, 0x10, 0x82, 0x10, 0x82, 0x10,
    0x82, 0x10, 0x82, 0x10, 0x62, 0x08, 0xC3, 0x10, 0x66, 0x29, 0x46, 0x29,
    0x46, 0x29, 0x66, 0x29, 0xC3, 0x10, 0x62, 0x08, 0x82, 0x10, 0x82, 0x10,
    0x62, 0x00, 0x04, 0x41, 0xA3, 0x18, 0xE7, 0xB9, 0xE7, 0xB1, 0x49, 0xEA,
    0x28, 0xDA, 0x28, 0xD2, 0x28, 0xD2, 0x28, 0xD2, 0x28, 0xD2, 0x28, 0xD2,
    0x28, 0xD2, 0x28, 0xD2, 0x08, 0xD2, 0x69, 0xEA, 0x28, 0xD2, 0x28, 0xD2,
    0x28, 0xD2, 0x28, 0xD2, 0x48, 0xE2, 0xA6, 0x91, 0x62, 0x00, 0x82, 0x10,
    0x82, 0x10, 0x82, 0x10, 0x82, 0x10, 0x82, 0x10, 0x82, 0x10, 0x62, 0x08,
    0xC3, 0x10, 0x66, 0x29, 0x66, 0x29, 0x66, 0x29, 0x66, 0x29, 0x66, 0x29,
    0x66, 0x29, 0xC3, 0x10, 0x62, 0x08, 0x82, 0x10, 0x82, 0x08, 0xA7, 0xA1,
    0x49, 0xEA, 0x8A, 0xFA, 0x08, 0xCA, 0x69, 0xFA, 0x28, 0xDA, 0x28, 0xDA,
    0x28, 0xD2, 0x28, 0xD2, 0x28, 0xD2, 0x28, 0xD2, 0x69, 0xEA, 0x08, 0xD2,
    0x28, 0xD2, 0x49, 0xE2, 0x28, 0xD2, 0x28, 0xD2, 0x28, 0xD2, 0x28, 0xD2,
    0x49, 0xE2, 0x45, 0x61, 0x62, 0x00, 0x82, 0x10, 0x82, 0x10, 0x82, 0x10,
    0x82, 0x10, 0x82, 0x10, 0x82, 0x10, 0xA3, 0x10, 0x66, 0x29, 0x66, 0x29,
    0x66, 0x29, 0x66, 0x29, 0x66, 0x29, 0x66, 0x29, 0x66, 0x29, 0x66, 0x29,
    0xA3, 0x10, 0x82, 0x10, 0x82, 0x08, 0x62, 0x00, 0x86, 0x89, 0x08, 0xCA,
    0xC3, 0x28, 0xE3, 0x30, 0xE4, 0x40, 0x49, 0xE2, 0x28, 0xD2, 0x28, 0xD2,
    0x28, 0xD2, 0x28, 0xD2, 0x49, 0xE2, 0x28, 0xD2, 0x8A, 0xFA, 0x28, 0xD2,
    0x28, 0xD2, 0x28, 0xD2, 0x28, 0xD2, 0x28, 0xD2, 0x08, 0xCA, 0x41, 0x00,
    0x82, 0x10, 0x82, 0x10, 0x82, 0x10, 0x82, 0x10, 0x82, 0x10, 0x82, 0x10,
    0x82, 0x10, 0x62, 0x08, 0x46, 0x29, 0x66, 0x29, 0x66, 0x29, 0x66, 0x29,
    0x66, 0x29, 0x66, 0x29, 0x66, 0x29, 0x46, 0x29, 0x62, 0x08, 0x82, 0x10,
    0x82, 0x10, 0x82, 0x08, 0x62, 0x00, 0xA3, 0x20, 0x42, 0x00, 0x82, 0x10,
    0x41, 0x00, 0x08, 0xCA, 0x28, 0xD2, 0x28, 0xD2, 0x28, 0xD2, 0x28, 0xD2,
    0x28, 0xD2, 0x8A, 0xFA, 0x8A, 0xFA, 0x28, 0xD2, 0x28, 0xD2, 0x28, 0xD2,
    0x28, 0xD2, 0x28, 0xD2, 0x08, 0xCA, 0x41, 0x00, 0x82, 0x10, 0x42, 0x00,
    0xA3, 0x20, 0x62, 0x00, 0x82, 0x08, 0x82, 0x10, 0x82, 0x10, 0x62, 0x08,
    0x46, 0x29, 0x66, 0x29, 0x66, 0x29, 0x66, 0x29, 0x66, 0x29, 0x66, 0x29,
    0x66, 0x29, 0x46, 0x29, 0x62, 0x08, 0x82, 0x10, 0x82, 0x10, 0x82, 0x10,
    0x82, 0x10, 0x82, 0x10, 0x82, 0x10, 0x82, 0x10, 0x41, 0x00, 0x08, 0xCA,
    0x28, 0xD2, 0x28, 0xD2, 0x28, 0xD2, 0x28, 0xD2, 0x28, 0xD2, 0x8A, 0xFA,
    0x28, 0xD2, 0x49, 0xE2, 0x28, 0xD2, 0x28, 0xD2, 0x28, 0xD2, 0x28, 0xD2,
    0x49, 0xE2, 0xE4, 0x40, 0xE3, 0x30, 0xC3, 0x28, 0x08, 0xCA, 0x86, 0x89,
    0x62, 0x00, 0x82, 0x08, 0x82, 0x10, 0xA3, 0x10, 0x66, 0x29, 0x66, 0x29,
    0x66, 0x29, 0x66, 0x29, 0x66, 0x29, 0x66, 0x29, 0x66, 0x29, 0x66, 0x29,
    0xA3, 0x10, 0x82, 0x10, 0x82, 0x10, 0x82, 0x10, 0x82, 0x10, 0x82, 0x10,
    0x82, 0x10, 0x62, 0x00, 0x45, 0x61, 0x49, 0xE2, 0x28, 0xD2, 0x28, 0xD2,
    0x28, 0xD2, 0x28, 0xD2, 0x49, 0xE2, 0x28, 0xD2, 0x08, 0xD2, 0x69, 0xEA,
    0x28, 0xD2, 0x28, 0xD2, 0x28, 0xD2, 0x28, 0xD2, 0x28, 0xDA, 0x28, 0xDA,
    0x69, 0xFA, 0x08, 0xCA, 0x8A, 0xFA, 0x49, 0xEA, 0xA7, 0xA1, 0x82, 0x08,
    0x82, 0x10, 0x62, 0x08, 0xC3, 0x10, 0x66, 0x29, 0x66, 0x29, 0x66, 0x29,
    0x66, 0x29, 0x66, 0x29, 0x66, 0x29, 0xC3, 0x10, 0x62, 0x08, 0x82, 0x10,
    0x82, 0x10, 0x82, 0x10, 0x82, 0x10, 0x82, 0x10, 0x82, 0x10, 0x62, 0x00,
    0xA6, 0x91, 0x48, 0xE2, 0x28, 0xD2, 0x28, 0xD2, 0x28, 0xD2, 0x28, 0xD2,
    0x69, 0xEA, 0x08, 0xD2, 0x28, 0xD2, 0x28, 0xD2, 0x28, 0xD2, 0x28, 0xD2,
    0x28, 0xD2, 0x28, 0xD2, 0x28, 0xD2, 0x28, 0xDA, 0x49, 0xEA, 0xE7, 0xB1,
    0xE7, 0xB9, 0xA3, 0x18, 0x04, 0x41, 0x62, 0x00, 0x82, 0x10, 0x82, 0x10,
    0x62, 0x08, 0xC3, 0x10, 0x66, 0x29, 0x46, 0x29, 0x46, 0x29, 0x66, 0x29,
    0xC3, 0x10, 0x62, 0x08, 0x82, 0x10, 0x82, 0x10, 0x82, 0x10, 0x82, 0x10,
    0x82, 0x10, 0x82, 0x10, 0x82, 0x10, 0x82, 0x08, 0xA6, 0x91, 0x49, 0xEA,
    0x28, 0xD2, 0x28, 0xD2, 0x28, 0xD2, 0x28, 0xD2, 0x28, 0xD2, 0x28, 0xD2,
    0x28, 0xD2, 0x69, 0xF2, 0x28, 0xD2, 0x28, 0xD2, 0x28, 0xD2, 0x28, 0xD2,
    0x28, 0xD2, 0x28, 0xE2, 0x24, 0x59, 0x21, 0x00, 0xA2, 0x10, 0x62, 0x00,
    0x82, 0x10, 0x82, 0x10, 0x82, 0x10, 0x82, 0x10, 0x82, 0x10, 0x62, 0x08,
    0xA3, 0x10, 0x62, 0x08, 0x62, 0x08, 0xA3, 0x10, 0x62, 0x08, 0x82, 0x10,
    0x82, 0x10, 0x62, 0x00, 0xA3, 0x10, 0x62, 0x00, 0x82, 0x10, 0x82, 0x10,
    0x82, 0x08, 0x21, 0x00, 0x86, 0x89, 0x28, 0xDA, 0x28, 0xD2, 0x28, 0xD2,
    0x28, 0xD2, 0x28, 0xD2, 0x69, 0xF2, 0x28, 0xD2, 0x08, 0xD2, 0x8A, 0xFA,
    0x28, 0xD2, 0x28, 0xD2, 0x28, 0xD2, 0x28, 0xD2, 0x28, 0xD2, 0x49, 0xE2,
    0x45, 0x71, 0x62, 0x00, 0x82, 0x10, 0x82, 0x10, 0x82, 0x10, 0x82, 0x10,
    0x82, 0x10, 0x82, 0x10, 0x82, 0x10, 0x82, 0x10, 0x82, 0x10, 0x82, 0x10,
    0x82, 0x10, 0x82, 0x10, 0x82, 0x10, 0x82, 0x10, 0x42, 0x00, 0x04, 0x49,
    0xC7, 0xA9, 0xA3, 0x20, 0x62, 0x00, 0x82, 0x10, 0x62, 0x00, 0x66, 0x79,
    0x69, 0xF2, 0x28, 0xD2, 0x28, 0xD2, 0x28, 0xD2, 0x28, 0xD2, 0x28, 0xD2,
    0x8A, 0xFA, 0x08, 0xD2, 0x08, 0xD2, 0x28, 0xD2, 0x69, 0xF2, 0x28, 0xD2,
    0x28, 0xD2, 0x28, 0xD2, 0x28, 0xD2, 0x28, 0xD2, 0x69, 0xF2, 0xA3, 0x20,
    0x82, 0x10, 0x82, 0x10, 0x82, 0x10, 0x82, 0x10, 0x82, 0x10, 0x82, 0x10,
    0x62, 0x00, 0x82, 0x08, 0x82, 0x08, 0x82, 0x10, 0x82, 0x10, 0x82, 0x10,
    0x82, 0x10, 0x82, 0x00, 0x04, 0x49, 0x28, 0xDA, 0x69, 0xFA, 0xC7, 0xA9,
    0xA3, 0x20, 0x62, 0x00, 0xA3, 0x20, 0x69, 0xF2, 0x28, 0xD2, 0x28, 0xD2,
    0x28, 0xD2, 0x28, 0xD2, 0x28, 0xD2, 0x69, 0xF2, 0x28, 0xD2, 0x08, 0xD2,
    0x00, 0x00, 0x00, 0x00, 0x28, 0xD2, 0x28, 0xD2, 0x28, 0xD2, 0x28, 0xD2,
    0x28, 0xD2, 0x28, 0xD2, 0x08, 0xCA, 0xA3, 0x20, 0x62, 0x00, 0x82, 0x10,
    0x82, 0x10, 0x82, 0x10, 0x82, 0x10, 0x82, 0x10, 0x04, 0x41, 0xA7, 0xA1,
    0x62, 0x00, 0x82, 0x08, 0x82, 0x10, 0x82, 0x10, 0x82, 0x10, 0x82, 0x08,
    0x25, 0x59, 0x69, 0xF2, 0x28, 0xDA, 0x49, 0xEA, 0xC7, 0xA9, 0x82, 0x08,
    0xA3, 0x10, 0x08, 0xCA, 0x28, 0xD2, 0x28, 0xD2, 0x28, 0xD2, 0x28, 0xD2,
    0x28, 0xD2, 0x28, 0xD2, 0x00, 0x00, 0x00, 0x00, 0x86, 0xC9, 0x28, 0xD2,
    0x8A, 0xFA, 0x28, 0xDA, 0x28, 0xD2, 0x28, 0xD2, 0x28, 0xD2, 0x28, 0xD2,
    0x49, 0xEA, 0x08, 0xCA, 0xE4, 0x38, 0x62, 0x00, 0x82, 0x10, 0x82, 0x10,
    0x82, 0x10, 0x62, 0x00, 0xA3, 0x18, 0x49, 0xEA, 0x86, 0x89, 0x62, 0x00,
    0x82, 0x10, 0x82, 0x10, 0x82, 0x10, 0x82, 0x10, 0x41, 0x00, 0x25, 0x59,
    0x49, 0xE2, 0x28, 0xDA, 0x69, 0xF2, 0xE7, 0xB1, 0x08, 0xCA, 0x49, 0xEA,
    0x28, 0xD2, 0x28, 0xD2, 0x28, 0xD2, 0x28, 0xD2, 0x28, 0xDA, 0x8A, 0xFA,
    0x28, 0xD2, 0x86, 0xC9, 0x00, 0x00, 0x00, 0x00, 0x08, 0xD2, 0x69, 0xEA,
    0x28, 0xDA, 0x28, 0xD2, 0x28, 0xD2, 0x28, 0xD2, 0x28, 0xD2, 0x49, 0xE2,
    0x08, 0xCA, 0xE4, 0x38, 0x62, 0x00, 0x82, 0x10, 0x82, 0x10, 0xA2, 0x10,
    0xE7, 0xB9, 0x8A, 0xFA, 0x08, 0xCA, 0xA3, 0x20, 0x82, 0x10, 0x82, 0x10,
    0x82, 0x10, 0x82, 0x10, 0x82, 0x10, 0x42, 0x00, 0x25, 0x59, 0x49, 0xE2,
    0x28, 0xDA, 0x28, 0xD2, 0x28, 0xDA, 0x28, 0xD2, 0x28, 0xD2, 0x28, 0xD2,
    0x28, 0xD2, 0x28, 0xDA, 0x69, 0xEA, 0x08, 0xD2, 0x00, 0x00, 0x00, 0x00,
    0x00, 0x00, 0x00, 0x00, 0x00, 0x00, 0x28, 0xD2, 0x28, 0xD2, 0x28, 0xD2,
    0x28, 0xD2, 0x28, 0xD2, 0x28, 0xD2, 0x28, 0xD2, 0x49, 0xE2, 0x08, 0xCA,
    0xA3, 0x20, 0xA3, 0x20, 0x62, 0x00, 0x21, 0x00, 0xE7, 0xB1, 0x08, 0xCA,
    0xC3, 0x28, 0x42, 0x00, 0x82, 0x10, 0x82, 0x10, 0x82, 0x10, 0x82, 0x10,
    0x82, 0x08, 0x62, 0x00, 0x62, 0x00, 0x25, 0x59, 0x28, 0xD2, 0x28, 0xD2,
    0x28, 0xD2, 0x28, 0xD2, 0x28, 0xD2, 0x28, 0xD2, 0x28, 0xD2, 0x28, 0xD2,
    0x28, 0xD2, 0x00, 0x00, 0x00, 0x00, 0x00, 0x00, 0x00, 0x00, 0x00, 0x00,
    0x00, 0x00, 0x28, 0xD2, 0x28, 0xDA, 0x28, 0xD2, 0x28, 0xD2, 0x28, 0xD2,
    0x28, 0xD2, 0x28, 0xD2, 0x28, 0xD2, 0x49, 0xEA, 0x08, 0xCA, 0x69, 0xF2,
    0x45, 0x71, 0x24, 0x59, 0x49, 0xEA, 0x69, 0xFA, 0xE3, 0x30, 0x82, 0x10,
    0x82, 0x10, 0x62, 0x00, 0x62, 0x00, 0x82, 0x08, 0x21, 0x00, 0x66, 0x79,
    0x69, 0xF2, 0x08, 0xCA, 0x48, 0xE2, 0x28, 0xD2, 0x28, 0xD2, 0x28, 0xD2,
    0x28, 0xD2, 0x28, 0xD2, 0x28, 0xD2, 0x28, 0xDA, 0x28, 0xD2, 0x00, 0x00,
    0x00, 0x00, 0x00, 0x00, 0x00, 0x00, 0x00, 0x00, 0x00, 0x00, 0x00, 0x00,
    0x28, 0xD2, 0x28, 0xD2, 0x28, 0xD2, 0x28, 0xD2, 0x28, 0xD2, 0x28, 0xD2,
    0x28, 0xD2, 0x28, 0xD2, 0x28, 0xD2, 0x28, 0xD2, 0x49, 0xE2, 0x28, 0xE2,
    0x28, 0xDA, 0x28, 0xDA, 0xE4, 0x40, 0x41, 0x00, 0x41, 0x00, 0x45, 0x61,
    0xA6, 0x91, 0xA6, 0x91, 0x86, 0x89, 0x69, 0xF2, 0x28, 0xD2, 0x28, 0xD2,
    0x28, 0xD2, 0x28, 0xD2, 0x28, 0xD2, 0x28, 0xD2, 0x28, 0xD2, 0x28, 0xD2,
    0x28, 0xD2, 0x28, 0xD2, 0x00, 0x00, 0x00, 0x00, 0x00, 0x00, 0x00, 0x00,
    0x00, 0x00, 0x00, 0x00, 0x00, 0x00, 0x00, 0x00, 0x00, 0x00, 0x28, 0xD2,
    0x28, 0xD2, 0x28, 0xD2, 0x28, 0xD2, 0x28, 0xD2, 0x28, 0xD2, 0x28, 0xD2,
    0x28, 0xD2, 0x28, 0xD2, 0x28, 0xD2, 0x28, 0xD2, 0x28, 0xD2, 0x28, 0xDA,
    0x49, 0xE2, 0x08, 0xCA, 0x08, 0xCA, 0x49, 0xE2, 0x48, 0xE2, 0x49, 0xEA,
    0x28, 0xDA, 0x28, 0xD2, 0x28, 0xD2, 0x28, 0xD2, 0x28, 0xD2, 0x28, 0xD2,
    0x28, 0xD2, 0x28, 0xD2, 0x28, 0xD2, 0x28, 0xD2, 0x28, 0xD2, 0x00, 0x00,
    0x00, 0x00, 0x00, 0x00, 0x00, 0x00, 0x00, 0x00, 0x00, 0x00, 0x00, 0x00,
    0x00, 0x00, 0x00, 0x00, 0x00, 0x00, 0x00, 0x00, 0x28, 0xD2, 0x28, 0xD2,
    0x28, 0xD2, 0x28, 0xD2, 0x28, 0xD2, 0x28, 0xD2, 0x28, 0xD2, 0x28, 0xD2,
    0x28, 0xD2, 0x28, 0xD2, 0x28, 0xD2, 0x28, 0xD2, 0x28, 0xD2, 0x28, 0xD2,
    0x28, 0xD2, 0x28, 0xD2, 0x28, 0xD2, 0x28, 0xD2, 0x28, 0xD2, 0x28, 0xD2,
    0x28, 0xD2, 0x28, 0xD2, 0x28, 0xD2, 0x28, 0xD2, 0x28, 0xD2, 0x28, 0xD2,
    0x28, 0xD2, 0x28, 0xD2, 0x00, 0x00, 0x00, 0x00, 0x00, 0x00, 0x00, 0x00,
    0x00, 0x00, 0x00, 0x00, 0x00, 0x00, 0x00, 0x00, 0x00, 0x00, 0x00, 0x00,
    0x00, 0x00, 0x00, 0x00, 0x00, 0x00, 0x28, 0xD2, 0x28, 0xDA, 0x28, 0xD2,
    0x28, 0xDA, 0x28, 0xD2, 0x28, 0xD2, 0x28, 0xD2, 0x28, 0xD2, 0x28, 0xD2,
    0x28, 0xD2, 0x28, 0xD2, 0x28, 0xD2, 0x28, 0xD2, 0x28, 0xD2, 0x28, 0xD2,
    0x28, 0xD2, 0x28, 0xD2, 0x28, 0xD2, 0x28, 0xD2, 0x28, 0xD2, 0x28, 0xD2,
    0x28, 0xD2, 0x28, 0xDA, 0x28, 0xD2, 0x28, 0xDA, 0x28, 0xD2, 0x00, 0x00,
    0x00, 0x00, 0x00, 0x00, 0x00, 0x00, 0x00, 0x00, 0x00, 0x00, 0x00, 0x00,
    0x00, 0x00, 0x00, 0x00, 0x00, 0x00, 0x00, 0x00, 0x00, 0x00, 0x00, 0x00,
    0x00, 0x00, 0x00, 0x00, 0x28, 0xD2, 0x28, 0xD2, 0x69, 0xEA, 0x28, 0xDA,
    0x28, 0xD2, 0x28, 0xD2, 0x28, 0xD2, 0x28, 0xD2, 0x28, 0xD2, 0x28, 0xD2,
    0x28, 0xD2, 0x28, 0xD2, 0x28, 0xD2, 0x28, 0xD2, 0x28, 0xD2, 0x28, 0xD2,
    0x28, 0xD2, 0x28, 0xD2, 0x28, 0xD2, 0x28, 0xD2, 0x28, 0xDA, 0x69, 0xEA,
    0x28, 0xD2, 0x28, 0xD2, 0x00, 0x00, 0x00, 0x00, 0x00, 0x00, 0x00, 0x00,
    0x00, 0x00, 0x00, 0x00, 0x00, 0x00, 0x00, 0x00, 0x00, 0x00, 0x00, 0x00,
    0x00, 0x00, 0x00, 0x00, 0x00, 0x00, 0x00, 0x00, 0x00, 0x00, 0x00, 0x00,
    0x00, 0x00, 0x00, 0x00, 0x08, 0xD2, 0x8A, 0xFA, 0x28, 0xD2, 0x69, 0xF2,
    0x28, 0xD2, 0x28, 0xD2, 0x28, 0xD2, 0x28, 0xD2, 0x28, 0xD2, 0x28, 0xD2,
    0x28, 0xD2, 0x28, 0xD2, 0x28, 0xD2, 0x28, 0xD2, 0x28, 0xD2, 0x28, 0xD2,
    0x69, 0xF2, 0x28, 0xD2, 0x8A, 0xFA, 0x08, 0xD2, 0x00, 0x00, 0x00, 0x00,
    0x00, 0x00, 0x00, 0x00, 0x00, 0x00, 0x00, 0x00, 0x00, 0x00, 0x00, 0x00,
    0x00, 0x00, 0x00, 0x00, 0x00, 0x00, 0x00, 0x00, 0x00, 0x00, 0x00, 0x00,
    0x00, 0x00, 0x00, 0x00, 0x00, 0x00, 0x00, 0x00, 0x00, 0x00, 0x00, 0x00,
    0x00, 0x00, 0x28, 0xD2, 0x00, 0x00, 0x28, 0xD2, 0x8A, 0xFA, 0x69, 0xF2,
    0x28, 0xD2, 0x69, 0xEA, 0x49, 0xE2, 0x28, 0xD2, 0x28, 0xD2, 0x49, 0xE2,
    0x69, 0xEA, 0x28, 0xD2, 0x69, 0xF2, 0x8A, 0xFA, 0x28, 0xD2, 0x00, 0x00,
    0x28, 0xD2, 0x00, 0x00, 0x00, 0x00, 0x00, 0x00, 0x00, 0x00, 0x00, 0x00,
    0x00, 0x00, 0x00, 0x00, 0x00, 0x00, 0x00, 0x00, 0x00, 0x00, 0x00, 0x00,
    0x00, 0x00, 0x00, 0x00, 0x00, 0x00, 0x00, 0x00, 0x00, 0x00, 0x00, 0x00,
    0x00, 0x00, 0x00, 0x00, 0x00, 0x00, 0x00, 0x00, 0x00, 0x00, 0x86, 0xC9,
    0x00, 0x00, 0x08, 0xD2, 0x08, 0xD2, 0x28, 0xD2, 0x28, 0xD2, 0x08, 0xD2,
    0x28, 0xD2, 0x8A, 0xFA, 0x8A, 0xFA, 0x28, 0xD2, 0x08, 0xD2, 0x28, 0xD2,
    0x28, 0xD2, 0x08, 0xD2, 0x08, 0xD2, 0x00, 0x00, 0x86, 0xC9, 0x00, 0x00,
    0x00, 0x00, 0x00, 0x00, 0x00, 0x00, 0x00, 0x00, 0x00, 0x00, 0x00, 0x00,
    0x00, 0x00, 0x00, 0x00, 0x00, 0x00, 0x00, 0x00, 0x00, 0x00, 0x00, 0x00,
    0x00, 0x00, 0x00, 0x00, 0x00, 0x00, 0x00, 0x05, 0x00, 0x22, 0x6E, 0x67,
    0x70, 0x6A, 0x9F, 0xFF, 0xFF, 0x9F, 0x6A, 0x70, 0x67, 0x6E, 0x22, 0x00,
    0x05, 0x00, 0x00, 0x00, 0x00, 0x00, 0x00, 0x00, 0x00, 0x00, 0x00, 0x00,
    0x00, 0x00, 0x00, 0x00, 0x00, 0x00, 0x00, 0x00, 0x00, 0x00, 0x00, 0x1E,
    0x00, 0xD1, 0xFF, 0xFF, 0xFF, 0xFF, 0xFF, 0xFE, 0xFE, 0xFF, 0xFF, 0xFF,
    0xFF, 0xFF, 0xD1, 0x00, 0x1E, 0x00, 0x00, 0x00, 0x00, 0x00, 0x00, 0x00,
    0x00, 0x00, 0x00, 0x00, 0x00, 0x00, 0x00, 0x00, 0x00, 0x00, 0x00, 0x00,
    0x00, 0x00, 0x6A, 0xFF, 0xE7, 0xFF, 0xFF, 0xFE, 0xFD, 0xFE, 0xFF, 0xFF,
    0xFF, 0xFF, 0xFE, 0xFD, 0xFE, 0xFF, 0xFF, 0xE7, 0xFF, 0x6A, 0x00, 0x00,
    0x00, 0x00, 0x00, 0x00, 0x00, 0x00, 0x00, 0x00, 0x00, 0x00, 0x00, 0x00,
    0x00, 0x00, 0x00, 0x00, 0xF4, 0x8E, 0xFF, 0xFF, 0xFB, 0xFF, 0xFF, 0xFF,
    0xFF, 0xFF, 0xFF, 0xFF, 0xFF, 0xFF, 0xFF, 0xFF, 0xFF, 0xFF, 0xFF, 0xFB,
    0xFF, 0xFF, 0x8E, 0xF4, 0x00, 0x00, 0x00, 0x00, 0x00, 0x00, 0x00, 0x00,
    0x00, 0x00, 0x00, 0x00, 0x00, 0x00, 0x00, 0xFF, 0xFF, 0xFF, 0xFF, 0xFF,
    0xFF, 0xFF, 0xFF, 0xFF, 0xFF, 0xFF, 0xFF, 0xFF, 0xFF, 0xFF, 0xFF, 0xFF,
    0xFF, 0xFF, 0xFF, 0xFF, 0xFF, 0xFF, 0xFF, 0xFF, 0xFF, 0x00, 0x00, 0x00,
    0x00, 0x00, 0x00, 0x00, 0x00, 0x00, 0x00, 0x00, 0x00, 0x00, 0xFF, 0xFF,
    0xFF, 0xFE, 0xFF, 0xFF, 0xFF, 0xFF, 0xFF, 0xFF, 0xFF, 0xFF, 0xFF, 0xFF,
    0xFF, 0xFF, 0xFF, 0xFF, 0xFF, 0xFF, 0xFF, 0xFF, 0xFF, 0xFF, 0xFE, 0xFF,
    0xFF, 0xFF, 0x00, 0x00, 0x00, 0x00, 0x00, 0x00, 0x00, 0x00, 0x00, 0x00,
    0x00, 0xFF, 0xFF, 0xFF, 0xFF, 0xFF, 0xFF, 0xFF, 0xFF, 0xFF, 0xFF, 0xFF,
    0xFF, 0xFF, 0xFF, 0xFF, 0xFF, 0xFF, 0xFF, 0xFF, 0xFF, 0xFF, 0xFF, 0xFF,
    0xFF, 0xFF, 0xFF, 0xFF, 0xFF, 0xFF, 0xFF, 0x00, 0x00, 0x00, 0x00, 0x00,
    0x00, 0x00, 0x00, 0x00, 0xFF, 0xFF, 0xFF, 0xFF, 0xFF, 0xFF, 0xFF, 0xFF,
    0xFF, 0xFF, 0xFF, 0xFF, 0xFF, 0xFF, 0xFF, 0xFF, 0xFF, 0xFF, 0xFF, 0xFF,
    0xFF, 0xFF, 0xFF, 0xFF, 0xFF, 0xFF, 0xFF, 0xFF, 0xFF, 0xFF, 0xFF, 0xFF,
    0x00, 0x00, 0x00, 0x00, 0x00, 0x00, 0x00, 0xF4, 0xFF, 0xFF, 0xFF, 0xFF,
    0xFF, 0xFF, 0xFF, 0xFF, 0xFF, 0xFF, 0xFF, 0xFF, 0xFF, 0xFF, 0xFF, 0xFF,
    0xFF, 0xFF, 0xFF, 0xFF, 0xFF, 0xFF, 0xFF, 0xFF, 0xFF, 0xFF, 0xFF, 0xFF,
    0xFF, 0xFF, 0xFF, 0xFF, 0xF4, 0x00, 0x00, 0x00, 0x00, 0x00, 0x00, 0x8E,
    0xFF, 0xFE, 0xFF, 0xFF, 0xFF, 0xFF, 0xFF, 0xFF, 0xFF, 0xFF, 0xFF, 0xFF,
    0xFF, 0xFF, 0xFF, 0xFF, 0xFF, 0xFF, 0xFF, 0xFF, 0xFF, 0xFF, 0xFF, 0xFF,
    0xFF, 0xFF, 0xFF, 0xFF, 0xFF, 0xFF, 0xFE, 0xFF, 0x8E, 0x00, 0x00, 0x00,
    0x00, 0x00, 0x6A, 0xFF, 0xFF, 0xFF, 0xFF, 0xFF, 0xFF, 0xFF, 0xFF, 0xFF,
    0xFF, 0xFF, 0xFF, 0xFF, 0xFF, 0xFF, 0xFF, 0xFF, 0xFF, 0xFF, 0xFF, 0xFF,
    0xFF, 0xFF, 0xFF, 0xFF, 0xFF, 0xFF, 0xFF, 0xFF, 0xFF, 0xFF, 0xFF, 0xFF,
    0xFF, 0x6A, 0x00, 0x00, 0x05, 0x1E, 0xFF, 0xFF, 0xFF, 0xFF, 0xFF, 0xFF,
    0xFF, 0xFF, 0xFF, 0xFF, 0xFF, 0xFF, 0xFF, 0xFF, 0xFF, 0xFF, 0xFF, 0xFF,
    0xFF, 0xFF, 0xFF, 0xFF, 0xFF, 0xFF, 0xFF, 0xFF, 0xFF, 0xFF, 0xFF, 0xFF,
    0xFF, 0xFF, 0xFF, 0xFF, 0xFF, 0xFF, 0x1E, 0x05, 0x00, 0x00, 0xE7, 0xFB,
    0xFF, 0xFF, 0xFF, 0xFF, 0xFF, 0xFF, 0xFF, 0xFF, 0xFF, 0xFF, 0xFF, 0xFF,
    0xFF, 0xFF, 0xFF, 0xFF, 0xFF, 0xFF, 0xFF, 0xFF, 0xFF, 0xFF, 0xFF, 0xFF,
    0xFF, 0xFF, 0xFF, 0xFF, 0xFF, 0xFF, 0xFF, 0xFF, 0xFB, 0xE7, 0x00, 0x00,
    0x22, 0xD1, 0xFF, 0xFF, 0xFF, 0xFF, 0xFF, 0xFF, 0xFF, 0xFF, 0xFF, 0xFF,
    0xFF, 0xFF, 0xFF, 0xFF, 0xFF, 0xFF, 0xFF, 0xFF, 0xFF, 0xFF, 0xFF, 0xFF,
    0xFF, 0xFF, 0xFF, 0xFF, 0xFF, 0xFF, 0xFF, 0xFF, 0xFF, 0xFF, 0xFF, 0xFF,
    0xFF, 0xFF, 0xD1, 0x22, 0x6E, 0xFF, 0xFF, 0xFF, 0xFF, 0xFF, 0xFF, 0xFF,
    0xFF, 0xFF, 0xFF, 0xFF, 0xFF, 0xFF, 0xFF, 0xFF, 0xFF, 0xFF, 0xFF, 0xFF,
    0xFF, 0xFF, 0xFF, 0xFF, 0xFF, 0xFF, 0xFF, 0xFF, 0xFF, 0xFF, 0xFF, 0xFF,
    0xFF, 0xFF, 0xFF, 0xFF, 0xFF, 0xFF, 0xFF, 0x6E, 0x67, 0xFF, 0xFE, 0xFF,
    0xFF, 0xFF, 0xFF, 0xFF, 0xFF, 0xFF, 0xFF, 0xFF, 0xFF, 0xFF, 0xFF, 0xFF,
    0xFF, 0xFF, 0xFF, 0xFF, 0xFF, 0xFF, 0xFF, 0xFF, 0xFF, 0xFF, 0xFF, 0xFF,
    0xFF, 0xFF, 0xFF, 0xFF, 0xFF, 0xFF, 0xFF, 0xFF, 0xFF, 0xFE, 0xFF, 0x67,
    0x70, 0xFF, 0xFD, 0xFF, 0xFF, 0xFF, 0xFF, 0xFF, 0xFF, 0xFF, 0xFF, 0xFF,
    0xFF, 0xFF, 0xFF, 0xFF, 0xFF, 0xFF, 0xFF, 0xFF, 0xFF, 0xFF, 0xFF, 0xFF,
    0xFF, 0xFF, 0xFF, 0xFF, 0xFF, 0xFF, 0xFF, 0xFF, 0xFF, 0xFF, 0xFF, 0xFF,
    0xFF, 0xFD, 0xFF, 0x70, 0x6A, 0xFF, 0xFE, 0xFF, 0xFF, 0xFF, 0xFF, 0xFF,
    0xFF, 0xFF, 0xFF, 0xFF, 0xFF, 0xFF, 0xFF, 0xFF, 0xFF, 0xFF, 0xFF, 0xFF,
    0xFF, 0xFF, 0xFF, 0xFF, 0xFF, 0xFF, 0xFF, 0xFF, 0xFF, 0xFF, 0xFF, 0xFF,
    0xFF, 0xFF, 0xFF, 0xFF, 0xFF, 0xFE, 0xFF, 0x6A, 0x9F, 0xFF, 0xFF, 0xFF,
    0xFF, 0xFF, 0xFF, 0xFF, 0xFF, 0xFF, 0xFF, 0xFF, 0xFF, 0xFF, 0xFF, 0xFF,
    0xFF, 0xFF, 0xFF, 0xFF, 0xFF, 0xFF, 0xFF, 0xFF, 0xFF, 0xFF, 0xFF, 0xFF,
    0xFF, 0xFF, 0xFF, 0xFF, 0xFF, 0xFF, 0xFF, 0xFF, 0xFF, 0xFF, 0xFF, 0x9F,
    0xFF, 0xFE, 0xFF, 0xFF, 0xFF, 0xFF, 0xFF, 0xFF, 0xFF, 0xFF, 0xFF, 0xFF,
    0xFF, 0xFF, 0xFF, 0xFF, 0xFF, 0xFF, 0xFF, 0xFF, 0xFF, 0xFF, 0xFF, 0xFF,
    0xFF, 0xFF, 0xFF, 0xFF, 0xFF, 0xFF, 0xFF, 0xFF, 0xFF, 0xFF, 0xFF, 0xFF,
    0xFF, 0xFF, 0xFE, 0xFF, 0xFF, 0xFE, 0xFF, 0xFF, 0xFF, 0xFF, 0xFF, 0xFF,
    0xFF, 0xFF, 0xFF, 0xFF, 0xFF, 0xFF, 0xFF, 0xFF, 0xFF, 0xFF, 0xFF, 0xFF,
    0xFF, 0xFF, 0xFF, 0xFF, 0xFF, 0xFF, 0xFF, 0xFF, 0xFF, 0xFF, 0xFF, 0xFF,
    0xFF, 0xFF, 0xFF, 0xFF, 0xFF, 0xFF, 0xFE, 0xFF, 0x9F, 0xFF, 0xFF, 0xFF,
    0xFF, 0xFF, 0xFF, 0xFF, 0xFF, 0xFF, 0xFF, 0xFF, 0xFF, 0xFF, 0xFF, 0xFF,
    0xFF, 0xFF, 0xFF, 0xFF, 0xFF, 0xFF, 0xFF, 0xFF, 0xFF, 0xFF, 0xFF, 0xFF,
    0xFF, 0xFF, 0xFF, 0xFF, 0xFF, 0xFF, 0xFF, 0xFF, 0xFF, 0xFF, 0xFF, 0x9F,
    0x6A, 0xFF, 0xFE, 0xFF, 0xFF, 0xFF, 0xFF, 0xFF, 0xFF, 0xFF, 0xFF, 0xFF,
    0xFF, 0xFF, 0xFF, 0xFF, 0xFF, 0xFF, 0xFF, 0xFF, 0xFF, 0xFF, 0xFF, 0xFF,
    0xFF, 0xFF, 0xFF, 0xFF, 0xFF, 0xFF, 0xFF, 0xFF, 0xFF, 0xFF, 0xFF, 0xFF,
    0xFF, 0xFE, 0xFF, 0x6A, 0x70, 0xFF, 0xFD, 0xFF, 0xFF, 0xFF, 0xFF, 0xFF,
    0xFF, 0xFF, 0xFF, 0xFF, 0xFF, 0xFF, 0xFF, 0xFF, 0xFF, 0xFF, 0xFF, 0xFF,
    0xFF, 0xFF, 0xFF, 0xFF, 0xFF, 0xFF, 0xFF, 0xFF, 0xFF, 0xFF, 0xFF, 0xFF,
    0xFF, 0xFF, 0xFF, 0xFF, 0xFF, 0xFD, 0xFF, 0x70, 0x67, 0xFF, 0xFE, 0xFF,
    0xFF, 0xFF, 0xFF, 0xFF, 0xFF, 0xFF, 0xFF, 0xFF, 0xFF, 0xFF, 0xFF, 0xFF,
    0xFF, 0xFF, 0xFF, 0xFF, 0xFF, 0xFF, 0xFF, 0xFF, 0xFF, 0xFF, 0xFF, 0xFF,
    0xFF, 0xFF, 0xFF, 0xFF, 0xFF, 0xFF, 0xFF, 0xFF, 0xFF, 0xFE, 0xFF, 0x67,
    0x6E, 0xFF, 0xFF, 0xFF, 0xFF, 0xFF, 0xFF, 0xFF, 0xFF, 0xFF, 0xFF, 0xFF,
    0xFF, 0xFF, 0xFF, 0xFF, 0xFF, 0xFF, 0xFF, 0xFF, 0xFF, 0xFF, 0xFF, 0xFF,
    0xFF, 0xFF, 0xFF, 0xFF, 0xFF, 0xFF, 0xFF, 0xFF, 0xFF, 0xFF, 0xFF, 0xFF,
    0xFF, 0xFF, 0xFF, 0x6E, 0x22, 0xD1, 0xFF, 0xFF, 0xFF, 0xFF, 0xFF, 0xFF,
    0xFF, 0xFF, 0xFF, 0xFF, 0xFF, 0xFF, 0xFF, 0xFF, 0xFF, 0xFF, 0xFF, 0xFF,
    0xFF, 0xFF, 0xFF, 0xFF, 0xFF, 0xFF, 0xFF, 0xFF, 0xFF, 0xFF, 0xFF, 0xFF,
    0xFF, 0xFF, 0xFF, 0xFF, 0xFF, 0xFF, 0xD1, 0x22, 0x00, 0x00, 0xE7, 0xFB,
    0xFF, 0xFF, 0xFF, 0xFF, 0xFF, 0xFF, 0xFF, 0xFF, 0xFF, 0xFF, 0xFF, 0xFF,
    0xFF, 0xFF, 0xFF, 0xFF, 0xFF, 0xFF, 0xFF, 0xFF, 0xFF, 0xFF, 0xFF, 0xFF,
    0xFF, 0xFF, 0xFF, 0xFF, 0xFF, 0xFF, 0xFF, 0xFF, 0xFB, 0xE7, 0x00, 0x00,
    0x05, 0x1E, 0xFF, 0xFF, 0xFF, 0xFF, 0xFF, 0xFF, 0xFF, 0xFF, 0xFF, 0xFF,
    0xFF, 0xFF, 0xFF, 0xFF, 0xFF, 0xFF, 0xFF, 0xFF, 0xFF, 0xFF, 0xFF, 0xFF,
    0xFF, 0xFF, 0xFF, 0xFF, 0xFF, 0xFF, 0xFF, 0xFF, 0xFF, 0xFF, 0xFF, 0xFF,
    0xFF, 0xFF, 0x1E, 0x05, 0x00, 0x00, 0x6A, 0xFF, 0xFF, 0xFF, 0xFF, 0xFF,
    0xFF, 0xFF, 0xFF, 0xFF, 0xFF, 0xFF, 0xFF, 0xFF, 0xFF, 0xFF, 0xFF, 0xFF,
    0xFF, 0xFF, 0xFF, 0xFF, 0xFF, 0xFF, 0xFF, 0xFF, 0xFF, 0xFF, 0xFF, 0xFF,
    0xFF, 0xFF, 0xFF, 0xFF, 0xFF, 0x6A, 0x00, 0x00, 0x00, 0x00, 0x00, 0x8E,
    0xFF, 0xFE, 0xFF, 0xFF, 0xFF, 0xFF, 0xFF, 0xFF, 0xFF, 0xFF, 0xFF, 0xFF,
    0xFF, 0xFF, 0xFF, 0xFF, 0xFF, 0xFF, 0xFF, 0xFF, 0xFF, 0xFF, 0xFF, 0xFF,
    0xFF, 0xFF, 0xFF, 0xFF, 0xFF, 0xFF, 0xFE, 0xFF, 0x8E, 0x00, 0x00, 0x00,
    0x00, 0x00, 0x00, 0xF4, 0xFF, 0xFF, 0xFF, 0xFF, 0xFF, 0xFF, 0xFF, 0xFF,
    0xFF, 0xFF, 0xFF, 0xFF, 0xFF, 0xFF, 0xFF, 0xFF, 0xFF, 0xFF, 0xFF, 0xFF,
    0xFF, 0xFF, 0xFF, 0xFF, 0xFF, 0xFF, 0xFF, 0xFF, 0xFF, 0xFF, 0xFF, 0xFF,
    0xF4, 0x00, 0x00, 0x00, 0x00, 0x00, 0x00, 0x00, 0xFF, 0xFF, 0xFF, 0xFF,
    0xFF, 0xFF, 0xFF, 0xFF, 0xFF, 0xFF, 0xFF, 0xFF, 0xFF, 0xFF, 0xFF, 0xFF,
    0xFF, 0xFF, 0xFF, 0xFF, 0xFF, 0xFF, 0xFF, 0xFF, 0xFF, 0xFF, 0xFF, 0xFF,
    0xFF, 0xFF, 0xFF, 0xFF, 0x00, 0x00, 0x00, 0x00, 0x00, 0x00, 0x00, 0x00,
    0x00, 0xFF, 0xFF, 0xFF, 0xFF, 0xFF, 0xFF, 0xFF, 0xFF, 0xFF, 0xFF, 0xFF,
    0xFF, 0xFF, 0xFF, 0xFF, 0xFF, 0xFF, 0xFF, 0xFF, 0xFF, 0xFF, 0xFF, 0xFF,
    0xFF, 0xFF, 0xFF, 0xFF, 0xFF, 0xFF, 0xFF, 0x00, 0x00, 0x00, 0x00, 0x00,
    0x00, 0x00, 0x00, 0x00, 0x00, 0x00, 0xFF, 0xFF, 0xFF, 0xFE, 0xFF, 0xFF,
    0xFF, 0xFF, 0xFF, 0xFF, 0xFF, 0xFF, 0xFF, 0xFF, 0xFF, 0xFF, 0xFF, 0xFF,
    0xFF, 0xFF, 0xFF, 0xFF, 0xFF, 0xFF, 0xFE, 0xFF, 0xFF, 0xFF, 0x00, 0x00,
    0x00, 0x00, 0x00, 0x00, 0x00, 0x00, 0x00, 0x00, 0x00, 0x00, 0x00, 0xFF,
    0xFF, 0xFF, 0xFF, 0xFF, 0xFF, 0xFF, 0xFF, 0xFF, 0xFF, 0xFF, 0xFF, 0xFF,
    0xFF, 0xFF, 0xFF, 0xFF, 0xFF, 0xFF, 0xFF, 0xFF, 0xFF, 0xFF, 0xFF, 0xFF,
    0xFF, 0x00, 0x00, 0x00, 0x00, 0x00, 0x00, 0x00, 0x00, 0x00, 0x00, 0x00,
    0x00, 0x00, 0x00, 0x00, 0xF4, 0x8E, 0xFF, 0xFF, 0xFB, 0xFF, 0xFF, 0xFF,
    0xFF, 0xFF, 0xFF, 0xFF, 0xFF, 0xFF, 0xFF, 0xFF, 0xFF, 0xFF, 0xFF, 0xFB,
    0xFF, 0xFF, 0x8E, 0xF4, 0x00, 0x00, 0x00, 0x00, 0x00, 0x00, 0x00, 0x00,
    0x00, 0x00, 0x00, 0x00, 0x00, 0x00, 0x00, 0x00, 0x00, 0x00, 0x6A, 0xFF,
    0xE7, 0xFF, 0xFF, 0xFE, 0xFD, 0xFE, 0xFF, 0xFF, 0xFF, 0xFF, 0xFE, 0xFD,
    0xFE, 0xFF, 0xFF, 0xE7, 0xFF, 0x6A, 0x00, 0x00, 0x00, 0x00, 0x00, 0x00,
    0x00, 0x00, 0x00, 0x00, 0x00, 0x00, 0x00, 0x00, 0x00, 0x00, 0x00, 0x00,
    0x00, 0x00, 0x00, 0x1E, 0x00, 0xD1, 0xFF, 0xFF, 0xFF, 0xFF, 0xFF, 0xFE,
    0xFE, 0xFF, 0xFF, 0xFF, 0xFF, 0xFF, 0xD1, 0x00, 0x1E, 0x00, 0x00, 0x00,
    0x00, 0x00, 0x00, 0x00, 0x00, 0x00, 0x00, 0x00, 0x00, 0x00, 0x00, 0x00,
    0x00, 0x00, 0x00, 0x00, 0x00, 0x00, 0x00, 0x05, 0x00, 0x22, 0x6E, 0x67,
    0x70, 0x6A, 0x9F, 0xFF, 0xFF, 0x9F, 0x6A, 0x70, 0x67, 0x6E, 0x22, 0x00,
    0x05, 0x00, 0x00, 0x00, 0x00, 0x00, 0x00, 0x00, 0x00, 0x00, 0x00, 0x00,
  },
  { /* frame 10 */
    0x00, 0x00, 0x00, 0x00, 0x00, 0x00, 0x00, 0x00, 0x00, 0x00, 0x00, 0x00,
    0x00, 0x00, 0x00, 0x00, 0x00, 0x00, 0x00, 0x00, 0x00, 0x00, 0x00, 0x00,
    0x00, 0x00, 0x00, 0x00, 0x00, 0x00, 0x28, 0xD2, 0x08, 0xD2, 0x28, 0xD2,
    0x28, 0xD2, 0xAA, 0xFA, 0x49, 0xE2, 0x28, 0xD2, 0x28, 0xD2, 0x08, 0xD2,
    0x28, 0xD2, 0x08, 0xD2, 0x28, 0xCA, 0x00, 0x00, 0x00, 0xF8, 0x00, 0xF8,
    0x00, 0x00, 0x00, 0x00, 0x00, 0x00, 0x00, 0x00, 0x00, 0x00, 0x00, 0x00,
    0x00, 0x00, 0x00, 0x00, 0x00, 0x00, 0x00, 0x00, 0x00, 0x00, 0x00, 0x00,
    0x00, 0x00, 0x00, 0x00, 0x00, 0x00, 0x00, 0x00, 0x00, 0x00, 0x00, 0x00,
    0x00, 0x00, 0x00, 0x00, 0x00, 0x00, 0x00, 0x00, 0x49, 0xE2, 0x28, 0xD2,
    0x28, 0xD2, 0x69, 0xF2, 0x49, 0xEA, 0x49, 0xE2, 0x49, 0xE2, 0x28, 0xD2,
    0x28, 0xDA, 0x28, 0xD2, 0x49, 0xE2, 0x69, 0xEA, 0x69, 0xEA, 0xAA, 0xFA,
    0x28, 0xD2, 0xC7, 0xD1, 0x00, 0x00, 0x00, 0x00, 0x00, 0x00, 0x00, 0x00,
    0x00, 0x00, 0x00, 0x00, 0x00, 0x00, 0x00, 0x00, 0x00, 0x00, 0x00, 0x00,
    0x00, 0x00, 0x00, 0x00, 0x00, 0x00, 0x00, 0x00, 0x00, 0x00, 0x00, 0x00,
    0x00, 0x00, 0x00, 0x00, 0x00, 0x00, 0x00, 0x00, 0x00, 0x00, 0x00, 0x00,
    0x28, 0xD2, 0x28, 0xD2, 0x28, 0xD2, 0x28, 0xD2, 0x49, 0xE2, 0x28, 0xD2,
    0x28, 0xD2, 0x28, 0xD2, 0x28, 0xD2, 0x28, 0xD2, 0x28, 0xD2, 0x28, 0xD2,
    0x28, 0xD2, 0x28, 0xD2, 0x28, 0xD2, 0x28, 0xD2, 0x28, 0xDA, 0x8A, 0xFA,
    0x28, 0xD2, 0x28, 0xD2, 0x08, 0xD2, 0x00, 0x00, 0x00, 0x00, 0x00, 0x00,
    0x00, 0x00, 0x00, 0x00, 0x00, 0x00, 0x00, 0x00, 0x00, 0x00, 0x00, 0x00,
    0x00, 0x00, 0x00, 0x00, 0x00, 0x00, 0x00, 0x00, 0x00, 0x00, 0x00, 0x00,
    0x00, 0x00, 0x00, 0x00, 0x00, 0x00, 0x28, 0xD2, 0x28, 0xD2, 0x28, 0xD2,
    0x28, 0xD2, 0x28, 0xD2, 0x28, 0xD2, 0x28, 0xD2, 0x28, 0xD2, 0x28, 0xD2,
    0x28, 0xD2, 0x28, 0xD2, 0x28, 0xD2, 0x28, 0xD2, 0x28, 0xD2, 0x28, 0xD2,
    0x28, 0xD2, 0x28, 0xD2, 0x28, 0xD2, 0x28, 0xD2, 0x28, 0xDA, 0x28, 0xD2,
    0xAA, 0xFA, 0x28, 0xD2, 0x00, 0x00, 0x00, 0xF8, 0x00, 0x00, 0x00, 0x00,
    0x00, 0x00, 0x00, 0x00, 0x00, 0x00, 0x00, 0x00, 0x00, 0x00, 0x00, 0x00,
    0x00, 0x00, 0x00, 0x00, 0x00, 0x00, 0x00, 0x00, 0x00, 0x00, 0x69, 0xF2,
    0x28, 0xD2, 0x28, 0xD2, 0x28, 0xD2, 0x28, 0xD2, 0x28, 0xD2, 0x28, 0xD2,
    0x28, 0xD2, 0x28, 0xD2, 0x28, 0xD2, 0x28, 0xD2, 0x28, 0xD2, 0x28, 0xD2,
    0x28, 0xD2, 0x28, 0xD2, 0x28, 0xD2, 0x28, 0xD2, 0x28, 0xD2, 0x28, 0xD2,
    0x28, 0xD2, 0x28, 0xD2, 0x28, 0xD2, 0x28, 0xD2, 0x49, 0xE2, 0x28, 0xD2,
    0x08, 0xD2, 0xE7, 0xD1, 0x00, 0x00, 0x00, 0x00, 0x00, 0x00, 0x00, 0x00,
    0x00, 0x00, 0x00, 0x00, 0x00, 0x00, 0x00, 0x00, 0x00, 0x00, 0x00, 0x00,
    0x00, 0x00, 0x00, 0x00, 0x08, 0xD2, 0x28, 0xD2, 0x28, 0xD2, 0x28, 0xD2,
    0x28, 0xD2, 0x28, 0xD2, 0x28, 0xD2, 0x28, 0xD2, 0x28, 0xD2, 0x28, 0xD2,
    0x28, 0xD2, 0x28, 0xD2, 0x28, 0xDA, 0x08, 0xD2, 0x28, 0xD2, 0x28, 0xD2,
    0x28, 0xD2, 0x28, 0xD2, 0x28, 0xD2, 0x28, 0xD2, 0x28, 0xD2, 0x28, 0xD2,
    0x28, 0xD2, 0x28, 0xD2, 0x28, 0xD2, 0x49, 0xDA, 0xAA, 0xFA, 0x08, 0xD2,
    0x00, 0x00, 0x00, 0x00, 0x00, 0x00, 0x00, 0x00, 0x00, 0x00, 0x00, 0x00,
    0x00, 0x00, 0x00, 0x00, 0x00, 0x00, 0x00, 0xF8, 0xE7, 0xD1, 0x08, 0xD2,
    0x49, 0xE2, 0x49, 0xE2, 0x28, 0xD2, 0x28, 0xD2, 0x28, 0xD2, 0x28, 0xD2,
    0x28, 0xD2, 0x28, 0xD2, 0x28, 0xD2, 0x49, 0xE2, 0x28, 0xDA, 0x49, 0xF2,
    0x08, 0xCA, 0x28, 0xDA, 0x28, 0xE2, 0x89, 0xFA, 0x08, 0xCA, 0x69, 0xFA,
    0x28, 0xD2, 0x28, 0xD2, 0x28, 0xD2, 0x28, 0xD2, 0x28, 0xD2, 0x28, 0xD2,
    0x28, 0xD2, 0x28, 0xD2, 0x28, 0xD2, 0x49, 0xE2, 0x08, 0xD2, 0x00, 0x00,
    0x00, 0x00, 0x00, 0x00, 0x00, 0x00, 0x00, 0x00, 0x00, 0x00, 0x00, 0x00,
    0x00, 0x00, 0x00, 0x00, 0x08, 0xD2, 0xAA, 0xFA, 0x28, 0xD2, 0x28, 0xD2,
    0x28, 0xD2, 0x28, 0xD2, 0x28, 0xD2, 0x28, 0xD2, 0x28, 0xD2, 0x28, 0xDA,
    0x48, 0xE2, 0x65, 0x71, 0xC7, 0xA9, 0x86, 0x91, 0x82, 0x08, 0xA3, 0x18,
    0x04, 0x41, 0x86, 0x89, 0x82, 0x10, 0x24, 0x59, 0xA6, 0x91, 0x69, 0xF2,
    0x28, 0xD2, 0x28, 0xD2, 0x28, 0xD2, 0x28, 0xD2, 0x28, 0xD2, 0x28, 0xD2,
    0x28, 0xD2, 0x49, 0xE2, 0x28, 0xD2, 0x69, 0xF2, 0x00, 0x00, 0x00, 0x00,
    0x00, 0x00, 0x00, 0x00, 0x00, 0x00, 0x00, 0x00, 0x00, 0x00, 0x28, 0xD2,
    0x28, 0xD2, 0x49, 0xDA, 0x28, 0xD2, 0x28, 0xD2, 0x28, 0xD2, 0x28, 0xD2,
    0x28, 0xD2, 0x28, 0xD2, 0x28, 0xD2, 0x28, 0xDA, 0x86, 0x89, 0x00, 0x00,
    0x82, 0x10, 0x41, 0x00, 0x82, 0x08, 0x82, 0x10, 0x82, 0x00, 0x62, 0x00,
    0x62, 0x00, 0x62, 0x00, 0x82, 0x08, 0x28, 0xD2, 0x28, 0xD2, 0x28, 0xDA,
    0x28, 0xD2, 0x28, 0xD2, 0x28, 0xD2, 0x28, 0xD2, 0x28, 0xD2, 0x28, 0xD2,
    0x28, 0xD2, 0x28, 0xD2, 0x00, 0x00, 0x00, 0x00, 0x00, 0x00, 0x00, 0x00,
    0x00, 0x00, 0x00, 0x00, 0x08, 0xD2, 0xAA, 0xFA, 0x49, 0xE2, 0x28, 0xD2,
    0x28, 0xD2, 0x28, 0xD2, 0x28, 0xD2, 0x28, 0xD2, 0x49, 0xEA, 0xE7, 0xB9,
    0x49, 0xEA, 0x28, 0xDA, 0x28, 0xDA, 0xC3, 0x28, 0x82, 0x08, 0x82, 0x10,
    0x82, 0x10, 0x82, 0x10, 0x82, 0x10, 0x82, 0x10, 0x82, 0x10, 0x82, 0x08,
    0x04, 0x51, 0x69, 0xFA, 0x69, 0xF2, 0xE7, 0xB9, 0x28, 0xE2, 0x28, 0xD2,
    0x28, 0xD2, 0x28, 0xD2, 0x28, 0xD2, 0x28, 0xD2, 0x28, 0xD2, 0x28, 0xD2,
    0x28, 0xD2, 0x00, 0x00, 0x00, 0x00, 0x00, 0x00, 0x00, 0xF8, 0x00, 0x00,
    0x28, 0xD2, 0x28, 0xD2, 0x28, 0xD2, 0x28, 0xD2, 0x28, 0xD2, 0x28, 0xD2,
    0x28, 0xD2, 0x28, 0xD2, 0x49, 0xEA, 0x82, 0x10, 0xA6, 0x99, 0x49, 0xE2,
    0x49, 0xEA, 0x86, 0x91, 0x42, 0x00, 0x82, 0x10, 0x82, 0x10, 0x82, 0x10,
    0x82, 0x10, 0x82, 0x10, 0x82, 0x00, 0x82, 0x08, 0x86, 0x89, 0x28, 0xD2,
    0x66, 0x79, 0x41, 0x00, 0xA6, 0x91, 0x49, 0xEA, 0x49, 0xE2, 0x28, 0xD2,
    0x28, 0xD2, 0x28, 0xD2, 0x28, 0xD2, 0x28, 0xD2, 0x28, 0xD2, 0x28, 0xD2,
    0x00, 0x00, 0x00, 0x00, 0x00, 0xF8, 0x00, 0x00, 0x28, 0xD2, 0x28, 0xDA,
    0x28, 0xD2, 0x28, 0xD2, 0x28, 0xD2, 0x28, 0xD2, 0x49, 0xE2, 0x49, 0xEA,
    0xA6, 0x99, 0x82, 0x08, 0x04, 0x41, 0x49, 0xEA, 0x49, 0xEA, 0x69, 0xFA,
    0xC3, 0x30, 0x82, 0x08, 0x82, 0x10, 0x82, 0x10, 0x82, 0x10, 0x82, 0x10,
    0x82, 0x08, 0xA6, 0x99, 0xAA, 0xFA, 0x89, 0xFA, 0x04, 0x51, 0x62, 0x00,
    0xA3, 0x18, 0xA3, 0x20, 0xC7, 0xB1, 0x48, 0xE2, 0x28, 0xD2, 0x28, 0xD2,
    0x28, 0xD2, 0x28, 0xD2, 0x28, 0xD2, 0x28, 0xD2, 0x00, 0x00, 0x00, 0x00,
    0x00, 0x00, 0xC7, 0xD1, 0x8A, 0xFA, 0x28, 0xD2, 0x28, 0xD2, 0x28, 0xD2,
    0x28, 0xD2, 0x28, 0xD2, 0x08, 0xCA, 0xC3, 0x28, 0x42, 0x00, 0x82, 0x00,
    0x42, 0x00, 0xA6, 0x99, 0xE7, 0xB1, 0x04, 0x41, 0x62, 0x00, 0x82, 0x10,
    0x82, 0x10, 0x82, 0x10, 0x82, 0x10, 0x82, 0x10, 0x62, 0x00, 0x04, 0x49,
    0x49, 0xEA, 0xE4, 0x38, 0x41, 0x00, 0x82, 0x08, 0xA2, 0x10, 0x42, 0x00,
    0x24, 0x51, 0x49, 0xEA, 0x28, 0xD2, 0x28, 0xD2, 0x28, 0xD2, 0x28, 0xD2,
    0x28, 0xD2, 0x28, 0xD2, 0x49, 0xE2, 0x00, 0x00, 0x28, 0xCA, 0x28, 0xD2,
    0x28, 0xDA, 0x28, 0xD2, 0x28, 0xD2, 0x28, 0xD2, 0x28, 0xD2, 0x28, 0xD2,
    0x28, 0xDA, 0x82, 0x10, 0x82, 0x10, 0x82, 0x10, 0x82, 0x08, 0xA3, 0x18,
    0x62, 0x00, 0x62, 0x00, 0x82, 0x10, 0x82, 0x10, 0x82, 0x10, 0x82, 0x10,
    0x82, 0x10, 0x82, 0x10, 0x82, 0x10, 0x41, 0x00, 0xA6, 0x99, 0xE3, 0x30,
    0x82, 0x10, 0x82, 0x10, 0x82, 0x10, 0x82, 0x10, 0x62, 0x00, 0xA6, 0x99,
    0x49, 0xEA, 0x28, 0xD2, 0x28, 0xD2, 0x28, 0xD2, 0x28, 0xD2, 0x28, 0xD2,
    0x28, 0xD2, 0x00, 0x00, 0x08, 0xD2, 0xAA, 0xFA, 0x28, 0xD2, 0x28, 0xD2,
    0x28, 0xD2, 0x28, 0xD2, 0x28, 0xD2, 0x69, 0xFA, 0xA7, 0x99, 0x41, 0x00,
    0x82, 0x10, 0x82, 0x10, 0x82, 0x10, 0x82, 0x10, 0x82, 0x10, 0x82, 0x10,
    0x82, 0x10, 0x82, 0x10, 0x82, 0x10, 0x82, 0x10, 0x82, 0x10, 0x82, 0x10,
    0x82, 0x10, 0x82, 0x08, 0x82, 0x10, 0x62, 0x00, 0x82, 0x10, 0x82, 0x10,
    0x82, 0x10, 0x82, 0x10, 0x62, 0x00, 0xE4, 0x38, 0x48, 0xE2, 0x28, 0xD2,
    0x28, 0xD2, 0x28, 0xD2, 0x28, 0xD2, 0x49, 0xE2, 0x28, 0xD2, 0x00, 0x00,
    0x28, 0xD2, 0x69, 0xEA, 0x28, 0xD2, 0x28, 0xD2, 0x28, 0xD2, 0x28, 0xD2,
    0x28, 0xD2, 0xA6, 0x91, 0xC3, 0x28, 0x82, 0x00, 0x82, 0x10, 0x82, 0x10,
    0x82, 0x10, 0x82, 0x10, 0x82, 0x10, 0x82, 0x10, 0x82, 0x10, 0x82, 0x08,
    0x62, 0x08, 0xC3, 0x10, 0x62, 0x08, 0x82, 0x08, 0x82, 0x10, 0x82, 0x10,
    0x82, 0x10, 0x82, 0x10, 0x82, 0x10, 0x82, 0x10, 0x82, 0x10, 0x82, 0x10,
    0x82, 0x10, 0x41, 0x00, 0x65, 0x71, 0x49, 0xE2, 0x28, 0xD2, 0x28, 0xD2,
    0x28, 0xD2, 0x28, 0xD2, 0x69, 0xF2, 0x28, 0xD2, 0x08, 0xD2, 0x69, 0xEA,
    0x28, 0xD2, 0x28, 0xD2, 0x28, 0xD2, 0x28, 0xD2, 0x69, 0xFA, 0x24, 0x59,
    0x62, 0x00, 0x82, 0x10, 0x82, 0x10, 0x82, 0x10, 0x82, 0x10, 0x82, 0x10,
    0x82, 0x10, 0x82, 0x10, 0x62, 0x08, 0xC3, 0x10, 0x25, 0x21, 0x87, 0x31,
    0x46, 0x29, 0x25, 0x21, 0xE4, 0x18, 0x62, 0x08, 0x82, 0x10, 0x82, 0x10,
    0x82, 0x10, 0x82, 0x10, 0x82, 0x10, 0x82, 0x10, 0x82, 0x10, 0x82, 0x10,
    0xC7, 0xA9, 0x28, 0xDA, 0x28, 0xD2, 0x28, 0xD2, 0x28, 0xD2, 0x28, 0xD2,
    0x49, 0xEA, 0x08, 0xD2, 0x28, 0xD2, 0x49, 0xE2, 0x28, 0xD2, 0x28, 0xD2,
    0x28, 0xD2, 0x28, 0xD2, 0x08, 0xCA, 0x82, 0x10, 0x62, 0x00, 0x82, 0x08,
    0x62, 0x00, 0x82, 0x08, 0x82, 0x10, 0x82, 0x10, 0x82, 0x10, 0x82, 0x10,
    0xE4, 0x18, 0x86, 0x29, 0x66, 0x29, 0x66, 0x29, 0x66, 0x29, 0x66, 0x29,
    0x86, 0x29, 0xC3, 0x10, 0x82, 0x08, 0x82, 0x10, 0x82, 0x10, 0x82, 0x08,
    0x82, 0x10, 0x82, 0x08, 0x82, 0x08, 0x41, 0x00, 0x86, 0x81, 0x49, 0xEA,
    0x28, 0xD2, 0x28, 0xD2, 0x28, 0xD2, 0x28, 0xD2, 0x49, 0xE2, 0x28, 0xD2,
    0x28, 0xD2, 0x28, 0xD2, 0x28, 0xD2, 0x28, 0xD2, 0x28, 0xD2, 0x28, 0xD2,
    0x69, 0xF2, 0x66, 0x79, 0xE4, 0x38, 0x41, 0x00, 0x45, 0x61, 0xC3, 0x20,
    0x82, 0x00, 0x82, 0x10, 0x82, 0x10, 0x82, 0x08, 0x25, 0x21, 0x66, 0x29,
    0x66, 0x29, 0x66, 0x29, 0x66, 0x29, 0x66, 0x29, 0x66, 0x29, 0x25, 0x21,
    0x62, 0x08, 0x82, 0x10, 0x82, 0x10, 0x82, 0x08, 0xC3, 0x28, 0x41, 0x00,
    0xE4, 0x40, 0x41, 0x00, 0x45, 0x71, 0x28, 0xD2, 0x28, 0xD2, 0x28, 0xD2,
    0x28, 0xD2, 0x28, 0xD2, 0x49, 0xE2, 0x28, 0xD2, 0x49, 0xE2, 0x28, 0xDA,
    0x28, 0xD2, 0x28, 0xD2, 0x28, 0xD2, 0x28, 0xD2, 0x28, 0xD2, 0x28, 0xDA,
    0x8A, 0xFA, 0xE7, 0xB9, 0xAA, 0xFA, 0x86, 0x89, 0x42, 0x00, 0x82, 0x10,
    0x82, 0x10, 0x62, 0x08, 0x46, 0x29, 0x66, 0x29, 0x66, 0x29, 0x66, 0x29,
    0x66, 0x29, 0x66, 0x29, 0x66, 0x29, 0x87, 0x31, 0xC3, 0x10, 0x82, 0x10,
    0x82, 0x08, 0xE4, 0x40, 0x69, 0xF2, 0xE7, 0xB1, 0x8A, 0xFA, 0xE7, 0xB9,
    0x69, 0xFA, 0x28, 0xDA, 0x28, 0xD2, 0x28, 0xD2, 0x28, 0xD2, 0x28, 0xD2,
    0x28, 0xD2, 0xAA, 0xFA, 0xAA, 0xFA, 0x28, 0xD2, 0x28, 0xD2, 0x28, 0xD2,
    0x28, 0xD2, 0x28, 0xD2, 0x28, 0xDA, 0x69, 0xFA, 0xE7, 0xB9, 0x8A, 0xFA,
    0xE7, 0xB1, 0x69, 0xF2, 0xE4, 0x40, 0x82, 0x08, 0x82, 0x10, 0xC3, 0x10,
    0x87, 0x31, 0x66, 0x29, 0x66, 0x29, 0x66, 0x29, 0x66, 0x29, 0x66, 0x29,
    0x66, 0x29, 0x46, 0x29, 0x62, 0x08, 0x82, 0x10, 0x82, 0x10, 0x42, 0x00,
    0x86, 0x89, 0xAA, 0xFA, 0xE7, 0xB9, 0x8A, 0xFA, 0x28, 0xDA, 0x28, 0xD2,
    0x28, 0xD2, 0x28, 0xD2, 0x28, 0xD2, 0x28, 0xD2, 0x28, 0xDA, 0x49, 0xE2,
    0x28, 0xD2, 0x49, 0xE2, 0x28, 0xD2, 0x28, 0xD2, 0x28, 0xD2, 0x28, 0xD2,
    0x28, 0xD2, 0x45, 0x71, 0x41, 0x00, 0xE4, 0x40, 0x41, 0x00, 0xC3, 0x28,
    0x82, 0x08, 0x82, 0x10, 0x82, 0x10, 0x62, 0x08, 0x25, 0x21, 0x66, 0x29,
    0x66, 0x29, 0x66, 0x29, 0x66, 0x29, 0x66, 0x29, 0x66, 0x29, 0x25, 0x21,
    0x82, 0x08, 0x82, 0x10, 0x82, 0x10, 0x82, 0x00, 0xC3, 0x20, 0x45, 0x61,
    0x41, 0x00, 0xE4, 0x38, 0x66, 0x79, 0x69, 0xF2, 0x28, 0xD2, 0x28, 0xD2,
    0x28, 0xD2, 0x28, 0xD2, 0x28, 0xD2, 0x28, 0xD2, 0x28, 0xD2, 0x49, 0xE2,
    0x28, 0xD2, 0x28, 0xD2, 0x28, 0xD2, 0x28, 0xD2, 0x49, 0xEA, 0x86, 0x81,
    0x41, 0x00, 0x82, 0x08, 0x82, 0x08, 0x82, 0x10, 0x82, 0x08, 0x82, 0x10,
    0x82, 0x10, 0x82, 0x08, 0xC3, 0x10, 0x86, 0x29, 0x66, 0x29, 0x66, 0x29,
    0x66, 0x29, 0x66, 0x29, 0x86, 0x29, 0xE4, 0x18, 0x82, 0x10, 0x82, 0x10,
    0x82, 0x10, 0x82, 0x10, 0x82, 0x08, 0x62, 0x00, 0x82, 0x08, 0x62, 0x00,
    0x82, 0x10, 0x08, 0xCA, 0x28, 0xD2, 0x28, 0xD2, 0x28, 0xD2, 0x28, 0xD2,
    0x49, 0xE2, 0x28, 0xD2, 0x08, 0xD2, 0x49, 0xEA, 0x28, 0xD2, 0x28, 0xD2,
    0x28, 0xD2, 0x28, 0xD2, 0x28, 0xDA, 0xC7, 0xA9, 0x82, 0x10, 0x82, 0x10,
    0x82, 0x10, 0x82, 0x10, 0x82, 0x10, 0x82, 0x10, 0x82, 0x10, 0x82, 0x10,
    0x62, 0x08, 0xE4, 0x18, 0x25, 0x21, 0x46, 0x29, 0x87, 0x31, 0x25, 0x21,
    0xC3, 0x10, 0x62, 0x08, 0x82, 0x10, 0x82, 0x10, 0x82, 0x10, 0x82, 0x10,
    0x82, 0x10, 0x82, 0x10, 0x82, 0x10, 0x62, 0x00, 0x24, 0x59, 0x69, 0xFA,
    0x28, 0xD2, 0x28, 0xD2, 0x28, 0xD2, 0x28, 0xD2, 0x69, 0xEA, 0x08, 0xD2,
    0x28, 0xD2, 0x69, 0xF2, 0x28, 0xD2, 0x28, 0xD2, 0x28, 0xD2, 0x28, 0xD2,
    0x49, 0xE2, 0x65, 0x71, 0x41, 0x00, 0x82, 0x10, 0x82, 0x10, 0x82, 0x10,
    0x82, 0x10, 0x82, 0x10, 0x82, 0x10, 0x82, 0x10, 0x82, 0x10, 0x82, 0x10,
    0x82, 0x08, 0x62, 0x08, 0xC3, 0x10, 0x62, 0x08, 0x82, 0x08, 0x82, 0x10,
    0x82, 0x10, 0x82, 0x10, 0x82, 0x10, 0x82, 0x10, 0x82, 0x10, 0x82, 0x10,
    0x82, 0x00, 0xC3, 0x28, 0xA6, 0x91, 0x28, 0xD2, 0x28, 0xD2, 0x28, 0xD2,
    0x28, 0xD2, 0x28, 0xD2, 0x69, 0xEA, 0x28, 0xD2, 0x00, 0x00, 0x28, 0xD2,
    0x49, 0xE2, 0x28, 0xD2, 0x28, 0xD2, 0x28, 0xD2, 0x28, 0xD2, 0x48, 0xE2,
    0xE4, 0x38, 0x62, 0x00, 0x82, 0x10, 0x82, 0x10, 0x82, 0x10, 0x82, 0x10,
    0x62, 0x00, 0x82, 0x10, 0x82, 0x08, 0x82, 0x10, 0x82, 0x10, 0x82, 0x10,
    0x82, 0x10, 0x82, 0x10, 0x82, 0x10, 0x82, 0x10, 0x82, 0x08, 0x82, 0x10,
    0x82, 0x10, 0x82, 0x10, 0x82, 0x10, 0x82, 0x10, 0x41, 0x00, 0xA7, 0x99,
    0x69, 0xFA, 0x28, 0xD2, 0x28, 0xD2, 0x28, 0xD2, 0x28, 0xD2, 0x28, 0xD2,
    0xAA, 0xFA, 0x08, 0xD2, 0x00, 0x00, 0x28, 0xD2, 0x28, 0xD2, 0x28, 0xD2,
    0x28, 0xD2, 0x28, 0xD2, 0x28, 0xD2, 0x49, 0xEA, 0xA6, 0x99, 0x62, 0x00,
    0x82, 0x10, 0x82, 0x10, 0x82, 0x10, 0x82, 0x10, 0xE3, 0x30, 0xA6, 0x99,
    0x41, 0x00, 0x82, 0x10, 0x82, 0x10, 0x82, 0x10, 0x82, 0x10, 0x82, 0x10,
    0x62, 0x00, 0x62, 0x00, 0x04, 0x51, 0x82, 0x08, 0x82, 0x08, 0x82, 0x10,
    0x82, 0x10, 0x82, 0x10, 0x82, 0x10, 0x28, 0xDA, 0x28, 0xD2, 0x28, 0xD2,
    0x28, 0xD2, 0x28, 0xD2, 0x28, 0xD2, 0x28, 0xDA, 0x28, 0xD2, 0x28, 0xCA,
    0x00, 0x00, 0x49, 0xE2, 0x28, 0xD2, 0x28, 0xD2, 0x28, 0xD2, 0x28, 0xD2,
    0x28, 0xD2, 0x28, 0xD2, 0x49, 0xEA, 0x24, 0x51, 0x42, 0x00, 0xA2, 0x10,
    0x82, 0x08, 0x41, 0x00, 0xE4, 0x38, 0x49, 0xEA, 0x04, 0x49, 0x62, 0x00,
    0x82, 0x10, 0x82, 0x10, 0x82, 0x10, 0x82, 0x08, 0xE4, 0x38, 0xC7, 0xA9,
    0xAA, 0xFA, 0x65, 0x71, 0x42, 0x00, 0x82, 0x10, 0x82, 0x00, 0x42, 0x00,
    0xC3, 0x28, 0x08, 0xCA, 0x28, 0xD2, 0x28, 0xD2, 0x28, 0xD2, 0x28, 0xD2,
    0x28, 0xD2, 0x8A, 0xFA, 0xC7, 0xD1, 0x00, 0x00, 0x00, 0x00, 0x00, 0x00,
    0x28, 0xD2, 0x28, 0xD2, 0x28, 0xD2, 0x28, 0xD2, 0x28, 0xD2, 0x28, 0xD2,
    0x48, 0xE2, 0xC7, 0xB1, 0xA3, 0x20, 0xA3, 0x18, 0x62, 0x00, 0x04, 0x51,
    0x89, 0xFA, 0xAA, 0xFA, 0xA6, 0x99, 0x82, 0x08, 0x82, 0x10, 0x82, 0x10,
    0x82, 0x10, 0x62, 0x00, 0x45, 0x69, 0x8A, 0xFA, 0x28, 0xDA, 0x28, 0xD2,
    0xC3, 0x28, 0x82, 0x08, 0xA3, 0x18, 0xA6, 0x99, 0x49, 0xEA, 0x49, 0xE2,
    0x28, 0xD2, 0x28, 0xD2, 0x28, 0xD2, 0x28, 0xD2, 0x28, 0xDA, 0x28, 0xD2,
    0x00, 0x00, 0x00, 0xF8, 0x00, 0x00, 0x00, 0x00, 0x28, 0xD2, 0x28, 0xD2,
    0x28, 0xD2, 0x28, 0xD2, 0x28, 0xD2, 0x28, 0xD2, 0x28, 0xD2, 0x49, 0xE2,
    0x49, 0xEA, 0xA6, 0x91, 0x41, 0x00, 0x66, 0x79, 0x28, 0xD2, 0x86, 0x89,
    0x82, 0x08, 0x82, 0x00, 0x82, 0x10, 0x82, 0x10, 0x82, 0x10, 0x82, 0x10,
    0x62, 0x00, 0xC7, 0xA9, 0x49, 0xE2, 0x49, 0xEA, 0x86, 0x89, 0x01, 0x00,
    0xA3, 0x20, 0x49, 0xEA, 0x28, 0xD2, 0x28, 0xD2, 0x28, 0xD2, 0x28, 0xD2,
    0x28, 0xD2, 0x28, 0xD2, 0x28, 0xD2, 0x28, 0xD2, 0x00, 0x00, 0x00, 0xF8,
    0x00, 0x00, 0x00, 0x00, 0x00, 0x00, 0x28, 0xD2, 0x28, 0xD2, 0x28, 0xD2,
    0x28, 0xD2, 0x28, 0xD2, 0x28, 0xD2, 0x28, 0xD2, 0x28, 0xD2, 0x28, 0xE2,
    0xE7, 0xB9, 0x69, 0xF2, 0x69, 0xFA, 0x04, 0x51, 0x82, 0x08, 0x82, 0x10,
    0x82, 0x10, 0x82, 0x10, 0x82, 0x10, 0x82, 0x10, 0x62, 0x00, 0x04, 0x49,
    0x49, 0xEA, 0x28, 0xD2, 0x49, 0xEA, 0x65, 0x71, 0xC7, 0xA9, 0x49, 0xE2,
    0x28, 0xD2, 0x28, 0xD2, 0x28, 0xD2, 0x28, 0xD2, 0x28, 0xD2, 0x49, 0xE2,
    0xAA, 0xFA, 0x08, 0xD2, 0x00, 0x00, 0x00, 0x00, 0x00, 0x00, 0x00, 0x00,
    0x00, 0x00, 0x00, 0x00, 0x28, 0xD2, 0x28, 0xD2, 0x28, 0xD2, 0x28, 0xD2,
    0x28, 0xD2, 0x28, 0xD2, 0x28, 0xD2, 0x28, 0xD2, 0x28, 0xDA, 0x28, 0xD2,
    0x28, 0xD2, 0x82, 0x08, 0x62, 0x00, 0x62, 0x00, 0x62, 0x00, 0x82, 0x00,
    0x82, 0x10, 0x82, 0x08, 0x41, 0x00, 0x62, 0x00, 0x65, 0x79, 0x49, 0xEA,
    0x28, 0xDA, 0x28, 0xDA, 0x49, 0xE2, 0x28, 0xD2, 0x28, 0xD2, 0x28, 0xD2,
    0x28, 0xD2, 0x28, 0xD2, 0x49, 0xDA, 0x28, 0xD2, 0x28, 0xD2, 0x00, 0x00,
    0x00, 0x00, 0x00, 0x00, 0x00, 0x00, 0x00, 0x00, 0x00, 0x00, 0x00, 0x00,
    0x69, 0xF2, 0x28, 0xD2, 0x49, 0xE2, 0x28, 0xD2, 0x28, 0xD2, 0x28, 0xD2,
    0x28, 0xD2, 0x28, 0xD2, 0x28, 0xD2, 0x28, 0xD2, 0x69, 0xF2, 0xA6, 0x91,
    0x24, 0x59, 0x82, 0x10, 0x86, 0x89, 0x04, 0x41, 0xA3, 0x18, 0x82, 0x08,
    0x86, 0x91, 0xA7, 0xA1, 0x86, 0x81, 0x28, 0xD2, 0x28, 0xD2, 0x28, 0xD2,
    0x28, 0xD2, 0x28, 0xD2, 0x28, 0xD2, 0x28, 0xD2, 0x28, 0xD2, 0x28, 0xD2,
    0xAA, 0xFA, 0x08, 0xD2, 0x00, 0x00, 0x00, 0x00, 0x00, 0x00, 0x00, 0x00,
    0x00, 0x00, 0x00, 0x00, 0x00, 0x00, 0x00, 0x00, 0x00, 0x00, 0x08, 0xD2,
    0x49, 0xE2, 0x28, 0xD2, 0x28, 0xD2, 0x28, 0xD2, 0x28, 0xD2, 0x28, 0xD2,
    0x28, 0xD2, 0x28, 0xD2, 0x28, 0xD2, 0x28, 0xD2, 0x69, 0xFA, 0x08, 0xCA,
    0x89, 0xFA, 0x28, 0xE2, 0x28, 0xDA, 0x08, 0xCA, 0x49, 0xF2, 0x28, 0xDA,
    0x49, 0xEA, 0x28, 0xD2, 0x28, 0xD2, 0x28, 0xD2, 0x28, 0xD2, 0x28, 0xD2,
    0x28, 0xD2, 0x28, 0xD2, 0x49, 0xE2, 0x49, 0xE2, 0x08, 0xD2, 0xE7, 0xD1,
    0x00, 0xF8, 0x00, 0x00, 0x00, 0x00, 0x00, 0x00, 0x00, 0x00, 0x00, 0x00,
    0x00, 0x00, 0x00, 0x00, 0x00, 0x00, 0x00, 0x00, 0x08, 0xD2, 0xAA, 0xFA,
    0x49, 0xDA, 0x28, 0xD2, 0x28, 0xD2, 0x28, 0xD2, 0x28, 0xD2, 0x28, 0xD2,
    0x28, 0xD2, 0x28, 0xD2, 0x28, 0xD2, 0x28, 0xD2, 0x28, 0xD2, 0x28, 0xD2,
    0x08, 0xD2, 0x28, 0xDA, 0x28, 0xD2, 0x28, 0xD2, 0x28, 0xD2, 0x28, 0xD2,
    0x28, 0xD2, 0x28, 0xD2, 0x28, 0xD2, 0x28, 0xD2, 0x28, 0xD2, 0x28, 0xD2,
    0x28, 0xD2, 0x08, 0xD2, 0x00, 0x00, 0x00, 0x00, 0x00, 0x00, 0x00, 0x00,
    0x00, 0x00, 0x00, 0x00, 0x00, 0x00, 0x00, 0x00, 0x00, 0x00, 0x00, 0x00,
    0x00, 0x00, 0x00, 0x00, 0xE7, 0xD1, 0x08, 0xD2, 0x28, 0xD2, 0x49, 0xE2,
    0x28, 0xD2, 0x28, 0xD2, 0x28, 0xD2, 0x28, 0xD2, 0x28, 0xD2, 0x28, 0xD2,
    0x28, 0xD2, 0x28, 0xD2, 0x28, 0xD2, 0x28, 0xD2, 0x28, 0xD2, 0x28, 0xD2,
    0x28, 0xD2, 0x28, 0xD2, 0x28, 0xD2, 0x28, 0xD2, 0x28, 0xD2, 0x28, 0xD2,
    0x28, 0xD2, 0x28, 0xD2, 0x28, 0xD2, 0x28, 0xD2, 0x69, 0xF2, 0x00, 0x00,
    0x00, 0x00, 0x00, 0x00, 0x00, 0x00, 0x00, 0x00, 0x00, 0x00, 0x00, 0x00,
    0x00, 0x00, 0x00, 0x00, 0x00, 0x00, 0x00, 0x00, 0x00, 0x00, 0x00, 0x00,
    0x00, 0xF8, 0x00, 0x00, 0x28, 0xD2, 0xAA, 0xFA, 0x28, 0xD2, 0x28, 0xDA,
    0x28, 0xD2, 0x28, 0xD2, 0x28, 0xD2, 0x28, 0xD2, 0x28, 0xD2, 0x28, 0xD2,
    0x28, 0xD2, 0x28, 0xD2, 0x28, 0xD2, 0x28, 0xD2, 0x28, 0xD2, 0x28, 0xD2,
    0x28, 0xD2, 0x28, 0xD2, 0x28, 0xD2, 0x28, 0xD2, 0x28, 0xD2, 0x28, 0xD2,
    0x28, 0xD2, 0x00, 0x00, 0x00, 0x00, 0x00, 0x00, 0x00, 0x00, 0x00, 0x00,
    0x00, 0x00, 0x00, 0x00, 0x00, 0x00, 0x00, 0x00, 0x00, 0x00, 0x00, 0x00,
    0x00, 0x00, 0x00, 0x00, 0x00, 0x00, 0x00, 0x00, 0x00, 0x00, 0x00, 0x00,
    0x00, 0x00, 0x08, 0xD2, 0x28, 0xD2, 0x28, 0xD2, 0x8A, 0xFA, 0x28, 0xDA,
    0x28, 0xD2, 0x28, 0xD2, 0x28, 0xD2, 0x28, 0xD2, 0x28, 0xD2, 0x28, 0xD2,
    0x28, 0xD2, 0x28, 0xD2, 0x28, 0xD2, 0x28, 0xD2, 0x28, 0xD2, 0x49, 0xE2,
    0x28, 0xD2, 0x28, 0xD2, 0x28, 0xD2, 0x28, 0xD2, 0x00, 0x00, 0x00, 0x00,
    0x00, 0x00, 0x00, 0x00, 0x00, 0x00, 0x00, 0x00, 0x00, 0x00, 0x00, 0x00,
    0x00, 0x00, 0x00, 0x00, 0x00, 0x00, 0x00, 0x00, 0x00, 0x00, 0x00, 0x00,
    0x00, 0x00, 0x00, 0x00, 0x00, 0x00, 0x00, 0x00, 0x00, 0x00, 0x00, 0x00,
    0x00, 0x00, 0x00, 0x00, 0xC7, 0xD1, 0x28, 0xD2, 0xAA, 0xFA, 0x69, 0xEA,
    0x69, 0xEA, 0x49, 0xE2, 0x28, 0xD2, 0x28, 0xDA, 0x28, 0xD2, 0x49, 0xE2,
    0x49, 0xE2, 0x49, 0xEA, 0x69, 0xF2, 0x28, 0xD2, 0x28, 0xD2, 0x49, 0xE2,
    0x00, 0x00, 0x00, 0x00, 0x00, 0x00, 0x00, 0x00, 0x00, 0x00, 0x00, 0x00,
    0x00, 0x00, 0x00, 0x00, 0x00, 0x00, 0x00, 0x00, 0x00, 0x00, 0x00, 0x00,
    0x00, 0x00, 0x00, 0x00, 0x00, 0x00, 0x00, 0x00, 0x00, 0x00, 0x00, 0x00,
    0x00, 0x00, 0x00, 0x00, 0x00, 0x00, 0x00, 0x00, 0x00, 0xF8, 0x00, 0xF8,
    0x00, 0x00, 0x28, 0xCA, 0x08, 0xD2, 0x28, 0xD2, 0x08, 0xD2, 0x28, 0xD2,
    0x28, 0xD2, 0x49, 0xE2, 0xAA, 0xFA, 0x28, 0xD2, 0x28, 0xD2, 0x08, 0xD2,
    0x28, 0xD2, 0x00, 0x00, 0x00, 0x00, 0x00, 0x00, 0x00, 0x00, 0x00, 0x00,
    0x00, 0x00, 0x00, 0x00, 0x00, 0x00, 0x00, 0x00, 0x00, 0x00, 0x00, 0x00,
    0x00, 0x00, 0x00, 0x00, 0x00, 0x00, 0x00, 0x00, 0x00, 0x00, 0x00, 0x00,
    0x00, 0x00, 0x00, 0x00, 0x00, 0x00, 0x00, 0x00, 0x00, 0x00, 0x00, 0x65,
    0xA6, 0x4E, 0xDB, 0xFF, 0xFF, 0xCA, 0x70, 0x45, 0xB7, 0x58, 0x1A, 0x00,
    0x02, 0x02, 0x00, 0x00, 0x00, 0x00, 0x00, 0x00, 0x00, 0x00, 0x00, 0x00,
    0x00, 0x00, 0x00, 0x00, 0x00, 0x00, 0x00, 0x00, 0x00, 0x00, 0x00, 0x00,
    0xFF, 0xE7, 0xBA, 0xFF, 0xFF, 0xFF, 0xFF, 0xFC, 0xFF, 0xFF, 0xFF, 0xFF,
    0xFF, 0xFF, 0x97, 0x0D, 0x00, 0x00, 0x00, 0x00, 0x00, 0x00, 0x00, 0x00,
    0x00, 0x00, 0x00, 0x00, 0x00, 0x00, 0x00, 0x00, 0x00, 0x00, 0x00, 0x00,
    0x00, 0x00, 0xFF, 0xFF, 0xFF, 0xFC, 0xFF, 0xFF, 0xFE, 0xFF, 0xFF, 0xFF,
    0xFF, 0xFF, 0xFC, 0xFF, 0xFE, 0xFF, 0xFF, 0xFF, 0xE7, 0xA0, 0x50, 0x00,
    0x00, 0x00, 0x00, 0x00, 0x00, 0x00, 0x00, 0x00, 0x00, 0x00, 0x00, 0x00,
    0x00, 0x00, 0x00, 0x00, 0x00, 0xFF, 0xFF, 0xFF, 0xFF, 0xFE, 0xFF, 0xFF,
    0xFF, 0xFF, 0xFF, 0xFF, 0xFF, 0xFF, 0xFF, 0xFF, 0xFF, 0xFF, 0xFB, 0xFF,
    0xFF, 0xFF, 0xFF, 0x4A, 0x00, 0x01, 0x00, 0x00, 0x00, 0x00, 0x00, 0x00,
    0x00, 0x00, 0x00, 0x00, 0x00, 0x00, 0x00, 0xFF, 0xFF, 0xFF, 0xFF, 0xFF,
    0xFF, 0xFF, 0xFF, 0xFF, 0xFF, 0xFF, 0xFF, 0xFF, 0xFF, 0xFF, 0xFF, 0xFF,
    0xFF, 0xFF, 0xFF, 0xFF, 0xFF, 0xFE, 0xFF, 0xC2, 0x41, 0x0C, 0x00, 0x00,
    0x00, 0x00, 0x00, 0x00, 0x00, 0x00, 0x00, 0x00, 0x00, 0x00, 0x3D, 0xF9,
    0xFD, 0xFF, 0xFF, 0xFF, 0xFF, 0xFF, 0xFF, 0xFF, 0xFF, 0xFF, 0xFF, 0xFF,
    0xFF, 0xFF, 0xFF, 0xFF, 0xFF, 0xFF, 0xFF, 0xFF, 0xFF, 0xFF, 0xFF, 0xFF,
    0xFF, 0x9A, 0x00, 0x00, 0x00, 0x00, 0x00, 0x00, 0x00, 0x00, 0x00, 0x01,
    0x0C, 0x9A, 0xFF, 0xFF, 0xFF, 0xFF, 0xFF, 0xFF, 0xFF, 0xFF, 0xFF, 0xFF,
    0xFF, 0xFF, 0xFF, 0xFF, 0xFF, 0xFF, 0xFF, 0xFF, 0xFF, 0xFF, 0xFF, 0xFF,
    0xFF, 0xFF, 0xFF, 0xFE, 0xFF, 0xFF, 0x3D, 0x00, 0x00, 0x00, 0x00, 0x00,
    0x00, 0x00, 0x00, 0x00, 0x41, 0xFF, 0xFF, 0xFF, 0xFF, 0xFF, 0xFF, 0xFF,
    0xFF, 0xFF, 0xFF, 0xFF, 0xFF, 0xFF, 0xFF, 0xFF, 0xFF, 0xFF, 0xFF, 0xFF,
    0xFF, 0xFF, 0xFF, 0xFF, 0xFF, 0xFF, 0xFF, 0xFF, 0xFF, 0xFF, 0xF9, 0xFF,
    0x00, 0x00, 0x00, 0x00, 0x00, 0x00, 0x00, 0x4A, 0xC2, 0xFF, 0xFE, 0xFF,
    0xFF, 0xFF, 0xFF, 0xFF, 0xFF, 0xFF, 0xFF, 0xFF, 0xFF, 0xFF, 0xFF, 0xFF,
    0xFF, 0xFF, 0xFF, 0xFF, 0xFF, 0xFF, 0xFF, 0xFF, 0xFF, 0xFF, 0xFF, 0xFF,
    0xFF, 0xFF, 0xFD, 0xFF, 0x00, 0x00, 0x00, 0x00, 0x00, 0x00, 0x50, 0xFF,
    0xFF, 0xFF, 0xFF, 0xFF, 0xFF, 0xFF, 0xFF, 0xFF, 0xFF, 0xFF, 0xFF, 0xFF,
    0xFF, 0xFF, 0xFF, 0xFF, 0xFF, 0xFF, 0xFF, 0xFF, 0xFF, 0xFF, 0xFF, 0xFF,
    0xFF, 0xFF, 0xFF, 0xFF, 0xFF, 0xFF, 0xFF, 0xFF, 0xFF, 0x00, 0x00, 0x00,
    0x02, 0x00, 0xA0, 0xFF, 0xFE, 0xFF, 0xFF, 0xFF, 0xFF, 0xFF, 0xFF, 0xFF,
    0xFF, 0xFF, 0xFF, 0xFF, 0xFF, 0xFF, 0xFF, 0xFF, 0xFF, 0xFF, 0xFF, 0xFF,
    0xFF, 0xFF, 0xFF, 0xFF, 0xFF, 0xFF, 0xFF, 0xFF, 0xFF, 0xFF, 0xFF, 0xFF,
    0xFF, 0xFF, 0x00, 0x00, 0x02, 0x00, 0xE7, 0xFF, 0xFF, 0xFF, 0xFF, 0xFF,
    0xFF, 0xFF, 0xFF, 0xFF, 0xFF, 0xFF, 0xFF, 0xFF, 0xFF, 0xFF, 0xFF, 0xFF,
    0xFF, 0xFF, 0xFF, 0xFF, 0xFF, 0xFF, 0xFF, 0xFF, 0xFF, 0xFF, 0xFF, 0xFF,
    0xFF, 0xFF, 0xFF, 0xFF, 0xFF, 0xFF, 0x00, 0x00, 0x00, 0x0D, 0xFF, 0xFF,
    0xFF, 0xFF, 0xFF, 0xFF, 0xFF, 0xFF, 0xFF, 0xFF, 0xFF, 0xFF, 0xFF, 0xFF,
    0xFF, 0xFF, 0xFF, 0xFF, 0xFF, 0xFF, 0xFF, 0xFF, 0xFF, 0xFF, 0xFF, 0xFF,
    0xFF, 0xFF, 0xFF, 0xFF, 0xFF, 0xFF, 0xFF, 0xFF, 0xFF, 0xFF, 0xFF, 0x00,
    0x1A, 0x97, 0xFF, 0xFB, 0xFF, 0xFF, 0xFF, 0xFF, 0xFF, 0xFF, 0xFF, 0xFF,
    0xFF, 0xFF, 0xFF, 0xFF, 0xFF, 0xFF, 0xFF, 0xFF, 0xFF, 0xFF, 0xFF, 0xFF,
    0xFF, 0xFF, 0xFF, 0xFF, 0xFF, 0xFF, 0xFF, 0xFF, 0xFF, 0xFF, 0xFF, 0xFF,
    0xFE, 0xFC, 0xE7, 0x00, 0x58, 0xFF, 0xFF, 0xFF, 0xFF, 0xFF, 0xFF, 0xFF,
    0xFF, 0xFF, 0xFF, 0xFF, 0xFF, 0xFF, 0xFF, 0xFF, 0xFF, 0xFF, 0xFF, 0xFF,
    0xFF, 0xFF, 0xFF, 0xFF, 0xFF, 0xFF, 0xFF, 0xFF, 0xFF, 0xFF, 0xFF, 0xFF,
    0xFF, 0xFF, 0xFF, 0xFF, 0xFF, 0xFF, 0xBA, 0x00, 0xB7, 0xFF, 0xFE, 0xFF,
    0xFF, 0xFF, 0xFF, 0xFF, 0xFF, 0xFF, 0xFF, 0xFF, 0xFF, 0xFF, 0xFF, 0xFF,
    0xFF, 0xFF, 0xFF, 0xFF, 0xFF, 0xFF, 0xFF, 0xFF, 0xFF, 0xFF, 0xFF, 0xFF,
    0xFF, 0xFF, 0xFF, 0xFF, 0xFF, 0xFF, 0xFF, 0xFF, 0xFF, 0xFF, 0xFF, 0x65,
    0x45, 0xFF, 0xFF, 0xFF, 0xFF, 0xFF, 0xFF, 0xFF, 0xFF, 0xFF, 0xFF, 0xFF,
    0xFF, 0xFF, 0xFF, 0xFF, 0xFF, 0xFF, 0xFF, 0xFF, 0xFF, 0xFF, 0xFF, 0xFF,
    0xFF, 0xFF, 0xFF, 0xFF, 0xFF, 0xFF, 0xFF, 0xFF, 0xFF, 0xFF, 0xFF, 0xFF,
    0xFF, 0xFE, 0xFF, 0xA6, 0x70, 0xFF, 0xFC, 0xFF, 0xFF, 0xFF, 0xFF, 0xFF,
    0xFF, 0xFF, 0xFF, 0xFF, 0xFF, 0xFF, 0xFF, 0xFF, 0xFF, 0xFF, 0xFF, 0xFF,
    0xFF, 0xFF, 0xFF, 0xFF, 0xFF, 0xFF, 0xFF, 0xFF, 0xFF, 0xFF, 0xFF, 0xFF,
    0xFF, 0xFF, 0xFF, 0xFF, 0xFF, 0xFF, 0xFF, 0x4E, 0xCA, 0xFF, 0xFF, 0xFF,
    0xFF, 0xFF, 0xFF, 0xFF, 0xFF, 0xFF, 0xFF, 0xFF, 0xFF, 0xFF, 0xFF, 0xFF,
    0xFF, 0xFF, 0xFF, 0xFF, 0xFF, 0xFF, 0xFF, 0xFF, 0xFF, 0xFF, 0xFF, 0xFF,
    0xFF, 0xFF, 0xFF, 0xFF, 0xFF, 0xFF, 0xFF, 0xFF, 0xFF, 0xFF, 0xFF, 0xDB,
    0xFF, 0xFF, 0xFF, 0xFF, 0xFF, 0xFF, 0xFF, 0xFF, 0xFF, 0xFF, 0xFF, 0xFF,
    0xFF, 0xFF, 0xFF, 0xFF, 0xFF, 0xFF, 0xFF, 0xFF, 0xFF, 0xFF, 0xFF, 0xFF,
    0xFF, 0xFF, 0xFF, 0xFF, 0xFF, 0xFF, 0xFF, 0xFF, 0xFF, 0xFF, 0xFF, 0xFF,
    0xFF, 0xFF, 0xFC, 0xFF, 0xFF, 0xFC, 0xFF, 0xFF, 0xFF, 0xFF, 0xFF, 0xFF,
    0xFF, 0xFF, 0xFF, 0xFF, 0xFF, 0xFF, 0xFF, 0xFF, 0xFF, 0xFF, 0xFF, 0xFF,
    0xFF, 0xFF, 0xFF, 0xFF, 0xFF, 0xFF, 0xFF, 0xFF, 0xFF, 0xFF, 0xFF, 0xFF,
    0xFF, 0xFF, 0xFF, 0xFF, 0xFF, 0xFF, 0xFF, 0xFF, 0xDB, 0xFF, 0xFF, 0xFF,
    0xFF, 0xFF, 0xFF, 0xFF, 0xFF, 0xFF, 0xFF, 0xFF, 0xFF, 0xFF, 0xFF, 0xFF,
    0xFF, 0xFF, 0xFF, 0xFF, 0xFF, 0xFF, 0xFF, 0xFF, 0xFF, 0xFF, 0xFF, 0xFF,
    0xFF, 0xFF, 0xFF, 0xFF, 0xFF, 0xFF, 0xFF, 0xFF, 0xFF, 0xFF, 0xFF, 0xCA,
    0x4E, 0xFF, 0xFF, 0xFF, 0xFF, 0xFF, 0xFF, 0xFF, 0xFF, 0xFF, 0xFF, 0xFF,
    0xFF, 0xFF, 0xFF, 0xFF, 0xFF, 0xFF, 0xFF, 0xFF, 0xFF, 0xFF, 0xFF, 0xFF,
    0xFF, 0xFF, 0xFF, 0xFF, 0xFF, 0xFF, 0xFF, 0xFF, 0xFF, 0xFF, 0xFF, 0xFF,
    0xFF, 0xFC, 0xFF, 0x70, 0xA6, 0xFF, 0xFE, 0xFF, 0xFF, 0xFF, 0xFF, 0xFF,
    0xFF, 0xFF, 0xFF, 0xFF, 0xFF, 0xFF, 0xFF, 0xFF, 0xFF, 0xFF, 0xFF, 0xFF,
    0xFF, 0xFF, 0xFF, 0xFF, 0xFF, 0xFF, 0xFF, 0xFF, 0xFF, 0xFF, 0xFF, 0xFF,
    0xFF, 0xFF, 0xFF, 0xFF, 0xFF, 0xFF, 0xFF, 0x45, 0x65, 0xFF, 0xFF, 0xFF,
    0xFF, 0xFF, 0xFF, 0xFF, 0xFF, 0xFF, 0xFF, 0xFF, 0xFF, 0xFF, 0xFF, 0xFF,
    0xFF, 0xFF, 0xFF, 0xFF, 0xFF, 0xFF, 0xFF, 0xFF, 0xFF, 0xFF, 0xFF, 0xFF,
    0xFF, 0xFF, 0xFF, 0xFF, 0xFF, 0xFF, 0xFF, 0xFF, 0xFF, 0xFE, 0xFF, 0xB7,
    0x00, 0xBA, 0xFF, 0xFF, 0xFF, 0xFF, 0xFF, 0xFF, 0xFF, 0xFF, 0xFF, 0xFF,
    0xFF, 0xFF, 0xFF, 0xFF, 0xFF, 0xFF, 0xFF, 0xFF, 0xFF, 0xFF, 0xFF, 0xFF,
    0xFF, 0xFF, 0xFF, 0xFF, 0xFF, 0xFF, 0xFF, 0xFF, 0xFF, 0xFF, 0xFF, 0xFF,
    0xFF, 0xFF, 0xFF, 0x58, 0x00, 0xE7, 0xFC, 0xFE, 0xFF, 0xFF, 0xFF, 0xFF,
    0xFF, 0xFF, 0xFF, 0xFF, 0xFF, 0xFF, 0xFF, 0xFF, 0xFF, 0xFF, 0xFF, 0xFF,
    0xFF, 0xFF, 0xFF, 0xFF, 0xFF, 0xFF, 0xFF, 0xFF, 0xFF, 0xFF, 0xFF, 0xFF,
    0xFF, 0xFF, 0xFF, 0xFF, 0xFB, 0xFF, 0x97, 0x1A, 0x00, 0xFF, 0xFF, 0xFF,
    0xFF, 0xFF, 0xFF, 0xFF, 0xFF, 0xFF, 0xFF, 0xFF, 0xFF, 0xFF, 0xFF, 0xFF,
    0xFF, 0xFF, 0xFF, 0xFF, 0xFF, 0xFF, 0xFF, 0xFF, 0xFF, 0xFF, 0xFF, 0xFF,
    0xFF, 0xFF, 0xFF, 0xFF, 0xFF, 0xFF, 0xFF, 0xFF, 0xFF, 0xFF, 0x0D, 0x00,
    0x00, 0x00, 0xFF, 0xFF, 0xFF, 0xFF, 0xFF, 0xFF, 0xFF, 0xFF, 0xFF, 0xFF,
    0xFF, 0xFF, 0xFF, 0xFF, 0xFF, 0xFF, 0xFF, 0xFF, 0xFF, 0xFF, 0xFF, 0xFF,
    0xFF, 0xFF, 0xFF, 0xFF, 0xFF, 0xFF, 0xFF, 0xFF, 0xFF, 0xFF, 0xFF, 0xFF,
    0xFF, 0xE7, 0x00, 0x02, 0x00, 0x00, 0xFF, 0xFF, 0xFF, 0xFF, 0xFF, 0xFF,
    0xFF, 0xFF, 0xFF, 0xFF, 0xFF, 0xFF, 0xFF, 0xFF, 0xFF, 0xFF, 0xFF, 0xFF,
    0xFF, 0xFF, 0xFF, 0xFF, 0xFF, 0xFF, 0xFF, 0xFF, 0xFF, 0xFF, 0xFF, 0xFF,
    0xFF, 0xFF, 0xFF, 0xFE, 0xFF, 0xA0, 0x00, 0x02, 0x00, 0x00, 0x00, 0xFF,
    0xFF, 0xFF, 0xFF, 0xFF, 0xFF, 0xFF, 0xFF, 0xFF, 0xFF, 0xFF, 0xFF, 0xFF,
    0xFF, 0xFF, 0xFF, 0xFF, 0xFF, 0xFF, 0xFF, 0xFF, 0xFF, 0xFF, 0xFF, 0xFF,
    0xFF, 0xFF, 0xFF, 0xFF, 0xFF, 0xFF, 0xFF, 0xFF, 0xFF, 0x50, 0x00, 0x00,
    0x00, 0x00, 0x00, 0x00, 0xFF, 0xFD, 0xFF, 0xFF, 0xFF, 0xFF, 0xFF, 0xFF,
    0xFF, 0xFF, 0xFF, 0xFF, 0xFF, 0xFF, 0xFF, 0xFF, 0xFF, 0xFF, 0xFF, 0xFF,
    0xFF, 0xFF, 0xFF, 0xFF, 0xFF, 0xFF, 0xFF, 0xFF, 0xFF, 0xFE, 0xFF, 0xC2,
    0x4A, 0x00, 0x00, 0x00, 0x00, 0x00, 0x00, 0x00, 0xFF, 0xF9, 0xFF, 0xFF,
    0xFF, 0xFF, 0xFF, 0xFF, 0xFF, 0xFF, 0xFF, 0xFF, 0xFF, 0xFF, 0xFF, 0xFF,
    0xFF, 0xFF, 0xFF, 0xFF, 0xFF, 0xFF, 0xFF, 0xFF, 0xFF, 0xFF, 0xFF, 0xFF,
    0xFF, 0xFF, 0xFF, 0x41, 0x00, 0x00, 0x00, 0x00, 0x00, 0x00, 0x00, 0x00,
    0x00, 0x3D, 0xFF, 0xFF, 0xFE, 0xFF, 0xFF, 0xFF, 0xFF, 0xFF, 0xFF, 0xFF,
    0xFF, 0xFF, 0xFF, 0xFF, 0xFF, 0xFF, 0xFF, 0xFF, 0xFF, 0xFF, 0xFF, 0xFF,
    0xFF, 0xFF, 0xFF, 0xFF, 0xFF, 0xFF, 0x9A, 0x0C, 0x01, 0x00, 0x00, 0x00,
    0x00, 0x00, 0x00, 0x00, 0x00, 0x00, 0x9A, 0xFF, 0xFF, 0xFF, 0xFF, 0xFF,
    0xFF, 0xFF, 0xFF, 0xFF, 0xFF, 0xFF, 0xFF, 0xFF, 0xFF, 0xFF, 0xFF, 0xFF,
    0xFF, 0xFF, 0xFF, 0xFF, 0xFF, 0xFF, 0xFF, 0xFD, 0xF9, 0x3D, 0x00, 0x00,
    0x00, 0x00, 0x00, 0x00, 0x00, 0x00, 0x00, 0x00, 0x00, 0x00, 0x0C, 0x41,
    0xC2, 0xFF, 0xFE, 0xFF, 0xFF, 0xFF, 0xFF, 0xFF, 0xFF, 0xFF, 0xFF, 0xFF,
    0xFF, 0xFF, 0xFF, 0xFF, 0xFF, 0xFF, 0xFF, 0xFF, 0xFF, 0xFF, 0xFF, 0xFF,
    0xFF, 0x00, 0x00, 0x00, 0x00, 0x00, 0x00, 0x00, 0x00, 0x00, 0x00, 0x00,
    0x00, 0x00, 0x01, 0x00, 0x4A, 0xFF, 0xFF, 0xFF, 0xFF, 0xFB, 0xFF, 0xFF,
    0xFF, 0xFF, 0xFF, 0xFF, 0xFF, 0xFF, 0xFF, 0xFF, 0xFF, 0xFF, 0xFE, 0xFF,
    0xFF, 0xFF, 0xFF, 0x00, 0x00, 0x00, 0x00, 0x00, 0x00, 0x00, 0x00, 0x00,
    0x00, 0x00, 0x00, 0x00, 0x00, 0x00, 0x00, 0x00, 0x00, 0x50, 0xA0, 0xE7,
    0xFF, 0xFF, 0xFF, 0xFE, 0xFF, 0xFC, 0xFF, 0xFF, 0xFF, 0xFF, 0xFF, 0xFE,
    0xFF, 0xFF, 0xFC, 0xFF, 0xFF, 0xFF, 0x00, 0x00, 0x00, 0x00, 0x00, 0x00,
    0x00, 0x00, 0x00, 0x00, 0x00, 0x00, 0x00, 0x00, 0x00, 0x00, 0x00, 0x00,
    0x00, 0x00, 0x00, 0x00, 0x0D, 0x97, 0xFF, 0xFF, 0xFF, 0xFF, 0xFF, 0xFF,
    0xFC, 0xFF, 0xFF, 0xFF, 0xFF, 0xBA, 0xE7, 0xFF, 0x00, 0x00, 0x00, 0x00,
    0x00, 0x00, 0x00, 0x00, 0x00, 0x00, 0x00, 0x00, 0x00, 0x00, 0x00, 0x00,
    0x00, 0x00, 0x00, 0x00, 0x00, 0x00, 0x02, 0x02, 0x00, 0x1A, 0x58, 0xB7,
    0x45, 0x70, 0xCA, 0xFF, 0xFF, 0xDB, 0x4E, 0xA6, 0x65, 0x00, 0x00, 0x00,
    0x00, 0x00, 0x00, 0x00, 0x00, 0x00, 0x00, 0x00, 0x00, 0x00, 0x00, 0x00,
  },
  { /* frame 11 */
    0x00, 0x00, 0x00, 0x00, 0x00, 0x00, 0x00, 0x00, 0x00, 0x00, 0x00, 0x00,
    0x00, 0x00, 0x00, 0x00, 0x00, 0x00, 0x00, 0x00, 0x00, 0x00, 0x00, 0x00,
    0x00, 0x00, 0x00, 0x00, 0x00, 0x00, 0x00, 0x00, 0x28, 0xD2, 0x28, 0xDA,
    0x28, 0xD2, 0x28, 0xD2, 0x28, 0xD2, 0x49, 0xE2, 0x08, 0xD2, 0x28, 0xD2,
    0x28, 0xD2, 0x28, 0xD2, 0x00, 0x00, 0x00, 0x00, 0x00, 0x00, 0x00, 0x00,
    0x00, 0xF8, 0x00, 0x00, 0x00, 0x00, 0x00, 0x00, 0x00, 0x00, 0x00, 0x00,
    0x00, 0x00, 0x00, 0x00, 0x00, 0x00, 0x00, 0x00, 0x00, 0x00, 0x00, 0x00,
    0x00, 0x00, 0x00, 0x00, 0x00, 0x00, 0x00, 0x00, 0x00, 0x00, 0x00, 0x00,
    0x00, 0x00, 0x00, 0x00, 0x00, 0x00, 0x00, 0x00, 0x28, 0xD2, 0x28, 0xD2,
    0x28, 0xD2, 0x28, 0xD2, 0x28, 0xD2, 0x28, 0xD2, 0x28, 0xD2, 0x49, 0xEA,
    0x49, 0xDA, 0x28, 0xD2, 0x69, 0xEA, 0x69, 0xF2, 0x49, 0xE2, 0x8A, 0xFA,
    0x28, 0xD2, 0x28, 0xD2, 0x00, 0x00, 0x28, 0xD2, 0x00, 0x00, 0x86, 0xC9,
    0x00, 0x00, 0x00, 0x00, 0x00, 0x00, 0x00, 0x00, 0x00, 0x00, 0x00, 0x00,
    0x00, 0x00, 0x00, 0x00, 0x00, 0x00, 0x00, 0x00, 0x00, 0x00, 0x00, 0x00,
    0x00, 0x00, 0x00, 0x00, 0x00, 0x00, 0x00, 0x00, 0x00, 0x00, 0x00, 0x00,
    0x28, 0xD2, 0x28, 0xD2, 0x28, 0xDA, 0x28, 0xD2, 0x28, 0xD2, 0x28, 0xD2,
    0x28, 0xD2, 0x28, 0xD2, 0x28, 0xD2, 0x28, 0xD2, 0x28, 0xD2, 0x28, 0xD2,
    0x28, 0xD2, 0x28, 0xD2, 0x28, 0xD2, 0x28, 0xD2, 0x69, 0xEA, 0x28, 0xD2,
    0x28, 0xD2, 0x28, 0xD2, 0x28, 0xD2, 0x00, 0x00, 0x00, 0x00, 0x00, 0x00,
    0x00, 0x00, 0x00, 0x00, 0x00, 0x00, 0x00, 0x00, 0x00, 0x00, 0x00, 0x00,
    0x00, 0x00, 0x00, 0x00, 0x00, 0x00, 0x00, 0x00, 0x00, 0x00, 0x00, 0x00,
    0x00, 0x00, 0x00, 0x00, 0x28, 0xD2, 0x28, 0xD2, 0x49, 0xEA, 0x49, 0xE2,
    0x28, 0xD2, 0x28, 0xD2, 0x28, 0xD2, 0x28, 0xD2, 0x28, 0xD2, 0x28, 0xD2,
    0x28, 0xD2, 0x28, 0xD2, 0x28, 0xD2, 0x28, 0xD2, 0x28, 0xD2, 0x28, 0xD2,
    0x28, 0xD2, 0x28, 0xD2, 0x28, 0xD2, 0x28, 0xD2, 0x28, 0xDA, 0x28, 0xD2,
    0xAA, 0xFA, 0x00, 0xF8, 0x00, 0x00, 0x00, 0x00, 0x00, 0x00, 0x00, 0x00,
    0x00, 0x00, 0x00, 0x00, 0x00, 0x00, 0x00, 0x00, 0x00, 0x00, 0x00, 0x00,
    0x00, 0x00, 0x00, 0x00, 0xE7, 0xB9, 0x00, 0x00, 0xC7, 0xE1, 0x08, 0xD2,
    0x28, 0xD2, 0x49, 0xE2, 0x28, 0xD2, 0x28, 0xD2, 0x28, 0xD2, 0x28, 0xD2,
    0x28, 0xD2, 0x28, 0xD2, 0x28, 0xD2, 0x28, 0xD2, 0x28, 0xD2, 0x28, 0xD2,
    0x28, 0xD2, 0x28, 0xD2, 0x28, 0xD2, 0x28, 0xD2, 0x28, 0xD2, 0x28, 0xD2,
    0x28, 0xD2, 0x28, 0xD2, 0x28, 0xD2, 0x28, 0xD2, 0x69, 0xEA, 0x28, 0xD2,
    0x28, 0xDA, 0x00, 0x00, 0x00, 0x00, 0xE7, 0xB9, 0x00, 0x00, 0x00, 0x00,
    0x00, 0x00, 0x00, 0x00, 0x00, 0x00, 0x00, 0x00, 0x00, 0x00, 0x00, 0x00,
    0x00, 0x00, 0xA6, 0xC9, 0x69, 0xF2, 0x69, 0xF2, 0x69, 0xEA, 0x28, 0xD2,
    0x28, 0xD2, 0x28, 0xD2, 0x28, 0xD2, 0x28, 0xD2, 0x28, 0xD2, 0x28, 0xD2,
    0x28, 0xD2, 0x28, 0xD2, 0x28, 0xDA, 0x28, 0xDA, 0x28, 0xD2, 0x28, 0xD2,
    0x28, 0xD2, 0x28, 0xD2, 0x28, 0xD2, 0x28, 0xD2, 0x28, 0xD2, 0x28, 0xD2,
    0x28, 0xD2, 0x28, 0xD2, 0x28, 0xD2, 0x69, 0xEA, 0x28, 0xDA, 0x28, 0xD2,
    0xA6, 0xC9, 0x00, 0x00, 0x00, 0x00, 0x00, 0x00, 0x00, 0x00, 0x00, 0x00,
    0x00, 0x00, 0x00, 0x00, 0x00, 0x00, 0x00, 0x00, 0x00, 0x00, 0x28, 0xD2,
    0x28, 0xD2, 0x28, 0xD2, 0x28, 0xD2, 0x28, 0xD2, 0x28, 0xD2, 0x28, 0xD2,
    0x28, 0xD2, 0x28, 0xD2, 0x28, 0xD2, 0x28, 0xD2, 0x28, 0xD2, 0x49, 0xE2,
    0x08, 0xC2, 0xE7, 0xB9, 0x89, 0xFA, 0x49, 0xEA, 0x08, 0xCA, 0x49, 0xEA,
    0x08, 0xD2, 0x28, 0xD2, 0x28, 0xD2, 0x28, 0xD2, 0x28, 0xD2, 0x28, 0xD2,
    0x28, 0xD2, 0x28, 0xD2, 0x28, 0xD2, 0x28, 0xD2, 0x69, 0xF2, 0xC7, 0xE1,
    0x00, 0x00, 0x00, 0x00, 0x00, 0x00, 0x00, 0x00, 0x00, 0x00, 0x00, 0x00,
    0x00, 0x00, 0x00, 0x00, 0x28, 0xDA, 0x28, 0xDA, 0x28, 0xD2, 0x28, 0xD2,
    0x28, 0xD2, 0x28, 0xD2, 0x28, 0xD2, 0x28, 0xD2, 0x28, 0xD2, 0x49, 0xE2,
    0x28, 0xD2, 0x28, 0xDA, 0x28, 0xDA, 0xC7, 0xA1, 0x21, 0x00, 0xA3, 0x18,
    0x65, 0x71, 0xC3, 0x30, 0xA3, 0x20, 0xC7, 0xA9, 0x69, 0xFA, 0x49, 0xEA,
    0x28, 0xDA, 0x28, 0xD2, 0x28, 0xD2, 0x28, 0xD2, 0x28, 0xD2, 0x28, 0xD2,
    0x28, 0xD2, 0x28, 0xD2, 0x69, 0xF2, 0x08, 0xD2, 0x00, 0x00, 0x00, 0x00,
    0x00, 0x00, 0x00, 0x00, 0x00, 0x00, 0x86, 0xC9, 0x00, 0x00, 0x00, 0xF8,
    0x28, 0xD2, 0x69, 0xEA, 0x28, 0xD2, 0x28, 0xD2, 0x28, 0xD2, 0x28, 0xD2,
    0x28, 0xD2, 0x28, 0xDA, 0x49, 0xF2, 0x08, 0xCA, 0xA3, 0x18, 0x49, 0xEA,
    0x28, 0xD2, 0x08, 0xCA, 0x82, 0x08, 0x82, 0x10, 0x62, 0x00, 0x82, 0x08,
    0x82, 0x10, 0x41, 0x00, 0x24, 0x51, 0xA3, 0x18, 0xA6, 0x91, 0x08, 0xCA,
    0x28, 0xDA, 0x28, 0xD2, 0x28, 0xD2, 0x28, 0xD2, 0x28, 0xD2, 0x28, 0xD2,
    0x69, 0xEA, 0x28, 0xD2, 0x28, 0xD2, 0x00, 0x00, 0x00, 0x00, 0x00, 0x00,
    0x00, 0xF8, 0x00, 0x00, 0x28, 0xD2, 0xAA, 0xFA, 0x69, 0xEA, 0x28, 0xD2,
    0x28, 0xD2, 0x28, 0xD2, 0x28, 0xD2, 0x28, 0xD2, 0x28, 0xD2, 0xE7, 0xB1,
    0x86, 0x81, 0x24, 0x51, 0x62, 0x00, 0xE7, 0xB9, 0x28, 0xDA, 0x49, 0xEA,
    0xE4, 0x38, 0x82, 0x00, 0x82, 0x10, 0x82, 0x10, 0x82, 0x10, 0xA2, 0x10,
    0x62, 0x00, 0x62, 0x00, 0x42, 0x00, 0x04, 0x51, 0x69, 0xFA, 0x28, 0xD2,
    0x28, 0xD2, 0x28, 0xD2, 0x28, 0xD2, 0x28, 0xD2, 0x28, 0xD2, 0x49, 0xE2,
    0x28, 0xD2, 0x00, 0x00, 0x00, 0x00, 0x00, 0x00, 0x00, 0x00, 0x28, 0xD2,
    0x28, 0xD2, 0x28, 0xD2, 0x28, 0xD2, 0x28, 0xD2, 0x28, 0xD2, 0x28, 0xD2,
    0x28, 0xD2, 0x28, 0xD2, 0x69, 0xFA, 0xC3, 0x28, 0x41, 0x00, 0x62, 0x00,
    0x42, 0x00, 0x86, 0x89, 0x69, 0xFA, 0xAA, 0xFA, 0x65, 0x71, 0x62, 0x00,
    0x82, 0x10, 0x82, 0x10, 0x82, 0x10, 0x82, 0x10, 0x82, 0x10, 0x82, 0x10,
    0x82, 0x08, 0x45, 0x69, 0x28, 0xE2, 0x28, 0xD2, 0x28, 0xD2, 0x28, 0xD2,
    0x28, 0xD2, 0x28, 0xD2, 0x28, 0xD2, 0x28, 0xD2, 0x49, 0xEA, 0x28, 0xD2,
    0x00, 0x00, 0x00, 0x00, 0x00, 0x00, 0x00, 0x00, 0x28, 0xD2, 0x28, 0xDA,
    0x28, 0xD2, 0x28, 0xD2, 0x28, 0xD2, 0x28, 0xD2, 0x28, 0xDA, 0x8A, 0xFA,
    0x86, 0x91, 0x41, 0x00, 0x82, 0x10, 0x82, 0x10, 0x62, 0x00, 0x04, 0x49,
    0xA6, 0x99, 0x25, 0x59, 0xA3, 0x18, 0x82, 0x10, 0x82, 0x10, 0x82, 0x10,
    0x82, 0x10, 0x82, 0x10, 0x82, 0x08, 0x42, 0x00, 0x82, 0x00, 0x49, 0xE2,
    0x49, 0xEA, 0x69, 0xF2, 0x28, 0xD2, 0x28, 0xD2, 0x28, 0xD2, 0x28, 0xD2,
    0x28, 0xD2, 0x28, 0xD2, 0x49, 0xE2, 0x28, 0xD2, 0x00, 0x00, 0x00, 0x00,
    0x00, 0x00, 0x28, 0xD2, 0x28, 0xD2, 0x28, 0xD2, 0x28, 0xD2, 0x28, 0xD2,
    0x28, 0xD2, 0x28, 0xD2, 0x08, 0xCA, 0x25, 0x59, 0xC3, 0x28, 0x82, 0x10,
    0x82, 0x10, 0x82, 0x10, 0x82, 0x10, 0x82, 0x08, 0x41, 0x00, 0x62, 0x00,
    0x82, 0x08, 0x82, 0x10, 0x82, 0x10, 0x82, 0x10, 0x82, 0x10, 0x82, 0x10,
    0x82, 0x00, 0x65, 0x71, 0x28, 0xD2, 0x49, 0xEA, 0xA7, 0xA1, 0xC3, 0x20,
    0x86, 0x81, 0x69, 0xF2, 0x28, 0xD2, 0x28, 0xD2, 0x28, 0xD2, 0x28, 0xD2,
    0x28, 0xD2, 0x28, 0xDA, 0x28, 0xD2, 0x00, 0x00, 0x00, 0x00, 0x28, 0xD2,
    0x69, 0xEA, 0x28, 0xD2, 0x28, 0xD2, 0x28, 0xD2, 0x28, 0xD2, 0x28, 0xDA,
    0xA6, 0x91, 0x42, 0x00, 0x82, 0x08, 0x82, 0x10, 0x82, 0x10, 0x82, 0x10,
    0x82, 0x10, 0x82, 0x10, 0x82, 0x10, 0x82, 0x10, 0x82, 0x10, 0x82, 0x10,
    0x82, 0x10, 0x82, 0x10, 0x82, 0x10, 0x82, 0x10, 0x42, 0x00, 0x65, 0x71,
    0x69, 0xFA, 0x08, 0xC2, 0x04, 0x49, 0x21, 0x00, 0x24, 0x51, 0x08, 0xD2,
    0x48, 0xE2, 0x28, 0xD2, 0x28, 0xD2, 0x28, 0xD2, 0x28, 0xD2, 0x28, 0xD2,
    0x28, 0xD2, 0x00, 0x00, 0x28, 0xD2, 0x8A, 0xFA, 0x28, 0xD2, 0x28, 0xD2,
    0x28, 0xD2, 0x28, 0xD2, 0x28, 0xD2, 0x49, 0xEA, 0xA3, 0x10, 0x62, 0x00,
    0x82, 0x10, 0x82, 0x10, 0x82, 0x10, 0x82, 0x10, 0x82, 0x10, 0x82, 0x10,
    0x82, 0x10, 0x82, 0x10, 0x82, 0x10, 0x82, 0x10, 0x82, 0x08, 0x82, 0x10,
    0x82, 0x10, 0x82, 0x10, 0x82, 0x00, 0x04, 0x49, 0x28, 0xDA, 0x41, 0x00,
    0x62, 0x00, 0x82, 0x10, 0x82, 0x10, 0x62, 0x00, 0x28, 0xD2, 0x28, 0xD2,
    0x28, 0xD2, 0x28, 0xD2, 0x28, 0xD2, 0x28, 0xD2, 0x28, 0xD2, 0x00, 0x00,
    0x28, 0xD2, 0x49, 0xE2, 0x28, 0xD2, 0x28, 0xD2, 0x28, 0xD2, 0x28, 0xD2,
    0x28, 0xD2, 0x69, 0xF2, 0x66, 0x81, 0xA3, 0x20, 0x21, 0x00, 0x82, 0x08,
    0x82, 0x08, 0x82, 0x10, 0x82, 0x10, 0x82, 0x10, 0x82, 0x10, 0x62, 0x08,
    0x62, 0x08, 0x82, 0x10, 0xC3, 0x10, 0x62, 0x08, 0x82, 0x10, 0x82, 0x10,
    0x82, 0x10, 0x82, 0x08, 0xC3, 0x30, 0x82, 0x08, 0x82, 0x10, 0x82, 0x10,
    0x82, 0x10, 0x62, 0x00, 0xA7, 0xA1, 0x48, 0xE2, 0x28, 0xD2, 0x28, 0xD2,
    0x28, 0xD2, 0x28, 0xD2, 0x28, 0xD2, 0x00, 0x00, 0x28, 0xD2, 0x69, 0xF2,
    0x28, 0xD2, 0x28, 0xD2, 0x28, 0xD2, 0x28, 0xD2, 0x28, 0xD2, 0x28, 0xD2,
    0x49, 0xEA, 0x08, 0xCA, 0x86, 0x89, 0xA7, 0xA1, 0x62, 0x00, 0x82, 0x10,
    0x82, 0x10, 0x82, 0x10, 0x82, 0x10, 0xE4, 0x18, 0x25, 0x21, 0x66, 0x29,
    0x87, 0x29, 0x25, 0x21, 0x82, 0x10, 0x82, 0x10, 0x82, 0x10, 0x82, 0x10,
    0x82, 0x08, 0x82, 0x10, 0x82, 0x10, 0x82, 0x10, 0x82, 0x10, 0x62, 0x00,
    0x45, 0x69, 0x49, 0xF2, 0x28, 0xD2, 0x28, 0xD2, 0x28, 0xD2, 0x28, 0xD2,
    0x28, 0xD2, 0x28, 0xD2, 0x08, 0xD2, 0x69, 0xEA, 0x28, 0xD2, 0x28, 0xD2,
    0x28, 0xD2, 0x28, 0xD2, 0x28, 0xDA, 0x49, 0xEA, 0xE8, 0xC1, 0x49, 0xE2,
    0x89, 0xFA, 0x49, 0xE2, 0xC3, 0x20, 0x82, 0x08, 0x82, 0x10, 0x82, 0x10,
    0x82, 0x10, 0x66, 0x29, 0x66, 0x29, 0x66, 0x29, 0x66, 0x29, 0x86, 0x29,
    0x66, 0x29, 0xE4, 0x18, 0x62, 0x08, 0x82, 0x10, 0x82, 0x10, 0x82, 0x10,
    0x82, 0x10, 0x82, 0x10, 0x82, 0x10, 0x82, 0x00, 0xE4, 0x38, 0x49, 0xEA,
    0x28, 0xD2, 0x28, 0xD2, 0x28, 0xD2, 0x28, 0xD2, 0x28, 0xD2, 0x28, 0xDA,
    0x49, 0xE2, 0x28, 0xD2, 0x28, 0xD2, 0x28, 0xD2, 0x28, 0xD2, 0x28, 0xD2,
    0x48, 0xE2, 0x04, 0x51, 0x21, 0x00, 0x45, 0x69, 0x04, 0x51, 0x08, 0xCA,
    0x25, 0x59, 0x82, 0x00, 0x82, 0x10, 0x62, 0x08, 0x25, 0x21, 0x86, 0x29,
    0x66, 0x29, 0x66, 0x29, 0x66, 0x29, 0x66, 0x29, 0x66, 0x29, 0x25, 0x21,
    0x62, 0x08, 0x82, 0x10, 0x82, 0x10, 0x82, 0x10, 0x82, 0x10, 0x82, 0x10,
    0x82, 0x10, 0x82, 0x10, 0x62, 0x00, 0x08, 0xC2, 0x28, 0xDA, 0x28, 0xD2,
    0x28, 0xD2, 0x28, 0xD2, 0x28, 0xD2, 0x28, 0xD2, 0x28, 0xD2, 0x49, 0xDA,
    0x28, 0xD2, 0x28, 0xD2, 0x28, 0xD2, 0x28, 0xD2, 0x8A, 0xFA, 0x45, 0x71,
    0x62, 0x00, 0x62, 0x00, 0x41, 0x00, 0xA3, 0x20, 0x82, 0x00, 0xA3, 0x10,
    0x82, 0x08, 0xC3, 0x10, 0x87, 0x29, 0x66, 0x29, 0x66, 0x29, 0x66, 0x29,
    0x66, 0x29, 0x66, 0x29, 0x66, 0x29, 0x66, 0x29, 0x82, 0x10, 0x82, 0x10,
    0x82, 0x10, 0x82, 0x10, 0x82, 0x08, 0x82, 0x10, 0x82, 0x10, 0x82, 0x10,
    0xA3, 0x18, 0xE7, 0xB9, 0x28, 0xDA, 0x28, 0xD2, 0x28, 0xD2, 0x28, 0xD2,
    0x49, 0xEA, 0x28, 0xD2, 0x28, 0xD2, 0x49, 0xEA, 0x28, 0xD2, 0x28, 0xD2,
    0x28, 0xD2, 0x28, 0xDA, 0xE7, 0xB9, 0xA3, 0x18, 0x82, 0x10, 0x82, 0x10,
    0x82, 0x10, 0x82, 0x08, 0x82, 0x10, 0x82, 0x10, 0x82, 0x10, 0x82, 0x10,
    0x66, 0x29, 0x66, 0x29, 0x66, 0x29, 0x66, 0x29, 0x66, 0x29, 0x66, 0x29,
    0x66, 0x29, 0x87, 0x29, 0xC3, 0x10, 0x82, 0x08, 0xA3, 0x10, 0x82, 0x00,
    0xA3, 0x20, 0x41, 0x00, 0x62, 0x00, 0x62, 0x00, 0x45, 0x71, 0x8A, 0xFA,
    0x28, 0xD2, 0x28, 0xD2, 0x28, 0xD2, 0x28, 0xD2, 0x49, 0xDA, 0x28, 0xD2,
    0x28, 0xD2, 0x28, 0xD2, 0x28, 0xD2, 0x28, 0xD2, 0x28, 0xD2, 0x28, 0xDA,
    0x08, 0xC2, 0x62, 0x00, 0x82, 0x10, 0x82, 0x10, 0x82, 0x10, 0x82, 0x10,
    0x82, 0x10, 0x82, 0x10, 0x82, 0x10, 0x62, 0x08, 0x25, 0x21, 0x66, 0x29,
    0x66, 0x29, 0x66, 0x29, 0x66, 0x29, 0x66, 0x29, 0x86, 0x29, 0x25, 0x21,
    0x62, 0x08, 0x82, 0x10, 0x82, 0x00, 0x25, 0x59, 0x08, 0xCA, 0x04, 0x51,
    0x45, 0x69, 0x21, 0x00, 0x04, 0x51, 0x48, 0xE2, 0x28, 0xD2, 0x28, 0xD2,
    0x28, 0xD2, 0x28, 0xD2, 0x28, 0xD2, 0x49, 0xE2, 0x28, 0xDA, 0x28, 0xD2,
    0x28, 0xD2, 0x28, 0xD2, 0x28, 0xD2, 0x28, 0xD2, 0x49, 0xEA, 0xE4, 0x38,
    0x82, 0x00, 0x82, 0x10, 0x82, 0x10, 0x82, 0x10, 0x82, 0x10, 0x82, 0x10,
    0x82, 0x10, 0x62, 0x08, 0xE4, 0x18, 0x66, 0x29, 0x86, 0x29, 0x66, 0x29,
    0x66, 0x29, 0x66, 0x29, 0x66, 0x29, 0x82, 0x10, 0x82, 0x10, 0x82, 0x10,
    0x82, 0x08, 0xC3, 0x20, 0x49, 0xE2, 0x89, 0xFA, 0x49, 0xE2, 0xE8, 0xC1,
    0x49, 0xEA, 0x28, 0xDA, 0x28, 0xD2, 0x28, 0xD2, 0x28, 0xD2, 0x28, 0xD2,
    0x69, 0xEA, 0x08, 0xD2, 0x28, 0xD2, 0x28, 0xD2, 0x28, 0xD2, 0x28, 0xD2,
    0x28, 0xD2, 0x28, 0xD2, 0x49, 0xF2, 0x45, 0x69, 0x62, 0x00, 0x82, 0x10,
    0x82, 0x10, 0x82, 0x10, 0x82, 0x10, 0x82, 0x08, 0x82, 0x10, 0x82, 0x10,
    0x82, 0x10, 0x82, 0x10, 0x25, 0x21, 0x87, 0x29, 0x66, 0x29, 0x25, 0x21,
    0xE4, 0x18, 0x82, 0x10, 0x82, 0x10, 0x82, 0x10, 0x82, 0x10, 0x62, 0x00,
    0xA7, 0xA1, 0x86, 0x89, 0x08, 0xCA, 0x49, 0xEA, 0x28, 0xD2, 0x28, 0xD2,
    0x28, 0xD2, 0x28, 0xD2, 0x28, 0xD2, 0x28, 0xD2, 0x69, 0xF2, 0x28, 0xD2,
    0x00, 0x00, 0x28, 0xD2, 0x28, 0xD2, 0x28, 0xD2, 0x28, 0xD2, 0x28, 0xD2,
    0x48, 0xE2, 0xA7, 0xA1, 0x62, 0x00, 0x82, 0x10, 0x82, 0x10, 0x82, 0x10,
    0x82, 0x08, 0xC3, 0x30, 0x82, 0x08, 0x82, 0x10, 0x82, 0x10, 0x82, 0x10,
    0x62, 0x08, 0xC3, 0x10, 0x82, 0x10, 0x62, 0x08, 0x62, 0x08, 0x82, 0x10,
    0x82, 0x10, 0x82, 0x10, 0x82, 0x10, 0x82, 0x08, 0x82, 0x08, 0x21, 0x00,
    0xA3, 0x20, 0x66, 0x81, 0x69, 0xF2, 0x28, 0xD2, 0x28, 0xD2, 0x28, 0xD2,
    0x28, 0xD2, 0x28, 0xD2, 0x49, 0xE2, 0x28, 0xD2, 0x00, 0x00, 0x28, 0xD2,
    0x28, 0xD2, 0x28, 0xD2, 0x28, 0xD2, 0x28, 0xD2, 0x28, 0xD2, 0x28, 0xD2,
    0x62, 0x00, 0x82, 0x10, 0x82, 0x10, 0x62, 0x00, 0x41, 0x00, 0x28, 0xDA,
    0x04, 0x49, 0x82, 0x00, 0x82, 0x10, 0x82, 0x10, 0x82, 0x10, 0x82, 0x08,
    0x82, 0x10, 0x82, 0x10, 0x82, 0x10, 0x82, 0x10, 0x82, 0x10, 0x82, 0x10,
    0x82, 0x10, 0x82, 0x10, 0x82, 0x10, 0x82, 0x10, 0x62, 0x00, 0xA3, 0x10,
    0x49, 0xEA, 0x28, 0xD2, 0x28, 0xD2, 0x28, 0xD2, 0x28, 0xD2, 0x28, 0xD2,
    0x8A, 0xFA, 0x28, 0xD2, 0x00, 0x00, 0x28, 0xD2, 0x28, 0xD2, 0x28, 0xD2,
    0x28, 0xD2, 0x28, 0xD2, 0x28, 0xD2, 0x48, 0xE2, 0x08, 0xD2, 0x24, 0x51,
    0x21, 0x00, 0x04, 0x49, 0x08, 0xC2, 0x69, 0xFA, 0x65, 0x71, 0x42, 0x00,
    0x82, 0x10, 0x82, 0x10, 0x82, 0x10, 0x82, 0x10, 0x82, 0x10, 0x82, 0x08,
    0x62, 0x00, 0x82, 0x10, 0x82, 0x10, 0x82, 0x10, 0x82, 0x10, 0x82, 0x10,
    0x82, 0x10, 0x82, 0x08, 0x42, 0x00, 0xA6, 0x91, 0x28, 0xDA, 0x28, 0xD2,
    0x28, 0xD2, 0x28, 0xD2, 0x28, 0xD2, 0x69, 0xEA, 0x28, 0xD2, 0x00, 0x00,
    0x00, 0x00, 0x28, 0xD2, 0x28, 0xDA, 0x28, 0xD2, 0x28, 0xD2, 0x28, 0xD2,
    0x28, 0xD2, 0x28, 0xD2, 0x69, 0xF2, 0x86, 0x81, 0xC3, 0x20, 0xA7, 0xA1,
    0x49, 0xEA, 0x28, 0xD2, 0x65, 0x71, 0x82, 0x00, 0x82, 0x10, 0x82, 0x10,
    0x82, 0x10, 0x82, 0x08, 0x62, 0x00, 0xC3, 0x28, 0x25, 0x61, 0xA3, 0x18,
    0x82, 0x08, 0x82, 0x10, 0x82, 0x10, 0x82, 0x10, 0x82, 0x10, 0xC3, 0x28,
    0x25, 0x59, 0x08, 0xCA, 0x28, 0xD2, 0x28, 0xD2, 0x28, 0xD2, 0x28, 0xD2,
    0x28, 0xD2, 0x28, 0xD2, 0x28, 0xD2, 0x00, 0x00, 0x00, 0x00, 0x00, 0x00,
    0x28, 0xD2, 0x49, 0xE2, 0x28, 0xD2, 0x28, 0xD2, 0x28, 0xD2, 0x28, 0xD2,
    0x28, 0xD2, 0x28, 0xD2, 0x69, 0xF2, 0x49, 0xEA, 0x49, 0xE2, 0x82, 0x00,
    0x42, 0x00, 0x82, 0x08, 0x82, 0x10, 0x82, 0x10, 0x82, 0x10, 0x62, 0x00,
    0x86, 0x91, 0x49, 0xEA, 0xAA, 0xFA, 0x24, 0x51, 0x62, 0x00, 0x82, 0x10,
    0x82, 0x10, 0x82, 0x10, 0x41, 0x00, 0x86, 0x91, 0x8A, 0xFA, 0x28, 0xDA,
    0x28, 0xD2, 0x28, 0xD2, 0x28, 0xD2, 0x28, 0xD2, 0x28, 0xDA, 0x28, 0xD2,
    0x00, 0x00, 0x00, 0x00, 0x00, 0x00, 0x00, 0x00, 0x28, 0xD2, 0x49, 0xEA,
    0x28, 0xD2, 0x28, 0xD2, 0x28, 0xD2, 0x28, 0xD2, 0x28, 0xD2, 0x28, 0xD2,
    0x28, 0xD2, 0x28, 0xE2, 0x45, 0x69, 0x82, 0x08, 0x82, 0x10, 0x82, 0x10,
    0x82, 0x10, 0x82, 0x10, 0x82, 0x10, 0x41, 0x00, 0x65, 0x79, 0x49, 0xEA,
    0x49, 0xEA, 0x66, 0x81, 0x42, 0x00, 0x82, 0x10, 0x62, 0x00, 0x41, 0x00,
    0xC3, 0x28, 0x69, 0xFA, 0x28, 0xD2, 0x28, 0xD2, 0x28, 0xD2, 0x28, 0xD2,
    0x28, 0xD2, 0x28, 0xD2, 0x28, 0xD2, 0x28, 0xD2, 0x28, 0xD2, 0x00, 0x00,
    0x00, 0x00, 0x00, 0x00, 0x00, 0x00, 0x28, 0xD2, 0x49, 0xE2, 0x28, 0xD2,
    0x28, 0xD2, 0x28, 0xD2, 0x28, 0xD2, 0x28, 0xD2, 0x28, 0xD2, 0x69, 0xFA,
    0x04, 0x51, 0x42, 0x00, 0x62, 0x00, 0x62, 0x00, 0xA2, 0x10, 0x82, 0x10,
    0x82, 0x10, 0x62, 0x00, 0x04, 0x41, 0x49, 0xF2, 0x28, 0xDA, 0xE7, 0xB1,
    0x62, 0x00, 0x82, 0x10, 0x24, 0x51, 0x86, 0x81, 0xE7, 0xB1, 0x28, 0xD2,
    0x28, 0xD2, 0x28, 0xD2, 0x28, 0xD2, 0x28, 0xD2, 0x28, 0xD2, 0x69, 0xEA,
    0xAA, 0xFA, 0x28, 0xD2, 0x00, 0x00, 0x00, 0xF8, 0x00, 0x00, 0x00, 0x00,
    0x00, 0x00, 0x28, 0xD2, 0x28, 0xD2, 0x69, 0xEA, 0x28, 0xD2, 0x28, 0xD2,
    0x28, 0xD2, 0x28, 0xD2, 0x28, 0xD2, 0x28, 0xDA, 0x08, 0xCA, 0xA6, 0x91,
    0xA3, 0x18, 0x24, 0x51, 0x41, 0x00, 0x82, 0x10, 0x82, 0x08, 0x62, 0x00,
    0x82, 0x10, 0x08, 0xD2, 0x28, 0xD2, 0x49, 0xE2, 0x82, 0x10, 0x62, 0x00,
    0x08, 0xD2, 0x49, 0xF2, 0x28, 0xDA, 0x28, 0xD2, 0x28, 0xD2, 0x28, 0xD2,
    0x28, 0xD2, 0x28, 0xD2, 0x69, 0xEA, 0x28, 0xD2, 0x00, 0xF8, 0x00, 0x00,
    0x86, 0xC9, 0x00, 0x00, 0x00, 0x00, 0x00, 0x00, 0x00, 0x00, 0x00, 0x00,
    0x08, 0xD2, 0x69, 0xF2, 0x28, 0xD2, 0x28, 0xD2, 0x28, 0xD2, 0x28, 0xD2,
    0x28, 0xD2, 0x28, 0xD2, 0x28, 0xD2, 0x28, 0xDA, 0x49, 0xEA, 0x69, 0xFA,
    0xC7, 0xA9, 0xA3, 0x20, 0xC3, 0x30, 0x65, 0x71, 0x62, 0x00, 0x86, 0x91,
    0x28, 0xE2, 0x49, 0xE2, 0xE7, 0xB1, 0x28, 0xD2, 0x48, 0xE2, 0x28, 0xD2,
    0x28, 0xD2, 0x28, 0xD2, 0x28, 0xD2, 0x28, 0xD2, 0x28, 0xD2, 0x28, 0xD2,
    0x28, 0xDA, 0x28, 0xDA, 0x00, 0x00, 0x00, 0x00, 0x00, 0x00, 0x00, 0x00,
    0x00, 0x00, 0x00, 0x00, 0x00, 0x00, 0x00, 0x00, 0xC7, 0xE1, 0x69, 0xF2,
    0x28, 0xD2, 0x28, 0xD2, 0x28, 0xD2, 0x28, 0xD2, 0x28, 0xD2, 0x28, 0xD2,
    0x28, 0xD2, 0x28, 0xD2, 0x28, 0xD2, 0x08, 0xD2, 0x49, 0xEA, 0x08, 0xCA,
    0x49, 0xEA, 0x89, 0xFA, 0xE7, 0xB1, 0x08, 0xCA, 0x28, 0xD2, 0x28, 0xD2,
    0x28, 0xDA, 0x28, 0xD2, 0x28, 0xD2, 0x28, 0xD2, 0x28, 0xD2, 0x28, 0xD2,
    0x28, 0xD2, 0x28, 0xD2, 0x28, 0xD2, 0x28, 0xD2, 0x28, 0xD2, 0x00, 0x00,
    0x00, 0x00, 0x00, 0x00, 0x00, 0x00, 0x00, 0x00, 0x00, 0x00, 0x00, 0x00,
    0x00, 0x00, 0x00, 0x00, 0x00, 0x00, 0xA6, 0xC9, 0x28, 0xD2, 0x28, 0xDA,
    0x69, 0xEA, 0x28, 0xD2, 0x28, 0xD2, 0x28, 0xD2, 0x28, 0xD2, 0x28, 0xD2,
    0x28, 0xD2, 0x28, 0xD2, 0x28, 0xD2, 0x28, 0xD2, 0x28, 0xD2, 0x28, 0xD2,
    0x28, 0xDA, 0x28, 0xD2, 0x28, 0xD2, 0x28, 0xD2, 0x28, 0xD2, 0x28, 0xD2,
    0x28, 0xD2, 0x28, 0xD2, 0x28, 0xD2, 0x28, 0xD2, 0x28, 0xD2, 0x69, 0xEA,
    0x69, 0xF2, 0x69, 0xF2, 0xA6, 0xC9, 0x00, 0x00, 0x00, 0x00, 0x00, 0x00,
    0x00, 0x00, 0x00, 0x00, 0x00, 0x00, 0x00, 0x00, 0x00, 0x00, 0x00, 0x00,
    0xE7, 0xB9, 0x00, 0x00, 0x00, 0x00, 0x28, 0xDA, 0x28, 0xD2, 0x69, 0xEA,
    0x28, 0xD2, 0x28, 0xD2, 0x28, 0xD2, 0x28, 0xD2, 0x28, 0xD2, 0x28, 0xD2,
    0x28, 0xD2, 0x28, 0xD2, 0x28, 0xD2, 0x28, 0xD2, 0x28, 0xD2, 0x28, 0xD2,
    0x28, 0xD2, 0x28, 0xD2, 0x28, 0xD2, 0x28, 0xD2, 0x28, 0xD2, 0x28, 0xD2,
    0x28, 0xD2, 0x28, 0xD2, 0x49, 0xE2, 0x28, 0xD2, 0x08, 0xD2, 0xC7, 0xE1,
    0x00, 0x00, 0xE7, 0xB9, 0x00, 0x00, 0x00, 0x00, 0x00, 0x00, 0x00, 0x00,
    0x00, 0x00, 0x00, 0x00, 0x00, 0x00, 0x00, 0x00, 0x00, 0x00, 0x00, 0x00,
    0x00, 0x00, 0x00, 0x00, 0x00, 0xF8, 0xAA, 0xFA, 0x28, 0xD2, 0x28, 0xDA,
    0x28, 0xD2, 0x28, 0xD2, 0x28, 0xD2, 0x28, 0xD2, 0x28, 0xD2, 0x28, 0xD2,
    0x28, 0xD2, 0x28, 0xD2, 0x28, 0xD2, 0x28, 0xD2, 0x28, 0xD2, 0x28, 0xD2,
    0x28, 0xD2, 0x28, 0xD2, 0x28, 0xD2, 0x28, 0xD2, 0x49, 0xE2, 0x49, 0xEA,
    0x28, 0xD2, 0x28, 0xD2, 0x00, 0x00, 0x00, 0x00, 0x00, 0x00, 0x00, 0x00,
    0x00, 0x00, 0x00, 0x00, 0x00, 0x00, 0x00, 0x00, 0x00, 0x00, 0x00, 0x00,
    0x00, 0x00, 0x00, 0x00, 0x00, 0x00, 0x00, 0x00, 0x00, 0x00, 0x00, 0x00,
    0x00, 0x00, 0x28, 0xD2, 0x28, 0xD2, 0x28, 0xD2, 0x28, 0xD2, 0x69, 0xEA,
    0x28, 0xD2, 0x28, 0xD2, 0x28, 0xD2, 0x28, 0xD2, 0x28, 0xD2, 0x28, 0xD2,
    0x28, 0xD2, 0x28, 0xD2, 0x28, 0xD2, 0x28, 0xD2, 0x28, 0xD2, 0x28, 0xD2,
    0x28, 0xD2, 0x28, 0xDA, 0x28, 0xD2, 0x28, 0xD2, 0x00, 0x00, 0x00, 0x00,
    0x00, 0x00, 0x00, 0x00, 0x00, 0x00, 0x00, 0x00, 0x00, 0x00, 0x00, 0x00,
    0x00, 0x00, 0x00, 0x00, 0x00, 0x00, 0x00, 0x00, 0x00, 0x00, 0x00, 0x00,
    0x00, 0x00, 0x00, 0x00, 0x00, 0x00, 0x00, 0x00, 0x86, 0xC9, 0x00, 0x00,
    0x28, 0xD2, 0x00, 0x00, 0x28, 0xD2, 0x28, 0xD2, 0x8A, 0xFA, 0x49, 0xE2,
    0x69, 0xF2, 0x69, 0xEA, 0x28, 0xD2, 0x49, 0xDA, 0x49, 0xEA, 0x28, 0xD2,
    0x28, 0xD2, 0x28, 0xD2, 0x28, 0xD2, 0x28, 0xD2, 0x28, 0xD2, 0x28, 0xD2,
    0x00, 0x00, 0x00, 0x00, 0x00, 0x00, 0x00, 0x00, 0x00, 0x00, 0x00, 0x00,
    0x00, 0x00, 0x00, 0x00, 0x00, 0x00, 0x00, 0x00, 0x00, 0x00, 0x00, 0x00,
    0x00, 0x00, 0x00, 0x00, 0x00, 0x00, 0x00, 0x00, 0x00, 0x00, 0x00, 0x00,
    0x00, 0x00, 0x00, 0x00, 0x00, 0x00, 0x00, 0xF8, 0x00, 0x00, 0x00, 0x00,
    0x00, 0x00, 0x00, 0x00, 0x28, 0xD2, 0x28, 0xD2, 0x28, 0xD2, 0x08, 0xD2,
    0x49, 0xE2, 0x28, 0xD2, 0x28, 0xD2, 0x28, 0xD2, 0x28, 0xDA, 0x28, 0xD2,
    0x00, 0x00, 0x00, 0x00, 0x00, 0x00, 0x00, 0x00, 0x00, 0x00, 0x00, 0x00,
    0x00, 0x00, 0x00, 0x00, 0x00, 0x00, 0x00, 0x00, 0x00, 0x00, 0x00, 0x00,
    0x00, 0x00, 0x00, 0x00, 0x00, 0x00, 0x00, 0x00, 0x00, 0x00, 0x00, 0x00,
    0x00, 0x00, 0x00, 0x00, 0x00, 0x00, 0x00, 0x00, 0x00, 0x00, 0x00, 0x00,
    0xFF, 0xFF, 0xEC, 0x81, 0xCA, 0xFF, 0x57, 0x90, 0xE7, 0x3C, 0x00, 0x00,
    0x01, 0x00, 0x01, 0x00, 0x00, 0x00, 0x00, 0x00, 0x00, 0x00, 0x00, 0x00,
    0x00, 0x00, 0x00, 0x00, 0x00, 0x00, 0x00, 0x00, 0x00, 0x00, 0x00, 0x00,
    0xFF, 0xFF, 0xFF, 0xFF, 0xFF, 0xFF, 0xFA, 0xFF, 0xFF, 0xFE, 0xFF, 0xFF,
    0xFF, 0xFF, 0xBD, 0x21, 0x00, 0x0B, 0x00, 0x05, 0x00, 0x00, 0x00, 0x00,
    0x00, 0x00, 0x00, 0x00, 0x00, 0x00, 0x00, 0x00, 0x00, 0x00, 0x00, 0x00,
    0x00, 0x00, 0x0B, 0xE3, 0xFF, 0xFF, 0xFF, 0xFF, 0xFF, 0xFF, 0xFF, 0xFF,
    0xFF, 0xFE, 0xFF, 0xFF, 0xFE, 0xFE, 0xFF, 0xF8, 0xCC, 0xD7, 0x29, 0x00,
    0x00, 0x00, 0x00, 0x00, 0x00, 0x00, 0x00, 0x00, 0x00, 0x00, 0x00, 0x00,
    0x00, 0x00, 0x00, 0x00, 0x56, 0xEC, 0xFF, 0xFF, 0xFC, 0xFF, 0xFF, 0xFF,
    0xFF, 0xFF, 0xFF, 0xFF, 0xFF, 0xFF, 0xFF, 0xFF, 0xFF, 0xFE, 0xFE, 0xFF,
    0xFF, 0xFE, 0xFF, 0x01, 0x00, 0x00, 0x00, 0x00, 0x00, 0x00, 0x00, 0x00,
    0x00, 0x00, 0x00, 0x00, 0x04, 0x00, 0x09, 0x33, 0xC6, 0xFF, 0xFF, 0xFF,
    0xFF, 0xFF, 0xFF, 0xFF, 0xFF, 0xFF, 0xFF, 0xFF, 0xFF, 0xFF, 0xFF, 0xFF,
    0xFF, 0xFF, 0xFF, 0xFF, 0xFF, 0xFE, 0xFF, 0xC8, 0x30, 0x00, 0x00, 0x04,
    0x00, 0x00, 0x00, 0x00, 0x00, 0x00, 0x00, 0x00, 0x00, 0x0E, 0xFF, 0xFF,
    0xFF, 0xFE, 0xFF, 0xFF, 0xFF, 0xFF, 0xFF, 0xFF, 0xFF, 0xFF, 0xFF, 0xFF,
    0xFF, 0xFF, 0xFF, 0xFF, 0xFF, 0xFF, 0xFF, 0xFF, 0xFF, 0xFF, 0xFB, 0xFF,
    0xFF, 0xB0, 0x0E, 0x00, 0x00, 0x00, 0x00, 0x00, 0x00, 0x00, 0x00, 0x00,
    0x00, 0xB0, 0xFF, 0xFE, 0xFF, 0xFF, 0xFF, 0xFF, 0xFF, 0xFF, 0xFF, 0xFF,
    0xFF, 0xFF, 0xFF, 0xFF, 0xFF, 0xFF, 0xFF, 0xFF, 0xFF, 0xFF, 0xFF, 0xFF,
    0xFF, 0xFF, 0xFF, 0xFE, 0xFF, 0xFF, 0xFF, 0x09, 0x00, 0x00, 0x00, 0x00,
    0x00, 0x00, 0x00, 0x00, 0x30, 0xFF, 0xFF, 0xFF, 0xFF, 0xFF, 0xFF, 0xFF,
    0xFF, 0xFF, 0xFF, 0xFF, 0xFF, 0xFF, 0xFF, 0xFF, 0xFF, 0xFF, 0xFF, 0xFF,
    0xFF, 0xFF, 0xFF, 0xFF, 0xFF, 0xFF, 0xFF, 0xFF, 0xFF, 0xFE, 0xFF, 0x33,
    0x00, 0x00, 0x00, 0x00, 0x00, 0x05, 0x00, 0x01, 0xC8, 0xFF, 0xFE, 0xFF,
    0xFF, 0xFF, 0xFF, 0xFF, 0xFF, 0xFF, 0xFF, 0xFF, 0xFF, 0xFF, 0xFF, 0xFF,
    0xFF, 0xFF, 0xFF, 0xFF, 0xFF, 0xFF, 0xFF, 0xFF, 0xFF, 0xFF, 0xFF, 0xFF,
    0xFF, 0xFF, 0xFF, 0xC6, 0x56, 0x00, 0x00, 0x00, 0x01, 0x00, 0x29, 0xFF,
    0xFF, 0xFB, 0xFF, 0xFF, 0xFF, 0xFF, 0xFF, 0xFF, 0xFF, 0xFF, 0xFF, 0xFF,
    0xFF, 0xFF, 0xFF, 0xFF, 0xFF, 0xFF, 0xFF, 0xFF, 0xFF, 0xFF, 0xFF, 0xFF,
    0xFF, 0xFF, 0xFF, 0xFF, 0xFF, 0xFF, 0xFE, 0xFF, 0xEC, 0x00, 0x00, 0x00,
    0x00, 0x0B, 0xD7, 0xFE, 0xFE, 0xFF, 0xFF, 0xFF, 0xFF, 0xFF, 0xFF, 0xFF,
    0xFF, 0xFF, 0xFF, 0xFF, 0xFF, 0xFF, 0xFF, 0xFF, 0xFF, 0xFF, 0xFF, 0xFF,
    0xFF, 0xFF, 0xFF, 0xFF, 0xFF, 0xFF, 0xFF, 0xFF, 0xFF, 0xFF, 0xFF, 0xFF,
    0xFF, 0x0B, 0x00, 0x00, 0x01, 0x00, 0xCC, 0xFF, 0xFF, 0xFF, 0xFF, 0xFF,
    0xFF, 0xFF, 0xFF, 0xFF, 0xFF, 0xFF, 0xFF, 0xFF, 0xFF, 0xFF, 0xFF, 0xFF,
    0xFF, 0xFF, 0xFF, 0xFF, 0xFF, 0xFF, 0xFF, 0xFF, 0xFF, 0xFF, 0xFF, 0xFF,
    0xFF, 0xFF, 0xFF, 0xFF, 0xFF, 0xE3, 0x00, 0x00, 0x00, 0x21, 0xF8, 0xFF,
    0xFF, 0xFF, 0xFF, 0xFF, 0xFF, 0xFF, 0xFF, 0xFF, 0xFF, 0xFF, 0xFF, 0xFF,
    0xFF, 0xFF, 0xFF, 0xFF, 0xFF, 0xFF, 0xFF, 0xFF, 0xFF, 0xFF, 0xFF, 0xFF,
    0xFF, 0xFF, 0xFF, 0xFF, 0xFF, 0xFF, 0xFF, 0xFF, 0xFC, 0xFF, 0xFF, 0x00,
    0x00, 0xBD, 0xFF, 0xFE, 0xFF, 0xFF, 0xFF, 0xFF, 0xFF, 0xFF, 0xFF, 0xFF,
    0xFF, 0xFF, 0xFF, 0xFF, 0xFF, 0xFF, 0xFF, 0xFF, 0xFF, 0xFF, 0xFF, 0xFF,
    0xFF, 0xFF, 0xFF, 0xFF, 0xFF, 0xFF, 0xFF, 0xFF, 0xFF, 0xFF, 0xFF, 0xFF,
    0xFF, 0xFF, 0xFF, 0x00, 0x3C, 0xFF, 0xFE, 0xFE, 0xFF, 0xFF, 0xFF, 0xFF,
    0xFF, 0xFF, 0xFF, 0xFF, 0xFF, 0xFF, 0xFF, 0xFF, 0xFF, 0xFF, 0xFF, 0xFF,
    0xFF, 0xFF, 0xFF, 0xFF, 0xFF, 0xFF, 0xFF, 0xFF, 0xFF, 0xFF, 0xFF, 0xFF,
    0xFF, 0xFF, 0xFF, 0xFF, 0xFF, 0xFF, 0xFF, 0x00, 0xE7, 0xFF, 0xFE, 0xFF,
    0xFF, 0xFF, 0xFF, 0xFF, 0xFF, 0xFF, 0xFF, 0xFF, 0xFF, 0xFF, 0xFF, 0xFF,
    0xFF, 0xFF, 0xFF, 0xFF, 0xFF, 0xFF, 0xFF, 0xFF, 0xFF, 0xFF, 0xFF, 0xFF,
    0xFF, 0xFF, 0xFF, 0xFF, 0xFF, 0xFF, 0xFF, 0xFF, 0xFF, 0xFF, 0xFF, 0x00,
    0x90, 0xFF, 0xFF, 0xFF, 0xFF, 0xFF, 0xFF, 0xFF, 0xFF, 0xFF, 0xFF, 0xFF,
    0xFF, 0xFF, 0xFF, 0xFF, 0xFF, 0xFF, 0xFF, 0xFF, 0xFF, 0xFF, 0xFF, 0xFF,
    0xFF, 0xFF, 0xFF, 0xFF, 0xFF, 0xFF, 0xFF, 0xFF, 0xFF, 0xFF, 0xFF, 0xFF,
    0xFF, 0xFF, 0xFF, 0xFF, 0x57, 0xFF, 0xFF, 0xFF, 0xFF, 0xFF, 0xFF, 0xFF,
    0xFF, 0xFF, 0xFF, 0xFF, 0xFF, 0xFF, 0xFF, 0xFF, 0xFF, 0xFF, 0xFF, 0xFF,
    0xFF, 0xFF, 0xFF, 0xFF, 0xFF, 0xFF, 0xFF, 0xFF, 0xFF, 0xFF, 0xFF, 0xFF,
    0xFF, 0xFF, 0xFF, 0xFF, 0xFF, 0xFF, 0xFF, 0xFF, 0xFF, 0xFE, 0xFE, 0xFF,
    0xFF, 0xFF, 0xFF, 0xFF, 0xFF, 0xFF, 0xFF, 0xFF, 0xFF, 0xFF, 0xFF, 0xFF,
    0xFF, 0xFF, 0xFF, 0xFF, 0xFF, 0xFF, 0xFF, 0xFF, 0xFF, 0xFF, 0xFF, 0xFF,
    0xFF, 0xFF, 0xFF, 0xFF, 0xFF, 0xFF, 0xFF, 0xFF, 0xFF, 0xFF, 0xFA, 0xEC,
    0xCA, 0xFF, 0xFF, 0xFF, 0xFF, 0xFF, 0xFF, 0xFF, 0xFF, 0xFF, 0xFF, 0xFF,
    0xFF, 0xFF, 0xFF, 0xFF, 0xFF, 0xFF, 0xFF, 0xFF, 0xFF, 0xFF, 0xFF, 0xFF,
    0xFF, 0xFF, 0xFF, 0xFF, 0xFF, 0xFF, 0xFF, 0xFF, 0xFF, 0xFF, 0xFF, 0xFF,
    0xFF, 0xFF, 0xFF, 0x81, 0x81, 0xFF, 0xFF, 0xFF, 0xFF, 0xFF, 0xFF, 0xFF,
    0xFF, 0xFF, 0xFF, 0xFF, 0xFF, 0xFF, 0xFF, 0xFF, 0xFF, 0xFF, 0xFF, 0xFF,
    0xFF, 0xFF, 0xFF, 0xFF, 0xFF, 0xFF, 0xFF, 0xFF, 0xFF, 0xFF, 0xFF, 0xFF,
    0xFF, 0xFF, 0xFF, 0xFF, 0xFF, 0xFF, 0xFF, 0xCA, 0xEC, 0xFA, 0xFF, 0xFF,
    0xFF, 0xFF, 0xFF, 0xFF, 0xFF, 0xFF, 0xFF, 0xFF, 0xFF, 0xFF, 0xFF, 0xFF,
    0xFF, 0xFF, 0xFF, 0xFF, 0xFF, 0xFF, 0xFF, 0xFF, 0xFF, 0xFF, 0xFF, 0xFF,
    0xFF, 0xFF, 0xFF, 0xFF, 0xFF, 0xFF, 0xFF, 0xFF, 0xFF, 0xFE, 0xFE, 0xFF,
    0xFF, 0xFF, 0xFF, 0xFF, 0xFF, 0xFF, 0xFF, 0xFF, 0xFF, 0xFF, 0xFF, 0xFF,
    0xFF, 0xFF, 0xFF, 0xFF, 0xFF, 0xFF, 0xFF, 0xFF, 0xFF, 0xFF, 0xFF, 0xFF,
    0xFF, 0xFF, 0xFF, 0xFF, 0xFF, 0xFF, 0xFF, 0xFF, 0xFF, 0xFF, 0xFF, 0xFF,
    0xFF, 0xFF, 0xFF, 0x57, 0xFF, 0xFF, 0xFF, 0xFF, 0xFF, 0xFF, 0xFF, 0xFF,
    0xFF, 0xFF, 0xFF, 0xFF, 0xFF, 0xFF, 0xFF, 0xFF, 0xFF, 0xFF, 0xFF, 0xFF,
    0xFF, 0xFF, 0xFF, 0xFF, 0xFF, 0xFF, 0xFF, 0xFF, 0xFF, 0xFF, 0xFF, 0xFF,
    0xFF, 0xFF, 0xFF, 0xFF, 0xFF, 0xFF, 0xFF, 0x90, 0x00, 0xFF, 0xFF, 0xFF,
    0xFF, 0xFF, 0xFF, 0xFF, 0xFF, 0xFF, 0xFF, 0xFF, 0xFF, 0xFF, 0xFF, 0xFF,
    0xFF, 0xFF, 0xFF, 0xFF, 0xFF, 0xFF, 0xFF, 0xFF, 0xFF, 0xFF, 0xFF, 0xFF,
    0xFF, 0xFF, 0xFF, 0xFF, 0xFF, 0xFF, 0xFF, 0xFF, 0xFF, 0xFE, 0xFF, 0xE7,
    0x00, 0xFF, 0xFF, 0xFF, 0xFF, 0xFF, 0xFF, 0xFF, 0xFF, 0xFF, 0xFF, 0xFF,
    0xFF, 0xFF, 0xFF, 0xFF, 0xFF, 0xFF, 0xFF, 0xFF, 0xFF, 0xFF, 0xFF, 0xFF,
    0xFF, 0xFF, 0xFF, 0xFF, 0xFF, 0xFF, 0xFF, 0xFF, 0xFF, 0xFF, 0xFF, 0xFF,
    0xFE, 0xFE, 0xFF, 0x3C, 0x00, 0xFF, 0xFF, 0xFF, 0xFF, 0xFF, 0xFF, 0xFF,
    0xFF, 0xFF, 0xFF, 0xFF, 0xFF, 0xFF, 0xFF, 0xFF, 0xFF, 0xFF, 0xFF, 0xFF,
    0xFF, 0xFF, 0xFF, 0xFF, 0xFF, 0xFF, 0xFF, 0xFF, 0xFF, 0xFF, 0xFF, 0xFF,
    0xFF, 0xFF, 0xFF, 0xFF, 0xFE, 0xFF, 0xBD, 0x00, 0x00, 0xFF, 0xFF, 0xFC,
    0xFF, 0xFF, 0xFF, 0xFF, 0xFF, 0xFF, 0xFF, 0xFF, 0xFF, 0xFF, 0xFF, 0xFF,
    0xFF, 0xFF, 0xFF, 0xFF, 0xFF, 0xFF, 0xFF, 0xFF, 0xFF, 0xFF, 0xFF, 0xFF,
    0xFF, 0xFF, 0xFF, 0xFF, 0xFF, 0xFF, 0xFF, 0xFF, 0xFF, 0xF8, 0x21, 0x00,
    0x00, 0x00, 0xE3, 0xFF, 0xFF, 0xFF, 0xFF, 0xFF, 0xFF, 0xFF, 0xFF, 0xFF,
    0xFF, 0xFF, 0xFF, 0xFF, 0xFF, 0xFF, 0xFF, 0xFF, 0xFF, 0xFF, 0xFF, 0xFF,
    0xFF, 0xFF, 0xFF, 0xFF, 0xFF, 0xFF, 0xFF, 0xFF, 0xFF, 0xFF, 0xFF, 0xFF,
    0xFF, 0xCC, 0x00, 0x01, 0x00, 0x00, 0x0B, 0xFF, 0xFF, 0xFF, 0xFF, 0xFF,
    0xFF, 0xFF, 0xFF, 0xFF, 0xFF, 0xFF, 0xFF, 0xFF, 0xFF, 0xFF, 0xFF, 0xFF,
    0xFF, 0xFF, 0xFF, 0xFF, 0xFF, 0xFF, 0xFF, 0xFF, 0xFF, 0xFF, 0xFF, 0xFF,
    0xFF, 0xFF, 0xFF, 0xFE, 0xFE, 0xD7, 0x0B, 0x00, 0x00, 0x00, 0x00, 0xEC,
    0xFF, 0xFE, 0xFF, 0xFF, 0xFF, 0xFF, 0xFF, 0xFF, 0xFF, 0xFF, 0xFF, 0xFF,
    0xFF, 0xFF, 0xFF, 0xFF, 0xFF, 0xFF, 0xFF, 0xFF, 0xFF, 0xFF, 0xFF, 0xFF,
    0xFF, 0xFF, 0xFF, 0xFF, 0xFF, 0xFF, 0xFB, 0xFF, 0xFF, 0x29, 0x00, 0x01,
    0x00, 0x00, 0x00, 0x56, 0xC6, 0xFF, 0xFF, 0xFF, 0xFF, 0xFF, 0xFF, 0xFF,
    0xFF, 0xFF, 0xFF, 0xFF, 0xFF, 0xFF, 0xFF, 0xFF, 0xFF, 0xFF, 0xFF, 0xFF,
    0xFF, 0xFF, 0xFF, 0xFF, 0xFF, 0xFF, 0xFF, 0xFF, 0xFF, 0xFE, 0xFF, 0xC8,
    0x01, 0x00, 0x05, 0x00, 0x00, 0x00, 0x00, 0x00, 0x33, 0xFF, 0xFE, 0xFF,
    0xFF, 0xFF, 0xFF, 0xFF, 0xFF, 0xFF, 0xFF, 0xFF, 0xFF, 0xFF, 0xFF, 0xFF,
    0xFF, 0xFF, 0xFF, 0xFF, 0xFF, 0xFF, 0xFF, 0xFF, 0xFF, 0xFF, 0xFF, 0xFF,
    0xFF, 0xFF, 0xFF, 0x30, 0x00, 0x00, 0x00, 0x00, 0x00, 0x00, 0x00, 0x00,
    0x09, 0xFF, 0xFF, 0xFF, 0xFE, 0xFF, 0xFF, 0xFF, 0xFF, 0xFF, 0xFF, 0xFF,
    0xFF, 0xFF, 0xFF, 0xFF, 0xFF, 0xFF, 0xFF, 0xFF, 0xFF, 0xFF, 0xFF, 0xFF,
    0xFF, 0xFF, 0xFF, 0xFF, 0xFE, 0xFF, 0xB0, 0x00, 0x00, 0x00, 0x00, 0x00,
    0x00, 0x00, 0x00, 0x00, 0x00, 0x0E, 0xB0, 0xFF, 0xFF, 0xFB, 0xFF, 0xFF,
    0xFF, 0xFF, 0xFF, 0xFF, 0xFF, 0xFF, 0xFF, 0xFF, 0xFF, 0xFF, 0xFF, 0xFF,
    0xFF, 0xFF, 0xFF, 0xFF, 0xFF, 0xFF, 0xFE, 0xFF, 0xFF, 0xFF, 0x0E, 0x00,
    0x00, 0x00, 0x00, 0x00, 0x00, 0x00, 0x00, 0x00, 0x04, 0x00, 0x00, 0x30,
    0xC8, 0xFF, 0xFE, 0xFF, 0xFF, 0xFF, 0xFF, 0xFF, 0xFF, 0xFF, 0xFF, 0xFF,
    0xFF, 0xFF, 0xFF, 0xFF, 0xFF, 0xFF, 0xFF, 0xFF, 0xFF, 0xFF, 0xFF, 0xC6,
    0x33, 0x09, 0x00, 0x04, 0x00, 0x00, 0x00, 0x00, 0x00, 0x00, 0x00, 0x00,
    0x00, 0x00, 0x00, 0x00, 0x01, 0xFF, 0xFE, 0xFF, 0xFF, 0xFE, 0xFE, 0xFF,
    0xFF, 0xFF, 0xFF, 0xFF, 0xFF, 0xFF, 0xFF, 0xFF, 0xFF, 0xFF, 0xFF, 0xFC,
    0xFF, 0xFF, 0xEC, 0x56, 0x00, 0x00, 0x00, 0x00, 0x00, 0x00, 0x00, 0x00,
    0x00, 0x00, 0x00, 0x00, 0x00, 0x00, 0x00, 0x00, 0x00, 0x29, 0xD7, 0xCC,
    0xF8, 0xFF, 0xFE, 0xFE, 0xFF, 0xFF, 0xFE, 0xFF, 0xFF, 0xFF, 0xFF, 0xFF,
    0xFF, 0xFF, 0xFF, 0xFF, 0xE3, 0x0B, 0x00, 0x00, 0x00, 0x00, 0x00, 0x00,
    0x00, 0x00, 0x00, 0x00, 0x00, 0x00, 0x00, 0x00, 0x00, 0x00, 0x00, 0x00,
    0x05, 0x00, 0x0B, 0x00, 0x21, 0xBD, 0xFF, 0xFF, 0xFF, 0xFF, 0xFE, 0xFF,
    0xFF, 0xFA, 0xFF, 0xFF, 0xFF, 0xFF, 0xFF, 0xFF, 0x00, 0x00, 0x00, 0x00,
    0x00, 0x00, 0x00, 0x00, 0x00, 0x00, 0x00, 0x00, 0x00, 0x00, 0x00, 0x00,
    0x00, 0x00, 0x00, 0x00, 0x00, 0x01, 0x00, 0x01, 0x00, 0x00, 0x3C, 0xE7,
    0x90, 0x57, 0xFF, 0xCA, 0x81, 0xEC, 0xFF, 0xFF, 0x00, 0x00, 0x00, 0x00,
    0x00, 0x00, 0x00, 0x00, 0x00, 0x00, 0x00, 0x00, 0x00, 0x00, 0x00, 0x00,
  },
  { /* frame 12 */
    0x00, 0x00, 0x00, 0x00, 0x00, 0x00, 0x00, 0x00, 0x00, 0x00, 0x00, 0x00,
    0x00, 0x00, 0x00, 0x00, 0x00, 0x00, 0x00, 0x00, 0x00, 0x00, 0x00, 0x00,
    0x00, 0x00, 0x00, 0x00, 0x00, 0x00, 0x00, 0x00, 0x28, 0xD2, 0x28, 0xD2,
    0x28, 0xD2, 0x28, 0xD2, 0x28, 0xD2, 0x28, 0xD2, 0x28, 0xD2, 0x28, 0xD2,
    0x00, 0x00, 0x00, 0x00, 0x00, 0x00, 0x00, 0x00, 0x00, 0x00, 0x00, 0x00,
    0x00, 0x00, 0x00, 0x00, 0x00, 0x00, 0x00, 0x00, 0x00, 0x00, 0x00, 0x00,
    0x00, 0x00, 0x00, 0x00, 0x00, 0x00, 0x00, 0x00, 0x00, 0x00, 0x00, 0x00,
    0x00, 0x00, 0x00, 0x00, 0x00, 0x00, 0x00, 0x00, 0x00, 0x00, 0x00, 0x00,
    0x00, 0x00, 0x00, 0x00, 0x00, 0x00, 0x00, 0x00, 0x00, 0x00, 0x28, 0xD2,
    0x28, 0xD2, 0x28, 0xD2, 0x28, 0xD2, 0x28, 0xD2, 0x28, 0xD2, 0x28, 0xD2,
    0x28, 0xD2, 0x28, 0xD2, 0x28, 0xD2, 0x28, 0xD2, 0x28, 0xD2, 0x28, 0xD2,
    0x28, 0xD2, 0x00, 0x00, 0x00, 0x00, 0x00, 0x00, 0x00, 0x00, 0x00, 0x00,
    0x00, 0x00, 0x00, 0x00, 0x00, 0x00, 0x00, 0x00, 0x00, 0x00, 0x00, 0x00,
    0x00, 0x00, 0x00, 0x00, 0x00, 0x00, 0x00, 0x00, 0x00, 0x00, 0x00, 0x00,
    0x00, 0x00, 0x00, 0x00, 0x00, 0x00, 0x00, 0x00, 0x00, 0x00, 0x00, 0x00,
    0x28, 0xD2, 0x28, 0xD2, 0x28, 0xD2, 0x28, 0xD2, 0x28, 0xD2, 0x28, 0xD2,
    0x28, 0xD2, 0x28, 0xD2, 0x28, 0xD2, 0x28, 0xD2, 0x28, 0xD2, 0x28, 0xD2,
    0x28, 0xD2, 0x28, 0xD2, 0x28, 0xD2, 0x28, 0xD2, 0x28, 0xD2, 0x28, 0xD2,
    0x28, 0xD2, 0x28, 0xD2, 0x00, 0x00, 0x00, 0x00, 0x00, 0x00, 0x00, 0x00,
    0x00, 0x00, 0x00, 0x00, 0x00, 0x00, 0x00, 0x00, 0x00, 0x00, 0x00, 0x00,
    0x00, 0x00, 0x00, 0x00, 0x00, 0x00, 0x00, 0x00, 0x00, 0x00, 0x00, 0x00,
    0x00, 0x00, 0x00, 0x00, 0x00, 0x00, 0x28, 0xD2, 0x28, 0xD2, 0x28, 0xD2,
    0x28, 0xD2, 0x28, 0xD2, 0x28, 0xD2, 0x28, 0xD2, 0x28, 0xD2, 0x28, 0xD2,
    0x28, 0xD2, 0x28, 0xD2, 0x28, 0xD2, 0x28, 0xD2, 0x28, 0xD2, 0x28, 0xD2,
    0x28, 0xD2, 0x28, 0xD2, 0x28, 0xD2, 0x28, 0xD2, 0x28, 0xD2, 0x28, 0xD2,
    0x28, 0xD2, 0x00, 0x00, 0x00, 0x00, 0x00, 0x00, 0x00, 0x00, 0x00, 0x00,
    0x00, 0x00, 0x00, 0x00, 0x00, 0x00, 0x00, 0x00, 0x00, 0x00, 0x00, 0x00,
    0x00, 0x00, 0x00, 0x00, 0x00, 0x00, 0x00, 0x00, 0x00, 0x00, 0x00, 0x00,
    0x28, 0xD2, 0x28, 0xD2, 0x28, 0xD2, 0x28, 0xD2, 0x28, 0xD2, 0x28, 0xD2,
    0x28, 0xD2, 0x28, 0xD2, 0x28, 0xD2, 0x28, 0xD2, 0x28, 0xD2, 0x28, 0xD2,
    0x28, 0xD2, 0x28, 0xD2, 0x28, 0xD2, 0x28, 0xD2, 0x28, 0xD2, 0x28, 0xD2,
    0x28, 0xD2, 0x28, 0xD2, 0x28, 0xD2, 0x28, 0xD2, 0x28, 0xD2, 0x28, 0xD2,
    0x00, 0x00, 0x00, 0x00, 0x00, 0x00, 0x00, 0x00, 0x00, 0x00, 0x00, 0x00,
    0x00, 0x00, 0x00, 0x00, 0x00, 0x00, 0x00, 0x00, 0x00, 0x00, 0x00, 0x00,
    0x00, 0x00, 0x00, 0x00, 0x28, 0xD2, 0x28, 0xD2, 0x28, 0xD2, 0x28, 0xD2,
    0x28, 0xD2, 0x28, 0xD2, 0x28, 0xD2, 0x28, 0xD2, 0x28, 0xD2, 0x28, 0xD2,
    0x28, 0xD2, 0x28, 0xD2, 0x28, 0xD2, 0x28, 0xD2, 0x28, 0xD2, 0x28, 0xD2,
    0x28, 0xD2, 0x28, 0xD2, 0x28, 0xD2, 0x28, 0xD2, 0x28, 0xD2, 0x28, 0xD2,
    0x28, 0xD2, 0x28, 0xD2, 0x28, 0xD2, 0x28, 0xD2, 0x28, 0xD2, 0x28, 0xD2,
    0x00, 0x00, 0x00, 0x00, 0x00, 0x00, 0x00, 0x00, 0x00, 0x00, 0x00, 0x00,
    0x00, 0x00, 0x00, 0x00, 0x00, 0x00, 0x00, 0x00, 0x00, 0x00, 0x28, 0xD2,
    0x28, 0xD2, 0x28, 0xD2, 0x28, 0xD2, 0x28, 0xD2, 0x28, 0xD2, 0x28, 0xD2,
    0x28, 0xD2, 0x28, 0xD2, 0x28, 0xD2, 0x28, 0xD2, 0x28, 0xD2, 0x28, 0xD2,
    0x28, 0xD2, 0x28, 0xD2, 0x28, 0xD2, 0x28, 0xD2, 0x28, 0xD2, 0x28, 0xD2,
    0x28, 0xD2, 0x28, 0xD2, 0x28, 0xD2, 0x28, 0xD2, 0x28, 0xD2, 0x28, 0xD2,
    0x28, 0xD2, 0x28, 0xD2, 0x28, 0xD2, 0x28, 0xD2, 0x28, 0xD2, 0x00, 0x00,
    0x00, 0x00, 0x00, 0x00, 0x00, 0x00, 0x00, 0x00, 0x00, 0x00, 0x00, 0x00,
    0x00, 0x00, 0x00, 0x00, 0x00, 0x00, 0x28, 0xD2, 0x28, 0xD2, 0x28, 0xD2,
    0x28, 0xD2, 0x28, 0xD2, 0x28, 0xD2, 0x28, 0xD2, 0x28, 0xD2, 0x28, 0xD2,
    0x28, 0xD2, 0x28, 0xD2, 0x28, 0xD2, 0x82, 0x10, 0x28, 0xD2, 0x28, 0xD2,
    0x28, 0xD2, 0x82, 0x10, 0x82, 0x10, 0x28, 0xD2, 0x28, 0xD2, 0x28, 0xD2,
    0x28, 0xD2, 0x28, 0xD2, 0x28, 0xD2, 0x28, 0xD2, 0x28, 0xD2, 0x28, 0xD2,
    0x28, 0xD2, 0x28, 0xD2, 0x28, 0xD2, 0x00, 0x00, 0x00, 0x00, 0x00, 0x00,
    0x00, 0x00, 0x00, 0x00, 0x00, 0x00, 0x00, 0x00, 0x00, 0x00, 0x00, 0x00,
    0x28, 0xD2, 0x28, 0xD2, 0x28, 0xD2, 0x28, 0xD2, 0x28, 0xD2, 0x28, 0xD2,
    0x28, 0xD2, 0x28, 0xD2, 0x28, 0xD2, 0x28, 0xD2, 0x82, 0x10, 0x82, 0x10,
    0x82, 0x10, 0x82, 0x10, 0x28, 0xD2, 0x28, 0xD2, 0x28, 0xD2, 0x82, 0x10,
    0x82, 0x10, 0x82, 0x10, 0x82, 0x10, 0x82, 0x10, 0x28, 0xD2, 0x28, 0xD2,
    0x28, 0xD2, 0x28, 0xD2, 0x28, 0xD2, 0x28, 0xD2, 0x28, 0xD2, 0x28, 0xD2,
    0x28, 0xD2, 0x28, 0xD2, 0x00, 0x00, 0x00, 0x00, 0x00, 0x00, 0x00, 0x00,
    0x00, 0x00, 0x00, 0x00, 0x00, 0x00, 0x28, 0xD2, 0x28, 0xD2, 0x28, 0xD2,
    0x28, 0xD2, 0x28, 0xD2, 0x28, 0xD2, 0x28, 0xD2, 0x28, 0xD2, 0x28, 0xD2,
    0x28, 0xD2, 0x82, 0x10, 0x82, 0x10, 0x82, 0x10, 0x82, 0x10, 0x82, 0x10,
    0x28, 0xD2, 0x28, 0xD2, 0x28, 0xD2, 0x82, 0x10, 0x82, 0x10, 0x82, 0x10,
    0x82, 0x10, 0x82, 0x10, 0x82, 0x10, 0x28, 0xD2, 0x28, 0xD2, 0x28, 0xD2,
    0x28, 0xD2, 0x28, 0xD2, 0x28, 0xD2, 0x28, 0xD2, 0x28, 0xD2, 0x28, 0xD2,
    0x28, 0xD2, 0x00, 0x00, 0x00, 0x00, 0x00, 0x00, 0x00, 0x00, 0x00, 0x00,
    0x28, 0xD2, 0x28, 0xD2, 0x28, 0xD2, 0x28, 0xD2, 0x28, 0xD2, 0x28, 0xD2,
    0x28, 0xD2, 0x28, 0xD2, 0x28, 0xD2, 0x82, 0x10, 0x82, 0x10, 0x82, 0x10,
    0x82, 0x10, 0x82, 0x10, 0x82, 0x10, 0x82, 0x10, 0x28, 0xD2, 0x28, 0xD2,
    0x28, 0xD2, 0x82, 0x10, 0x82, 0x10, 0x82, 0x10, 0x82, 0x10, 0x82, 0x10,
    0x82, 0x10, 0x82, 0x10, 0x82, 0x10, 0x28, 0xD2, 0x28, 0xD2, 0x28, 0xD2,
    0x28, 0xD2, 0x28, 0xD2, 0x28, 0xD2, 0x28, 0xD2, 0x28, 0xD2, 0x28, 0xD2,
    0x00, 0x00, 0x00, 0x00, 0x00, 0x00, 0x00, 0x00, 0x28, 0xD2, 0x28, 0xD2,
    0x28, 0xD2, 0x28, 0xD2, 0x28, 0xD2, 0x28, 0xD2, 0x28, 0xD2, 0x28, 0xD2,
    0x82, 0x10, 0x82, 0x10, 0x82, 0x10, 0x82, 0x10, 0x82, 0x10, 0x82, 0x10,
    0x82, 0x10, 0x82, 0x10, 0x82, 0x10, 0x82, 0x10, 0x82, 0x10, 0x82, 0x10,
    0x82, 0x10, 0x82, 0x10, 0x82, 0x10, 0x82, 0x10, 0x82, 0x10, 0x82, 0x10,
    0x82, 0x10, 0x82, 0x10, 0x28, 0xD2, 0x28, 0xD2, 0x28, 0xD2, 0x28, 0xD2,
    0x28, 0xD2, 0x28, 0xD2, 0x28, 0xD2, 0x28, 0xD2, 0x00, 0x00, 0x00, 0x00,
    0x00, 0x00, 0x00, 0x00, 0x28, 0xD2, 0x28, 0xD2, 0x28, 0xD2, 0x28, 0xD2,
    0x28, 0xD2, 0x28, 0xD2, 0x28, 0xD2, 0x28, 0xD2, 0x82, 0x10, 0x82, 0x10,
    0x82, 0x10, 0x82, 0x10, 0x82, 0x10, 0x82, 0x10, 0x82, 0x10, 0x82, 0x10,
    0x82, 0x10, 0x82, 0x10, 0x82, 0x10, 0x82, 0x10, 0x82, 0x10, 0x82, 0x10,
    0x82, 0x10, 0x82, 0x10, 0x82, 0x10, 0x82, 0x10, 0x82, 0x10, 0x82, 0x10,
    0x28, 0xD2, 0x28, 0xD2, 0x28, 0xD2, 0x28, 0xD2, 0x28, 0xD2, 0x28, 0xD2,
    0x28, 0xD2, 0x28, 0xD2, 0x00, 0x00, 0x00, 0x00, 0x00, 0x00, 0x28, 0xD2,
    0x28, 0xD2, 0x28, 0xD2, 0x28, 0xD2, 0x28, 0xD2, 0x28, 0xD2, 0x28, 0xD2,
    0x28, 0xD2, 0x28, 0xD2, 0x28, 0xD2, 0x82, 0x10, 0x82, 0x10, 0x82, 0x10,
    0x82, 0x10, 0x82, 0x10, 0x82, 0x10, 0x82, 0x10, 0x82, 0x10, 0x82, 0x10,
    0x82, 0x10, 0x82, 0x10, 0x82, 0x10, 0x82, 0x10, 0x82, 0x10, 0x82, 0x10,
    0x82, 0x10, 0x82, 0x10, 0x82, 0x10, 0x28, 0xD2, 0x28, 0xD2, 0x28, 0xD2,
    0x28, 0xD2, 0x28, 0xD2, 0x28, 0xD2, 0x28, 0xD2, 0x28, 0xD2, 0x28, 0xD2,
    0x28, 0xD2, 0x00, 0x00, 0x00, 0x00, 0x28, 0xD2, 0x28, 0xD2, 0x28, 0xD2,
    0x28, 0xD2, 0x28, 0xD2, 0x28, 0xD2, 0x28, 0xD2, 0x28, 0xD2, 0x28, 0xD2,
    0x28, 0xD2, 0x28, 0xD2, 0x28, 0xD2, 0x82, 0x10, 0x82, 0x10, 0x82, 0x10,
    0x82, 0x10, 0x82, 0x10, 0x82, 0x10, 0x82, 0x10, 0x82, 0x10, 0x82, 0x10,
    0x82, 0x10, 0x82, 0x10, 0x82, 0x10, 0x82, 0x10, 0x82, 0x10, 0x28, 0xD2,
    0x28, 0xD2, 0x28, 0xD2, 0x28, 0xD2, 0x28, 0xD2, 0x28, 0xD2, 0x28, 0xD2,
    0x28, 0xD2, 0x28, 0xD2, 0x28, 0xD2, 0x28, 0xD2, 0x28, 0xD2, 0x00, 0x00,
    0x00, 0x00, 0x28, 0xD2, 0x28, 0xD2, 0x28, 0xD2, 0x28, 0xD2, 0x28, 0xD2,
    0x28, 0xD2, 0x28, 0xD2, 0x82, 0x10, 0x82, 0x10, 0x28, 0xD2, 0x28, 0xD2,
    0x28, 0xD2, 0x82, 0x10, 0x82, 0x10, 0x82, 0x10, 0x82, 0x10, 0x82, 0x10,
    0x82, 0x10, 0x82, 0x10, 0x82, 0x10, 0x82, 0x10, 0x82, 0x10, 0x82, 0x10,
    0x82, 0x10, 0x82, 0x10, 0x82, 0x10, 0x28, 0xD2, 0x28, 0xD2, 0x28, 0xD2,
    0x82, 0x10, 0x82, 0x10, 0x28, 0xD2, 0x28, 0xD2, 0x28, 0xD2, 0x28, 0xD2,
    0x28, 0xD2, 0x28, 0xD2, 0x28, 0xD2, 0x00, 0x00, 0x28, 0xD2, 0x28, 0xD2,
    0x28, 0xD2, 0x28, 0xD2, 0x28, 0xD2, 0x28, 0xD2, 0x28, 0xD2, 0x28, 0xD2,
    0x82, 0x10, 0x82, 0x10, 0x82, 0x10, 0x82, 0x10, 0x28, 0xD2, 0x82, 0x10,
    0x82, 0x10, 0x82, 0x10, 0x82, 0x10, 0x82, 0x10, 0x66, 0x29, 0x66, 0x29,
    0x66, 0x29, 0x66, 0x29, 0x82, 0x10, 0x82, 0x10, 0x82, 0x10, 0x82, 0x10,
    0x82, 0x10, 0x28, 0xD2, 0x82, 0x10, 0x82, 0x10, 0x82, 0x10, 0x82, 0x10,
    0x28, 0xD2, 0x28, 0xD2, 0x28, 0xD2, 0x28, 0xD2, 0x28, 0xD2, 0x28, 0xD2,
    0x28, 0xD2, 0x28, 0xD2, 0x28, 0xD2, 0x28, 0xD2, 0x28, 0xD2, 0x28, 0xD2,
    0x28, 0xD2, 0x28, 0xD2, 0x28, 0xD2, 0x82, 0x10, 0x82, 0x10, 0x82, 0x10,
    0x82, 0x10, 0x82, 0x10, 0x82, 0x10, 0x82, 0x10, 0x82, 0x10, 0x82, 0x10,
    0x82, 0x10, 0x66, 0x29, 0x66, 0x29, 0x66, 0x29, 0x66, 0x29, 0x66, 0x29,
    0x66, 0x29, 0x82, 0x10, 0x82, 0x10, 0x82, 0x10, 0x82, 0x10, 0x82, 0x10,
    0x82, 0x10, 0x82, 0x10, 0x82, 0x10, 0x82, 0x10, 0x82, 0x10, 0x28, 0xD2,
    0x28, 0xD2, 0x28, 0xD2, 0x28, 0xD2, 0x28, 0xD2, 0x28, 0xD2, 0x28, 0xD2,
    0x28, 0xD2, 0x28, 0xD2, 0x28, 0xD2, 0x28, 0xD2, 0x28, 0xD2, 0x28, 0xD2,
    0x28, 0xD2, 0x82, 0x10, 0x82, 0x10, 0x82, 0x10, 0x82, 0x10, 0x82, 0x10,
    0x82, 0x10, 0x82, 0x10, 0x82, 0x10, 0x82, 0x10, 0x66, 0x29, 0x66, 0x29,
    0x66, 0x29, 0x66, 0x29, 0x66, 0x29, 0x66, 0x29, 0x66, 0x29, 0x66, 0x29,
    0x82, 0x10, 0x82, 0x10, 0x82, 0x10, 0x82, 0x10, 0x82, 0x10, 0x82, 0x10,
    0x82, 0x10, 0x82, 0x10, 0x82, 0x10, 0x28, 0xD2, 0x28, 0xD2, 0x28, 0xD2,
    0x28, 0xD2, 0x28, 0xD2, 0x28, 0xD2, 0x28, 0xD2, 0x28, 0xD2, 0x28, 0xD2,
    0x28, 0xD2, 0x28, 0xD2, 0x28, 0xD2, 0x28, 0xD2, 0x28, 0xD2, 0x82, 0x10,
    0x82, 0x10, 0x82, 0x10, 0x82, 0x10, 0x82, 0x10, 0x82, 0x10, 0x82, 0x10,
    0x82, 0x10, 0x82, 0x10, 0x66, 0x29, 0x66, 0x29, 0x66, 0x29, 0x66, 0x29,
    0x66, 0x29, 0x66, 0x29, 0x66, 0x29, 0x66, 0x29, 0x82, 0x10, 0x82, 0x10,
    0x82, 0x10, 0x82, 0x10, 0x82, 0x10, 0x82, 0x10, 0x82, 0x10, 0x82, 0x10,
    0x82, 0x10, 0x28, 0xD2, 0x28, 0xD2, 0x28, 0xD2, 0x28, 0xD2, 0x28, 0xD2,
    0x28, 0xD2, 0x28, 0xD2, 0x28, 0xD2, 0x28, 0xD2, 0x28, 0xD2, 0x28, 0xD2,
    0x28, 0xD2, 0x28, 0xD2, 0x28, 0xD2, 0x82, 0x10, 0x82, 0x10, 0x82, 0x10,
    0x82, 0x10, 0x82, 0x10, 0x82, 0x10, 0x82, 0x10, 0x82, 0x10, 0x82, 0x10,
    0x66, 0x29, 0x66, 0x29, 0x66, 0x29, 0x66, 0x29, 0x66, 0x29, 0x66, 0x29,
    0x66, 0x29, 0x66, 0x29, 0x82, 0x10, 0x82, 0x10, 0x82, 0x10, 0x82, 0x10,
    0x82, 0x10, 0x82, 0x10, 0x82, 0x10, 0x82, 0x10, 0x82, 0x10, 0x28, 0xD2,
    0x28, 0xD2, 0x28, 0xD2, 0x28, 0xD2, 0x28, 0xD2, 0x28, 0xD2, 0x28, 0xD2,
    0x28, 0xD2, 0x28, 0xD2, 0x28, 0xD2, 0x28, 0xD2, 0x28, 0xD2, 0x28, 0xD2,
    0x28, 0xD2, 0x82, 0x10, 0x82, 0x10, 0x82, 0x10, 0x82, 0x10, 0x82, 0x10,
    0x82, 0x10, 0x82, 0x10, 0x82, 0x10, 0x82, 0x10, 0x66, 0x29, 0x66, 0x29,
    0x66, 0x29, 0x66, 0x29, 0x66, 0x29, 0x66, 0x29, 0x66, 0x29, 0x66, 0x29,
    0x82, 0x10, 0x82, 0x10, 0x82, 0x10, 0x82, 0x10, 0x82, 0x10, 0x82, 0x10,
    0x82, 0x10, 0x82, 0x10, 0x82, 0x10, 0x28, 0xD2, 0x28, 0xD2, 0x28, 0xD2,
    0x28, 0xD2, 0x28, 0xD2, 0x28, 0xD2, 0x28, 0xD2, 0x28, 0xD2, 0x28, 0xD2,
    0x28, 0xD2, 0x28, 0xD2, 0x28, 0xD2, 0x28, 0xD2, 0x28, 0xD2, 0x82, 0x10,
    0x82, 0x10, 0x82, 0x10, 0x82, 0x10, 0x82, 0x10, 0x82, 0x10, 0x82, 0x10,
    0x82, 0x10, 0x82, 0x10, 0x82, 0x10, 0x66, 0x29, 0x66, 0x29, 0x66, 0x29,
    0x66, 0x29, 0x66, 0x29, 0x66, 0x29, 0x82, 0x10, 0x82, 0x10, 0x82, 0x10,
    0x82, 0x10, 0x82, 0x10, 0x82, 0x10, 0x82, 0x10, 0x82, 0x10, 0x82, 0x10,
    0x82, 0x10, 0x28, 0xD2, 0x28, 0xD2, 0x28, 0xD2, 0x28, 0xD2, 0x28, 0xD2,
    0x28, 0xD2, 0x28, 0xD2, 0x28, 0xD2, 0x28, 0xD2, 0x28, 0xD2, 0x28, 0xD2,
    0x28, 0xD2, 0x28, 0xD2, 0x28, 0xD2, 0x28, 0xD2, 0x82, 0x10, 0x82, 0x10,
    0x82, 0x10, 0x82, 0x10, 0x28, 0xD2, 0x82, 0x10, 0x82, 0x10, 0x82, 0x10,
    0x82, 0x10, 0x82, 0x10, 0x66, 0x29, 0x66, 0x29, 0x66, 0x29, 0x66, 0x29,
    0x82, 0x10, 0x82, 0x10, 0x82, 0x10, 0x82, 0x10, 0x82, 0x10, 0x28, 0xD2,
    0x82, 0x10, 0x82, 0x10, 0x82, 0x10, 0x82, 0x10, 0x28, 0xD2, 0x28, 0xD2,
    0x28, 0xD2, 0x28, 0xD2, 0x28, 0xD2, 0x28, 0xD2, 0x28, 0xD2, 0x28, 0xD2,
    0x00, 0x00, 0x28, 0xD2, 0x28, 0xD2, 0x28, 0xD2, 0x28, 0xD2, 0x28, 0xD2,
    0x28, 0xD2, 0x28, 0xD2, 0x82, 0x10, 0x82, 0x10, 0x28, 0xD2, 0x28, 0xD2,
    0x28, 0xD2, 0x82, 0x10, 0x82, 0x10, 0x82, 0x10, 0x82, 0x10, 0x82, 0x10,
    0x82, 0x10, 0x82, 0x10, 0x82, 0x10, 0x82, 0x10, 0x82, 0x10, 0x82, 0x10,
    0x82, 0x10, 0x82, 0x10, 0x82, 0x10, 0x28, 0xD2, 0x28, 0xD2, 0x28, 0xD2,
    0x82, 0x10, 0x82, 0x10, 0x28, 0xD2, 0x28, 0xD2, 0x28, 0xD2, 0x28, 0xD2,
    0x28, 0xD2, 0x28, 0xD2, 0x28, 0xD2, 0x00, 0x00, 0x00, 0x00, 0x28, 0xD2,
    0x28, 0xD2, 0x28, 0xD2, 0x28, 0xD2, 0x28, 0xD2, 0x28, 0xD2, 0x28, 0xD2,
    0x28, 0xD2, 0x28, 0xD2, 0x28, 0xD2, 0x28, 0xD2, 0x28, 0xD2, 0x82, 0x10,
    0x82, 0x10, 0x82, 0x10, 0x82, 0x10, 0x82, 0x10, 0x82, 0x10, 0x82, 0x10,
    0x82, 0x10, 0x82, 0x10, 0x82, 0x10, 0x82, 0x10, 0x82, 0x10, 0x82, 0x10,
    0x82, 0x10, 0x28, 0xD2, 0x28, 0xD2, 0x28, 0xD2, 0x28, 0xD2, 0x28, 0xD2,
    0x28, 0xD2, 0x28, 0xD2, 0x28, 0xD2, 0x28, 0xD2, 0x28, 0xD2, 0x28, 0xD2,
    0x28, 0xD2, 0x00, 0x00, 0x00, 0x00, 0x28, 0xD2, 0x28, 0xD2, 0x28, 0xD2,
    0x28, 0xD2, 0x28, 0xD2, 0x28, 0xD2, 0x28, 0xD2, 0x28, 0xD2, 0x28, 0xD2,
    0x28, 0xD2, 0x82, 0x10, 0x82, 0x10, 0x82, 0x10, 0x82, 0x10, 0x82, 0x10,
    0x82, 0x10, 0x82, 0x10, 0x82, 0x10, 0x82, 0x10, 0x82, 0x10, 0x82, 0x10,
    0x82, 0x10, 0x82, 0x10, 0x82, 0x10, 0x82, 0x10, 0x82, 0x10, 0x82, 0x10,
    0x82, 0x10, 0x28, 0xD2, 0x28, 0xD2, 0x28, 0xD2, 0x28, 0xD2, 0x28, 0xD2,
    0x28, 0xD2, 0x28, 0xD2, 0x28, 0xD2, 0x28, 0xD2, 0x28, 0xD2, 0x00, 0x00,
    0x00, 0x00, 0x00, 0x00, 0x28, 0xD2, 0x28, 0xD2, 0x28, 0xD2, 0x28, 0xD2,
    0x28, 0xD2, 0x28, 0xD2, 0x28, 0xD2, 0x28, 0xD2, 0x82, 0x10, 0x82, 0x10,
    0x82, 0x10, 0x82, 0x10, 0x82, 0x10, 0x82, 0x10, 0x82, 0x10, 0x82, 0x10,
    0x82, 0x10, 0x82, 0x10, 0x82, 0x10, 0x82, 0x10, 0x82, 0x10, 0x82, 0x10,
    0x82, 0x10, 0x82, 0x10, 0x82, 0x10, 0x82, 0x10, 0x82, 0x10, 0x82, 0x10,
    0x28, 0xD2, 0x28, 0xD2, 0x28, 0xD2, 0x28, 0xD2, 0x28, 0xD2, 0x28, 0xD2,
    0x28, 0xD2, 0x28, 0xD2, 0x00, 0x00, 0x00, 0x00, 0x00, 0x00, 0x00, 0x00,
    0x28, 0xD2, 0x28, 0xD2, 0x28, 0xD2, 0x28, 0xD2, 0x28, 0xD2, 0x28, 0xD2,
    0x28, 0xD2, 0x28, 0xD2, 0x82, 0x10, 0x82, 0x10, 0x82, 0x10, 0x82, 0x10,
    0x82, 0x10, 0x82, 0x10, 0x82, 0x10, 0x82, 0x10, 0x28, 0xD2, 0x28, 0xD2,
    0x28, 0xD2, 0x82, 0x10, 0x82, 0x10, 0x82, 0x10, 0x82, 0x10, 0x82, 0x10,
    0x82, 0x10, 0x82, 0x10, 0x82, 0x10, 0x82, 0x10, 0x28, 0xD2, 0x28, 0xD2,
    0x28, 0xD2, 0x28, 0xD2, 0x28, 0xD2, 0x28, 0xD2, 0x28, 0xD2, 0x28, 0xD2,
    0x00, 0x00, 0x00, 0x00, 0x00, 0x00, 0x00, 0x00, 0x28, 0xD2, 0x28, 0xD2,
    0x28, 0xD2, 0x28, 0xD2, 0x28, 0xD2, 0x28, 0xD2, 0x28, 0xD2, 0x28, 0xD2,
    0x28, 0xD2, 0x82, 0x10, 0x82, 0x10, 0x82, 0x10, 0x82, 0x10, 0x82, 0x10,
    0x82, 0x10, 0x82, 0x10, 0x28, 0xD2, 0x28, 0xD2, 0x28, 0xD2, 0x82, 0x10,
    0x82, 0x10, 0x82, 0x10, 0x82, 0x10, 0x82, 0x10, 0x82, 0x10, 0x82, 0x10,
    0x82, 0x10, 0x28, 0xD2, 0x28, 0xD2, 0x28, 0xD2, 0x28, 0xD2, 0x28, 0xD2,
    0x28, 0xD2, 0x28, 0xD2, 0x28, 0xD2, 0x28, 0xD2, 0x00, 0x00, 0x00, 0x00,
    0x00, 0x00, 0x00, 0x00, 0x00, 0x00, 0x28, 0xD2, 0x28, 0xD2, 0x28, 0xD2,
    0x28, 0xD2, 0x28, 0xD2, 0x28, 0xD2, 0x28, 0xD2, 0x28, 0xD2, 0x28, 0xD2,
    0x28, 0xD2, 0x82, 0x10, 0x82, 0x10, 0x82, 0x10, 0x82, 0x10, 0x82, 0x10,
    0x28, 0xD2, 0x28, 0xD2, 0x28, 0xD2, 0x82, 0x10, 0x82, 0x10, 0x82, 0x10,
    0x82, 0x10, 0x82, 0x10, 0x82, 0x10, 0x28, 0xD2, 0x28, 0xD2, 0x28, 0xD2,
    0x28, 0xD2, 0x28, 0xD2, 0x28, 0xD2, 0x28, 0xD2, 0x28, 0xD2, 0x28, 0xD2,
    0x28, 0xD2, 0x00, 0x00, 0x00, 0x00, 0x00, 0x00, 0x00, 0x00, 0x00, 0x00,
    0x00, 0x00, 0x00, 0x00, 0x28, 0xD2, 0x28, 0xD2, 0x28, 0xD2, 0x28, 0xD2,
    0x28, 0xD2, 0x28, 0xD2, 0x28, 0xD2, 0x28, 0xD2, 0x28, 0xD2, 0x28, 0xD2,
    0x82, 0x10, 0x82, 0x10, 0x82, 0x10, 0x82, 0x10, 0x28, 0xD2, 0x28, 0xD2,
    0x28, 0xD2, 0x82, 0x10, 0x82, 0x10, 0x82, 0x10, 0x82, 0x10, 0x82, 0x10,
    0x28, 0xD2, 0x28, 0xD2, 0x28, 0xD2, 0x28, 0xD2, 0x28, 0xD2, 0x28, 0xD2,
    0x28, 0xD2, 0x28, 0xD2, 0x28, 0xD2, 0x28, 0xD2, 0x00, 0x00, 0x00, 0x00,
    0x00, 0x00, 0x00, 0x00, 0x00, 0x00, 0x00, 0x00, 0x00, 0x00, 0x00, 0x00,
    0x00, 0x00, 0x28, 0xD2, 0x28, 0xD2, 0x28, 0xD2, 0x28, 0xD2, 0x28, 0xD2,
    0x28, 0xD2, 0x28, 0xD2, 0x28, 0xD2, 0x28, 0xD2, 0x28, 0xD2, 0x28, 0xD2,
    0x28, 0xD2, 0x82, 0x10, 0x28, 0xD2, 0x28, 0xD2, 0x28, 0xD2, 0x82, 0x10,
    0x82, 0x10, 0x28, 0xD2, 0x28, 0xD2, 0x28, 0xD2, 0x28, 0xD2, 0x28, 0xD2,
    0x28, 0xD2, 0x28, 0xD2, 0x28, 0xD2, 0x28, 0xD2, 0x28, 0xD2, 0x28, 0xD2,
    0x28, 0xD2, 0x00, 0x00, 0x00, 0x00, 0x00, 0x00, 0x00, 0x00, 0x00, 0x00,
    0x00, 0x00, 0x00, 0x00, 0x00, 0x00, 0x00, 0x00, 0x00, 0x00, 0x28, 0xD2,
    0x28, 0xD2, 0x28, 0xD2, 0x28, 0xD2, 0x28, 0xD2, 0x28, 0xD2, 0x28, 0xD2,
    0x28, 0xD2, 0x28, 0xD2, 0x28, 0xD2, 0x28, 0xD2, 0x28, 0xD2, 0x28, 0xD2,
    0x28, 0xD2, 0x28, 0xD2, 0x28, 0xD2, 0x28, 0xD2, 0x28, 0xD2, 0x28, 0xD2,
    0x28, 0xD2, 0x28, 0xD2, 0x28, 0xD2, 0x28, 0xD2, 0x28, 0xD2, 0x28, 0xD2,
    0x28, 0xD2, 0x28, 0xD2, 0x28, 0xD2, 0x28, 0xD2, 0x28, 0xD2, 0x00, 0x00,
    0x00, 0x00, 0x00, 0x00, 0x00, 0x00, 0x00, 0x00, 0x00, 0x00, 0x00, 0x00,
    0x00, 0x00, 0x00, 0x00, 0x00, 0x00, 0x00, 0x00, 0x28, 0xD2, 0x28, 0xD2,
    0x28, 0xD2, 0x28, 0xD2, 0x28, 0xD2, 0x28, 0xD2, 0x28, 0xD2, 0x28, 0xD2,
    0x28, 0xD2, 0x28, 0xD2, 0x28, 0xD2, 0x28, 0xD2, 0x28, 0xD2, 0x28, 0xD2,
    0x28, 0xD2, 0x28, 0xD2, 0x28, 0xD2, 0x28, 0xD2, 0x28, 0xD2, 0x28, 0xD2,
    0x28, 0xD2, 0x28, 0xD2, 0x28, 0xD2, 0x28, 0xD2, 0x28, 0xD2, 0x28, 0xD2,
    0x28, 0xD2, 0x28, 0xD2, 0x00, 0x00, 0x00, 0x00, 0x00, 0x00, 0x00, 0x00,
    0x00, 0x00, 0x00, 0x00, 0x00, 0x00, 0x00, 0x00, 0x00, 0x00, 0x00, 0x00,
    0x00, 0x00, 0x00, 0x00, 0x00, 0x00, 0x00, 0x00, 0x28, 0xD2, 0x28, 0xD2,
    0x28, 0xD2, 0x28, 0xD2, 0x28, 0xD2, 0x28, 0xD2, 0x28, 0xD2, 0x28, 0xD2,
    0x28, 0xD2, 0x28, 0xD2, 0x28, 0xD2, 0x28, 0xD2, 0x28, 0xD2, 0x28, 0xD2,
    0x28, 0xD2, 0x28, 0xD2, 0x28, 0xD2, 0x28, 0xD2, 0x28, 0xD2, 0x28, 0xD2,
    0x28, 0xD2, 0x28, 0xD2, 0x28, 0xD2, 0x28, 0xD2, 0x00, 0x00, 0x00, 0x00,
    0x00, 0x00, 0x00, 0x00, 0x00, 0x00, 0x00, 0x00, 0x00, 0x00, 0x00, 0x00,
    0x00, 0x00, 0x00, 0x00, 0x00, 0x00, 0x00, 0x00, 0x00, 0x00, 0x00, 0x00,
    0x00, 0x00, 0x00, 0x00, 0x00, 0x00, 0x28, 0xD2, 0x28, 0xD2, 0x28, 0xD2,
    0x28, 0xD2, 0x28, 0xD2, 0x28, 0xD2, 0x28, 0xD2, 0x28, 0xD2, 0x28, 0xD2,
    0x28, 0xD2, 0x28, 0xD2, 0x28, 0xD2, 0x28, 0xD2, 0x28, 0xD2, 0x28, 0xD2,
    0x28, 0xD2, 0x28, 0xD2, 0x28, 0xD2, 0x28, 0xD2, 0x28, 0xD2, 0x28, 0xD2,
    0x28, 0xD2, 0x00, 0x00, 0x00, 0x00, 0x00, 0x00, 0x00, 0x00, 0x00, 0x00,
    0x00, 0x00, 0x00, 0x00, 0x00, 0x00, 0x00, 0x00, 0x00, 0x00, 0x00, 0x00,
    0x00, 0x00, 0x00, 0x00, 0x00, 0x00, 0x00, 0x00, 0x00, 0x00, 0x00, 0x00,
    0x00, 0x00, 0x00, 0x00, 0x28, 0xD2, 0x28, 0xD2, 0x28, 0xD2, 0x28, 0xD2,
    0x28, 0xD2, 0x28, 0xD2, 0x28, 0xD2, 0x28, 0xD2, 0x28, 0xD2, 0x28, 0xD2,
    0x28, 0xD2, 0x28, 0xD2, 0x28, 0xD2, 0x28, 0xD2, 0x28, 0xD2, 0x28, 0xD2,
    0x28, 0xD2, 0x28, 0xD2, 0x28, 0xD2, 0x28, 0xD2, 0x00, 0x00, 0x00, 0x00,
    0x00, 0x00, 0x00, 0x00, 0x00, 0x00, 0x00, 0x00, 0x00, 0x00, 0x00, 0x00,
    0x00, 0x00, 0x00, 0x00, 0x00, 0x00, 0x00, 0x00, 0x00, 0x00, 0x00, 0x00,
    0x00, 0x00, 0x00, 0x00, 0x00, 0x00, 0x00, 0x00, 0x00, 0x00, 0x00, 0x00,
    0x00, 0x00, 0x00, 0x00, 0x00, 0x00, 0x28, 0xD2, 0x28, 0xD2, 0x28, 0xD2,
    0x28, 0xD2, 0x28, 0xD2, 0x28, 0xD2, 0x28, 0xD2, 0x28, 0xD2, 0x28, 0xD2,
    0x28, 0xD2, 0x28, 0xD2, 0x28, 0xD2, 0x28, 0xD2, 0x28, 0xD2, 0x00, 0x00,
    0x00, 0x00, 0x00, 0x00, 0x00, 0x00, 0x00, 0x00, 0x00, 0x00, 0x00, 0x00,
    0x00, 0x00, 0x00, 0x00, 0x00, 0x00, 0x00, 0x00, 0x00, 0x00, 0x00, 0x00,
    0x00, 0x00, 0x00, 0x00, 0x00, 0x00, 0x00, 0x00, 0x00, 0x00, 0x00, 0x00,
    0x00, 0x00, 0x00, 0x00, 0x00, 0x00, 0x00, 0x00, 0x00, 0x00, 0x00, 0x00,
    0x00, 0x00, 0x00, 0x00, 0x00, 0x00, 0x00, 0x00, 0x28, 0xD2, 0x28, 0xD2,
    0x28, 0xD2, 0x28, 0xD2, 0x28, 0xD2, 0x28, 0xD2, 0x28, 0xD2, 0x28, 0xD2,
    0x00, 0x00, 0x00, 0x00, 0x00, 0x00, 0x00, 0x00, 0x00, 0x00, 0x00, 0x00,
    0x00, 0x00, 0x00, 0x00, 0x00, 0x00, 0x00, 0x00, 0x00, 0x00, 0x00, 0x00,
    0x00, 0x00, 0x00, 0x00, 0x00, 0x00, 0x00, 0x00, 0x00, 0x00, 0x00, 0x00,
    0x00, 0x00, 0x00, 0x00, 0x00, 0x00, 0x00, 0x00, 0x00, 0x00, 0x00, 0x00,
    0xFF, 0xFF, 0xFF, 0xFF, 0xFF, 0xFF, 0xFF, 0xFF, 0x00, 0x00, 0x00, 0x00,
    0x00, 0x00, 0x00, 0x00, 0x00, 0x00, 0x00, 0x00, 0x00, 0x00, 0x00, 0x00,
    0x00, 0x00, 0x00, 0x00, 0x00, 0x00, 0x00, 0x00, 0x00, 0x00, 0x00, 0x00,
    0x00, 0xFF, 0xFF, 0xFF, 0xFF, 0xFF, 0xFF, 0xFF, 0xFF, 0xFF, 0xFF, 0xFF,
    0xFF, 0xFF, 0xFF, 0x00, 0x00, 0x00, 0x00, 0x00, 0x00, 0x00, 0x00, 0x00,
    0x00, 0x00, 0x00, 0x00, 0x00, 0x00, 0x00, 0x00, 0x00, 0x00, 0x00, 0x00,
    0x00, 0x00, 0xFF, 0xFF, 0xFF, 0xFF, 0xFF, 0xFF, 0xFF, 0xFF, 0xFF, 0xFF,
    0xFF, 0xFF, 0xFF, 0xFF, 0xFF, 0xFF, 0xFF, 0xFF, 0xFF, 0xFF, 0x00, 0x00,
    0x00, 0x00, 0x00, 0x00, 0x00, 0x00, 0x00, 0x00, 0x00, 0x00, 0x00, 0x00,
    0x00, 0x00, 0x00, 0x00, 0x00, 0xFF, 0xFF, 0xFF, 0xFF, 0xFF, 0xFF, 0xFF,
    0xFF, 0xFF, 0xFF, 0xFF, 0xFF, 0xFF, 0xFF, 0xFF, 0xFF, 0xFF, 0xFF, 0xFF,
    0xFF, 0xFF, 0xFF, 0x00, 0x00, 0x00, 0x00, 0x00, 0x00, 0x00, 0x00, 0x00,
    0x00, 0x00, 0x00, 0x00, 0x00, 0x00, 0x00, 0x00, 0xFF, 0xFF, 0xFF, 0xFF,
    0xFF, 0xFF, 0xFF, 0xFF, 0xFF, 0xFF, 0xFF, 0xFF, 0xFF, 0xFF, 0xFF, 0xFF,
    0xFF, 0xFF, 0xFF, 0xFF, 0xFF, 0xFF, 0xFF, 0xFF, 0x00, 0x00, 0x00, 0x00,
    0x00, 0x00, 0x00, 0x00, 0x00, 0x00, 0x00, 0x00, 0x00, 0x00, 0xFF, 0xFF,
    0xFF, 0xFF, 0xFF, 0xFF, 0xFF, 0xFF, 0xFF, 0xFF, 0xFF, 0xFF, 0xFF, 0xFF,
    0xFF, 0xFF, 0xFF, 0xFF, 0xFF, 0xFF, 0xFF, 0xFF, 0xFF, 0xFF, 0xFF, 0xFF,
    0xFF, 0xFF, 0x00, 0x00, 0x00, 0x00, 0x00, 0x00, 0x00, 0x00, 0x00, 0x00,
    0x00, 0xFF, 0xFF, 0xFF, 0xFF, 0xFF, 0xFF, 0xFF, 0xFF, 0xFF, 0xFF, 0xFF,
    0xFF, 0xFF, 0xFF, 0xFF, 0xFF, 0xFF, 0xFF, 0xFF, 0xFF, 0xFF, 0xFF, 0xFF,
    0xFF, 0xFF, 0xFF, 0xFF, 0xFF, 0xFF, 0xFF, 0x00, 0x00, 0x00, 0x00, 0x00,
    0x00, 0x00, 0x00, 0x00, 0x00, 0xFF, 0xFF, 0xFF, 0xFF, 0xFF, 0xFF, 0xFF,
    0xFF, 0xFF, 0xFF, 0xFF, 0xFF, 0xFF, 0xFF, 0xFF, 0xFF, 0xFF, 0xFF, 0xFF,
    0xFF, 0xFF, 0xFF, 0xFF, 0xFF, 0xFF, 0xFF, 0xFF, 0xFF, 0xFF, 0xFF, 0x00,
    0x00, 0x00, 0x00, 0x00, 0x00, 0x00, 0x00, 0x00, 0xFF, 0xFF, 0xFF, 0xFF,
    0xFF, 0xFF, 0xFF, 0xFF, 0xFF, 0xFF, 0xFF, 0xFF, 0xFF, 0xFF, 0xFF, 0xFF,
    0xFF, 0xFF, 0xFF, 0xFF, 0xFF, 0xFF, 0xFF, 0xFF, 0xFF, 0xFF, 0xFF, 0xFF,
    0xFF, 0xFF, 0xFF, 0xFF, 0x00, 0x00, 0x00, 0x00, 0x00, 0x00, 0x00, 0xFF,
    0xFF, 0xFF, 0xFF, 0xFF, 0xFF, 0xFF, 0xFF, 0xFF, 0xFF, 0xFF, 0xFF, 0xFF,
    0xFF, 0xFF, 0xFF, 0xFF, 0xFF, 0xFF, 0xFF, 0xFF, 0xFF, 0xFF, 0xFF, 0xFF,
    0xFF, 0xFF, 0xFF, 0xFF, 0xFF, 0xFF, 0xFF, 0xFF, 0xFF, 0x00, 0x00, 0x00,
    0x00, 0x00, 0xFF, 0xFF, 0xFF, 0xFF, 0xFF, 0xFF, 0xFF, 0xFF, 0xFF, 0xFF,
    0xFF, 0xFF, 0xFF, 0xFF, 0xFF, 0xFF, 0xFF, 0xFF, 0xFF, 0xFF, 0xFF, 0xFF,
    0xFF, 0xFF, 0xFF, 0xFF, 0xFF, 0xFF, 0xFF, 0xFF, 0xFF, 0xFF, 0xFF, 0xFF,
    0xFF, 0xFF, 0x00, 0x00, 0x00, 0x00, 0xFF, 0xFF, 0xFF, 0xFF, 0xFF, 0xFF,
    0xFF, 0xFF, 0xFF, 0xFF, 0xFF, 0xFF, 0xFF, 0xFF, 0xFF, 0xFF, 0xFF, 0xFF,
    0xFF, 0xFF, 0xFF, 0xFF, 0xFF, 0xFF, 0xFF, 0xFF, 0xFF, 0xFF, 0xFF, 0xFF,
    0xFF, 0xFF, 0xFF, 0xFF, 0xFF, 0xFF, 0x00, 0x00, 0x00, 0x00, 0xFF, 0xFF,
    0xFF, 0xFF, 0xFF, 0xFF, 0xFF, 0xFF, 0xFF, 0xFF, 0xFF, 0xFF, 0xFF, 0xFF,
    0xFF, 0xFF, 0xFF, 0xFF, 0xFF, 0xFF, 0xFF, 0xFF, 0xFF, 0xFF, 0xFF, 0xFF,
    0xFF, 0xFF, 0xFF, 0xFF, 0xFF, 0xFF, 0xFF, 0xFF, 0xFF, 0xFF, 0x00, 0x00,
    0x00, 0xFF, 0xFF, 0xFF, 0xFF, 0xFF, 0xFF, 0xFF, 0xFF, 0xFF, 0xFF, 0xFF,
    0xFF, 0xFF, 0xFF, 0xFF, 0xFF, 0xFF, 0xFF, 0xFF, 0xFF, 0xFF, 0xFF, 0xFF,
    0xFF, 0xFF, 0xFF, 0xFF, 0xFF, 0xFF, 0xFF, 0xFF, 0xFF, 0xFF, 0xFF, 0xFF,
    0xFF, 0xFF, 0xFF, 0x00, 0x00, 0xFF, 0xFF, 0xFF, 0xFF, 0xFF, 0xFF, 0xFF,
    0xFF, 0xFF, 0xFF, 0xFF, 0xFF, 0xFF, 0xFF, 0xFF, 0xFF, 0xFF, 0xFF, 0xFF,
    0xFF, 0xFF, 0xFF, 0xFF, 0xFF, 0xFF, 0xFF, 0xFF, 0xFF, 0xFF, 0xFF, 0xFF,
    0xFF, 0xFF, 0xFF, 0xFF, 0xFF, 0xFF, 0xFF, 0x00, 0x00, 0xFF, 0xFF, 0xFF,
    0xFF, 0xFF, 0xFF, 0xFF, 0xFF, 0xFF, 0xFF, 0xFF, 0xFF, 0xFF, 0xFF, 0xFF,
    0xFF, 0xFF, 0xFF, 0xFF, 0xFF, 0xFF, 0xFF, 0xFF, 0xFF, 0xFF, 0xFF, 0xFF,
    0xFF, 0xFF, 0xFF, 0xFF, 0xFF, 0xFF, 0xFF, 0xFF, 0xFF, 0xFF, 0xFF, 0x00,
    0xFF, 0xFF, 0xFF, 0xFF, 0xFF, 0xFF, 0xFF, 0xFF, 0xFF, 0xFF, 0xFF, 0xFF,
    0xFF, 0xFF, 0xFF, 0xFF, 0xFF, 0xFF, 0xFF, 0xFF, 0xFF, 0xFF, 0xFF, 0xFF,
    0xFF, 0xFF, 0xFF, 0xFF, 0xFF, 0xFF, 0xFF, 0xFF, 0xFF, 0xFF, 0xFF, 0xFF,
    0xFF, 0xFF, 0xFF, 0xFF, 0xFF, 0xFF, 0xFF, 0xFF, 0xFF, 0xFF, 0xFF, 0xFF,
    0xFF, 0xFF, 0xFF, 0xFF, 0xFF, 0xFF, 0xFF, 0xFF, 0xFF, 0xFF, 0xFF, 0xFF,
    0xFF, 0xFF, 0xFF, 0xFF, 0xFF, 0xFF, 0xFF, 0xFF, 0xFF, 0xFF, 0xFF, 0xFF,
    0xFF, 0xFF, 0xFF, 0xFF, 0xFF, 0xFF, 0xFF, 0xFF, 0xFF, 0xFF, 0xFF, 0xFF,
    0xFF, 0xFF, 0xFF, 0xFF, 0xFF, 0xFF, 0xFF, 0xFF, 0xFF, 0xFF, 0xFF, 0xFF,
    0xFF, 0xFF, 0xFF, 0xFF, 0xFF, 0xFF, 0xFF, 0xFF, 0xFF, 0xFF, 0xFF, 0xFF,
    0xFF, 0xFF, 0xFF, 0xFF, 0xFF, 0xFF, 0xFF, 0xFF, 0xFF, 0xFF, 0xFF, 0xFF,
    0xFF, 0xFF, 0xFF, 0xFF, 0xFF, 0xFF, 0xFF, 0xFF, 0xFF, 0xFF, 0xFF, 0xFF,
    0xFF, 0xFF, 0xFF, 0xFF, 0xFF, 0xFF, 0xFF, 0xFF, 0xFF, 0xFF, 0xFF, 0xFF,
    0xFF, 0xFF, 0xFF, 0xFF, 0xFF, 0xFF, 0xFF, 0xFF, 0xFF, 0xFF, 0xFF, 0xFF,
    0xFF, 0xFF, 0xFF, 0xFF, 0xFF, 0xFF, 0xFF, 0xFF, 0xFF, 0xFF, 0xFF, 0xFF,
    0xFF, 0xFF, 0xFF, 0xFF, 0xFF, 0xFF, 0xFF, 0xFF, 0xFF, 0xFF, 0xFF, 0xFF,
    0xFF, 0xFF, 0xFF, 0xFF, 0xFF, 0xFF, 0xFF, 0xFF, 0xFF, 0xFF, 0xFF, 0xFF,
    0xFF, 0xFF, 0xFF, 0xFF, 0xFF, 0xFF, 0xFF, 0xFF, 0xFF, 0xFF, 0xFF, 0xFF,
    0xFF, 0xFF, 0xFF, 0xFF, 0xFF, 0xFF, 0xFF, 0xFF, 0xFF, 0xFF, 0xFF, 0xFF,
    0xFF, 0xFF, 0xFF, 0xFF, 0xFF, 0xFF, 0xFF, 0xFF, 0xFF, 0xFF, 0xFF, 0xFF,
    0xFF, 0xFF, 0xFF, 0xFF, 0xFF, 0xFF, 0xFF, 0xFF, 0xFF, 0xFF, 0xFF, 0xFF,
    0xFF, 0xFF, 0xFF, 0xFF, 0xFF, 0xFF, 0xFF, 0xFF, 0xFF, 0xFF, 0xFF, 0xFF,
    0xFF, 0xFF, 0xFF, 0xFF, 0xFF, 0xFF, 0xFF, 0xFF, 0xFF, 0xFF, 0xFF, 0xFF,
    0xFF, 0xFF, 0xFF, 0xFF, 0xFF, 0xFF, 0xFF, 0xFF, 0xFF, 0xFF, 0xFF, 0xFF,
    0xFF, 0xFF, 0xFF, 0xFF, 0xFF, 0xFF, 0xFF, 0xFF, 0xFF, 0xFF, 0xFF, 0xFF,
    0xFF, 0xFF, 0xFF, 0xFF, 0xFF, 0xFF, 0xFF, 0xFF, 0xFF, 0xFF, 0xFF, 0xFF,
    0xFF, 0xFF, 0xFF, 0xFF, 0xFF, 0xFF, 0xFF, 0xFF, 0xFF, 0xFF, 0xFF, 0xFF,
    0xFF, 0xFF, 0xFF, 0xFF, 0xFF, 0xFF, 0xFF, 0xFF, 0x00, 0xFF, 0xFF, 0xFF,
    0xFF, 0xFF, 0xFF, 0xFF, 0xFF, 0xFF, 0xFF, 0xFF, 0xFF, 0xFF, 0xFF, 0xFF,
    0xFF, 0xFF, 0xFF, 0xFF, 0xFF, 0xFF, 0xFF, 0xFF, 0xFF, 0xFF, 0xFF, 0xFF,
    0xFF, 0xFF, 0xFF, 0xFF, 0xFF, 0xFF, 0xFF, 0xFF, 0xFF, 0xFF, 0xFF, 0x00,
    0x00, 0xFF, 0xFF, 0xFF, 0xFF, 0xFF, 0xFF, 0xFF, 0xFF, 0xFF, 0xFF, 0xFF,
    0xFF, 0xFF, 0xFF, 0xFF, 0xFF, 0xFF, 0xFF, 0xFF, 0xFF, 0xFF, 0xFF, 0xFF,
    0xFF, 0xFF, 0xFF, 0xFF, 0xFF, 0xFF, 0xFF, 0xFF, 0xFF, 0xFF, 0xFF, 0xFF,
    0xFF, 0xFF, 0xFF, 0x00, 0x00, 0xFF, 0xFF, 0xFF, 0xFF, 0xFF, 0xFF, 0xFF,
    0xFF, 0xFF, 0xFF, 0xFF, 0xFF, 0xFF, 0xFF, 0xFF, 0xFF, 0xFF, 0xFF, 0xFF,
    0xFF, 0xFF, 0xFF, 0xFF, 0xFF, 0xFF, 0xFF, 0xFF, 0xFF, 0xFF, 0xFF, 0xFF,
    0xFF, 0xFF, 0xFF, 0xFF, 0xFF, 0xFF, 0xFF, 0x00, 0x00, 0x00, 0xFF, 0xFF,
    0xFF, 0xFF, 0xFF, 0xFF, 0xFF, 0xFF, 0xFF, 0xFF, 0xFF, 0xFF, 0xFF, 0xFF,
    0xFF, 0xFF, 0xFF, 0xFF, 0xFF, 0xFF, 0xFF, 0xFF, 0xFF, 0xFF, 0xFF, 0xFF,
    0xFF, 0xFF, 0xFF, 0xFF, 0xFF, 0xFF, 0xFF, 0xFF, 0xFF, 0xFF, 0x00, 0x00,
    0x00, 0x00, 0xFF, 0xFF, 0xFF, 0xFF, 0xFF, 0xFF, 0xFF, 0xFF, 0xFF, 0xFF,
    0xFF, 0xFF, 0xFF, 0xFF, 0xFF, 0xFF, 0xFF, 0xFF, 0xFF, 0xFF, 0xFF, 0xFF,
    0xFF, 0xFF, 0xFF, 0xFF, 0xFF, 0xFF, 0xFF, 0xFF, 0xFF, 0xFF, 0xFF, 0xFF,
    0xFF, 0xFF, 0x00, 0x00, 0x00, 0x00, 0xFF, 0xFF, 0xFF, 0xFF, 0xFF, 0xFF,
    0xFF, 0xFF, 0xFF, 0xFF, 0xFF, 0xFF, 0xFF, 0xFF, 0xFF, 0xFF, 0xFF, 0xFF,
    0xFF, 0xFF, 0xFF, 0xFF, 0xFF, 0xFF, 0xFF, 0xFF, 0xFF, 0xFF, 0xFF, 0xFF,
    0xFF, 0xFF, 0xFF, 0xFF, 0xFF, 0xFF, 0x00, 0x00, 0x00, 0x00, 0x00, 0xFF,
    0xFF, 0xFF, 0xFF, 0xFF, 0xFF, 0xFF, 0xFF, 0xFF, 0xFF, 0xFF, 0xFF, 0xFF,
    0xFF, 0xFF, 0xFF, 0xFF, 0xFF, 0xFF, 0xFF, 0xFF, 0xFF, 0xFF, 0xFF, 0xFF,
    0xFF, 0xFF, 0xFF, 0xFF, 0xFF, 0xFF, 0xFF, 0xFF, 0xFF, 0x00, 0x00, 0x00,
    0x00, 0x00, 0x00, 0x00, 0xFF, 0xFF, 0xFF, 0xFF, 0xFF, 0xFF, 0xFF, 0xFF,
    0xFF, 0xFF, 0xFF, 0xFF, 0xFF, 0xFF, 0xFF, 0xFF, 0xFF, 0xFF, 0xFF, 0xFF,
    0xFF, 0xFF, 0xFF, 0xFF, 0xFF, 0xFF, 0xFF, 0xFF, 0xFF, 0xFF, 0xFF, 0xFF,
    0x00, 0x00, 0x00, 0x00, 0x00, 0x00, 0x00, 0x00, 0x00, 0xFF, 0xFF, 0xFF,
    0xFF, 0xFF, 0xFF, 0xFF, 0xFF, 0xFF, 0xFF, 0xFF, 0xFF, 0xFF, 0xFF, 0xFF,
    0xFF, 0xFF, 0xFF, 0xFF, 0xFF, 0xFF, 0xFF, 0xFF, 0xFF, 0xFF, 0xFF, 0xFF,
    0xFF, 0xFF, 0xFF, 0x00, 0x00, 0x00, 0x00, 0x00, 0x00, 0x00, 0x00, 0x00,
    0x00, 0xFF, 0xFF, 0xFF, 0xFF, 0xFF, 0xFF, 0xFF, 0xFF, 0xFF, 0xFF, 0xFF,
    0xFF, 0xFF, 0xFF, 0xFF, 0xFF, 0xFF, 0xFF, 0xFF, 0xFF, 0xFF, 0xFF, 0xFF,
    0xFF, 0xFF, 0xFF, 0xFF, 0xFF, 0xFF, 0xFF, 0x00, 0x00, 0x00, 0x00, 0x00,
    0x00, 0x00, 0x00, 0x00, 0x00, 0x00, 0xFF, 0xFF, 0xFF, 0xFF, 0xFF, 0xFF,
    0xFF, 0xFF, 0xFF, 0xFF, 0xFF, 0xFF, 0xFF, 0xFF, 0xFF, 0xFF, 0xFF, 0xFF,
    0xFF, 0xFF, 0xFF, 0xFF, 0xFF, 0xFF, 0xFF, 0xFF, 0xFF, 0xFF, 0x00, 0x00,
    0x00, 0x00, 0x00, 0x00, 0x00, 0x00, 0x00, 0x00, 0x00, 0x00, 0x00, 0x00,
    0xFF, 0xFF, 0xFF, 0xFF, 0xFF, 0xFF, 0xFF, 0xFF, 0xFF, 0xFF, 0xFF, 0xFF,
    0xFF, 0xFF, 0xFF, 0xFF, 0xFF, 0xFF, 0xFF, 0xFF, 0xFF, 0xFF, 0xFF, 0xFF,
    0x00, 0x00, 0x00, 0x00, 0x00, 0x00, 0x00, 0x00, 0x00, 0x00, 0x00, 0x00,
    0x00, 0x00, 0x00, 0x00, 0x00, 0xFF, 0xFF, 0xFF, 0xFF, 0xFF, 0xFF, 0xFF,
    0xFF, 0xFF, 0xFF, 0xFF, 0xFF, 0xFF, 0xFF, 0xFF, 0xFF, 0xFF, 0xFF, 0xFF,
    0xFF, 0xFF, 0xFF, 0x00, 0x00, 0x00, 0x00, 0x00, 0x00, 0x00, 0x00, 0x00,
    0x00, 0x00, 0x00, 0x00, 0x00, 0x00, 0x00, 0x00, 0x00, 0x00, 0xFF, 0xFF,
    0xFF, 0xFF, 0xFF, 0xFF, 0xFF, 0xFF, 0xFF, 0xFF, 0xFF, 0xFF, 0xFF, 0xFF,
    0xFF, 0xFF, 0xFF, 0xFF, 0xFF, 0xFF, 0x00, 0x00, 0x00, 0x00, 0x00, 0x00,
    0x00, 0x00, 0x00, 0x00, 0x00, 0x00, 0x00, 0x00, 0x00, 0x00, 0x00, 0x00,
    0x00, 0x00, 0x00, 0x00, 0x00, 0xFF, 0xFF, 0xFF, 0xFF, 0xFF, 0xFF, 0xFF,
    0xFF, 0xFF, 0xFF, 0xFF, 0xFF, 0xFF, 0xFF, 0x00, 0x00, 0x00, 0x00, 0x00,
    0x00, 0x00, 0x00, 0x00, 0x00, 0x00, 0x00, 0x00, 0x00, 0x00, 0x00, 0x00,
    0x00, 0x00, 0x00, 0x00, 0x00, 0x00, 0x00, 0x00, 0x00, 0x00, 0x00, 0x00,
    0xFF, 0xFF, 0xFF, 0xFF, 0xFF, 0xFF, 0xFF, 0xFF, 0x00, 0x00, 0x00, 0x00,
    0x00, 0x00, 0x00, 0x00, 0x00, 0x00, 0x00, 0x00, 0x00, 0x00, 0x00, 0x00,
  },
  { /* frame 13 */
    0x00, 0x00, 0x00, 0x00, 0x00, 0x00, 0x00, 0x00, 0x00, 0x00, 0x00, 0x00,
    0x00, 0x00, 0x00, 0x00, 0x00, 0x00, 0x00, 0xF8, 0x00, 0x00, 0x00, 0x00,
    0x00, 0x00, 0x00, 0x00, 0x28, 0xD2, 0x28, 0xD2, 0x28, 0xD2, 0x08, 0xD2,
    0x49, 0xE2, 0x28, 0xD2, 0x28, 0xD2, 0x28, 0xD2, 0x28, 0xDA, 0x28, 0xD2,
    0x00, 0x00, 0x00, 0x00, 0x00, 0x00, 0x00, 0x00, 0x00, 0x00, 0x00, 0x00,
    0x00, 0x00, 0x00, 0x00, 0x00, 0x00, 0x00, 0x00, 0x00, 0x00, 0x00, 0x00,
    0x00, 0x00, 0x00, 0x00, 0x00, 0x00, 0x00, 0x00, 0x00, 0x00, 0x00, 0x00,
    0x00, 0x00, 0x00, 0x00, 0x00, 0x00, 0x00, 0x00, 0x00, 0x00, 0x00, 0x00,
    0x86, 0xC9, 0x00, 0x00, 0x28, 0xD2, 0x00, 0x00, 0x28, 0xD2, 0x28, 0xD2,
    0x8A, 0xFA, 0x49, 0xE2, 0x69, 0xF2, 0x69, 0xEA, 0x28, 0xD2, 0x49, 0xDA,
    0x49, 0xEA, 0x28, 0xD2, 0x28, 0xD2, 0x28, 0xD2, 0x28, 0xD2, 0x28, 0xD2,
    0x28, 0xD2, 0x28, 0xD2, 0x00, 0x00, 0x00, 0x00, 0x00, 0x00, 0x00, 0x00,
    0x00, 0x00, 0x00, 0x00, 0x00, 0x00, 0x00, 0x00, 0x00, 0x00, 0x00, 0x00,
    0x00, 0x00, 0x00, 0x00, 0x00, 0x00, 0x00, 0x00, 0x00, 0x00, 0x00, 0x00,
    0x00, 0x00, 0x00, 0x00, 0x00, 0x00, 0x00, 0x00, 0x00, 0x00, 0x28, 0xD2,
    0x28, 0xD2, 0x28, 0xD2, 0x28, 0xD2, 0x69, 0xEA, 0x28, 0xD2, 0x28, 0xD2,
    0x28, 0xD2, 0x28, 0xD2, 0x28, 0xD2, 0x28, 0xD2, 0x28, 0xD2, 0x28, 0xD2,
    0x28, 0xD2, 0x28, 0xD2, 0x28, 0xD2, 0x28, 0xD2, 0x28, 0xD2, 0x28, 0xDA,
    0x28, 0xD2, 0x28, 0xD2, 0x00, 0x00, 0x00, 0x00, 0x00, 0x00, 0x00, 0x00,
    0x00, 0x00, 0x00, 0x00, 0x00, 0x00, 0x00, 0x00, 0x00, 0x00, 0x00, 0x00,
    0x00, 0x00, 0x00, 0x00, 0x00, 0x00, 0x00, 0x00, 0x00, 0x00, 0x00, 0x00,
    0x00, 0x00, 0x00, 0x00, 0x00, 0xF8, 0xAA, 0xFA, 0x28, 0xD2, 0x28, 0xDA,
    0x28, 0xD2, 0x28, 0xD2, 0x28, 0xD2, 0x28, 0xD2, 0x28, 0xD2, 0x28, 0xD2,
    0x28, 0xD2, 0x28, 0xD2, 0x28, 0xD2, 0x28, 0xD2, 0x28, 0xD2, 0x28, 0xD2,
    0x28, 0xD2, 0x28, 0xD2, 0x28, 0xD2, 0x28, 0xD2, 0x49, 0xE2, 0x49, 0xEA,
    0x28, 0xD2, 0x28, 0xD2, 0x00, 0x00, 0x00, 0x00, 0x00, 0x00, 0x00, 0x00,
    0x00, 0x00, 0x00, 0x00, 0x00, 0x00, 0x00, 0x00, 0x00, 0x00, 0x00, 0x00,
    0x00, 0x00, 0x00, 0x00, 0xE7, 0xB9, 0x00, 0x00, 0x00, 0x00, 0x28, 0xDA,
    0x28, 0xD2, 0x69, 0xEA, 0x28, 0xD2, 0x28, 0xD2, 0x28, 0xD2, 0x28, 0xD2,
    0x28, 0xD2, 0x28, 0xD2, 0x28, 0xD2, 0x28, 0xD2, 0x28, 0xD2, 0x28, 0xD2,
    0x28, 0xD2, 0x28, 0xD2, 0x28, 0xD2, 0x28, 0xD2, 0x28, 0xD2, 0x28, 0xD2,
    0x28, 0xD2, 0x28, 0xD2, 0x28, 0xD2, 0x28, 0xD2, 0x49, 0xE2, 0x28, 0xD2,
    0x08, 0xD2, 0xC7, 0xE1, 0x00, 0x00, 0xE7, 0xB9, 0x00, 0x00, 0x00, 0x00,
    0x00, 0x00, 0x00, 0x00, 0x00, 0x00, 0x00, 0x00, 0x00, 0x00, 0x00, 0x00,
    0x00, 0x00, 0xA6, 0xC9, 0x28, 0xD2, 0x28, 0xDA, 0x69, 0xEA, 0x28, 0xD2,
    0x28, 0xD2, 0x28, 0xD2, 0x28, 0xD2, 0x28, 0xD2, 0x28, 0xD2, 0x28, 0xD2,
    0x28, 0xD2, 0x28, 0xD2, 0x28, 0xD2, 0x28, 0xD2, 0x28, 0xDA, 0x28, 0xD2,
    0x28, 0xD2, 0x28, 0xD2, 0x28, 0xD2, 0x28, 0xD2, 0x28, 0xD2, 0x28, 0xD2,
    0x28, 0xD2, 0x28, 0xD2, 0x28, 0xD2, 0x69, 0xEA, 0x69, 0xF2, 0x69, 0xF2,
    0xA6, 0xC9, 0x00, 0x00, 0x00, 0x00, 0x00, 0x00, 0x00, 0x00, 0x00, 0x00,
    0x00, 0x00, 0x00, 0x00, 0x00, 0x00, 0x00, 0x00, 0xC7, 0xE1, 0x69, 0xF2,
    0x28, 0xD2, 0x28, 0xD2, 0x28, 0xD2, 0x28, 0xD2, 0x28, 0xD2, 0x28, 0xD2,
    0x28, 0xD2, 0x28, 0xD2, 0x28, 0xD2, 0x08, 0xD2, 0x49, 0xEA, 0x08, 0xCA,
    0x49, 0xEA, 0x89, 0xFA, 0xE7, 0xB1, 0x08, 0xCA, 0x28, 0xD2, 0x28, 0xD2,
    0x28, 0xDA, 0x28, 0xD2, 0x28, 0xD2, 0x28, 0xD2, 0x28, 0xD2, 0x28, 0xD2,
    0x28, 0xD2, 0x28, 0xD2, 0x28, 0xD2, 0x28, 0xD2, 0x28, 0xD2, 0x00, 0x00,
    0x00, 0x00, 0x00, 0x00, 0x00, 0x00, 0x00, 0x00, 0x00, 0x00, 0x00, 0x00,
    0x00, 0x00, 0x00, 0x00, 0x08, 0xD2, 0x69, 0xF2, 0x28, 0xD2, 0x28, 0xD2,
    0x28, 0xD2, 0x28, 0xD2, 0x28, 0xD2, 0x28, 0xD2, 0x28, 0xD2, 0x28, 0xDA,
    0x49, 0xEA, 0x69, 0xFA, 0xC7, 0xA9, 0xA3, 0x20, 0xC3, 0x30, 0x65, 0x71,
    0x62, 0x00, 0x86, 0x91, 0x28, 0xE2, 0x49, 0xE2, 0xE7, 0xB1, 0x28, 0xD2,
    0x48, 0xE2, 0x28, 0xD2, 0x28, 0xD2, 0x28, 0xD2, 0x28, 0xD2, 0x28, 0xD2,
    0x28, 0xD2, 0x28, 0xD2, 0x28, 0xDA, 0x28, 0xDA, 0x00, 0x00, 0x00, 0x00,
    0x00, 0x00, 0x00, 0x00, 0x00, 0x00, 0x00, 0x00, 0x00, 0x00, 0x28, 0xD2,
    0x28, 0xD2, 0x69, 0xEA, 0x28, 0xD2, 0x28, 0xD2, 0x28, 0xD2, 0x28, 0xD2,
    0x28, 0xD2, 0x28, 0xDA, 0x08, 0xCA, 0xA6, 0x91, 0xA3, 0x18, 0x24, 0x51,
    0x41, 0x00, 0x82, 0x10, 0x82, 0x08, 0x62, 0x00, 0x82, 0x10, 0x08, 0xD2,
    0x28, 0xD2, 0x49, 0xE2, 0x82, 0x10, 0x62, 0x00, 0x08, 0xD2, 0x49, 0xF2,
    0x28, 0xDA, 0x28, 0xD2, 0x28, 0xD2, 0x28, 0xD2, 0x28, 0xD2, 0x28, 0xD2,
    0x69, 0xEA, 0x28, 0xD2, 0x00, 0xF8, 0x00, 0x00, 0x86, 0xC9, 0x00, 0x00,
    0x00, 0x00, 0x00, 0x00, 0x00, 0x00, 0x28, 0xD2, 0x49, 0xE2, 0x28, 0xD2,
    0x28, 0xD2, 0x28, 0xD2, 0x28, 0xD2, 0x28, 0xD2, 0x28, 0xD2, 0x69, 0xFA,
    0x04, 0x51, 0x42, 0x00, 0x62, 0x00, 0x62, 0x00, 0xA2, 0x10, 0x82, 0x10,
    0x82, 0x10, 0x62, 0x00, 0x04, 0x41, 0x49, 0xF2, 0x28, 0xDA, 0xE7, 0xB1,
    0x62, 0x00, 0x82, 0x10, 0x24, 0x51, 0x86, 0x81, 0xE7, 0xB1, 0x28, 0xD2,
    0x28, 0xD2, 0x28, 0xD2, 0x28, 0xD2, 0x28, 0xD2, 0x28, 0xD2, 0x69, 0xEA,
    0xAA, 0xFA, 0x28, 0xD2, 0x00, 0x00, 0x00, 0xF8, 0x00, 0x00, 0x00, 0x00,
    0x28, 0xD2, 0x49, 0xEA, 0x28, 0xD2, 0x28, 0xD2, 0x28, 0xD2, 0x28, 0xD2,
    0x28, 0xD2, 0x28, 0xD2, 0x28, 0xD2, 0x28, 0xE2, 0x45, 0x69, 0x82, 0x08,
    0x82, 0x10, 0x82, 0x10, 0x82, 0x10, 0x82, 0x10, 0x82, 0x10, 0x62, 0x00,
    0x45, 0x61, 0x69, 0xFA, 0x8A, 0xFA, 0x86, 0x89, 0x42, 0x00, 0x82, 0x10,
    0x62, 0x00, 0x41, 0x00, 0xC3, 0x28, 0x69, 0xFA, 0x28, 0xD2, 0x28, 0xD2,
    0x28, 0xD2, 0x28, 0xD2, 0x28, 0xD2, 0x28, 0xD2, 0x28, 0xD2, 0x28, 0xD2,
    0x28, 0xD2, 0x00, 0x00, 0x00, 0x00, 0x00, 0x00, 0x28, 0xD2, 0x49, 0xE2,
    0x28, 0xD2, 0x28, 0xD2, 0x28, 0xD2, 0x28, 0xD2, 0x28, 0xD2, 0x28, 0xD2,
    0x69, 0xF2, 0x49, 0xEA, 0x49, 0xE2, 0x82, 0x00, 0x42, 0x00, 0x82, 0x08,
    0x82, 0x10, 0x82, 0x10, 0x82, 0x10, 0x82, 0x10, 0x62, 0x00, 0xC3, 0x20,
    0x25, 0x61, 0xE4, 0x30, 0x62, 0x00, 0x82, 0x10, 0x82, 0x10, 0x82, 0x10,
    0x41, 0x00, 0x86, 0x91, 0x8A, 0xFA, 0x28, 0xDA, 0x28, 0xD2, 0x28, 0xD2,
    0x28, 0xD2, 0x28, 0xD2, 0x28, 0xDA, 0x28, 0xD2, 0x00, 0x00, 0x00, 0x00,
    0x00, 0x00, 0x28, 0xD2, 0x28, 0xDA, 0x28, 0xD2, 0x28, 0xD2, 0x28, 0xD2,
    0x28, 0xD2, 0x28, 0xD2, 0x69, 0xF2, 0x86, 0x81, 0xC3, 0x20, 0xA7, 0xA1,
    0x49, 0xEA, 0x28, 0xD2, 0x65, 0x71, 0x82, 0x00, 0x82, 0x10, 0x82, 0x10,
    0x82, 0x10, 0x82, 0x10, 0x82, 0x10, 0x82, 0x08, 0x62, 0x00, 0x82, 0x08,
    0x82, 0x10, 0x82, 0x10, 0x82, 0x10, 0x82, 0x10, 0x82, 0x10, 0xC3, 0x28,
    0x25, 0x59, 0x08, 0xCA, 0x28, 0xD2, 0x28, 0xD2, 0x28, 0xD2, 0x28, 0xD2,
    0x28, 0xD2, 0x28, 0xD2, 0x28, 0xD2, 0x00, 0x00, 0x00, 0x00, 0x28, 0xD2,
    0x28, 0xD2, 0x28, 0xD2, 0x28, 0xD2, 0x28, 0xD2, 0x28, 0xD2, 0x48, 0xE2,
    0x08, 0xD2, 0x24, 0x51, 0x21, 0x00, 0x04, 0x49, 0x08, 0xC2, 0x69, 0xFA,
    0x65, 0x71, 0x42, 0x00, 0x82, 0x10, 0x82, 0x10, 0x82, 0x10, 0x82, 0x10,
    0x82, 0x10, 0x82, 0x10, 0x82, 0x10, 0x82, 0x10, 0x82, 0x10, 0x82, 0x10,
    0x82, 0x10, 0x82, 0x10, 0x82, 0x10, 0x82, 0x08, 0x42, 0x00, 0xA6, 0x91,
    0x28, 0xDA, 0x28, 0xD2, 0x28, 0xD2, 0x28, 0xD2, 0x28, 0xD2, 0x69, 0xEA,
    0x28, 0xD2, 0x00, 0x00, 0x00, 0x00, 0x28, 0xD2, 0x28, 0xD2, 0x28, 0xD2,
    0x28, 0xD2, 0x28, 0xD2, 0x28, 0xD2, 0x28, 0xD2, 0x62, 0x00, 0x82, 0x10,
    0x82, 0x10, 0x62, 0x00, 0x41, 0x00, 0x28, 0xDA, 0x04, 0x49, 0x82, 0x00,
    0x82, 0x10, 0x82, 0x10, 0x82, 0x10, 0x82, 0x08, 0x82, 0x10, 0x82, 0x10,
    0x82, 0x10, 0x82, 0x10, 0x82, 0x10, 0x82, 0x10, 0x82, 0x10, 0x82, 0x10,
    0x82, 0x10, 0x82, 0x10, 0x62, 0x00, 0xA3, 0x10, 0x49, 0xEA, 0x28, 0xD2,
    0x28, 0xD2, 0x28, 0xD2, 0x28, 0xD2, 0x28, 0xD2, 0x8A, 0xFA, 0x28, 0xD2,
    0x00, 0x00, 0x28, 0xD2, 0x28, 0xD2, 0x28, 0xD2, 0x28, 0xD2, 0x28, 0xD2,
    0x48, 0xE2, 0xA7, 0xA1, 0x62, 0x00, 0x82, 0x10, 0x82, 0x10, 0x82, 0x10,
    0x82, 0x08, 0xC3, 0x30, 0x82, 0x08, 0x82, 0x10, 0x82, 0x10, 0x82, 0x10,
    0x62, 0x08, 0xC3, 0x10, 0x82, 0x10, 0x62, 0x08, 0x62, 0x08, 0x82, 0x10,
    0x82, 0x10, 0x82, 0x10, 0x82, 0x10, 0x82, 0x08, 0x82, 0x08, 0x21, 0x00,
    0xA3, 0x20, 0x66, 0x81, 0x69, 0xF2, 0x28, 0xD2, 0x28, 0xD2, 0x28, 0xD2,
    0x28, 0xD2, 0x28, 0xD2, 0x49, 0xE2, 0x28, 0xD2, 0x28, 0xD2, 0x28, 0xD2,
    0x28, 0xD2, 0x28, 0xD2, 0x28, 0xD2, 0x28, 0xD2, 0x49, 0xF2, 0x45, 0x69,
    0x62, 0x00, 0x82, 0x10, 0x82, 0x10, 0x82, 0x10, 0x82, 0x10, 0x82, 0x08,
    0x82, 0x10, 0x82, 0x10, 0x82, 0x10, 0x82, 0x10, 0x25, 0x21, 0x87, 0x29,
    0x66, 0x29, 0x25, 0x21, 0xE4, 0x18, 0x82, 0x10, 0x82, 0x10, 0x82, 0x10,
    0x82, 0x10, 0x62, 0x00, 0xA7, 0xA1, 0x86, 0x89, 0x08, 0xCA, 0x49, 0xEA,
    0x28, 0xD2, 0x28, 0xD2, 0x28, 0xD2, 0x28, 0xD2, 0x28, 0xD2, 0x28, 0xD2,
    0x69, 0xF2, 0x28, 0xD2, 0x28, 0xDA, 0x28, 0xD2, 0x28, 0xD2, 0x28, 0xD2,
    0x28, 0xD2, 0x28, 0xD2, 0x49, 0xEA, 0xE4, 0x38, 0x82, 0x00, 0x82, 0x10,
    0x82, 0x10, 0x82, 0x10, 0x82, 0x10, 0x82, 0x10, 0x82, 0x10, 0x62, 0x08,
    0xE4, 0x18, 0x66, 0x29, 0x86, 0x29, 0x66, 0x29, 0x66, 0x29, 0x66, 0x29,
    0x66, 0x29, 0x82, 0x10, 0x82, 0x10, 0x82, 0x10, 0x82, 0x08, 0xC3, 0x20,
    0x49, 0xE2, 0x89, 0xFA, 0x49, 0xE2, 0xE8, 0xC1, 0x49, 0xEA, 0x28, 0xDA,
    0x28, 0xD2, 0x28, 0xD2, 0x28, 0xD2, 0x28, 0xD2, 0x69, 0xEA, 0x08, 0xD2,
    0x28, 0xD2, 0x28, 0xD2, 0x28, 0xD2, 0x28, 0xD2, 0x28, 0xD2, 0x28, 0xDA,
    0x08, 0xC2, 0x62, 0x00, 0x82, 0x10, 0x82, 0x10, 0x82, 0x10, 0x82, 0x10,
    0x82, 0x10, 0x82, 0x10, 0x82, 0x10, 0x62, 0x08, 0x25, 0x21, 0x66, 0x29,
    0x66, 0x29, 0x66, 0x29, 0x66, 0x29, 0x66, 0x29, 0x86, 0x29, 0x25, 0x21,
    0x62, 0x08, 0x82, 0x10, 0x82, 0x00, 0x25, 0x59, 0x08, 0xCA, 0x04, 0x51,
    0x45, 0x69, 0x21, 0x00, 0x04, 0x51, 0x48, 0xE2, 0x28, 0xD2, 0x28, 0xD2,
    0x28, 0xD2, 0x28, 0xD2, 0x28, 0xD2, 0x49, 0xE2, 0x28, 0xD2, 0x49, 0xEA,
    0x28, 0xD2, 0x28, 0xD2, 0x28, 0xD2, 0x28, 0xDA, 0xE7, 0xB9, 0xA3, 0x18,
    0x82, 0x10, 0x82, 0x10, 0x82, 0x10, 0x82, 0x08, 0x82, 0x10, 0x82, 0x10,
    0x82, 0x10, 0x82, 0x10, 0x66, 0x29, 0x66, 0x29, 0x66, 0x29, 0x66, 0x29,
    0x66, 0x29, 0x66, 0x29, 0x66, 0x29, 0x87, 0x29, 0xC3, 0x10, 0x82, 0x08,
    0xA3, 0x10, 0x82, 0x00, 0xA3, 0x20, 0x41, 0x00, 0x62, 0x00, 0x62, 0x00,
    0x45, 0x71, 0x8A, 0xFA, 0x28, 0xD2, 0x28, 0xD2, 0x28, 0xD2, 0x28, 0xD2,
    0x49, 0xDA, 0x28, 0xD2, 0x28, 0xD2, 0x49, 0xDA, 0x28, 0xD2, 0x28, 0xD2,
    0x28, 0xD2, 0x28, 0xD2, 0x8A, 0xFA, 0x45, 0x71, 0x62, 0x00, 0x62, 0x00,
    0x41, 0x00, 0xA3, 0x20, 0x82, 0x00, 0xA3, 0x10, 0x82, 0x08, 0xC3, 0x10,
    0x87, 0x29, 0x66, 0x29, 0x66, 0x29, 0x66, 0x29, 0x66, 0x29, 0x66, 0x29,
    0x66, 0x29, 0x66, 0x29, 0x82, 0x10, 0x82, 0x10, 0x82, 0x10, 0x82, 0x10,
    0x82, 0x08, 0x82, 0x10, 0x82, 0x10, 0x82, 0x10, 0xA3, 0x18, 0xE7, 0xB9,
    0x28, 0xDA, 0x28, 0xD2, 0x28, 0xD2, 0x28, 0xD2, 0x49, 0xEA, 0x28, 0xD2,
    0x49, 0xE2, 0x28, 0xD2, 0x28, 0xD2, 0x28, 0xD2, 0x28, 0xD2, 0x28, 0xD2,
    0x48, 0xE2, 0x04, 0x51, 0x21, 0x00, 0x45, 0x69, 0x04, 0x51, 0x08, 0xCA,
    0x25, 0x59, 0x82, 0x00, 0x82, 0x10, 0x62, 0x08, 0x25, 0x21, 0x86, 0x29,
    0x66, 0x29, 0x66, 0x29, 0x66, 0x29, 0x66, 0x29, 0x66, 0x29, 0x25, 0x21,
    0x62, 0x08, 0x82, 0x10, 0x82, 0x10, 0x82, 0x10, 0x82, 0x10, 0x82, 0x10,
    0x82, 0x10, 0x82, 0x10, 0x62, 0x00, 0x08, 0xC2, 0x28, 0xDA, 0x28, 0xD2,
    0x28, 0xD2, 0x28, 0xD2, 0x28, 0xD2, 0x28, 0xD2, 0x08, 0xD2, 0x69, 0xEA,
    0x28, 0xD2, 0x28, 0xD2, 0x28, 0xD2, 0x28, 0xD2, 0x28, 0xDA, 0x49, 0xEA,
    0xE8, 0xC1, 0x49, 0xE2, 0x89, 0xFA, 0x49, 0xE2, 0xC3, 0x20, 0x82, 0x08,
    0x82, 0x10, 0x82, 0x10, 0x82, 0x10, 0x66, 0x29, 0x66, 0x29, 0x66, 0x29,
    0x66, 0x29, 0x86, 0x29, 0x66, 0x29, 0xE4, 0x18, 0x62, 0x08, 0x82, 0x10,
    0x82, 0x10, 0x82, 0x10, 0x82, 0x10, 0x82, 0x10, 0x82, 0x10, 0x82, 0x00,
    0xE4, 0x38, 0x49, 0xEA, 0x28, 0xD2, 0x28, 0xD2, 0x28, 0xD2, 0x28, 0xD2,
    0x28, 0xD2, 0x28, 0xDA, 0x28, 0xD2, 0x69, 0xF2, 0x28, 0xD2, 0x28, 0xD2,
    0x28, 0xD2, 0x28, 0xD2, 0x28, 0xD2, 0x28, 0xD2, 0x49, 0xEA, 0x08, 0xCA,
    0x86, 0x89, 0xA7, 0xA1, 0x62, 0x00, 0x82, 0x10, 0x82, 0x10, 0x82, 0x10,
    0x82, 0x10, 0xE4, 0x18, 0x25, 0x21, 0x66, 0x29, 0x87, 0x29, 0x25, 0x21,
    0x82, 0x10, 0x82, 0x10, 0x82, 0x10, 0x82, 0x10, 0x82, 0x08, 0x82, 0x10,
    0x82, 0x10, 0x82, 0x10, 0x82, 0x10, 0x62, 0x00, 0x45, 0x69, 0x49, 0xF2,
    0x28, 0xD2, 0x28, 0xD2, 0x28, 0xD2, 0x28, 0xD2, 0x28, 0xD2, 0x28, 0xD2,
    0x28, 0xD2, 0x49, 0xE2, 0x28, 0xD2, 0x28, 0xD2, 0x28, 0xD2, 0x28, 0xD2,
    0x28, 0xD2, 0x69, 0xF2, 0x66, 0x81, 0xA3, 0x20, 0x21, 0x00, 0x82, 0x08,
    0x82, 0x08, 0x82, 0x10, 0x82, 0x10, 0x82, 0x10, 0x82, 0x10, 0x62, 0x08,
    0x62, 0x08, 0x82, 0x10, 0xC3, 0x10, 0x62, 0x08, 0x82, 0x10, 0x82, 0x10,
    0x82, 0x10, 0x82, 0x08, 0xC3, 0x30, 0x82, 0x08, 0x82, 0x10, 0x82, 0x10,
    0x82, 0x10, 0x62, 0x00, 0xA7, 0xA1, 0x48, 0xE2, 0x28, 0xD2, 0x28, 0xD2,
    0x28, 0xD2, 0x28, 0xD2, 0x28, 0xD2, 0x00, 0x00, 0x28, 0xD2, 0x8A, 0xFA,
    0x28, 0xD2, 0x28, 0xD2, 0x28, 0xD2, 0x28, 0xD2, 0x28, 0xD2, 0x49, 0xEA,
    0xA3, 0x10, 0x62, 0x00, 0x82, 0x10, 0x82, 0x10, 0x82, 0x10, 0x82, 0x10,
    0x82, 0x10, 0x82, 0x10, 0x82, 0x10, 0x82, 0x10, 0x82, 0x10, 0x82, 0x10,
    0x82, 0x08, 0x82, 0x10, 0x82, 0x10, 0x82, 0x10, 0x82, 0x00, 0x04, 0x49,
    0x28, 0xDA, 0x41, 0x00, 0x62, 0x00, 0x82, 0x10, 0x82, 0x10, 0x62, 0x00,
    0x28, 0xD2, 0x28, 0xD2, 0x28, 0xD2, 0x28, 0xD2, 0x28, 0xD2, 0x28, 0xD2,
    0x28, 0xD2, 0x00, 0x00, 0x00, 0x00, 0x28, 0xD2, 0x69, 0xEA, 0x28, 0xD2,
    0x28, 0xD2, 0x28, 0xD2, 0x28, 0xD2, 0x28, 0xDA, 0xA6, 0x91, 0x42, 0x00,
    0x82, 0x08, 0x82, 0x10, 0x82, 0x10, 0x82, 0x10, 0x82, 0x10, 0x82, 0x10,
    0x62, 0x00, 0x62, 0x00, 0x82, 0x08, 0x82, 0x10, 0x82, 0x10, 0x82, 0x10,
    0x82, 0x10, 0x82, 0x10, 0x42, 0x00, 0x65, 0x71, 0x69, 0xFA, 0x08, 0xC2,
    0x04, 0x49, 0x21, 0x00, 0x24, 0x51, 0x08, 0xD2, 0x48, 0xE2, 0x28, 0xD2,
    0x28, 0xD2, 0x28, 0xD2, 0x28, 0xD2, 0x28, 0xD2, 0x28, 0xD2, 0x00, 0x00,
    0x00, 0x00, 0x28, 0xD2, 0x28, 0xD2, 0x28, 0xD2, 0x28, 0xD2, 0x28, 0xD2,
    0x28, 0xD2, 0x28, 0xD2, 0x08, 0xCA, 0x25, 0x59, 0xC3, 0x28, 0x82, 0x10,
    0x82, 0x10, 0x82, 0x10, 0x82, 0x08, 0xA3, 0x20, 0xA6, 0x91, 0x25, 0x59,
    0xC3, 0x28, 0x82, 0x10, 0x82, 0x10, 0x82, 0x10, 0x82, 0x10, 0x82, 0x10,
    0x82, 0x00, 0x65, 0x71, 0x28, 0xD2, 0x49, 0xEA, 0xA7, 0xA1, 0xC3, 0x20,
    0x86, 0x81, 0x69, 0xF2, 0x28, 0xD2, 0x28, 0xD2, 0x28, 0xD2, 0x28, 0xD2,
    0x28, 0xD2, 0x28, 0xDA, 0x28, 0xD2, 0x00, 0x00, 0x00, 0x00, 0x00, 0x00,
    0x28, 0xD2, 0x28, 0xDA, 0x28, 0xD2, 0x28, 0xD2, 0x28, 0xD2, 0x28, 0xD2,
    0x28, 0xDA, 0x8A, 0xFA, 0x86, 0x91, 0x41, 0x00, 0x82, 0x10, 0x82, 0x10,
    0x62, 0x00, 0x24, 0x51, 0x8A, 0xFA, 0x69, 0xFA, 0xC7, 0xB1, 0x62, 0x00,
    0x82, 0x10, 0x82, 0x10, 0x82, 0x10, 0x82, 0x10, 0x82, 0x08, 0x42, 0x00,
    0x82, 0x00, 0x49, 0xE2, 0x49, 0xEA, 0x69, 0xF2, 0x28, 0xD2, 0x28, 0xD2,
    0x28, 0xD2, 0x28, 0xD2, 0x28, 0xD2, 0x28, 0xD2, 0x49, 0xE2, 0x28, 0xD2,
    0x00, 0x00, 0x00, 0x00, 0x00, 0x00, 0x28, 0xD2, 0x28, 0xD2, 0x28, 0xD2,
    0x28, 0xD2, 0x28, 0xD2, 0x28, 0xD2, 0x28, 0xD2, 0x28, 0xD2, 0x28, 0xD2,
    0x69, 0xFA, 0xC3, 0x28, 0x41, 0x00, 0x62, 0x00, 0x42, 0x00, 0x86, 0x89,
    0x49, 0xEA, 0x49, 0xF2, 0x45, 0x71, 0x62, 0x00, 0x82, 0x10, 0x82, 0x10,
    0x82, 0x10, 0x82, 0x10, 0x82, 0x10, 0x82, 0x10, 0x82, 0x08, 0x45, 0x69,
    0x28, 0xE2, 0x28, 0xD2, 0x28, 0xD2, 0x28, 0xD2, 0x28, 0xD2, 0x28, 0xD2,
    0x28, 0xD2, 0x28, 0xD2, 0x49, 0xEA, 0x28, 0xD2, 0x00, 0x00, 0x00, 0x00,
    0x00, 0xF8, 0x00, 0x00, 0x28, 0xD2, 0xAA, 0xFA, 0x69, 0xEA, 0x28, 0xD2,
    0x28, 0xD2, 0x28, 0xD2, 0x28, 0xD2, 0x28, 0xD2, 0x28, 0xD2, 0xE7, 0xB1,
    0x86, 0x81, 0x24, 0x51, 0x62, 0x00, 0xE7, 0xB9, 0x28, 0xDA, 0x49, 0xEA,
    0xE4, 0x38, 0x82, 0x00, 0x82, 0x10, 0x82, 0x10, 0x82, 0x10, 0xA2, 0x10,
    0x62, 0x00, 0x62, 0x00, 0x42, 0x00, 0x04, 0x51, 0x69, 0xFA, 0x28, 0xD2,
    0x28, 0xD2, 0x28, 0xD2, 0x28, 0xD2, 0x28, 0xD2, 0x28, 0xD2, 0x49, 0xE2,
    0x28, 0xD2, 0x00, 0x00, 0x00, 0x00, 0x00, 0x00, 0x00, 0x00, 0x86, 0xC9,
    0x00, 0x00, 0x00, 0xF8, 0x28, 0xD2, 0x69, 0xEA, 0x28, 0xD2, 0x28, 0xD2,
    0x28, 0xD2, 0x28, 0xD2, 0x28, 0xD2, 0x28, 0xDA, 0x49, 0xF2, 0x08, 0xCA,
    0xA3, 0x18, 0x49, 0xEA, 0x28, 0xD2, 0x08, 0xCA, 0x82, 0x08, 0x82, 0x10,
    0x62, 0x00, 0x82, 0x08, 0x82, 0x10, 0x41, 0x00, 0x24, 0x51, 0xA3, 0x18,
    0xA6, 0x91, 0x08, 0xCA, 0x28, 0xDA, 0x28, 0xD2, 0x28, 0xD2, 0x28, 0xD2,
    0x28, 0xD2, 0x28, 0xD2, 0x69, 0xEA, 0x28, 0xD2, 0x28, 0xD2, 0x00, 0x00,
    0x00, 0x00, 0x00, 0x00, 0x00, 0x00, 0x00, 0x00, 0x00, 0x00, 0x00, 0x00,
    0x28, 0xDA, 0x28, 0xDA, 0x28, 0xD2, 0x28, 0xD2, 0x28, 0xD2, 0x28, 0xD2,
    0x28, 0xD2, 0x28, 0xD2, 0x28, 0xD2, 0x49, 0xE2, 0x28, 0xD2, 0x28, 0xDA,
    0x28, 0xDA, 0xC7, 0xA1, 0x21, 0x00, 0xA3, 0x18, 0x65, 0x71, 0xC3, 0x30,
    0xA3, 0x20, 0xC7, 0xA9, 0x69, 0xFA, 0x49, 0xEA, 0x28, 0xDA, 0x28, 0xD2,
    0x28, 0xD2, 0x28, 0xD2, 0x28, 0xD2, 0x28, 0xD2, 0x28, 0xD2, 0x28, 0xD2,
    0x69, 0xF2, 0x08, 0xD2, 0x00, 0x00, 0x00, 0x00, 0x00, 0x00, 0x00, 0x00,
    0x00, 0x00, 0x00, 0x00, 0x00, 0x00, 0x00, 0x00, 0x00, 0x00, 0x28, 0xD2,
    0x28, 0xD2, 0x28, 0xD2, 0x28, 0xD2, 0x28, 0xD2, 0x28, 0xD2, 0x28, 0xD2,
    0x28, 0xD2, 0x28, 0xD2, 0x28, 0xD2, 0x28, 0xD2, 0x28, 0xD2, 0x49, 0xE2,
    0x08, 0xC2, 0xE7, 0xB9, 0x89, 0xFA, 0x49, 0xEA, 0x08, 0xCA, 0x49, 0xEA,
    0x08, 0xD2, 0x28, 0xD2, 0x28, 0xD2, 0x28, 0xD2, 0x28, 0xD2, 0x28, 0xD2,
    0x28, 0xD2, 0x28, 0xD2, 0x28, 0xD2, 0x28, 0xD2, 0x69, 0xF2, 0xC7, 0xE1,
    0x00, 0x00, 0x00, 0x00, 0x00, 0x00, 0x00, 0x00, 0x00, 0x00, 0x00, 0x00,
    0x00, 0x00, 0x00, 0x00, 0x00, 0x00, 0xA6, 0xC9, 0x69, 0xF2, 0x69, 0xF2,
    0x69, 0xEA, 0x28, 0xD2, 0x28, 0xD2, 0x28, 0xD2, 0x28, 0xD2, 0x28, 0xD2,
    0x28, 0xD2, 0x28, 0xD2, 0x28, 0xD2, 0x28, 0xD2, 0x28, 0xDA, 0x28, 0xDA,
    0x28, 0xD2, 0x28, 0xD2, 0x28, 0xD2, 0x28, 0xD2, 0x28, 0xD2, 0x28, 0xD2,
    0x28, 0xD2, 0x28, 0xD2, 0x28, 0xD2, 0x28, 0xD2, 0x28, 0xD2, 0x69, 0xEA,
    0x28, 0xDA, 0x28, 0xD2, 0xA6, 0xC9, 0x00, 0x00, 0x00, 0x00, 0x00, 0x00,
    0x00, 0x00, 0x00, 0x00, 0x00, 0x00, 0x00, 0x00, 0x00, 0x00, 0x00, 0x00,
    0xE7, 0xB9, 0x00, 0x00, 0xC7, 0xE1, 0x08, 0xD2, 0x28, 0xD2, 0x49, 0xE2,
    0x28, 0xD2, 0x28, 0xD2, 0x28, 0xD2, 0x28, 0xD2, 0x28, 0xD2, 0x28, 0xD2,
    0x28, 0xD2, 0x28, 0xD2, 0x28, 0xD2, 0x28, 0xD2, 0x28, 0xD2, 0x28, 0xD2,
    0x28, 0xD2, 0x28, 0xD2, 0x28, 0xD2, 0x28, 0xD2, 0x28, 0xD2, 0x28, 0xD2,
    0x28, 0xD2, 0x28, 0xD2, 0x69, 0xEA, 0x28, 0xD2, 0x28, 0xDA, 0x00, 0x00,
    0x00, 0x00, 0xE7, 0xB9, 0x00, 0x00, 0x00, 0x00, 0x00, 0x00, 0x00, 0x00,
    0x00, 0x00, 0x00, 0x00, 0x00, 0x00, 0x00, 0x00, 0x00, 0x00, 0x00, 0x00,
    0x00, 0x00, 0x00, 0x00, 0x28, 0xD2, 0x28, 0xD2, 0x49, 0xEA, 0x49, 0xE2,
    0x28, 0xD2, 0x28, 0xD2, 0x28, 0xD2, 0x28, 0xD2, 0x28, 0xD2, 0x28, 0xD2,
    0x28, 0xD2, 0x28, 0xD2, 0x28, 0xD2, 0x28, 0xD2, 0x28, 0xD2, 0x28, 0xD2,
    0x28, 0xD2, 0x28, 0xD2, 0x28, 0xD2, 0x28, 0xD2, 0x28, 0xDA, 0x28, 0xD2,
    0xAA, 0xFA, 0x00, 0xF8, 0x00, 0x00, 0x00, 0x00, 0x00, 0x00, 0x00, 0x00,
    0x00, 0x00, 0x00, 0x00, 0x00, 0x00, 0x00, 0x00, 0x00, 0x00, 0x00, 0x00,
    0x00, 0x00, 0x00, 0x00, 0x00, 0x00, 0x00, 0x00, 0x00, 0x00, 0x00, 0x00,
    0x00, 0x00, 0x00, 0x00, 0x28, 0xD2, 0x28, 0xD2, 0x28, 0xDA, 0x28, 0xD2,
    0x28, 0xD2, 0x28, 0xD2, 0x28, 0xD2, 0x28, 0xD2, 0x28, 0xD2, 0x28, 0xD2,
    0x28, 0xD2, 0x28, 0xD2, 0x28, 0xD2, 0x28, 0xD2, 0x28, 0xD2, 0x28, 0xD2,
    0x69, 0xEA, 0x28, 0xD2, 0x28, 0xD2, 0x28, 0xD2, 0x28, 0xD2, 0x00, 0x00,
    0x00, 0x00, 0x00, 0x00, 0x00, 0x00, 0x00, 0x00, 0x00, 0x00, 0x00, 0x00,
    0x00, 0x00, 0x00, 0x00, 0x00, 0x00, 0x00, 0x00, 0x00, 0x00, 0x00, 0x00,
    0x00, 0x00, 0x00, 0x00, 0x00, 0x00, 0x00, 0x00, 0x00, 0x00, 0x00, 0x00,
    0x00, 0x00, 0x00, 0x00, 0x28, 0xD2, 0x28, 0xD2, 0x28, 0xD2, 0x28, 0xD2,
    0x28, 0xD2, 0x28, 0xD2, 0x28, 0xD2, 0x49, 0xEA, 0x49, 0xDA, 0x28, 0xD2,
    0x69, 0xEA, 0x69, 0xF2, 0x49, 0xE2, 0x8A, 0xFA, 0x28, 0xD2, 0x28, 0xD2,
    0x00, 0x00, 0x28, 0xD2, 0x00, 0x00, 0x86, 0xC9, 0x00, 0x00, 0x00, 0x00,
    0x00, 0x00, 0x00, 0x00, 0x00, 0x00, 0x00, 0x00, 0x00, 0x00, 0x00, 0x00,
    0x00, 0x00, 0x00, 0x00, 0x00, 0x00, 0x00, 0x00, 0x00, 0x00, 0x00, 0x00,
    0x00, 0x00, 0x00, 0x00, 0x00, 0x00, 0x00, 0x00, 0x00, 0x00, 0x00, 0x00,
    0x00, 0x00, 0x00, 0x00, 0x00, 0x00, 0x00, 0x00, 0x28, 0xD2, 0x28, 0xDA,
    0x28, 0xD2, 0x28, 0xD2, 0x28, 0xD2, 0x49, 0xE2, 0x08, 0xD2, 0x28, 0xD2,
    0x28, 0xD2, 0x28, 0xD2, 0x00, 0x00, 0x00, 0x00, 0x00, 0x00, 0x00, 0x00,
    0x00, 0xF8, 0x00, 0x00, 0x00, 0x00, 0x00, 0x00, 0x00, 0x00, 0x00, 0x00,
    0x00, 0x00, 0x00, 0x00, 0x00, 0x00, 0x00, 0x00, 0x00, 0x00, 0x00, 0x00,
    0x00, 0x00, 0x00, 0x00, 0x00, 0x01, 0x00, 0x01, 0x00, 0x00, 0x3C, 0xE7,
    0x90, 0x57, 0xFF, 0xCA, 0x81, 0xEC, 0xFF, 0xFF, 0x00, 0x00, 0x00, 0x00,
    0x00, 0x00, 0x00, 0x00, 0x00, 0x00, 0x00, 0x00, 0x00, 0x00, 0x00, 0x00,
    0x00, 0x00, 0x00, 0x00, 0x00, 0x00, 0x00, 0x00, 0x05, 0x00, 0x0B, 0x00,
    0x21, 0xBD, 0xFF, 0xFF, 0xFF, 0xFF, 0xFE, 0xFF, 0xFF, 0xFA, 0xFF, 0xFF,
    0xFF, 0xFF, 0xFF, 0xFF, 0x00, 0x00, 0x00, 0x00, 0x00, 0x00, 0x00, 0x00,
    0x00, 0x00, 0x00, 0x00, 0x00, 0x00, 0x00, 0x00, 0x00, 0x00, 0x00, 0x00,
    0x00, 0x29, 0xD7, 0xCC, 0xF8, 0xFF, 0xFE, 0xFE, 0xFF, 0xFF, 0xFE, 0xFF,
    0xFF, 0xFF, 0xFF, 0xFF, 0xFF, 0xFF, 0xFF, 0xFF, 0xE3, 0x0B, 0x00, 0x00,
    0x00, 0x00, 0x00, 0x00, 0x00, 0x00, 0x00, 0x00, 0x00, 0x00, 0x00, 0x00,
    0x00, 0x00, 0x00, 0x00, 0x01, 0xFF, 0xFE, 0xFF, 0xFF, 0xFE, 0xFE, 0xFF,
    0xFF, 0xFF, 0xFF, 0xFF, 0xFF, 0xFF, 0xFF, 0xFF, 0xFF, 0xFF, 0xFF, 0xFC,
    0xFF, 0xFF, 0xEC, 0x56, 0x00, 0x00, 0x00, 0x00, 0x00, 0x00, 0x00, 0x00,
    0x00, 0x00, 0x00, 0x00, 0x04, 0x00, 0x00, 0x30, 0xC8, 0xFF, 0xFE, 0xFF,
    0xFF, 0xFF, 0xFF, 0xFF, 0xFF, 0xFF, 0xFF, 0xFF, 0xFF, 0xFF, 0xFF, 0xFF,
    0xFF, 0xFF, 0xFF, 0xFF, 0xFF, 0xFF, 0xFF, 0xC6, 0x33, 0x09, 0x00, 0x04,
    0x00, 0x00, 0x00, 0x00, 0x00, 0x00, 0x00, 0x00, 0x00, 0x0E, 0xB0, 0xFF,
    0xFF, 0xFB, 0xFF, 0xFF, 0xFF, 0xFF, 0xFF, 0xFF, 0xFF, 0xFF, 0xFF, 0xFF,
    0xFF, 0xFF, 0xFF, 0xFF, 0xFF, 0xFF, 0xFF, 0xFF, 0xFF, 0xFF, 0xFE, 0xFF,
    0xFF, 0xFF, 0x0E, 0x00, 0x00, 0x00, 0x00, 0x00, 0x00, 0x00, 0x00, 0x00,
    0x09, 0xFF, 0xFF, 0xFF, 0xFE, 0xFF, 0xFF, 0xFF, 0xFF, 0xFF, 0xFF, 0xFF,
    0xFF, 0xFF, 0xFF, 0xFF, 0xFF, 0xFF, 0xFF, 0xFF, 0xFF, 0xFF, 0xFF, 0xFF,
    0xFF, 0xFF, 0xFF, 0xFF, 0xFE, 0xFF, 0xB0, 0x00, 0x00, 0x00, 0x00, 0x00,
    0x00, 0x00, 0x00, 0x00, 0x33, 0xFF, 0xFE, 0xFF, 0xFF, 0xFF, 0xFF, 0xFF,
    0xFF, 0xFF, 0xFF, 0xFF, 0xFF, 0xFF, 0xFF, 0xFF, 0xFF, 0xFF, 0xFF, 0xFF,
    0xFF, 0xFF, 0xFF, 0xFF, 0xFF, 0xFF, 0xFF, 0xFF, 0xFF, 0xFF, 0xFF, 0x30,
    0x00, 0x00, 0x00, 0x00, 0x00, 0x00, 0x00, 0x56, 0xC6, 0xFF, 0xFF, 0xFF,
    0xFF, 0xFF, 0xFF, 0xFF, 0xFF, 0xFF, 0xFF, 0xFF, 0xFF, 0xFF, 0xFF, 0xFF,
    0xFF, 0xFF, 0xFF, 0xFF, 0xFF, 0xFF, 0xFF, 0xFF, 0xFF, 0xFF, 0xFF, 0xFF,
    0xFF, 0xFE, 0xFF, 0xC8, 0x01, 0x00, 0x05, 0x00, 0x00, 0x00, 0x00, 0xEC,
    0xFF, 0xFE, 0xFF, 0xFF, 0xFF, 0xFF, 0xFF, 0xFF, 0xFF, 0xFF, 0xFF, 0xFF,
    0xFF, 0xFF, 0xFF, 0xFF, 0xFF, 0xFF, 0xFF, 0xFF, 0xFF, 0xFF, 0xFF, 0xFF,
    0xFF, 0xFF, 0xFF, 0xFF, 0xFF, 0xFF, 0xFB, 0xFF, 0xFF, 0x29, 0x00, 0x01,
    0x00, 0x00, 0x0B, 0xFF, 0xFF, 0xFF, 0xFF, 0xFF, 0xFF, 0xFF, 0xFF, 0xFF,
    0xFF, 0xFF, 0xFF, 0xFF, 0xFF, 0xFF, 0xFF, 0xFF, 0xFF, 0xFF, 0xFF, 0xFF,
    0xFF, 0xFF, 0xFF, 0xFF, 0xFF, 0xFF, 0xFF, 0xFF, 0xFF, 0xFF, 0xFF, 0xFE,
    0xFE, 0xD7, 0x0B, 0x00, 0x00, 0x00, 0xE3, 0xFF, 0xFF, 0xFF, 0xFF, 0xFF,
    0xFF, 0xFF, 0xFF, 0xFF, 0xFF, 0xFF, 0xFF, 0xFF, 0xFF, 0xFF, 0xFF, 0xFF,
    0xFF, 0xFF, 0xFF, 0xFF, 0xFF, 0xFF, 0xFF, 0xFF, 0xFF, 0xFF, 0xFF, 0xFF,
    0xFF, 0xFF, 0xFF, 0xFF, 0xFF, 0xCC, 0x00, 0x01, 0x00, 0xFF, 0xFF, 0xFC,
    0xFF, 0xFF, 0xFF, 0xFF, 0xFF, 0xFF, 0xFF, 0xFF, 0xFF, 0xFF, 0xFF, 0xFF,
    0xFF, 0xFF, 0xFF, 0xFF, 0xFF, 0xFF, 0xFF, 0xFF, 0xFF, 0xFF, 0xFF, 0xFF,
    0xFF, 0xFF, 0xFF, 0xFF, 0xFF, 0xFF, 0xFF, 0xFF, 0xFF, 0xF8, 0x21, 0x00,
    0x00, 0xFF, 0xFF, 0xFF, 0xFF, 0xFF, 0xFF, 0xFF, 0xFF, 0xFF, 0xFF, 0xFF,
    0xFF, 0xFF, 0xFF, 0xFF, 0xFF, 0xFF, 0xFF, 0xFF, 0xFF, 0xFF, 0xFF, 0xFF,
    0xFF, 0xFF, 0xFF, 0xFF, 0xFF, 0xFF, 0xFF, 0xFF, 0xFF, 0xFF, 0xFF, 0xFF,
    0xFE, 0xFF, 0xBD, 0x00, 0x00, 0xFF, 0xFF, 0xFF, 0xFF, 0xFF, 0xFF, 0xFF,
    0xFF, 0xFF, 0xFF, 0xFF, 0xFF, 0xFF, 0xFF, 0xFF, 0xFF, 0xFF, 0xFF, 0xFF,
    0xFF, 0xFF, 0xFF, 0xFF, 0xFF, 0xFF, 0xFF, 0xFF, 0xFF, 0xFF, 0xFF, 0xFF,
    0xFF, 0xFF, 0xFF, 0xFF, 0xFE, 0xFE, 0xFF, 0x3C, 0x00, 0xFF, 0xFF, 0xFF,
    0xFF, 0xFF, 0xFF, 0xFF, 0xFF, 0xFF, 0xFF, 0xFF, 0xFF, 0xFF, 0xFF, 0xFF,
    0xFF, 0xFF, 0xFF, 0xFF, 0xFF, 0xFF, 0xFF, 0xFF, 0xFF, 0xFF, 0xFF, 0xFF,
    0xFF, 0xFF, 0xFF, 0xFF, 0xFF, 0xFF, 0xFF, 0xFF, 0xFF, 0xFE, 0xFF, 0xE7,
    0xFF, 0xFF, 0xFF, 0xFF, 0xFF, 0xFF, 0xFF, 0xFF, 0xFF, 0xFF, 0xFF, 0xFF,
    0xFF, 0xFF, 0xFF, 0xFF, 0xFF, 0xFF, 0xFF, 0xFF, 0xFF, 0xFF, 0xFF, 0xFF,
    0xFF, 0xFF, 0xFF, 0xFF, 0xFF, 0xFF, 0xFF, 0xFF, 0xFF, 0xFF, 0xFF, 0xFF,
    0xFF, 0xFF, 0xFF, 0x90, 0xFF, 0xFF, 0xFF, 0xFF, 0xFF, 0xFF, 0xFF, 0xFF,
    0xFF, 0xFF, 0xFF, 0xFF, 0xFF, 0xFF, 0xFF, 0xFF, 0xFF, 0xFF, 0xFF, 0xFF,
    0xFF, 0xFF, 0xFF, 0xFF, 0xFF, 0xFF, 0xFF, 0xFF, 0xFF, 0xFF, 0xFF, 0xFF,
    0xFF, 0xFF, 0xFF, 0xFF, 0xFF, 0xFF, 0xFF, 0x57, 0xEC, 0xFA, 0xFF, 0xFF,
    0xFF, 0xFF, 0xFF, 0xFF, 0xFF, 0xFF, 0xFF, 0xFF, 0xFF, 0xFF, 0xFF, 0xFF,
    0xFF, 0xFF, 0xFF, 0xFF, 0xFF, 0xFF, 0xFF, 0xFF, 0xFF, 0xFF, 0xFF, 0xFF,
    0xFF, 0xFF, 0xFF, 0xFF, 0xFF, 0xFF, 0xFF, 0xFF, 0xFF, 0xFE, 0xFE, 0xFF,
    0x81, 0xFF, 0xFF, 0xFF, 0xFF, 0xFF, 0xFF, 0xFF, 0xFF, 0xFF, 0xFF, 0xFF,
    0xFF, 0xFF, 0xFF, 0xFF, 0xFF, 0xFF, 0xFF, 0xFF, 0xFF, 0xFF, 0xFF, 0xFF,
    0xFF, 0xFF, 0xFF, 0xFF, 0xFF, 0xFF, 0xFF, 0xFF, 0xFF, 0xFF, 0xFF, 0xFF,
    0xFF, 0xFF, 0xFF, 0xCA, 0xCA, 0xFF, 0xFF, 0xFF, 0xFF, 0xFF, 0xFF, 0xFF,
    0xFF, 0xFF, 0xFF, 0xFF, 0xFF, 0xFF, 0xFF, 0xFF, 0xFF, 0xFF, 0xFF, 0xFF,
    0xFF, 0xFF, 0xFF, 0xFF, 0xFF, 0xFF, 0xFF, 0xFF, 0xFF, 0xFF, 0xFF, 0xFF,
    0xFF, 0xFF, 0xFF, 0xFF, 0xFF, 0xFF, 0xFF, 0x81, 0xFF, 0xFE, 0xFE, 0xFF,
    0xFF, 0xFF, 0xFF, 0xFF, 0xFF, 0xFF, 0xFF, 0xFF, 0xFF, 0xFF, 0xFF, 0xFF,
    0xFF, 0xFF, 0xFF, 0xFF, 0xFF, 0xFF, 0xFF, 0xFF, 0xFF, 0xFF, 0xFF, 0xFF,
    0xFF, 0xFF, 0xFF, 0xFF, 0xFF, 0xFF, 0xFF, 0xFF, 0xFF, 0xFF, 0xFA, 0xEC,
    0x57, 0xFF, 0xFF, 0xFF, 0xFF, 0xFF, 0xFF, 0xFF, 0xFF, 0xFF, 0xFF, 0xFF,
    0xFF, 0xFF, 0xFF, 0xFF, 0xFF, 0xFF, 0xFF, 0xFF, 0xFF, 0xFF, 0xFF, 0xFF,
    0xFF, 0xFF, 0xFF, 0xFF, 0xFF, 0xFF, 0xFF, 0xFF, 0xFF, 0xFF, 0xFF, 0xFF,
    0xFF, 0xFF, 0xFF, 0xFF, 0x90, 0xFF, 0xFF, 0xFF, 0xFF, 0xFF, 0xFF, 0xFF,
    0xFF, 0xFF, 0xFF, 0xFF, 0xFF, 0xFF, 0xFF, 0xFF, 0xFF, 0xFF, 0xFF, 0xFF,
    0xFF, 0xFF, 0xFF, 0xFF, 0xFF, 0xFF, 0xFF, 0xFF, 0xFF, 0xFF, 0xFF, 0xFF,
    0xFF, 0xFF, 0xFF, 0xFF, 0xFF, 0xFF, 0xFF, 0xFF, 0xE7, 0xFF, 0xFE, 0xFF,
    0xFF, 0xFF, 0xFF, 0xFF, 0xFF, 0xFF, 0xFF, 0xFF, 0xFF, 0xFF, 0xFF, 0xFF,
    0xFF, 0xFF, 0xFF, 0xFF, 0xFF, 0xFF, 0xFF, 0xFF, 0xFF, 0xFF, 0xFF, 0xFF,
    0xFF, 0xFF, 0xFF, 0xFF, 0xFF, 0xFF, 0xFF, 0xFF, 0xFF, 0xFF, 0xFF, 0x00,
    0x3C, 0xFF, 0xFE, 0xFE, 0xFF, 0xFF, 0xFF, 0xFF, 0xFF, 0xFF, 0xFF, 0xFF,
    0xFF, 0xFF, 0xFF, 0xFF, 0xFF, 0xFF, 0xFF, 0xFF, 0xFF, 0xFF, 0xFF, 0xFF,
    0xFF, 0xFF, 0xFF, 0xFF, 0xFF, 0xFF, 0xFF, 0xFF, 0xFF, 0xFF, 0xFF, 0xFF,
    0xFF, 0xFF, 0xFF, 0x00, 0x00, 0xBD, 0xFF, 0xFE, 0xFF, 0xFF, 0xFF, 0xFF,
    0xFF, 0xFF, 0xFF, 0xFF, 0xFF, 0xFF, 0xFF, 0xFF, 0xFF, 0xFF, 0xFF, 0xFF,
    0xFF, 0xFF, 0xFF, 0xFF, 0xFF, 0xFF, 0xFF, 0xFF, 0xFF, 0xFF, 0xFF, 0xFF,
    0xFF, 0xFF, 0xFF, 0xFF, 0xFF, 0xFF, 0xFF, 0x00, 0x00, 0x21, 0xF8, 0xFF,
    0xFF, 0xFF, 0xFF, 0xFF, 0xFF, 0xFF, 0xFF, 0xFF, 0xFF, 0xFF, 0xFF, 0xFF,
    0xFF, 0xFF, 0xFF, 0xFF, 0xFF, 0xFF, 0xFF, 0xFF, 0xFF, 0xFF, 0xFF, 0xFF,
    0xFF, 0xFF, 0xFF, 0xFF, 0xFF, 0xFF, 0xFF, 0xFF, 0xFC, 0xFF, 0xFF, 0x00,
    0x01, 0x00, 0xCC, 0xFF, 0xFF, 0xFF, 0xFF, 0xFF, 0xFF, 0xFF, 0xFF, 0xFF,
    0xFF, 0xFF, 0xFF, 0xFF, 0xFF, 0xFF, 0xFF, 0xFF, 0xFF, 0xFF, 0xFF, 0xFF,
    0xFF, 0xFF, 0xFF, 0xFF, 0xFF, 0xFF, 0xFF, 0xFF, 0xFF, 0xFF, 0xFF, 0xFF,
    0xFF, 0xE3, 0x00, 0x00, 0x00, 0x0B, 0xD7, 0xFE, 0xFE, 0xFF, 0xFF, 0xFF,
    0xFF, 0xFF, 0xFF, 0xFF, 0xFF, 0xFF, 0xFF, 0xFF, 0xFF, 0xFF, 0xFF, 0xFF,
    0xFF, 0xFF, 0xFF, 0xFF, 0xFF, 0xFF, 0xFF, 0xFF, 0xFF, 0xFF, 0xFF, 0xFF,
    0xFF, 0xFF, 0xFF, 0xFF, 0xFF, 0x0B, 0x00, 0x00, 0x01, 0x00, 0x29, 0xFF,
    0xFF, 0xFB, 0xFF, 0xFF, 0xFF, 0xFF, 0xFF, 0xFF, 0xFF, 0xFF, 0xFF, 0xFF,
    0xFF, 0xFF, 0xFF, 0xFF, 0xFF, 0xFF, 0xFF, 0xFF, 0xFF, 0xFF, 0xFF, 0xFF,
    0xFF, 0xFF, 0xFF, 0xFF, 0xFF, 0xFF, 0xFE, 0xFF, 0xEC, 0x00, 0x00, 0x00,
    0x00, 0x05, 0x00, 0x01, 0xC8, 0xFF, 0xFE, 0xFF, 0xFF, 0xFF, 0xFF, 0xFF,
    0xFF, 0xFF, 0xFF, 0xFF, 0xFF, 0xFF, 0xFF, 0xFF, 0xFF, 0xFF, 0xFF, 0xFF,
    0xFF, 0xFF, 0xFF, 0xFF, 0xFF, 0xFF, 0xFF, 0xFF, 0xFF, 0xFF, 0xFF, 0xC6,
    0x56, 0x00, 0x00, 0x00, 0x00, 0x00, 0x00, 0x00, 0x30, 0xFF, 0xFF, 0xFF,
    0xFF, 0xFF, 0xFF, 0xFF, 0xFF, 0xFF, 0xFF, 0xFF, 0xFF, 0xFF, 0xFF, 0xFF,
    0xFF, 0xFF, 0xFF, 0xFF, 0xFF, 0xFF, 0xFF, 0xFF, 0xFF, 0xFF, 0xFF, 0xFF,
    0xFF, 0xFE, 0xFF, 0x33, 0x00, 0x00, 0x00, 0x00, 0x00, 0x00, 0x00, 0x00,
    0x00, 0xB0, 0xFF, 0xFE, 0xFF, 0xFF, 0xFF, 0xFF, 0xFF, 0xFF, 0xFF, 0xFF,
    0xFF, 0xFF, 0xFF, 0xFF, 0xFF, 0xFF, 0xFF, 0xFF, 0xFF, 0xFF, 0xFF, 0xFF,
    0xFF, 0xFF, 0xFF, 0xFE, 0xFF, 0xFF, 0xFF, 0x09, 0x00, 0x00, 0x00, 0x00,
    0x00, 0x00, 0x00, 0x00, 0x00, 0x0E, 0xFF, 0xFF, 0xFF, 0xFE, 0xFF, 0xFF,
    0xFF, 0xFF, 0xFF, 0xFF, 0xFF, 0xFF, 0xFF, 0xFF, 0xFF, 0xFF, 0xFF, 0xFF,
    0xFF, 0xFF, 0xFF, 0xFF, 0xFF, 0xFF, 0xFB, 0xFF, 0xFF, 0xB0, 0x0E, 0x00,
    0x00, 0x00, 0x00, 0x00, 0x00, 0x00, 0x00, 0x00, 0x04, 0x00, 0x09, 0x33,
    0xC6, 0xFF, 0xFF, 0xFF, 0xFF, 0xFF, 0xFF, 0xFF, 0xFF, 0xFF, 0xFF, 0xFF,
    0xFF, 0xFF, 0xFF, 0xFF, 0xFF, 0xFF, 0xFF, 0xFF, 0xFF, 0xFE, 0xFF, 0xC8,
    0x30, 0x00, 0x00, 0x04, 0x00, 0x00, 0x00, 0x00, 0x00, 0x00, 0x00, 0x00,
    0x00, 0x00, 0x00, 0x00, 0x56, 0xEC, 0xFF, 0xFF, 0xFC, 0xFF, 0xFF, 0xFF,
    0xFF, 0xFF, 0xFF, 0xFF, 0xFF, 0xFF, 0xFF, 0xFF, 0xFF, 0xFE, 0xFE, 0xFF,
    0xFF, 0xFE, 0xFF, 0x01, 0x00, 0x00, 0x00, 0x00, 0x00, 0x00, 0x00, 0x00,
    0x00, 0x00, 0x00, 0x00, 0x00, 0x00, 0x00, 0x00, 0x00, 0x00, 0x0B, 0xE3,
    0xFF, 0xFF, 0xFF, 0xFF, 0xFF, 0xFF, 0xFF, 0xFF, 0xFF, 0xFE, 0xFF, 0xFF,
    0xFE, 0xFE, 0xFF, 0xF8, 0xCC, 0xD7, 0x29, 0x00, 0x00, 0x00, 0x00, 0x00,
    0x00, 0x00, 0x00, 0x00, 0x00, 0x00, 0x00, 0x00, 0x00, 0x00, 0x00, 0x00,
    0x00, 0x00, 0x00, 0x00, 0xFF, 0xFF, 0xFF, 0xFF, 0xFF, 0xFF, 0xFA, 0xFF,
    0xFF, 0xFE, 0xFF, 0xFF, 0xFF, 0xFF, 0xBD, 0x21, 0x00, 0x0B, 0x00, 0x05,
    0x00, 0x00, 0x00, 0x00, 0x00, 0x00, 0x00, 0x00, 0x00, 0x00, 0x00, 0x00,
    0x00, 0x00, 0x00, 0x00, 0x00, 0x00, 0x00, 0x00, 0x00, 0x00, 0x00, 0x00,
    0xFF, 0xFF, 0xEC, 0x81, 0xCA, 0xFF, 0x57, 0x90, 0xE7, 0x3C, 0x00, 0x00,
    0x01, 0x00, 0x01, 0x00, 0x00, 0x00, 0x00, 0x00, 0x00, 0x00, 0x00, 0x00,
  },
  { /* frame 14 */
    0x00, 0x00, 0x00, 0x00, 0x00, 0x00, 0x00, 0x00, 0x00, 0x00, 0x00, 0x00,
    0x00, 0x00, 0x00, 0x00, 0x00, 0x00, 0x00, 0x00, 0x00, 0xF8, 0x00, 0xF8,
    0x00, 0x00, 0x28, 0xCA, 0x08, 0xD2, 0x28, 0xD2, 0x08, 0xD2, 0x28, 0xD2,
    0x28, 0xD2, 0x49, 0xE2, 0xAA, 0xFA, 0x28, 0xD2, 0x28, 0xD2, 0x08, 0xD2,
    0x28, 0xD2, 0x00, 0x00, 0x00, 0x00, 0x00, 0x00, 0x00, 0x00, 0x00, 0x00,
    0x00, 0x00, 0x00, 0x00, 0x00, 0x00, 0x00, 0x00, 0x00, 0x00, 0x00, 0x00,
    0x00, 0x00, 0x00, 0x00, 0x00, 0x00, 0x00, 0x00, 0x00, 0x00, 0x00, 0x00,
    0x00, 0x00, 0x00, 0x00, 0x00, 0x00, 0x00, 0x00, 0x00, 0x00, 0x00, 0x00,
    0x00, 0x00, 0x00, 0x00, 0x00, 0x00, 0x00, 0x00, 0xC7, 0xD1, 0x28, 0xD2,
    0xAA, 0xFA, 0x69, 0xEA, 0x69, 0xEA, 0x49, 0xE2, 0x28, 0xD2, 0x28, 0xDA,
    0x28, 0xD2, 0x49, 0xE2, 0x49, 0xE2, 0x49, 0xEA, 0x69, 0xF2, 0x28, 0xD2,
    0x28, 0xD2, 0x49, 0xE2, 0x00, 0x00, 0x00, 0x00, 0x00, 0x00, 0x00, 0x00,
    0x00, 0x00, 0x00, 0x00, 0x00, 0x00, 0x00, 0x00, 0x00, 0x00, 0x00, 0x00,
    0x00, 0x00, 0x00, 0x00, 0x00, 0x00, 0x00, 0x00, 0x00, 0x00, 0x00, 0x00,
    0x00, 0x00, 0x00, 0x00, 0x00, 0x00, 0x00, 0x00, 0x00, 0x00, 0x08, 0xD2,
    0x28, 0xD2, 0x28, 0xD2, 0x8A, 0xFA, 0x28, 0xDA, 0x28, 0xD2, 0x28, 0xD2,
    0x28, 0xD2, 0x28, 0xD2, 0x28, 0xD2, 0x28, 0xD2, 0x28, 0xD2, 0x28, 0xD2,
    0x28, 0xD2, 0x28, 0xD2, 0x28, 0xD2, 0x49, 0xE2, 0x28, 0xD2, 0x28, 0xD2,
    0x28, 0xD2, 0x28, 0xD2, 0x00, 0x00, 0x00, 0x00, 0x00, 0x00, 0x00, 0x00,
    0x00, 0x00, 0x00, 0x00, 0x00, 0x00, 0x00, 0x00, 0x00, 0x00, 0x00, 0x00,
    0x00, 0x00, 0x00, 0x00, 0x00, 0x00, 0x00, 0x00, 0x00, 0x00, 0x00, 0x00,
    0x00, 0xF8, 0x00, 0x00, 0x28, 0xD2, 0xAA, 0xFA, 0x28, 0xD2, 0x28, 0xDA,
    0x28, 0xD2, 0x28, 0xD2, 0x28, 0xD2, 0x28, 0xD2, 0x28, 0xD2, 0x28, 0xD2,
    0x28, 0xD2, 0x28, 0xD2, 0x28, 0xD2, 0x28, 0xD2, 0x28, 0xD2, 0x28, 0xD2,
    0x28, 0xD2, 0x28, 0xD2, 0x28, 0xD2, 0x28, 0xD2, 0x28, 0xD2, 0x28, 0xD2,
    0x28, 0xD2, 0x00, 0x00, 0x00, 0x00, 0x00, 0x00, 0x00, 0x00, 0x00, 0x00,
    0x00, 0x00, 0x00, 0x00, 0x00, 0x00, 0x00, 0x00, 0x00, 0x00, 0x00, 0x00,
    0x00, 0x00, 0x00, 0x00, 0x00, 0x00, 0x00, 0x00, 0xE7, 0xD1, 0x08, 0xD2,
    0x28, 0xD2, 0x49, 0xE2, 0x28, 0xD2, 0x28, 0xD2, 0x28, 0xD2, 0x28, 0xD2,
    0x28, 0xD2, 0x28, 0xD2, 0x28, 0xD2, 0x28, 0xD2, 0x28, 0xD2, 0x28, 0xD2,
    0x28, 0xD2, 0x28, 0xD2, 0x28, 0xD2, 0x28, 0xD2, 0x28, 0xD2, 0x28, 0xD2,
    0x28, 0xD2, 0x28, 0xD2, 0x28, 0xD2, 0x28, 0xD2, 0x28, 0xD2, 0x28, 0xD2,
    0x69, 0xF2, 0x00, 0x00, 0x00, 0x00, 0x00, 0x00, 0x00, 0x00, 0x00, 0x00,
    0x00, 0x00, 0x00, 0x00, 0x00, 0x00, 0x00, 0x00, 0x00, 0x00, 0x00, 0x00,
    0x00, 0x00, 0x00, 0x00, 0x08, 0xD2, 0xAA, 0xFA, 0x49, 0xDA, 0x28, 0xD2,
    0x28, 0xD2, 0x28, 0xD2, 0x28, 0xD2, 0x28, 0xD2, 0x28, 0xD2, 0x28, 0xD2,
    0x28, 0xD2, 0x28, 0xD2, 0x28, 0xD2, 0x28, 0xD2, 0x08, 0xD2, 0x28, 0xDA,
    0x28, 0xD2, 0x28, 0xD2, 0x28, 0xD2, 0x28, 0xD2, 0x28, 0xD2, 0x28, 0xD2,
    0x28, 0xD2, 0x28, 0xD2, 0x28, 0xD2, 0x28, 0xD2, 0x28, 0xD2, 0x08, 0xD2,
    0x00, 0x00, 0x00, 0x00, 0x00, 0x00, 0x00, 0x00, 0x00, 0x00, 0x00, 0x00,
    0x00, 0x00, 0x00, 0x00, 0x00, 0x00, 0x00, 0x00, 0x00, 0x00, 0x08, 0xD2,
    0x49, 0xE2, 0x28, 0xD2, 0x28, 0xD2, 0x28, 0xD2, 0x28, 0xD2, 0x28, 0xD2,
    0x28, 0xD2, 0x28, 0xD2, 0x28, 0xD2, 0x28, 0xD2, 0x69, 0xFA, 0x08, 0xCA,
    0x89, 0xFA, 0x28, 0xE2, 0x28, 0xDA, 0x08, 0xCA, 0x49, 0xF2, 0x28, 0xDA,
    0x49, 0xEA, 0x28, 0xD2, 0x28, 0xD2, 0x28, 0xD2, 0x28, 0xD2, 0x28, 0xD2,
    0x28, 0xD2, 0x28, 0xD2, 0x49, 0xE2, 0x49, 0xE2, 0x08, 0xD2, 0xE7, 0xD1,
    0x00, 0xF8, 0x00, 0x00, 0x00, 0x00, 0x00, 0x00, 0x00, 0x00, 0x00, 0x00,
    0x00, 0x00, 0x00, 0x00, 0x69, 0xF2, 0x28, 0xD2, 0x49, 0xE2, 0x28, 0xD2,
    0x28, 0xD2, 0x28, 0xD2, 0x28, 0xD2, 0x28, 0xD2, 0x28, 0xD2, 0x28, 0xD2,
    0x69, 0xF2, 0xA6, 0x91, 0x24, 0x59, 0x82, 0x10, 0x86, 0x89, 0x04, 0x41,
    0xA3, 0x18, 0x82, 0x08, 0x86, 0x91, 0xA7, 0xA1, 0x86, 0x81, 0x28, 0xD2,
    0x28, 0xD2, 0x28, 0xD2, 0x28, 0xD2, 0x28, 0xD2, 0x28, 0xD2, 0x28, 0xD2,
    0x28, 0xD2, 0x28, 0xD2, 0xAA, 0xFA, 0x08, 0xD2, 0x00, 0x00, 0x00, 0x00,
    0x00, 0x00, 0x00, 0x00, 0x00, 0x00, 0x00, 0x00, 0x00, 0x00, 0x00, 0x00,
    0x28, 0xD2, 0x28, 0xD2, 0x28, 0xD2, 0x28, 0xD2, 0x28, 0xD2, 0x28, 0xD2,
    0x28, 0xD2, 0x28, 0xD2, 0x28, 0xDA, 0x28, 0xD2, 0x28, 0xD2, 0x82, 0x08,
    0x62, 0x00, 0x62, 0x00, 0x62, 0x00, 0x82, 0x00, 0x82, 0x10, 0x82, 0x08,
    0x41, 0x00, 0x62, 0x00, 0x65, 0x79, 0x49, 0xEA, 0x28, 0xDA, 0x28, 0xDA,
    0x49, 0xE2, 0x28, 0xD2, 0x28, 0xD2, 0x28, 0xD2, 0x28, 0xD2, 0x28, 0xD2,
    0x49, 0xDA, 0x28, 0xD2, 0x28, 0xD2, 0x00, 0x00, 0x00, 0x00, 0x00, 0x00,
    0x00, 0x00, 0x00, 0x00, 0x00, 0x00, 0x28, 0xD2, 0x28, 0xD2, 0x28, 0xD2,
    0x28, 0xD2, 0x28, 0xD2, 0x28, 0xD2, 0x28, 0xD2, 0x28, 0xD2, 0x28, 0xE2,
    0xE7, 0xB9, 0x69, 0xF2, 0x69, 0xFA, 0x04, 0x51, 0x82, 0x08, 0x82, 0x10,
    0x82, 0x10, 0x82, 0x10, 0x82, 0x10, 0x82, 0x10, 0x62, 0x00, 0x04, 0x49,
    0x49, 0xEA, 0x28, 0xD2, 0x49, 0xEA, 0x65, 0x71, 0xC7, 0xA9, 0x49, 0xE2,
    0x28, 0xD2, 0x28, 0xD2, 0x28, 0xD2, 0x28, 0xD2, 0x28, 0xD2, 0x49, 0xE2,
    0xAA, 0xFA, 0x08, 0xD2, 0x00, 0x00, 0x00, 0x00, 0x00, 0x00, 0x00, 0x00,
    0x28, 0xD2, 0x28, 0xD2, 0x28, 0xD2, 0x28, 0xD2, 0x28, 0xD2, 0x28, 0xD2,
    0x28, 0xD2, 0x49, 0xE2, 0x49, 0xEA, 0xA6, 0x91, 0x41, 0x00, 0x66, 0x79,
    0x28, 0xD2, 0x86, 0x89, 0x82, 0x08, 0x82, 0x00, 0x82, 0x10, 0x82, 0x10,
    0x82, 0x10, 0x82, 0x10, 0x62, 0x00, 0xE7, 0xB9, 0x49, 0xE2, 0x49, 0xEA,
    0x86, 0x89, 0x01, 0x00, 0xA3, 0x20, 0x49, 0xEA, 0x28, 0xD2, 0x28, 0xD2,
    0x28, 0xD2, 0x28, 0xD2, 0x28, 0xD2, 0x28, 0xD2, 0x28, 0xD2, 0x28, 0xD2,
    0x00, 0x00, 0x00, 0xF8, 0x00, 0x00, 0x00, 0x00, 0x28, 0xD2, 0x28, 0xD2,
    0x28, 0xD2, 0x28, 0xD2, 0x28, 0xD2, 0x28, 0xD2, 0x48, 0xE2, 0xC7, 0xB1,
    0xA3, 0x20, 0xA3, 0x18, 0x62, 0x00, 0x04, 0x51, 0x89, 0xFA, 0xAA, 0xFA,
    0xA6, 0x99, 0x82, 0x08, 0x82, 0x10, 0x82, 0x10, 0x82, 0x10, 0x82, 0x10,
    0xA3, 0x18, 0xA6, 0x99, 0x49, 0xEA, 0x49, 0xE2, 0xC3, 0x28, 0x82, 0x08,
    0xA3, 0x18, 0xA6, 0x99, 0x49, 0xEA, 0x49, 0xE2, 0x28, 0xD2, 0x28, 0xD2,
    0x28, 0xD2, 0x28, 0xD2, 0x28, 0xDA, 0x28, 0xD2, 0x00, 0x00, 0x00, 0xF8,
    0x00, 0x00, 0x49, 0xE2, 0x28, 0xD2, 0x28, 0xD2, 0x28, 0xD2, 0x28, 0xD2,
    0x28, 0xD2, 0x28, 0xD2, 0x49, 0xEA, 0x24, 0x51, 0x42, 0x00, 0xA2, 0x10,
    0x82, 0x08, 0x41, 0x00, 0xE4, 0x38, 0x49, 0xEA, 0x04, 0x49, 0x62, 0x00,
    0x82, 0x10, 0x82, 0x10, 0x82, 0x10, 0x82, 0x10, 0x82, 0x08, 0x42, 0x00,
    0x04, 0x49, 0x24, 0x59, 0x41, 0x00, 0x82, 0x10, 0x82, 0x00, 0x42, 0x00,
    0xC3, 0x28, 0x08, 0xCA, 0x28, 0xD2, 0x28, 0xD2, 0x28, 0xD2, 0x28, 0xD2,
    0x28, 0xD2, 0x8A, 0xFA, 0xC7, 0xD1, 0x00, 0x00, 0x00, 0x00, 0x28, 0xD2,
    0x28, 0xD2, 0x28, 0xD2, 0x28, 0xD2, 0x28, 0xD2, 0x28, 0xD2, 0x49, 0xEA,
    0xA6, 0x99, 0x62, 0x00, 0x82, 0x10, 0x82, 0x10, 0x82, 0x10, 0x82, 0x10,
    0xE3, 0x30, 0xA6, 0x99, 0x41, 0x00, 0x82, 0x10, 0x82, 0x10, 0x82, 0x10,
    0x82, 0x10, 0x82, 0x10, 0x82, 0x10, 0x82, 0x10, 0x62, 0x00, 0x82, 0x10,
    0x82, 0x10, 0x82, 0x10, 0x82, 0x10, 0x82, 0x10, 0x82, 0x10, 0x28, 0xDA,
    0x28, 0xD2, 0x28, 0xD2, 0x28, 0xD2, 0x28, 0xD2, 0x28, 0xD2, 0x28, 0xDA,
    0x28, 0xD2, 0x28, 0xCA, 0x00, 0x00, 0x28, 0xD2, 0x49, 0xE2, 0x28, 0xD2,
    0x28, 0xD2, 0x28, 0xD2, 0x28, 0xD2, 0x48, 0xE2, 0xE4, 0x38, 0x62, 0x00,
    0x82, 0x10, 0x82, 0x10, 0x82, 0x10, 0x82, 0x10, 0x62, 0x00, 0x82, 0x10,
    0x82, 0x08, 0x82, 0x10, 0x82, 0x10, 0x82, 0x10, 0x82, 0x10, 0x82, 0x10,
    0x82, 0x10, 0x82, 0x10, 0x82, 0x10, 0x82, 0x10, 0x82, 0x10, 0x82, 0x10,
    0x82, 0x10, 0x82, 0x10, 0x41, 0x00, 0xA7, 0x99, 0x69, 0xFA, 0x28, 0xD2,
    0x28, 0xD2, 0x28, 0xD2, 0x28, 0xD2, 0x28, 0xD2, 0xAA, 0xFA, 0x08, 0xD2,
    0x28, 0xD2, 0x69, 0xF2, 0x28, 0xD2, 0x28, 0xD2, 0x28, 0xD2, 0x28, 0xD2,
    0x49, 0xE2, 0x65, 0x71, 0x41, 0x00, 0x82, 0x10, 0x82, 0x10, 0x82, 0x10,
    0x82, 0x10, 0x82, 0x10, 0x82, 0x10, 0x82, 0x10, 0x82, 0x10, 0x82, 0x10,
    0x82, 0x08, 0x62, 0x08, 0xC3, 0x10, 0x62, 0x08, 0x82, 0x08, 0x82, 0x10,
    0x82, 0x10, 0x82, 0x10, 0x82, 0x10, 0x82, 0x10, 0x82, 0x10, 0x82, 0x10,
    0x82, 0x00, 0xC3, 0x28, 0xA6, 0x91, 0x28, 0xD2, 0x28, 0xD2, 0x28, 0xD2,
    0x28, 0xD2, 0x28, 0xD2, 0x69, 0xEA, 0x28, 0xD2, 0x08, 0xD2, 0x49, 0xEA,
    0x28, 0xD2, 0x28, 0xD2, 0x28, 0xD2, 0x28, 0xD2, 0x28, 0xDA, 0xC7, 0xA9,
    0x82, 0x10, 0x82, 0x10, 0x82, 0x10, 0x82, 0x10, 0x82, 0x10, 0x82, 0x10,
    0x82, 0x10, 0x82, 0x10, 0x62, 0x08, 0xE4, 0x18, 0x25, 0x21, 0x46, 0x29,
    0x87, 0x31, 0x25, 0x21, 0xC3, 0x10, 0x62, 0x08, 0x82, 0x10, 0x82, 0x10,
    0x82, 0x10, 0x82, 0x10, 0x82, 0x10, 0x82, 0x10, 0x82, 0x10, 0x62, 0x00,
    0x24, 0x59, 0x69, 0xFA, 0x28, 0xD2, 0x28, 0xD2, 0x28, 0xD2, 0x28, 0xD2,
    0x69, 0xEA, 0x08, 0xD2, 0x28, 0xD2, 0x49, 0xE2, 0x28, 0xD2, 0x28, 0xD2,
    0x28, 0xD2, 0x28, 0xD2, 0x49, 0xEA, 0x86, 0x81, 0x41, 0x00, 0x82, 0x08,
    0x82, 0x08, 0x82, 0x10, 0x82, 0x08, 0x82, 0x10, 0x82, 0x10, 0x82, 0x08,
    0xC3, 0x10, 0x86, 0x29, 0x66, 0x29, 0x66, 0x29, 0x66, 0x29, 0x66, 0x29,
    0x86, 0x29, 0xE4, 0x18, 0x82, 0x10, 0x82, 0x10, 0x82, 0x10, 0x82, 0x10,
    0x82, 0x08, 0x62, 0x00, 0x82, 0x08, 0x62, 0x00, 0x82, 0x10, 0x08, 0xCA,
    0x28, 0xD2, 0x28, 0xD2, 0x28, 0xD2, 0x28, 0xD2, 0x49, 0xE2, 0x28, 0xD2,
    0x28, 0xD2, 0x49, 0xE2, 0x28, 0xD2, 0x28, 0xD2, 0x28, 0xD2, 0x28, 0xD2,
    0x28, 0xD2, 0x45, 0x71, 0x41, 0x00, 0xE4, 0x40, 0x41, 0x00, 0xC3, 0x28,
    0x82, 0x08, 0x82, 0x10, 0x82, 0x10, 0x62, 0x08, 0x25, 0x21, 0x66, 0x29,
    0x66, 0x29, 0x66, 0x29, 0x66, 0x29, 0x66, 0x29, 0x66, 0x29, 0x25, 0x21,
    0x82, 0x08, 0x82, 0x10, 0x82, 0x10, 0x82, 0x00, 0xC3, 0x20, 0x45, 0x61,
    0x41, 0x00, 0xE4, 0x38, 0x66, 0x79, 0x69, 0xF2, 0x28, 0xD2, 0x28, 0xD2,
    0x28, 0xD2, 0x28, 0xD2, 0x28, 0xD2, 0x28, 0xD2, 0xAA, 0xFA, 0x28, 0xD2,
    0x28, 0xD2, 0x28, 0xD2, 0x28, 0xD2, 0x28, 0xD2, 0x28, 0xDA, 0x69, 0xFA,
    0xE7, 0xB9, 0x8A, 0xFA, 0xE7, 0xB1, 0x69, 0xF2, 0xE4, 0x40, 0x82, 0x08,
    0x82, 0x10, 0xC3, 0x10, 0x87, 0x31, 0x66, 0x29, 0x66, 0x29, 0x66, 0x29,
    0x66, 0x29, 0x66, 0x29, 0x66, 0x29, 0x46, 0x29, 0x62, 0x08, 0x82, 0x10,
    0x82, 0x10, 0x42, 0x00, 0x86, 0x89, 0xAA, 0xFA, 0xE7, 0xB9, 0x8A, 0xFA,
    0x28, 0xDA, 0x28, 0xD2, 0x28, 0xD2, 0x28, 0xD2, 0x28, 0xD2, 0x28, 0xD2,
    0x28, 0xDA, 0x49, 0xE2, 0x49, 0xE2, 0x28, 0xDA, 0x28, 0xD2, 0x28, 0xD2,
    0x28, 0xD2, 0x28, 0xD2, 0x28, 0xD2, 0x28, 0xDA, 0x8A, 0xFA, 0xE7, 0xB9,
    0xAA, 0xFA, 0x86, 0x89, 0x42, 0x00, 0x82, 0x10, 0x82, 0x10, 0x62, 0x08,
    0x46, 0x29, 0x66, 0x29, 0x66, 0x29, 0x66, 0x29, 0x66, 0x29, 0x66, 0x29,
    0x66, 0x29, 0x87, 0x31, 0xC3, 0x10, 0x82, 0x10, 0x82, 0x08, 0xE4, 0x40,
    0x69, 0xF2, 0xE7, 0xB1, 0x8A, 0xFA, 0xE7, 0xB9, 0x69, 0xFA, 0x28, 0xDA,
    0x28, 0xD2, 0x28, 0xD2, 0x28, 0xD2, 0x28, 0xD2, 0x28, 0xD2, 0xAA, 0xFA,
    0x28, 0xD2, 0x28, 0xD2, 0x28, 0xD2, 0x28, 0xD2, 0x28, 0xD2, 0x28, 0xD2,
    0x69, 0xF2, 0x66, 0x79, 0xE4, 0x38, 0x41, 0x00, 0x45, 0x61, 0xC3, 0x20,
    0x82, 0x00, 0x82, 0x10, 0x82, 0x10, 0x82, 0x08, 0x25, 0x21, 0x66, 0x29,
    0x66, 0x29, 0x66, 0x29, 0x66, 0x29, 0x66, 0x29, 0x66, 0x29, 0x25, 0x21,
    0x62, 0x08, 0x82, 0x10, 0x82, 0x10, 0x82, 0x08, 0xC3, 0x28, 0x41, 0x00,
    0xE4, 0x40, 0x41, 0x00, 0x45, 0x71, 0x28, 0xD2, 0x28, 0xD2, 0x28, 0xD2,
    0x28, 0xD2, 0x28, 0xD2, 0x49, 0xE2, 0x28, 0xD2, 0x28, 0xD2, 0x49, 0xE2,
    0x28, 0xD2, 0x28, 0xD2, 0x28, 0xD2, 0x28, 0xD2, 0x08, 0xCA, 0x82, 0x10,
    0x62, 0x00, 0x82, 0x08, 0x62, 0x00, 0x82, 0x08, 0x82, 0x10, 0x82, 0x10,
    0x82, 0x10, 0x82, 0x10, 0xE4, 0x18, 0x86, 0x29, 0x66, 0x29, 0x66, 0x29,
    0x66, 0x29, 0x66, 0x29, 0x86, 0x29, 0xC3, 0x10, 0x82, 0x08, 0x82, 0x10,
    0x82, 0x10, 0x82, 0x08, 0x82, 0x10, 0x82, 0x08, 0x82, 0x08, 0x41, 0x00,
    0x86, 0x81, 0x49, 0xEA, 0x28, 0xD2, 0x28, 0xD2, 0x28, 0xD2, 0x28, 0xD2,
    0x49, 0xE2, 0x28, 0xD2, 0x08, 0xD2, 0x69, 0xEA, 0x28, 0xD2, 0x28, 0xD2,
    0x28, 0xD2, 0x28, 0xD2, 0x69, 0xFA, 0x24, 0x59, 0x62, 0x00, 0x82, 0x10,
    0x82, 0x10, 0x82, 0x10, 0x82, 0x10, 0x82, 0x10, 0x82, 0x10, 0x82, 0x10,
    0x62, 0x08, 0xC3, 0x10, 0x25, 0x21, 0x87, 0x31, 0x46, 0x29, 0x25, 0x21,
    0xE4, 0x18, 0x62, 0x08, 0x82, 0x10, 0x82, 0x10, 0x82, 0x10, 0x82, 0x10,
    0x82, 0x10, 0x82, 0x10, 0x82, 0x10, 0x82, 0x10, 0xC7, 0xA9, 0x28, 0xDA,
    0x28, 0xD2, 0x28, 0xD2, 0x28, 0xD2, 0x28, 0xD2, 0x49, 0xEA, 0x08, 0xD2,
    0x28, 0xD2, 0x69, 0xEA, 0x28, 0xD2, 0x28, 0xD2, 0x28, 0xD2, 0x28, 0xD2,
    0x28, 0xD2, 0xA6, 0x91, 0xC3, 0x28, 0x82, 0x00, 0x82, 0x10, 0x82, 0x10,
    0x82, 0x10, 0x82, 0x10, 0x82, 0x10, 0x82, 0x10, 0x82, 0x10, 0x82, 0x08,
    0x62, 0x08, 0xC3, 0x10, 0x62, 0x08, 0x82, 0x08, 0x82, 0x10, 0x82, 0x10,
    0x82, 0x10, 0x82, 0x10, 0x82, 0x10, 0x82, 0x10, 0x82, 0x10, 0x82, 0x10,
    0x82, 0x10, 0x41, 0x00, 0x65, 0x71, 0x49, 0xE2, 0x28, 0xD2, 0x28, 0xD2,
    0x28, 0xD2, 0x28, 0xD2, 0x69, 0xF2, 0x28, 0xD2, 0x08, 0xD2, 0xAA, 0xFA,
    0x28, 0xD2, 0x28, 0xD2, 0x28, 0xD2, 0x28, 0xD2, 0x28, 0xD2, 0x69, 0xFA,
    0xA7, 0x99, 0x41, 0x00, 0x82, 0x10, 0x82, 0x10, 0x82, 0x10, 0x62, 0x00,
    0x82, 0x10, 0x42, 0x00, 0x82, 0x10, 0x82, 0x10, 0x82, 0x10, 0x82, 0x10,
    0x82, 0x10, 0x82, 0x10, 0x82, 0x10, 0x82, 0x08, 0x82, 0x10, 0x62, 0x00,
    0x82, 0x10, 0x82, 0x10, 0x82, 0x10, 0x82, 0x10, 0x62, 0x00, 0xE4, 0x38,
    0x48, 0xE2, 0x28, 0xD2, 0x28, 0xD2, 0x28, 0xD2, 0x28, 0xD2, 0x49, 0xE2,
    0x28, 0xD2, 0x00, 0x00, 0x28, 0xCA, 0x28, 0xD2, 0x28, 0xDA, 0x28, 0xD2,
    0x28, 0xD2, 0x28, 0xD2, 0x28, 0xD2, 0x28, 0xD2, 0x28, 0xDA, 0x82, 0x10,
    0x82, 0x10, 0x82, 0x10, 0x82, 0x00, 0xC3, 0x28, 0xE7, 0xB9, 0x25, 0x59,
    0x62, 0x00, 0x82, 0x08, 0x82, 0x10, 0x82, 0x10, 0x82, 0x10, 0x82, 0x10,
    0x82, 0x10, 0x41, 0x00, 0xA6, 0x99, 0xE3, 0x30, 0x82, 0x10, 0x82, 0x10,
    0x82, 0x10, 0x82, 0x10, 0x62, 0x00, 0xA6, 0x99, 0x49, 0xEA, 0x28, 0xD2,
    0x28, 0xD2, 0x28, 0xD2, 0x28, 0xD2, 0x28, 0xD2, 0x28, 0xD2, 0x00, 0x00,
    0x00, 0x00, 0xC7, 0xD1, 0x8A, 0xFA, 0x28, 0xD2, 0x28, 0xD2, 0x28, 0xD2,
    0x28, 0xD2, 0x28, 0xD2, 0x08, 0xCA, 0xC3, 0x28, 0x42, 0x00, 0x82, 0x00,
    0x62, 0x00, 0x86, 0x89, 0x69, 0xFA, 0x89, 0xFA, 0x86, 0x81, 0x82, 0x08,
    0x82, 0x10, 0x82, 0x10, 0x82, 0x10, 0x82, 0x10, 0x62, 0x00, 0x04, 0x49,
    0x49, 0xEA, 0xE4, 0x38, 0x41, 0x00, 0x82, 0x08, 0xA2, 0x10, 0x42, 0x00,
    0x24, 0x51, 0x49, 0xEA, 0x28, 0xD2, 0x28, 0xD2, 0x28, 0xD2, 0x28, 0xD2,
    0x28, 0xD2, 0x28, 0xD2, 0x49, 0xE2, 0x00, 0x00, 0x00, 0xF8, 0x00, 0x00,
    0x28, 0xD2, 0x28, 0xDA, 0x28, 0xD2, 0x28, 0xD2, 0x28, 0xD2, 0x28, 0xD2,
    0x49, 0xE2, 0x49, 0xEA, 0xA6, 0x99, 0x82, 0x08, 0x04, 0x41, 0x49, 0xEA,
    0x28, 0xD2, 0x49, 0xEA, 0x04, 0x49, 0x62, 0x00, 0x82, 0x10, 0x82, 0x10,
    0x82, 0x10, 0x82, 0x10, 0x82, 0x08, 0xA6, 0x99, 0xAA, 0xFA, 0x89, 0xFA,
    0x04, 0x51, 0x62, 0x00, 0xA3, 0x18, 0xA3, 0x20, 0xC7, 0xB1, 0x48, 0xE2,
    0x28, 0xD2, 0x28, 0xD2, 0x28, 0xD2, 0x28, 0xD2, 0x28, 0xD2, 0x28, 0xD2,
    0x00, 0x00, 0x00, 0x00, 0x00, 0xF8, 0x00, 0x00, 0x28, 0xD2, 0x28, 0xD2,
    0x28, 0xD2, 0x28, 0xD2, 0x28, 0xD2, 0x28, 0xD2, 0x28, 0xD2, 0x28, 0xD2,
    0x49, 0xEA, 0x82, 0x10, 0xA6, 0x99, 0x49, 0xE2, 0x49, 0xEA, 0x86, 0x91,
    0x62, 0x00, 0x82, 0x10, 0x82, 0x10, 0x82, 0x10, 0x82, 0x10, 0x82, 0x10,
    0x82, 0x00, 0x82, 0x08, 0x86, 0x89, 0x28, 0xD2, 0x66, 0x79, 0x41, 0x00,
    0xA6, 0x91, 0x49, 0xEA, 0x49, 0xE2, 0x28, 0xD2, 0x28, 0xD2, 0x28, 0xD2,
    0x28, 0xD2, 0x28, 0xD2, 0x28, 0xD2, 0x28, 0xD2, 0x00, 0x00, 0x00, 0x00,
    0x00, 0x00, 0x00, 0x00, 0x08, 0xD2, 0xAA, 0xFA, 0x49, 0xE2, 0x28, 0xD2,
    0x28, 0xD2, 0x28, 0xD2, 0x28, 0xD2, 0x28, 0xD2, 0x49, 0xEA, 0xE7, 0xB9,
    0x49, 0xEA, 0x28, 0xDA, 0x28, 0xDA, 0xC3, 0x28, 0x82, 0x08, 0x82, 0x10,
    0x82, 0x10, 0x82, 0x10, 0x82, 0x10, 0x82, 0x10, 0x82, 0x10, 0x82, 0x08,
    0x04, 0x51, 0x69, 0xFA, 0x69, 0xF2, 0xE7, 0xB9, 0x28, 0xE2, 0x28, 0xD2,
    0x28, 0xD2, 0x28, 0xD2, 0x28, 0xD2, 0x28, 0xD2, 0x28, 0xD2, 0x28, 0xD2,
    0x28, 0xD2, 0x00, 0x00, 0x00, 0x00, 0x00, 0x00, 0x00, 0x00, 0x00, 0x00,
    0x00, 0x00, 0x28, 0xD2, 0x28, 0xD2, 0x49, 0xDA, 0x28, 0xD2, 0x28, 0xD2,
    0x28, 0xD2, 0x28, 0xD2, 0x28, 0xD2, 0x28, 0xD2, 0x28, 0xD2, 0x28, 0xDA,
    0x86, 0x89, 0x00, 0x00, 0x82, 0x10, 0x41, 0x00, 0x82, 0x08, 0x82, 0x10,
    0x82, 0x00, 0x62, 0x00, 0x62, 0x00, 0x62, 0x00, 0x82, 0x08, 0x28, 0xD2,
    0x28, 0xD2, 0x28, 0xDA, 0x28, 0xD2, 0x28, 0xD2, 0x28, 0xD2, 0x28, 0xD2,
    0x28, 0xD2, 0x28, 0xD2, 0x28, 0xD2, 0x28, 0xD2, 0x00, 0x00, 0x00, 0x00,
    0x00, 0x00, 0x00, 0x00, 0x00, 0x00, 0x00, 0x00, 0x00, 0x00, 0x00, 0x00,
    0x08, 0xD2, 0xAA, 0xFA, 0x28, 0xD2, 0x28, 0xD2, 0x28, 0xD2, 0x28, 0xD2,
    0x28, 0xD2, 0x28, 0xD2, 0x28, 0xD2, 0x28, 0xDA, 0x48, 0xE2, 0x65, 0x71,
    0xC7, 0xA9, 0x86, 0x91, 0x82, 0x08, 0xA3, 0x18, 0x04, 0x41, 0x86, 0x89,
    0x82, 0x10, 0x24, 0x59, 0xA6, 0x91, 0x69, 0xF2, 0x28, 0xD2, 0x28, 0xD2,
    0x28, 0xD2, 0x28, 0xD2, 0x28, 0xD2, 0x28, 0xD2, 0x28, 0xD2, 0x49, 0xE2,
    0x28, 0xD2, 0x69, 0xF2, 0x00, 0x00, 0x00, 0x00, 0x00, 0x00, 0x00, 0x00,
    0x00, 0x00, 0x00, 0x00, 0x00, 0x00, 0x00, 0xF8, 0xE7, 0xD1, 0x08, 0xD2,
    0x49, 0xE2, 0x49, 0xE2, 0x28, 0xD2, 0x28, 0xD2, 0x28, 0xD2, 0x28, 0xD2,
    0x28, 0xD2, 0x28, 0xD2, 0x28, 0xD2, 0x49, 0xE2, 0x28, 0xDA, 0x49, 0xF2,
    0x08, 0xCA, 0x28, 0xDA, 0x28, 0xE2, 0x89, 0xFA, 0x08, 0xCA, 0x69, 0xFA,
    0x28, 0xD2, 0x28, 0xD2, 0x28, 0xD2, 0x28, 0xD2, 0x28, 0xD2, 0x28, 0xD2,
    0x28, 0xD2, 0x28, 0xD2, 0x28, 0xD2, 0x49, 0xE2, 0x08, 0xD2, 0x00, 0x00,
    0x00, 0x00, 0x00, 0x00, 0x00, 0x00, 0x00, 0x00, 0x00, 0x00, 0x00, 0x00,
    0x00, 0x00, 0x00, 0x00, 0x00, 0x00, 0x00, 0x00, 0x08, 0xD2, 0x28, 0xD2,
    0x28, 0xD2, 0x28, 0xD2, 0x28, 0xD2, 0x28, 0xD2, 0x28, 0xD2, 0x28, 0xD2,
    0x28, 0xD2, 0x28, 0xD2, 0x28, 0xD2, 0x28, 0xD2, 0x28, 0xDA, 0x08, 0xD2,
    0x28, 0xD2, 0x28, 0xD2, 0x28, 0xD2, 0x28, 0xD2, 0x28, 0xD2, 0x28, 0xD2,
    0x28, 0xD2, 0x28, 0xD2, 0x28, 0xD2, 0x28, 0xD2, 0x28, 0xD2, 0x49, 0xDA,
    0xAA, 0xFA, 0x08, 0xD2, 0x00, 0x00, 0x00, 0x00, 0x00, 0x00, 0x00, 0x00,
    0x00, 0x00, 0x00, 0x00, 0x00, 0x00, 0x00, 0x00, 0x00, 0x00, 0x00, 0x00,
    0x00, 0x00, 0x00, 0x00, 0x00, 0x00, 0x69, 0xF2, 0x28, 0xD2, 0x28, 0xD2,
    0x28, 0xD2, 0x28, 0xD2, 0x28, 0xD2, 0x28, 0xD2, 0x28, 0xD2, 0x28, 0xD2,
    0x28, 0xD2, 0x28, 0xD2, 0x28, 0xD2, 0x28, 0xD2, 0x28, 0xD2, 0x28, 0xD2,
    0x28, 0xD2, 0x28, 0xD2, 0x28, 0xD2, 0x28, 0xD2, 0x28, 0xD2, 0x28, 0xD2,
    0x28, 0xD2, 0x28, 0xD2, 0x49, 0xE2, 0x28, 0xD2, 0x08, 0xD2, 0xE7, 0xD1,
    0x00, 0x00, 0x00, 0x00, 0x00, 0x00, 0x00, 0x00, 0x00, 0x00, 0x00, 0x00,
    0x00, 0x00, 0x00, 0x00, 0x00, 0x00, 0x00, 0x00, 0x00, 0x00, 0x00, 0x00,
    0x00, 0x00, 0x00, 0x00, 0x00, 0x00, 0x28, 0xD2, 0x28, 0xD2, 0x28, 0xD2,
    0x28, 0xD2, 0x28, 0xD2, 0x28, 0xD2, 0x28, 0xD2, 0x28, 0xD2, 0x28, 0xD2,
    0x28, 0xD2, 0x28, 0xD2, 0x28, 0xD2, 0x28, 0xD2, 0x28, 0xD2, 0x28, 0xD2,
    0x28, 0xD2, 0x28, 0xD2, 0x28, 0xD2, 0x28, 0xD2, 0x28, 0xDA, 0x28, 0xD2,
    0xAA, 0xFA, 0x28, 0xD2, 0x00, 0x00, 0x00, 0xF8, 0x00, 0x00, 0x00, 0x00,
    0x00, 0x00, 0x00, 0x00, 0x00, 0x00, 0x00, 0x00, 0x00, 0x00, 0x00, 0x00,
    0x00, 0x00, 0x00, 0x00, 0x00, 0x00, 0x00, 0x00, 0x00, 0x00, 0x00, 0x00,
    0x00, 0x00, 0x00, 0x00, 0x28, 0xD2, 0x28, 0xD2, 0x28, 0xD2, 0x28, 0xD2,
    0x49, 0xE2, 0x28, 0xD2, 0x28, 0xD2, 0x28, 0xD2, 0x28, 0xD2, 0x28, 0xD2,
    0x28, 0xD2, 0x28, 0xD2, 0x28, 0xD2, 0x28, 0xD2, 0x28, 0xD2, 0x28, 0xD2,
    0x28, 0xDA, 0x8A, 0xFA, 0x28, 0xD2, 0x28, 0xD2, 0x08, 0xD2, 0x00, 0x00,
    0x00, 0x00, 0x00, 0x00, 0x00, 0x00, 0x00, 0x00, 0x00, 0x00, 0x00, 0x00,
    0x00, 0x00, 0x00, 0x00, 0x00, 0x00, 0x00, 0x00, 0x00, 0x00, 0x00, 0x00,
    0x00, 0x00, 0x00, 0x00, 0x00, 0x00, 0x00, 0x00, 0x00, 0x00, 0x00, 0x00,
    0x00, 0x00, 0x00, 0x00, 0x49, 0xE2, 0x28, 0xD2, 0x28, 0xD2, 0x69, 0xF2,
    0x49, 0xEA, 0x49, 0xE2, 0x49, 0xE2, 0x28, 0xD2, 0x28, 0xDA, 0x28, 0xD2,
    0x49, 0xE2, 0x69, 0xEA, 0x69, 0xEA, 0xAA, 0xFA, 0x28, 0xD2, 0xC7, 0xD1,
    0x00, 0x00, 0x00, 0x00, 0x00, 0x00, 0x00, 0x00, 0x00, 0x00, 0x00, 0x00,
    0x00, 0x00, 0x00, 0x00, 0x00, 0x00, 0x00, 0x00, 0x00, 0x00, 0x00, 0x00,
    0x00, 0x00, 0x00, 0x00, 0x00, 0x00, 0x00, 0x00, 0x00, 0x00, 0x00, 0x00,
    0x00, 0x00, 0x00, 0x00, 0x00, 0x00, 0x00, 0x00, 0x00, 0x00, 0x00, 0x00,
    0x00, 0x00, 0x00, 0x00, 0x00, 0x00, 0x28, 0xD2, 0x08, 0xD2, 0x28, 0xD2,
    0x28, 0xD2, 0xAA, 0xFA, 0x49, 0xE2, 0x28, 0xD2, 0x28, 0xD2, 0x08, 0xD2,
    0x28, 0xD2, 0x08, 0xD2, 0x28, 0xCA, 0x00, 0x00, 0x00, 0xF8, 0x00, 0xF8,
    0x00, 0x00, 0x00, 0x00, 0x00, 0x00, 0x00, 0x00, 0x00, 0x00, 0x00, 0x00,
    0x00, 0x00, 0x00, 0x00, 0x00, 0x00, 0x00, 0x00, 0x00, 0x00, 0x00, 0x00,
    0x00, 0x00, 0x00, 0x00, 0x00, 0x00, 0x02, 0x02, 0x00, 0x1A, 0x58, 0xB7,
    0x45, 0x70, 0xCA, 0xFF, 0xFF, 0xDB, 0x4E, 0xA6, 0x65, 0x00, 0x00, 0x00,
    0x00, 0x00, 0x00, 0x00, 0x00, 0x00, 0x00, 0x00, 0x00, 0x00, 0x00, 0x00,
    0x00, 0x00, 0x00, 0x00, 0x00, 0x00, 0x00, 0x00, 0x00, 0x00, 0x00, 0x00,
    0x0D, 0x97, 0xFF, 0xFF, 0xFF, 0xFF, 0xFF, 0xFF, 0xFC, 0xFF, 0xFF, 0xFF,
    0xFF, 0xBA, 0xE7, 0xFF, 0x00, 0x00, 0x00, 0x00, 0x00, 0x00, 0x00, 0x00,
    0x00, 0x00, 0x00, 0x00, 0x00, 0x00, 0x00, 0x00, 0x00, 0x00, 0x00, 0x00,
    0x00, 0x50, 0xA0, 0xE7, 0xFF, 0xFF, 0xFF, 0xFE, 0xFF, 0xFC, 0xFF, 0xFF,
    0xFF, 0xFF, 0xFF, 0xFE, 0xFF, 0xFF, 0xFC, 0xFF, 0xFF, 0xFF, 0x00, 0x00,
    0x00, 0x00, 0x00, 0x00, 0x00, 0x00, 0x00, 0x00, 0x00, 0x00, 0x00, 0x00,
    0x00, 0x00, 0x01, 0x00, 0x4A, 0xFF, 0xFF, 0xFF, 0xFF, 0xFB, 0xFF, 0xFF,
    0xFF, 0xFF, 0xFF, 0xFF, 0xFF, 0xFF, 0xFF, 0xFF, 0xFF, 0xFF, 0xFE, 0xFF,
    0xFF, 0xFF, 0xFF, 0x00, 0x00, 0x00, 0x00, 0x00, 0x00, 0x00, 0x00, 0x00,
    0x00, 0x00, 0x00, 0x00, 0x00, 0x00, 0x0C, 0x41, 0xC2, 0xFF, 0xFE, 0xFF,
    0xFF, 0xFF, 0xFF, 0xFF, 0xFF, 0xFF, 0xFF, 0xFF, 0xFF, 0xFF, 0xFF, 0xFF,
    0xFF, 0xFF, 0xFF, 0xFF, 0xFF, 0xFF, 0xFF, 0xFF, 0xFF, 0x00, 0x00, 0x00,
    0x00, 0x00, 0x00, 0x00, 0x00, 0x00, 0x00, 0x00, 0x00, 0x00, 0x9A, 0xFF,
    0xFF, 0xFF, 0xFF, 0xFF, 0xFF, 0xFF, 0xFF, 0xFF, 0xFF, 0xFF, 0xFF, 0xFF,
    0xFF, 0xFF, 0xFF, 0xFF, 0xFF, 0xFF, 0xFF, 0xFF, 0xFF, 0xFF, 0xFF, 0xFD,
    0xF9, 0x3D, 0x00, 0x00, 0x00, 0x00, 0x00, 0x00, 0x00, 0x00, 0x00, 0x00,
    0x00, 0x3D, 0xFF, 0xFF, 0xFE, 0xFF, 0xFF, 0xFF, 0xFF, 0xFF, 0xFF, 0xFF,
    0xFF, 0xFF, 0xFF, 0xFF, 0xFF, 0xFF, 0xFF, 0xFF, 0xFF, 0xFF, 0xFF, 0xFF,
    0xFF, 0xFF, 0xFF, 0xFF, 0xFF, 0xFF, 0x9A, 0x0C, 0x01, 0x00, 0x00, 0x00,
    0x00, 0x00, 0x00, 0x00, 0xFF, 0xF9, 0xFF, 0xFF, 0xFF, 0xFF, 0xFF, 0xFF,
    0xFF, 0xFF, 0xFF, 0xFF, 0xFF, 0xFF, 0xFF, 0xFF, 0xFF, 0xFF, 0xFF, 0xFF,
    0xFF, 0xFF, 0xFF, 0xFF, 0xFF, 0xFF, 0xFF, 0xFF, 0xFF, 0xFF, 0xFF, 0x41,
    0x00, 0x00, 0x00, 0x00, 0x00, 0x00, 0x00, 0x00, 0xFF, 0xFD, 0xFF, 0xFF,
    0xFF, 0xFF, 0xFF, 0xFF, 0xFF, 0xFF, 0xFF, 0xFF, 0xFF, 0xFF, 0xFF, 0xFF,
    0xFF, 0xFF, 0xFF, 0xFF, 0xFF, 0xFF, 0xFF, 0xFF, 0xFF, 0xFF, 0xFF, 0xFF,
    0xFF, 0xFE, 0xFF, 0xC2, 0x4A, 0x00, 0x00, 0x00, 0x00, 0x00, 0x00, 0xFF,
    0xFF, 0xFF, 0xFF, 0xFF, 0xFF, 0xFF, 0xFF, 0xFF, 0xFF, 0xFF, 0xFF, 0xFF,
    0xFF, 0xFF, 0xFF, 0xFF, 0xFF, 0xFF, 0xFF, 0xFF, 0xFF, 0xFF, 0xFF, 0xFF,
    0xFF, 0xFF, 0xFF, 0xFF, 0xFF, 0xFF, 0xFF, 0xFF, 0xFF, 0x50, 0x00, 0x00,
    0x00, 0x00, 0xFF, 0xFF, 0xFF, 0xFF, 0xFF, 0xFF, 0xFF, 0xFF, 0xFF, 0xFF,
    0xFF, 0xFF, 0xFF, 0xFF, 0xFF, 0xFF, 0xFF, 0xFF, 0xFF, 0xFF, 0xFF, 0xFF,
    0xFF, 0xFF, 0xFF, 0xFF, 0xFF, 0xFF, 0xFF, 0xFF, 0xFF, 0xFF, 0xFF, 0xFE,
    0xFF, 0xA0, 0x00, 0x02, 0x00, 0x00, 0xFF, 0xFF, 0xFF, 0xFF, 0xFF, 0xFF,
    0xFF, 0xFF, 0xFF, 0xFF, 0xFF, 0xFF, 0xFF, 0xFF, 0xFF, 0xFF, 0xFF, 0xFF,
    0xFF, 0xFF, 0xFF, 0xFF, 0xFF, 0xFF, 0xFF, 0xFF, 0xFF, 0xFF, 0xFF, 0xFF,
    0xFF, 0xFF, 0xFF, 0xFF, 0xFF, 0xE7, 0x00, 0x02, 0x00, 0xFF, 0xFF, 0xFF,
    0xFF, 0xFF, 0xFF, 0xFF, 0xFF, 0xFF, 0xFF, 0xFF, 0xFF, 0xFF, 0xFF, 0xFF,
    0xFF, 0xFF, 0xFF, 0xFF, 0xFF, 0xFF, 0xFF, 0xFF, 0xFF, 0xFF, 0xFF, 0xFF,
    0xFF, 0xFF, 0xFF, 0xFF, 0xFF, 0xFF, 0xFF, 0xFF, 0xFF, 0xFF, 0x0D, 0x00,
    0x00, 0xE7, 0xFC, 0xFE, 0xFF, 0xFF, 0xFF, 0xFF, 0xFF, 0xFF, 0xFF, 0xFF,
    0xFF, 0xFF, 0xFF, 0xFF, 0xFF, 0xFF, 0xFF, 0xFF, 0xFF, 0xFF, 0xFF, 0xFF,
    0xFF, 0xFF, 0xFF, 0xFF, 0xFF, 0xFF, 0xFF, 0xFF, 0xFF, 0xFF, 0xFF, 0xFF,
    0xFB, 0xFF, 0x97, 0x1A, 0x00, 0xBA, 0xFF, 0xFF, 0xFF, 0xFF, 0xFF, 0xFF,
    0xFF, 0xFF, 0xFF, 0xFF, 0xFF, 0xFF, 0xFF, 0xFF, 0xFF, 0xFF, 0xFF, 0xFF,
    0xFF, 0xFF, 0xFF, 0xFF, 0xFF, 0xFF, 0xFF, 0xFF, 0xFF, 0xFF, 0xFF, 0xFF,
    0xFF, 0xFF, 0xFF, 0xFF, 0xFF, 0xFF, 0xFF, 0x58, 0x65, 0xFF, 0xFF, 0xFF,
    0xFF, 0xFF, 0xFF, 0xFF, 0xFF, 0xFF, 0xFF, 0xFF, 0xFF, 0xFF, 0xFF, 0xFF,
    0xFF, 0xFF, 0xFF, 0xFF, 0xFF, 0xFF, 0xFF, 0xFF, 0xFF, 0xFF, 0xFF, 0xFF,
    0xFF, 0xFF, 0xFF, 0xFF, 0xFF, 0xFF, 0xFF, 0xFF, 0xFF, 0xFE, 0xFF, 0xB7,
    0xA6, 0xFF, 0xFE, 0xFF, 0xFF, 0xFF, 0xFF, 0xFF, 0xFF, 0xFF, 0xFF, 0xFF,
    0xFF, 0xFF, 0xFF, 0xFF, 0xFF, 0xFF, 0xFF, 0xFF, 0xFF, 0xFF, 0xFF, 0xFF,
    0xFF, 0xFF, 0xFF, 0xFF, 0xFF, 0xFF, 0xFF, 0xFF, 0xFF, 0xFF, 0xFF, 0xFF,
    0xFF, 0xFF, 0xFF, 0x45, 0x4E, 0xFF, 0xFF, 0xFF, 0xFF, 0xFF, 0xFF, 0xFF,
    0xFF, 0xFF, 0xFF, 0xFF, 0xFF, 0xFF, 0xFF, 0xFF, 0xFF, 0xFF, 0xFF, 0xFF,
    0xFF, 0xFF, 0xFF, 0xFF, 0xFF, 0xFF, 0xFF, 0xFF, 0xFF, 0xFF, 0xFF, 0xFF,
    0xFF, 0xFF, 0xFF, 0xFF, 0xFF, 0xFC, 0xFF, 0x70, 0xDB, 0xFF, 0xFF, 0xFF,
    0xFF, 0xFF, 0xFF, 0xFF, 0xFF, 0xFF, 0xFF, 0xFF, 0xFF, 0xFF, 0xFF, 0xFF,
    0xFF, 0xFF, 0xFF, 0xFF, 0xFF, 0xFF, 0xFF, 0xFF, 0xFF, 0xFF, 0xFF, 0xFF,
    0xFF, 0xFF, 0xFF, 0xFF, 0xFF, 0xFF, 0xFF, 0xFF, 0xFF, 0xFF, 0xFF, 0xCA,
    0xFF, 0xFC, 0xFF, 0xFF, 0xFF, 0xFF, 0xFF, 0xFF, 0xFF, 0xFF, 0xFF, 0xFF,
    0xFF, 0xFF, 0xFF, 0xFF, 0xFF, 0xFF, 0xFF, 0xFF, 0xFF, 0xFF, 0xFF, 0xFF,
    0xFF, 0xFF, 0xFF, 0xFF, 0xFF, 0xFF, 0xFF, 0xFF, 0xFF, 0xFF, 0xFF, 0xFF,
    0xFF, 0xFF, 0xFF, 0xFF, 0xFF, 0xFF, 0xFF, 0xFF, 0xFF, 0xFF, 0xFF, 0xFF,
    0xFF, 0xFF, 0xFF, 0xFF, 0xFF, 0xFF, 0xFF, 0xFF, 0xFF, 0xFF, 0xFF, 0xFF,
    0xFF, 0xFF, 0xFF, 0xFF, 0xFF, 0xFF, 0xFF, 0xFF, 0xFF, 0xFF, 0xFF, 0xFF,
    0xFF, 0xFF, 0xFF, 0xFF, 0xFF, 0xFF, 0xFC, 0xFF, 0xCA, 0xFF, 0xFF, 0xFF,
    0xFF, 0xFF, 0xFF, 0xFF, 0xFF, 0xFF, 0xFF, 0xFF, 0xFF, 0xFF, 0xFF, 0xFF,
    0xFF, 0xFF, 0xFF, 0xFF, 0xFF, 0xFF, 0xFF, 0xFF, 0xFF, 0xFF, 0xFF, 0xFF,
    0xFF, 0xFF, 0xFF, 0xFF, 0xFF, 0xFF, 0xFF, 0xFF, 0xFF, 0xFF, 0xFF, 0xDB,
    0x70, 0xFF, 0xFC, 0xFF, 0xFF, 0xFF, 0xFF, 0xFF, 0xFF, 0xFF, 0xFF, 0xFF,
    0xFF, 0xFF, 0xFF, 0xFF, 0xFF, 0xFF, 0xFF, 0xFF, 0xFF, 0xFF, 0xFF, 0xFF,
    0xFF, 0xFF, 0xFF, 0xFF, 0xFF, 0xFF, 0xFF, 0xFF, 0xFF, 0xFF, 0xFF, 0xFF,
    0xFF, 0xFF, 0xFF, 0x4E, 0x45, 0xFF, 0xFF, 0xFF, 0xFF, 0xFF, 0xFF, 0xFF,
    0xFF, 0xFF, 0xFF, 0xFF, 0xFF, 0xFF, 0xFF, 0xFF, 0xFF, 0xFF, 0xFF, 0xFF,
    0xFF, 0xFF, 0xFF, 0xFF, 0xFF, 0xFF, 0xFF, 0xFF, 0xFF, 0xFF, 0xFF, 0xFF,
    0xFF, 0xFF, 0xFF, 0xFF, 0xFF, 0xFE, 0xFF, 0xA6, 0xB7, 0xFF, 0xFE, 0xFF,
    0xFF, 0xFF, 0xFF, 0xFF, 0xFF, 0xFF, 0xFF, 0xFF, 0xFF, 0xFF, 0xFF, 0xFF,
    0xFF, 0xFF, 0xFF, 0xFF, 0xFF, 0xFF, 0xFF, 0xFF, 0xFF, 0xFF, 0xFF, 0xFF,
    0xFF, 0xFF, 0xFF, 0xFF, 0xFF, 0xFF, 0xFF, 0xFF, 0xFF, 0xFF, 0xFF, 0x65,
    0x58, 0xFF, 0xFF, 0xFF, 0xFF, 0xFF, 0xFF, 0xFF, 0xFF, 0xFF, 0xFF, 0xFF,
    0xFF, 0xFF, 0xFF, 0xFF, 0xFF, 0xFF, 0xFF, 0xFF, 0xFF, 0xFF, 0xFF, 0xFF,
    0xFF, 0xFF, 0xFF, 0xFF, 0xFF, 0xFF, 0xFF, 0xFF, 0xFF, 0xFF, 0xFF, 0xFF,
    0xFF, 0xFF, 0xBA, 0x00, 0x1A, 0x97, 0xFF, 0xFB, 0xFF, 0xFF, 0xFF, 0xFF,
    0xFF, 0xFF, 0xFF, 0xFF, 0xFF, 0xFF, 0xFF, 0xFF, 0xFF, 0xFF, 0xFF, 0xFF,
    0xFF, 0xFF, 0xFF, 0xFF, 0xFF, 0xFF, 0xFF, 0xFF, 0xFF, 0xFF, 0xFF, 0xFF,
    0xFF, 0xFF, 0xFF, 0xFF, 0xFE, 0xFC, 0xE7, 0x00, 0x00, 0x0D, 0xFF, 0xFF,
    0xFF, 0xFF, 0xFF, 0xFF, 0xFF, 0xFF, 0xFF, 0xFF, 0xFF, 0xFF, 0xFF, 0xFF,
    0xFF, 0xFF, 0xFF, 0xFF, 0xFF, 0xFF, 0xFF, 0xFF, 0xFF, 0xFF, 0xFF, 0xFF,
    0xFF, 0xFF, 0xFF, 0xFF, 0xFF, 0xFF, 0xFF, 0xFF, 0xFF, 0xFF, 0xFF, 0x00,
    0x02, 0x00, 0xE7, 0xFF, 0xFF, 0xFF, 0xFF, 0xFF, 0xFF, 0xFF, 0xFF, 0xFF,
    0xFF, 0xFF, 0xFF, 0xFF, 0xFF, 0xFF, 0xFF, 0xFF, 0xFF, 0xFF, 0xFF, 0xFF,
    0xFF, 0xFF, 0xFF, 0xFF, 0xFF, 0xFF, 0xFF, 0xFF, 0xFF, 0xFF, 0xFF, 0xFF,
    0xFF, 0xFF, 0x00, 0x00, 0x02, 0x00, 0xA0, 0xFF, 0xFE, 0xFF, 0xFF, 0xFF,
    0xFF, 0xFF, 0xFF, 0xFF, 0xFF, 0xFF, 0xFF, 0xFF, 0xFF, 0xFF, 0xFF, 0xFF,
    0xFF, 0xFF, 0xFF, 0xFF, 0xFF, 0xFF, 0xFF, 0xFF, 0xFF, 0xFF, 0xFF, 0xFF,
    0xFF, 0xFF, 0xFF, 0xFF, 0xFF, 0xFF, 0x00, 0x00, 0x00, 0x00, 0x50, 0xFF,
    0xFF, 0xFF, 0xFF, 0xFF, 0xFF, 0xFF, 0xFF, 0xFF, 0xFF, 0xFF, 0xFF, 0xFF,
    0xFF, 0xFF, 0xFF, 0xFF, 0xFF, 0xFF, 0xFF, 0xFF, 0xFF, 0xFF, 0xFF, 0xFF,
    0xFF, 0xFF, 0xFF, 0xFF, 0xFF, 0xFF, 0xFF, 0xFF, 0xFF, 0x00, 0x00, 0x00,
    0x00, 0x00, 0x00, 0x4A, 0xC2, 0xFF, 0xFE, 0xFF, 0xFF, 0xFF, 0xFF, 0xFF,
    0xFF, 0xFF, 0xFF, 0xFF, 0xFF, 0xFF, 0xFF, 0xFF, 0xFF, 0xFF, 0xFF, 0xFF,
    0xFF, 0xFF, 0xFF, 0xFF, 0xFF, 0xFF, 0xFF, 0xFF, 0xFF, 0xFF, 0xFD, 0xFF,
    0x00, 0x00, 0x00, 0x00, 0x00, 0x00, 0x00, 0x00, 0x41, 0xFF, 0xFF, 0xFF,
    0xFF, 0xFF, 0xFF, 0xFF, 0xFF, 0xFF, 0xFF, 0xFF, 0xFF, 0xFF, 0xFF, 0xFF,
    0xFF, 0xFF, 0xFF, 0xFF, 0xFF, 0xFF, 0xFF, 0xFF, 0xFF, 0xFF, 0xFF, 0xFF,
    0xFF, 0xFF, 0xF9, 0xFF, 0x00, 0x00, 0x00, 0x00, 0x00, 0x00, 0x00, 0x01,
    0x0C, 0x9A, 0xFF, 0xFF, 0xFF, 0xFF, 0xFF, 0xFF, 0xFF, 0xFF, 0xFF, 0xFF,
    0xFF, 0xFF, 0xFF, 0xFF, 0xFF, 0xFF, 0xFF, 0xFF, 0xFF, 0xFF, 0xFF, 0xFF,
    0xFF, 0xFF, 0xFF, 0xFE, 0xFF, 0xFF, 0x3D, 0x00, 0x00, 0x00, 0x00, 0x00,
    0x00, 0x00, 0x00, 0x00, 0x00, 0x00, 0x3D, 0xF9, 0xFD, 0xFF, 0xFF, 0xFF,
    0xFF, 0xFF, 0xFF, 0xFF, 0xFF, 0xFF, 0xFF, 0xFF, 0xFF, 0xFF, 0xFF, 0xFF,
    0xFF, 0xFF, 0xFF, 0xFF, 0xFF, 0xFF, 0xFF, 0xFF, 0xFF, 0x9A, 0x00, 0x00,
    0x00, 0x00, 0x00, 0x00, 0x00, 0x00, 0x00, 0x00, 0x00, 0x00, 0x00, 0xFF,
    0xFF, 0xFF, 0xFF, 0xFF, 0xFF, 0xFF, 0xFF, 0xFF, 0xFF, 0xFF, 0xFF, 0xFF,
    0xFF, 0xFF, 0xFF, 0xFF, 0xFF, 0xFF, 0xFF, 0xFF, 0xFF, 0xFE, 0xFF, 0xC2,
    0x41, 0x0C, 0x00, 0x00, 0x00, 0x00, 0x00, 0x00, 0x00, 0x00, 0x00, 0x00,
    0x00, 0x00, 0x00, 0x00, 0x00, 0xFF, 0xFF, 0xFF, 0xFF, 0xFE, 0xFF, 0xFF,
    0xFF, 0xFF, 0xFF, 0xFF, 0xFF, 0xFF, 0xFF, 0xFF, 0xFF, 0xFF, 0xFB, 0xFF,
    0xFF, 0xFF, 0xFF, 0x4A, 0x00, 0x01, 0x00, 0x00, 0x00, 0x00, 0x00, 0x00,
    0x00, 0x00, 0x00, 0x00, 0x00, 0x00, 0x00, 0x00, 0x00, 0x00, 0xFF, 0xFF,
    0xFF, 0xFC, 0xFF, 0xFF, 0xFE, 0xFF, 0xFF, 0xFF, 0xFF, 0xFF, 0xFC, 0xFF,
    0xFE, 0xFF, 0xFF, 0xFF, 0xE7, 0xA0, 0x50, 0x00, 0x00, 0x00, 0x00, 0x00,
    0x00, 0x00, 0x00, 0x00, 0x00, 0x00, 0x00, 0x00, 0x00, 0x00, 0x00, 0x00,
    0x00, 0x00, 0x00, 0x00, 0xFF, 0xE7, 0xBA, 0xFF, 0xFF, 0xFF, 0xFF, 0xFC,
    0xFF, 0xFF, 0xFF, 0xFF, 0xFF, 0xFF, 0x97, 0x0D, 0x00, 0x00, 0x00, 0x00,
    0x00, 0x00, 0x00, 0x00, 0x00, 0x00, 0x00, 0x00, 0x00, 0x00, 0x00, 0x00,
    0x00, 0x00, 0x00, 0x00, 0x00, 0x00, 0x00, 0x00, 0x00, 0x00, 0x00, 0x65,
    0xA6, 0x4E, 0xDB, 0xFF, 0xFF, 0xCA, 0x70, 0x45, 0xB7, 0x58, 0x1A, 0x00,
    0x02, 0x02, 0x00, 0x00, 0x00, 0x00, 0x00, 0x00, 0x00, 0x00, 0x00, 0x00,
  },
  { /* frame 15 */
    0x00, 0x00, 0x00, 0x00, 0x00, 0x00, 0x00, 0x00, 0x00, 0x00, 0x00, 0x00,
    0x00, 0x00, 0x00, 0x00, 0x00, 0x00, 0x00, 0x00, 0x00, 0x00, 0x86, 0xC9,
    0x00, 0x00, 0x08, 0xD2, 0x08, 0xD2, 0x28, 0xD2, 0x28, 0xD2, 0x08, 0xD2,
    0x28, 0xD2, 0x8A, 0xFA, 0x8A, 0xFA, 0x28, 0xD2, 0x08, 0xD2, 0x28, 0xD2,
    0x28, 0xD2, 0x08, 0xD2, 0x08, 0xD2, 0x00, 0x00, 0x86, 0xC9, 0x00, 0x00,
    0x00, 0x00, 0x00, 0x00, 0x00, 0x00, 0x00, 0x00, 0x00, 0x00, 0x00, 0x00,
    0x00, 0x00, 0x00, 0x00, 0x00, 0x00, 0x00, 0x00, 0x00, 0x00, 0x00, 0x00,
    0x00, 0x00, 0x00, 0x00, 0x00, 0x00, 0x00, 0x00, 0x00, 0x00, 0x00, 0x00,
    0x00, 0x00, 0x00, 0x00, 0x00, 0x00, 0x28, 0xD2, 0x00, 0x00, 0x28, 0xD2,
    0x8A, 0xFA, 0x69, 0xF2, 0x28, 0xD2, 0x69, 0xEA, 0x49, 0xE2, 0x28, 0xD2,
    0x28, 0xD2, 0x49, 0xE2, 0x69, 0xEA, 0x28, 0xD2, 0x69, 0xF2, 0x8A, 0xFA,
    0x28, 0xD2, 0x00, 0x00, 0x28, 0xD2, 0x00, 0x00, 0x00, 0x00, 0x00, 0x00,
    0x00, 0x00, 0x00, 0x00, 0x00, 0x00, 0x00, 0x00, 0x00, 0x00, 0x00, 0x00,
    0x00, 0x00, 0x00, 0x00, 0x00, 0x00, 0x00, 0x00, 0x00, 0x00, 0x00, 0x00,
    0x00, 0x00, 0x00, 0x00, 0x00, 0x00, 0x00, 0x00, 0x00, 0x00, 0x00, 0x00,
    0x08, 0xD2, 0x8A, 0xFA, 0x28, 0xD2, 0x69, 0xF2, 0x28, 0xD2, 0x28, 0xD2,
    0x28, 0xD2, 0x28, 0xD2, 0x28, 0xD2, 0x28, 0xD2, 0x28, 0xD2, 0x28, 0xD2,
    0x28, 0xD2, 0x28, 0xD2, 0x28, 0xD2, 0x28, 0xD2, 0x69, 0xF2, 0x28, 0xD2,
    0x8A, 0xFA, 0x08, 0xD2, 0x00, 0x00, 0x00, 0x00, 0x00, 0x00, 0x00, 0x00,
    0x00, 0x00, 0x00, 0x00, 0x00, 0x00, 0x00, 0x00, 0x00, 0x00, 0x00, 0x00,
    0x00, 0x00, 0x00, 0x00, 0x00, 0x00, 0x00, 0x00, 0x00, 0x00, 0x00, 0x00,
    0x00, 0x00, 0x00, 0x00, 0x28, 0xD2, 0x28, 0xD2, 0x69, 0xEA, 0x28, 0xDA,
    0x28, 0xD2, 0x28, 0xD2, 0x28, 0xD2, 0x28, 0xD2, 0x28, 0xD2, 0x28, 0xD2,
    0x28, 0xD2, 0x28, 0xD2, 0x28, 0xD2, 0x28, 0xD2, 0x28, 0xD2, 0x28, 0xD2,
    0x28, 0xD2, 0x28, 0xD2, 0x28, 0xD2, 0x28, 0xD2, 0x28, 0xDA, 0x69, 0xEA,
    0x28, 0xD2, 0x28, 0xD2, 0x00, 0x00, 0x00, 0x00, 0x00, 0x00, 0x00, 0x00,
    0x00, 0x00, 0x00, 0x00, 0x00, 0x00, 0x00, 0x00, 0x00, 0x00, 0x00, 0x00,
    0x00, 0x00, 0x00, 0x00, 0x00, 0x00, 0x00, 0x00, 0x00, 0x00, 0x28, 0xD2,
    0x28, 0xDA, 0x28, 0xD2, 0x28, 0xDA, 0x28, 0xD2, 0x28, 0xD2, 0x28, 0xD2,
    0x28, 0xD2, 0x28, 0xD2, 0x28, 0xD2, 0x28, 0xD2, 0x28, 0xD2, 0x28, 0xD2,
    0x28, 0xD2, 0x28, 0xD2, 0x28, 0xD2, 0x28, 0xD2, 0x28, 0xD2, 0x28, 0xD2,
    0x28, 0xD2, 0x28, 0xD2, 0x28, 0xD2, 0x28, 0xDA, 0x28, 0xD2, 0x28, 0xDA,
    0x28, 0xD2, 0x00, 0x00, 0x00, 0x00, 0x00, 0x00, 0x00, 0x00, 0x00, 0x00,
    0x00, 0x00, 0x00, 0x00, 0x00, 0x00, 0x00, 0x00, 0x00, 0x00, 0x00, 0x00,
    0x00, 0x00, 0x00, 0x00, 0x28, 0xD2, 0x28, 0xD2, 0x28, 0xD2, 0x28, 0xD2,
    0x28, 0xD2, 0x28, 0xD2, 0x28, 0xD2, 0x28, 0xD2, 0x28, 0xD2, 0x28, 0xD2,
    0x28, 0xD2, 0x28, 0xD2, 0x28, 0xD2, 0x28, 0xD2, 0x28, 0xD2, 0x28, 0xD2,
    0x28, 0xD2, 0x28, 0xD2, 0x28, 0xD2, 0x28, 0xD2, 0x28, 0xD2, 0x28, 0xD2,
    0x28, 0xD2, 0x28, 0xD2, 0x28, 0xD2, 0x28, 0xD2, 0x28, 0xD2, 0x28, 0xD2,
    0x00, 0x00, 0x00, 0x00, 0x00, 0x00, 0x00, 0x00, 0x00, 0x00, 0x00, 0x00,
    0x00, 0x00, 0x00, 0x00, 0x00, 0x00, 0x00, 0x00, 0x00, 0x00, 0x28, 0xD2,
    0x28, 0xD2, 0x28, 0xD2, 0x28, 0xD2, 0x28, 0xD2, 0x28, 0xD2, 0x28, 0xD2,
    0x28, 0xD2, 0x28, 0xD2, 0x28, 0xD2, 0x28, 0xD2, 0x28, 0xD2, 0x28, 0xDA,
    0x49, 0xE2, 0x08, 0xCA, 0x08, 0xCA, 0x49, 0xE2, 0x48, 0xE2, 0x49, 0xEA,
    0x28, 0xDA, 0x28, 0xD2, 0x28, 0xD2, 0x28, 0xD2, 0x28, 0xD2, 0x28, 0xD2,
    0x28, 0xD2, 0x28, 0xD2, 0x28, 0xD2, 0x28, 0xD2, 0x28, 0xD2, 0x00, 0x00,
    0x00, 0x00, 0x00, 0x00, 0x00, 0x00, 0x00, 0x00, 0x00, 0x00, 0x00, 0x00,
    0x00, 0x00, 0x00, 0x00, 0x28, 0xD2, 0x28, 0xD2, 0x28, 0xD2, 0x28, 0xD2,
    0x28, 0xD2, 0x28, 0xD2, 0x28, 0xD2, 0x28, 0xD2, 0x28, 0xD2, 0x28, 0xD2,
    0x49, 0xE2, 0x28, 0xE2, 0x28, 0xDA, 0x28, 0xDA, 0xE4, 0x40, 0x41, 0x00,
    0x41, 0x00, 0x45, 0x61, 0xA6, 0x91, 0xA6, 0x91, 0x86, 0x89, 0x69, 0xF2,
    0x28, 0xD2, 0x28, 0xD2, 0x28, 0xD2, 0x28, 0xD2, 0x28, 0xD2, 0x28, 0xD2,
    0x28, 0xD2, 0x28, 0xD2, 0x28, 0xD2, 0x28, 0xD2, 0x00, 0x00, 0x00, 0x00,
    0x00, 0x00, 0x00, 0x00, 0x00, 0x00, 0x00, 0x00, 0x00, 0x00, 0x28, 0xD2,
    0x28, 0xDA, 0x28, 0xD2, 0x28, 0xD2, 0x28, 0xD2, 0x28, 0xD2, 0x28, 0xD2,
    0x28, 0xD2, 0x49, 0xEA, 0x08, 0xCA, 0x69, 0xF2, 0x45, 0x71, 0x24, 0x59,
    0x49, 0xEA, 0x69, 0xFA, 0xE3, 0x30, 0x82, 0x10, 0x82, 0x10, 0x62, 0x00,
    0x62, 0x00, 0x82, 0x08, 0x21, 0x00, 0x66, 0x79, 0x69, 0xF2, 0x08, 0xCA,
    0x48, 0xE2, 0x28, 0xD2, 0x28, 0xD2, 0x28, 0xD2, 0x28, 0xD2, 0x28, 0xD2,
    0x28, 0xD2, 0x28, 0xDA, 0x28, 0xD2, 0x00, 0x00, 0x00, 0x00, 0x00, 0x00,
    0x00, 0x00, 0x00, 0x00, 0x00, 0x00, 0x28, 0xD2, 0x28, 0xD2, 0x28, 0xD2,
    0x28, 0xD2, 0x28, 0xD2, 0x28, 0xD2, 0x28, 0xD2, 0x49, 0xE2, 0x08, 0xCA,
    0xA3, 0x20, 0xA3, 0x20, 0x62, 0x00, 0x21, 0x00, 0xE7, 0xB1, 0x08, 0xCA,
    0xC3, 0x28, 0x42, 0x00, 0x82, 0x10, 0x82, 0x10, 0x82, 0x10, 0x82, 0x10,
    0x82, 0x08, 0x62, 0x00, 0x62, 0x00, 0x25, 0x59, 0x28, 0xD2, 0x28, 0xD2,
    0x28, 0xD2, 0x28, 0xD2, 0x28, 0xD2, 0x28, 0xD2, 0x28, 0xD2, 0x28, 0xD2,
    0x28, 0xD2, 0x00, 0x00, 0x00, 0x00, 0x00, 0x00, 0x00, 0x00, 0x00, 0x00,
    0x08, 0xD2, 0x69, 0xEA, 0x28, 0xDA, 0x28, 0xD2, 0x28, 0xD2, 0x28, 0xD2,
    0x28, 0xD2, 0x49, 0xE2, 0x08, 0xCA, 0xE4, 0x38, 0x62, 0x00, 0x82, 0x10,
    0x82, 0x10, 0xA2, 0x10, 0xE7, 0xB9, 0x8A, 0xFA, 0x08, 0xCA, 0xA3, 0x20,
    0x82, 0x10, 0x82, 0x10, 0x82, 0x10, 0x82, 0x10, 0x82, 0x10, 0x42, 0x00,
    0x25, 0x59, 0x49, 0xE2, 0x28, 0xDA, 0x28, 0xD2, 0x28, 0xDA, 0x28, 0xD2,
    0x28, 0xD2, 0x28, 0xD2, 0x28, 0xD2, 0x28, 0xDA, 0x69, 0xEA, 0x08, 0xD2,
    0x00, 0x00, 0x00, 0x00, 0x86, 0xC9, 0x28, 0xD2, 0x8A, 0xFA, 0x28, 0xDA,
    0x28, 0xD2, 0x28, 0xD2, 0x28, 0xD2, 0x28, 0xD2, 0x49, 0xEA, 0x08, 0xCA,
    0xE4, 0x38, 0x62, 0x00, 0x82, 0x10, 0x82, 0x10, 0x82, 0x10, 0x62, 0x00,
    0xA3, 0x18, 0x49, 0xEA, 0x86, 0x89, 0x62, 0x00, 0x82, 0x10, 0x82, 0x10,
    0x82, 0x10, 0x82, 0x10, 0x62, 0x00, 0x45, 0x61, 0x49, 0xE2, 0x28, 0xDA,
    0x69, 0xF2, 0xE7, 0xB1, 0x08, 0xCA, 0x49, 0xEA, 0x28, 0xD2, 0x28, 0xD2,
    0x28, 0xD2, 0x28, 0xD2, 0x28, 0xDA, 0x8A, 0xFA, 0x28, 0xD2, 0x86, 0xC9,
    0x00, 0x00, 0x00, 0x00, 0x28, 0xD2, 0x28, 0xD2, 0x28, 0xD2, 0x28, 0xD2,
    0x28, 0xD2, 0x28, 0xD2, 0x08, 0xCA, 0xA3, 0x20, 0x62, 0x00, 0x82, 0x10,
    0x82, 0x10, 0x82, 0x10, 0x82, 0x10, 0x82, 0x10, 0x04, 0x41, 0xA7, 0xA1,
    0x62, 0x00, 0x82, 0x08, 0x82, 0x10, 0x82, 0x10, 0x82, 0x10, 0x82, 0x10,
    0x82, 0x08, 0xC7, 0xA1, 0x69, 0xFA, 0x49, 0xEA, 0xC7, 0xA9, 0x82, 0x08,
    0xA3, 0x10, 0x08, 0xCA, 0x28, 0xD2, 0x28, 0xD2, 0x28, 0xD2, 0x28, 0xD2,
    0x28, 0xD2, 0x28, 0xD2, 0x00, 0x00, 0x00, 0x00, 0x08, 0xD2, 0x28, 0xD2,
    0x69, 0xF2, 0x28, 0xD2, 0x28, 0xD2, 0x28, 0xD2, 0x28, 0xD2, 0x28, 0xD2,
    0x69, 0xF2, 0xA3, 0x20, 0x82, 0x10, 0x82, 0x10, 0x82, 0x10, 0x82, 0x10,
    0x82, 0x10, 0x82, 0x10, 0x62, 0x00, 0x82, 0x08, 0x82, 0x08, 0x82, 0x10,
    0x82, 0x10, 0x82, 0x10, 0x82, 0x10, 0x82, 0x10, 0x82, 0x00, 0x82, 0x08,
    0xC7, 0xA9, 0x08, 0xC2, 0xA3, 0x20, 0x62, 0x00, 0xA3, 0x20, 0x69, 0xF2,
    0x28, 0xD2, 0x28, 0xD2, 0x28, 0xD2, 0x28, 0xD2, 0x28, 0xD2, 0x69, 0xF2,
    0x28, 0xD2, 0x08, 0xD2, 0x08, 0xD2, 0x8A, 0xFA, 0x28, 0xD2, 0x28, 0xD2,
    0x28, 0xD2, 0x28, 0xD2, 0x28, 0xD2, 0x49, 0xE2, 0x45, 0x71, 0x62, 0x00,
    0x82, 0x10, 0x82, 0x10, 0x82, 0x10, 0x82, 0x10, 0x82, 0x10, 0x82, 0x10,
    0x82, 0x10, 0x82, 0x10, 0x82, 0x10, 0x82, 0x10, 0x82, 0x10, 0x82, 0x10,
    0x82, 0x10, 0x82, 0x10, 0x82, 0x10, 0x62, 0x00, 0x82, 0x08, 0xA3, 0x18,
    0x62, 0x00, 0x82, 0x10, 0x62, 0x00, 0x66, 0x79, 0x69, 0xF2, 0x28, 0xD2,
    0x28, 0xD2, 0x28, 0xD2, 0x28, 0xD2, 0x28, 0xD2, 0x8A, 0xFA, 0x08, 0xD2,
    0x28, 0xD2, 0x69, 0xF2, 0x28, 0xD2, 0x28, 0xD2, 0x28, 0xD2, 0x28, 0xD2,
    0x28, 0xD2, 0x28, 0xE2, 0x24, 0x59, 0x21, 0x00, 0xA2, 0x10, 0x62, 0x00,
    0x82, 0x10, 0x82, 0x10, 0x82, 0x10, 0x82, 0x10, 0x82, 0x10, 0x62, 0x08,
    0xA3, 0x10, 0x62, 0x08, 0x62, 0x08, 0xA3, 0x10, 0x62, 0x08, 0x82, 0x10,
    0x82, 0x10, 0x82, 0x10, 0x82, 0x10, 0x82, 0x10, 0x82, 0x10, 0x82, 0x10,
    0x82, 0x08, 0x21, 0x00, 0x86, 0x89, 0x28, 0xDA, 0x28, 0xD2, 0x28, 0xD2,
    0x28, 0xD2, 0x28, 0xD2, 0x69, 0xF2, 0x28, 0xD2, 0x28, 0xD2, 0x28, 0xD2,
    0x28, 0xD2, 0x28, 0xD2, 0x28, 0xD2, 0x28, 0xD2, 0x28, 0xD2, 0x28, 0xDA,
    0x49, 0xEA, 0xE7, 0xB1, 0xE7, 0xB9, 0xA3, 0x18, 0x04, 0x41, 0x62, 0x00,
    0x82, 0x10, 0x82, 0x10, 0x62, 0x08, 0xC3, 0x10, 0x66, 0x29, 0x46, 0x29,
    0x46, 0x29, 0x66, 0x29, 0xC3, 0x10, 0x62, 0x08, 0x82, 0x10, 0x82, 0x10,
    0x82, 0x10, 0x82, 0x10, 0x82, 0x10, 0x82, 0x10, 0x82, 0x10, 0x82, 0x08,
    0xA6, 0x91, 0x49, 0xEA, 0x28, 0xD2, 0x28, 0xD2, 0x28, 0xD2, 0x28, 0xD2,
    0x28, 0xD2, 0x28, 0xD2, 0x08, 0xD2, 0x69, 0xEA, 0x28, 0xD2, 0x28, 0xD2,
    0x28, 0xD2, 0x28, 0xD2, 0x28, 0xDA, 0x28, 0xDA, 0x69, 0xFA, 0x08, 0xCA,
    0x8A, 0xFA, 0x49, 0xEA, 0xA7, 0xA1, 0x82, 0x08, 0x82, 0x10, 0x62, 0x08,
    0xC3, 0x10, 0x66, 0x29, 0x66, 0x29, 0x66, 0x29, 0x66, 0x29, 0x66, 0x29,
    0x66, 0x29, 0xC3, 0x10, 0x62, 0x08, 0x82, 0x10, 0x82, 0x10, 0x82, 0x10,
    0x82, 0x10, 0x82, 0x10, 0x82, 0x10, 0x62, 0x00, 0xA6, 0x91, 0x48, 0xE2,
    0x28, 0xD2, 0x28, 0xD2, 0x28, 0xD2, 0x28, 0xD2, 0x69, 0xEA, 0x08, 0xD2,
    0x28, 0xD2, 0x49, 0xE2, 0x28, 0xD2, 0x28, 0xD2, 0x28, 0xD2, 0x28, 0xD2,
    0x49, 0xE2, 0xE4, 0x40, 0xE3, 0x30, 0xC3, 0x28, 0x08, 0xCA, 0x86, 0x89,
    0x62, 0x00, 0x82, 0x08, 0x82, 0x10, 0xA3, 0x10, 0x66, 0x29, 0x66, 0x29,
    0x66, 0x29, 0x66, 0x29, 0x66, 0x29, 0x66, 0x29, 0x66, 0x29, 0x66, 0x29,
    0xA3, 0x10, 0x82, 0x10, 0x82, 0x10, 0x82, 0x10, 0x82, 0x10, 0x82, 0x10,
    0x82, 0x10, 0x62, 0x00, 0x45, 0x61, 0x49, 0xE2, 0x28, 0xD2, 0x28, 0xD2,
    0x28, 0xD2, 0x28, 0xD2, 0x49, 0xE2, 0x28, 0xD2, 0x8A, 0xFA, 0x28, 0xD2,
    0x28, 0xD2, 0x28, 0xD2, 0x28, 0xD2, 0x28, 0xD2, 0x08, 0xCA, 0x41, 0x00,
    0x82, 0x10, 0x42, 0x00, 0xA3, 0x20, 0x62, 0x00, 0x82, 0x08, 0x82, 0x10,
    0x82, 0x10, 0x62, 0x08, 0x46, 0x29, 0x66, 0x29, 0x66, 0x29, 0x66, 0x29,
    0x66, 0x29, 0x66, 0x29, 0x66, 0x29, 0x46, 0x29, 0x62, 0x08, 0x82, 0x10,
    0x82, 0x10, 0x82, 0x10, 0x82, 0x10, 0x82, 0x10, 0x82, 0x10, 0x82, 0x10,
    0x41, 0x00, 0x08, 0xCA, 0x28, 0xD2, 0x28, 0xD2, 0x28, 0xD2, 0x28, 0xD2,
    0x28, 0xD2, 0x8A, 0xFA, 0x8A, 0xFA, 0x28, 0xD2, 0x28, 0xD2, 0x28, 0xD2,
    0x28, 0xD2, 0x28, 0xD2, 0x08, 0xCA, 0x41, 0x00, 0x82, 0x10, 0x82, 0x10,
    0x82, 0x10, 0x82, 0x10, 0x82, 0x10, 0x82, 0x10, 0x82, 0x10, 0x62, 0x08,
    0x46, 0x29, 0x66, 0x29, 0x66, 0x29, 0x66, 0x29, 0x66, 0x29, 0x66, 0x29,
    0x66, 0x29, 0x46, 0x29, 0x62, 0x08, 0x82, 0x10, 0x82, 0x10, 0x82, 0x08,
    0x62, 0x00, 0xA3, 0x20, 0x42, 0x00, 0x82, 0x10, 0x41, 0x00, 0x08, 0xCA,
    0x28, 0xD2, 0x28, 0xD2, 0x28, 0xD2, 0x28, 0xD2, 0x28, 0xD2, 0x8A, 0xFA,
    0x28, 0xD2, 0x49, 0xE2, 0x28, 0xD2, 0x28, 0xD2, 0x28, 0xD2, 0x28, 0xD2,
    0x49, 0xE2, 0x45, 0x61, 0x62, 0x00, 0x82, 0x10, 0x82, 0x10, 0x82, 0x10,
    0x82, 0x10, 0x82, 0x10, 0x82, 0x10, 0xA3, 0x10, 0x66, 0x29, 0x66, 0x29,
    0x66, 0x29, 0x66, 0x29, 0x66, 0x29, 0x66, 0x29, 0x66, 0x29, 0x66, 0x29,
    0xA3, 0x10, 0x82, 0x10, 0x82, 0x08, 0x62, 0x00, 0x86, 0x89, 0x08, 0xCA,
    0xC3, 0x28, 0xE3, 0x30, 0xE4, 0x40, 0x49, 0xE2, 0x28, 0xD2, 0x28, 0xD2,
    0x28, 0xD2, 0x28, 0xD2, 0x49, 0xE2, 0x28, 0xD2, 0x08, 0xD2, 0x69, 0xEA,
    0x28, 0xD2, 0x28, 0xD2, 0x28, 0xD2, 0x28, 0xD2, 0x48, 0xE2, 0xA6, 0x91,
    0x62, 0x00, 0x82, 0x10, 0x82, 0x10, 0x82, 0x10, 0x82, 0x10, 0x82, 0x10,
    0x82, 0x10, 0x62, 0x08, 0xC3, 0x10, 0x66, 0x29, 0x66, 0x29, 0x66, 0x29,
    0x66, 0x29, 0x66, 0x29, 0x66, 0x29, 0xC3, 0x10, 0x62, 0x08, 0x82, 0x10,
    0x82, 0x08, 0xA7, 0xA1, 0x49, 0xEA, 0x8A, 0xFA, 0x08, 0xCA, 0x69, 0xFA,
    0x28, 0xDA, 0x28, 0xDA, 0x28, 0xD2, 0x28, 0xD2, 0x28, 0xD2, 0x28, 0xD2,
    0x69, 0xEA, 0x08, 0xD2, 0x28, 0xD2, 0x28, 0xD2, 0x28, 0xD2, 0x28, 0xD2,
    0x28, 0xD2, 0x28, 0xD2, 0x49, 0xEA, 0xA6, 0x91, 0x82, 0x08, 0x82, 0x10,
    0x82, 0x10, 0x82, 0x10, 0x82, 0x08, 0x82, 0x00, 0x82, 0x10, 0x82, 0x10,
    0x62, 0x08, 0xC3, 0x10, 0x66, 0x29, 0x46, 0x29, 0x46, 0x29, 0x66, 0x29,
    0xC3, 0x10, 0x62, 0x08, 0x82, 0x10, 0x82, 0x10, 0x62, 0x00, 0x04, 0x41,
    0xA3, 0x18, 0xE7, 0xB9, 0xE7, 0xB1, 0x49, 0xEA, 0x28, 0xDA, 0x28, 0xD2,
    0x28, 0xD2, 0x28, 0xD2, 0x28, 0xD2, 0x28, 0xD2, 0x28, 0xD2, 0x28, 0xD2,
    0x28, 0xD2, 0x69, 0xF2, 0x28, 0xD2, 0x28, 0xD2, 0x28, 0xD2, 0x28, 0xD2,
    0x28, 0xDA, 0x86, 0x89, 0x21, 0x00, 0x82, 0x08, 0x82, 0x10, 0x41, 0x00,
    0x25, 0x59, 0x04, 0x49, 0x42, 0x00, 0x82, 0x10, 0x82, 0x10, 0x62, 0x08,
    0xA3, 0x10, 0x62, 0x08, 0x62, 0x08, 0xA3, 0x10, 0x62, 0x08, 0x82, 0x10,
    0x82, 0x10, 0x82, 0x10, 0x82, 0x10, 0x82, 0x10, 0x62, 0x00, 0xA2, 0x10,
    0x21, 0x00, 0x24, 0x59, 0x28, 0xE2, 0x28, 0xD2, 0x28, 0xD2, 0x28, 0xD2,
    0x28, 0xD2, 0x28, 0xD2, 0x69, 0xF2, 0x28, 0xD2, 0x08, 0xD2, 0x8A, 0xFA,
    0x28, 0xD2, 0x28, 0xD2, 0x28, 0xD2, 0x28, 0xD2, 0x28, 0xD2, 0x69, 0xF2,
    0x66, 0x79, 0x62, 0x00, 0x42, 0x00, 0x25, 0x59, 0x69, 0xF2, 0x28, 0xDA,
    0x04, 0x49, 0x62, 0x00, 0x82, 0x10, 0x82, 0x10, 0x82, 0x10, 0x82, 0x10,
    0x82, 0x10, 0x82, 0x10, 0x82, 0x10, 0x82, 0x10, 0x82, 0x10, 0x82, 0x10,
    0x82, 0x10, 0x82, 0x10, 0x82, 0x10, 0x82, 0x10, 0x62, 0x00, 0x45, 0x71,
    0x49, 0xE2, 0x28, 0xD2, 0x28, 0xD2, 0x28, 0xD2, 0x28, 0xD2, 0x28, 0xD2,
    0x8A, 0xFA, 0x08, 0xD2, 0x08, 0xD2, 0x28, 0xD2, 0x69, 0xF2, 0x28, 0xD2,
    0x28, 0xD2, 0x28, 0xD2, 0x28, 0xD2, 0x28, 0xD2, 0x69, 0xF2, 0x62, 0x00,
    0x25, 0x59, 0x49, 0xE2, 0x28, 0xDA, 0x69, 0xFA, 0xC7, 0xA9, 0xA3, 0x10,
    0x82, 0x10, 0x82, 0x10, 0x82, 0x10, 0x82, 0x10, 0x82, 0x10, 0x82, 0x08,
    0x82, 0x08, 0x62, 0x00, 0x82, 0x10, 0x82, 0x10, 0x82, 0x10, 0x82, 0x10,
    0x82, 0x10, 0x82, 0x10, 0xA3, 0x20, 0x69, 0xF2, 0x28, 0xD2, 0x28, 0xD2,
    0x28, 0xD2, 0x28, 0xD2, 0x28, 0xD2, 0x69, 0xF2, 0x28, 0xD2, 0x08, 0xD2,
    0x00, 0x00, 0x00, 0x00, 0x28, 0xD2, 0x28, 0xD2, 0x28, 0xD2, 0x28, 0xD2,
    0x28, 0xD2, 0x28, 0xD2, 0x08, 0xCA, 0x25, 0x59, 0x49, 0xE2, 0x28, 0xDA,
    0x49, 0xEA, 0xC7, 0xA9, 0xA3, 0x20, 0x62, 0x00, 0x82, 0x10, 0x82, 0x10,
    0x82, 0x10, 0x82, 0x10, 0x82, 0x08, 0x62, 0x00, 0xA7, 0xA1, 0x04, 0x41,
    0x82, 0x10, 0x82, 0x10, 0x82, 0x10, 0x82, 0x10, 0x82, 0x10, 0x62, 0x00,
    0xA3, 0x20, 0x08, 0xCA, 0x28, 0xD2, 0x28, 0xD2, 0x28, 0xD2, 0x28, 0xD2,
    0x28, 0xD2, 0x28, 0xD2, 0x00, 0x00, 0x00, 0x00, 0x86, 0xC9, 0x28, 0xD2,
    0x8A, 0xFA, 0x28, 0xDA, 0x28, 0xD2, 0x28, 0xD2, 0x28, 0xD2, 0x28, 0xD2,
    0x48, 0xE2, 0x28, 0xD2, 0x28, 0xDA, 0x69, 0xF2, 0xC7, 0xA9, 0xA3, 0x20,
    0x62, 0x00, 0x82, 0x10, 0x82, 0x10, 0x82, 0x10, 0x82, 0x10, 0x82, 0x10,
    0x62, 0x00, 0x86, 0x89, 0x49, 0xEA, 0xA3, 0x18, 0x62, 0x00, 0x82, 0x10,
    0x82, 0x10, 0x82, 0x10, 0x62, 0x00, 0xE4, 0x38, 0x08, 0xCA, 0x49, 0xEA,
    0x28, 0xD2, 0x28, 0xD2, 0x28, 0xD2, 0x28, 0xD2, 0x28, 0xDA, 0x8A, 0xFA,
    0x28, 0xD2, 0x86, 0xC9, 0x00, 0x00, 0x00, 0x00, 0x08, 0xD2, 0x69, 0xEA,
    0x28, 0xDA, 0x28, 0xD2, 0x28, 0xD2, 0x28, 0xD2, 0x28, 0xD2, 0x28, 0xD2,
    0x28, 0xD2, 0xE7, 0xB1, 0x82, 0x08, 0x62, 0x00, 0x82, 0x10, 0x82, 0x10,
    0x82, 0x10, 0x82, 0x10, 0x82, 0x10, 0x82, 0x10, 0xA3, 0x20, 0x08, 0xCA,
    0x8A, 0xFA, 0xE7, 0xB9, 0xA2, 0x10, 0x82, 0x10, 0x82, 0x10, 0x62, 0x00,
    0xE4, 0x38, 0x08, 0xCA, 0x49, 0xE2, 0x28, 0xD2, 0x28, 0xD2, 0x28, 0xD2,
    0x28, 0xD2, 0x28, 0xDA, 0x69, 0xEA, 0x08, 0xD2, 0x00, 0x00, 0x00, 0x00,
    0x00, 0x00, 0x00, 0x00, 0x00, 0x00, 0x28, 0xD2, 0x28, 0xD2, 0x28, 0xD2,
    0x28, 0xD2, 0x28, 0xD2, 0x28, 0xD2, 0x28, 0xD2, 0x28, 0xDA, 0x08, 0xCA,
    0xA3, 0x10, 0xA3, 0x20, 0x62, 0x00, 0x82, 0x08, 0x82, 0x10, 0x82, 0x10,
    0x82, 0x10, 0x82, 0x10, 0x42, 0x00, 0xC3, 0x28, 0x08, 0xCA, 0xE7, 0xB1,
    0x21, 0x00, 0x62, 0x00, 0xA3, 0x20, 0xA3, 0x20, 0x08, 0xCA, 0x49, 0xE2,
    0x28, 0xD2, 0x28, 0xD2, 0x28, 0xD2, 0x28, 0xD2, 0x28, 0xD2, 0x28, 0xD2,
    0x28, 0xD2, 0x00, 0x00, 0x00, 0x00, 0x00, 0x00, 0x00, 0x00, 0x00, 0x00,
    0x00, 0x00, 0x28, 0xD2, 0x28, 0xDA, 0x28, 0xD2, 0x28, 0xD2, 0x28, 0xD2,
    0x28, 0xD2, 0x28, 0xD2, 0x28, 0xD2, 0x49, 0xEA, 0x08, 0xCA, 0x69, 0xF2,
    0x66, 0x79, 0x21, 0x00, 0x82, 0x08, 0x62, 0x00, 0x62, 0x00, 0x82, 0x10,
    0x82, 0x10, 0xE3, 0x30, 0x69, 0xFA, 0x49, 0xEA, 0x24, 0x59, 0x45, 0x71,
    0x69, 0xF2, 0x08, 0xCA, 0x49, 0xEA, 0x28, 0xD2, 0x28, 0xD2, 0x28, 0xD2,
    0x28, 0xD2, 0x28, 0xD2, 0x28, 0xD2, 0x28, 0xDA, 0x28, 0xD2, 0x00, 0x00,
    0x00, 0x00, 0x00, 0x00, 0x00, 0x00, 0x00, 0x00, 0x00, 0x00, 0x00, 0x00,
    0x28, 0xD2, 0x28, 0xD2, 0x28, 0xD2, 0x28, 0xD2, 0x28, 0xD2, 0x28, 0xD2,
    0x28, 0xD2, 0x28, 0xD2, 0x28, 0xD2, 0x28, 0xD2, 0x69, 0xF2, 0x86, 0x89,
    0xA6, 0x91, 0xA6, 0x91, 0x45, 0x61, 0x41, 0x00, 0x41, 0x00, 0xE4, 0x40,
    0x28, 0xDA, 0x28, 0xDA, 0x28, 0xE2, 0x49, 0xE2, 0x28, 0xD2, 0x28, 0xD2,
    0x28, 0xD2, 0x28, 0xD2, 0x28, 0xD2, 0x28, 0xD2, 0x28, 0xD2, 0x28, 0xD2,
    0x28, 0xD2, 0x28, 0xD2, 0x00, 0x00, 0x00, 0x00, 0x00, 0x00, 0x00, 0x00,
    0x00, 0x00, 0x00, 0x00, 0x00, 0x00, 0x00, 0x00, 0x00, 0x00, 0x28, 0xD2,
    0x28, 0xD2, 0x28, 0xD2, 0x28, 0xD2, 0x28, 0xD2, 0x28, 0xD2, 0x28, 0xD2,
    0x28, 0xD2, 0x28, 0xD2, 0x28, 0xD2, 0x28, 0xDA, 0x49, 0xEA, 0x48, 0xE2,
    0x49, 0xE2, 0x08, 0xCA, 0x08, 0xCA, 0x49, 0xE2, 0x28, 0xDA, 0x28, 0xD2,
    0x28, 0xD2, 0x28, 0xD2, 0x28, 0xD2, 0x28, 0xD2, 0x28, 0xD2, 0x28, 0xD2,
    0x28, 0xD2, 0x28, 0xD2, 0x28, 0xD2, 0x28, 0xD2, 0x28, 0xD2, 0x00, 0x00,
    0x00, 0x00, 0x00, 0x00, 0x00, 0x00, 0x00, 0x00, 0x00, 0x00, 0x00, 0x00,
    0x00, 0x00, 0x00, 0x00, 0x00, 0x00, 0x00, 0x00, 0x28, 0xD2, 0x28, 0xD2,
    0x28, 0xD2, 0x28, 0xD2, 0x28, 0xD2, 0x28, 0xD2, 0x28, 0xD2, 0x28, 0xD2,
    0x28, 0xD2, 0x28, 0xD2, 0x28, 0xD2, 0x28, 0xD2, 0x28, 0xD2, 0x28, 0xD2,
    0x28, 0xD2, 0x28, 0xD2, 0x28, 0xD2, 0x28, 0xD2, 0x28, 0xD2, 0x28, 0xD2,
    0x28, 0xD2, 0x28, 0xD2, 0x28, 0xD2, 0x28, 0xD2, 0x28, 0xD2, 0x28, 0xD2,
    0x28, 0xD2, 0x28, 0xD2, 0x00, 0x00, 0x00, 0x00, 0x00, 0x00, 0x00, 0x00,
    0x00, 0x00, 0x00, 0x00, 0x00, 0x00, 0x00, 0x00, 0x00, 0x00, 0x00, 0x00,
    0x00, 0x00, 0x00, 0x00, 0x00, 0x00, 0x28, 0xD2, 0x28, 0xDA, 0x28, 0xD2,
    0x28, 0xDA, 0x28, 0xD2, 0x28, 0xD2, 0x28, 0xD2, 0x28, 0xD2, 0x28, 0xD2,
    0x28, 0xD2, 0x28, 0xD2, 0x28, 0xD2, 0x28, 0xD2, 0x28, 0xD2, 0x28, 0xD2,
    0x28, 0xD2, 0x28, 0xD2, 0x28, 0xD2, 0x28, 0xD2, 0x28, 0xD2, 0x28, 0xD2,
    0x28, 0xD2, 0x28, 0xDA, 0x28, 0xD2, 0x28, 0xDA, 0x28, 0xD2, 0x00, 0x00,
    0x00, 0x00, 0x00, 0x00, 0x00, 0x00, 0x00, 0x00, 0x00, 0x00, 0x00, 0x00,
    0x00, 0x00, 0x00, 0x00, 0x00, 0x00, 0x00, 0x00, 0x00, 0x00, 0x00, 0x00,
    0x00, 0x00, 0x00, 0x00, 0x28, 0xD2, 0x28, 0xD2, 0x69, 0xEA, 0x28, 0xDA,
    0x28, 0xD2, 0x28, 0xD2, 0x28, 0xD2, 0x28, 0xD2, 0x28, 0xD2, 0x28, 0xD2,
    0x28, 0xD2, 0x28, 0xD2, 0x28, 0xD2, 0x28, 0xD2, 0x28, 0xD2, 0x28, 0xD2,
    0x28, 0xD2, 0x28, 0xD2, 0x28, 0xD2, 0x28, 0xD2, 0x28, 0xDA, 0x69, 0xEA,
    0x28, 0xD2, 0x28, 0xD2, 0x00, 0x00, 0x00, 0x00, 0x00, 0x00, 0x00, 0x00,
    0x00, 0x00, 0x00, 0x00, 0x00, 0x00, 0x00, 0x00, 0x00, 0x00, 0x00, 0x00,
    0x00, 0x00, 0x00, 0x00, 0x00, 0x00, 0x00, 0x00, 0x00, 0x00, 0x00, 0x00,
    0x00, 0x00, 0x00, 0x00, 0x08, 0xD2, 0x8A, 0xFA, 0x28, 0xD2, 0x69, 0xF2,
    0x28, 0xD2, 0x28, 0xD2, 0x28, 0xD2, 0x28, 0xD2, 0x28, 0xD2, 0x28, 0xD2,
    0x28, 0xD2, 0x28, 0xD2, 0x28, 0xD2, 0x28, 0xD2, 0x28, 0xD2, 0x28, 0xD2,
    0x69, 0xF2, 0x28, 0xD2, 0x8A, 0xFA, 0x08, 0xD2, 0x00, 0x00, 0x00, 0x00,
    0x00, 0x00, 0x00, 0x00, 0x00, 0x00, 0x00, 0x00, 0x00, 0x00, 0x00, 0x00,
    0x00, 0x00, 0x00, 0x00, 0x00, 0x00, 0x00, 0x00, 0x00, 0x00, 0x00, 0x00,
    0x00, 0x00, 0x00, 0x00, 0x00, 0x00, 0x00, 0x00, 0x00, 0x00, 0x00, 0x00,
    0x00, 0x00, 0x28, 0xD2, 0x00, 0x00, 0x28, 0xD2, 0x8A, 0xFA, 0x69, 0xF2,
    0x28, 0xD2, 0x69, 0xEA, 0x49, 0xE2, 0x28, 0xD2, 0x28, 0xD2, 0x49, 0xE2,
    0x69, 0xEA, 0x28, 0xD2, 0x69, 0xF2, 0x8A, 0xFA, 0x28, 0xD2, 0x00, 0x00,
    0x28, 0xD2, 0x00, 0x00, 0x00, 0x00, 0x00, 0x00, 0x00, 0x00, 0x00, 0x00,
    0x00, 0x00, 0x00, 0x00, 0x00, 0x00, 0x00, 0x00, 0x00, 0x00, 0x00, 0x00,
    0x00, 0x00, 0x00, 0x00, 0x00, 0x00, 0x00, 0x00, 0x00, 0x00, 0x00, 0x00,
    0x00, 0x00, 0x00, 0x00, 0x00, 0x00, 0x00, 0x00, 0x00, 0x00, 0x86, 0xC9,
    0x00, 0x00, 0x08, 0xD2, 0x08, 0xD2, 0x28, 0xD2, 0x28, 0xD2, 0x08, 0xD2,
    0x28, 0xD2, 0x8A, 0xFA, 0x8A, 0xFA, 0x28, 0xD2, 0x08, 0xD2, 0x28, 0xD2,
    0x28, 0xD2, 0x08, 0xD2, 0x08, 0xD2, 0x00, 0x00, 0x86, 0xC9, 0x00, 0x00,
    0x00, 0x00, 0x00, 0x00, 0x00, 0x00, 0x00, 0x00, 0x00, 0x00, 0x00, 0x00,
    0x00, 0x00, 0x00, 0x00, 0x00, 0x00, 0x00, 0x00, 0x00, 0x00, 0x00, 0x00,
    0x00, 0x00, 0x00, 0x00, 0x00, 0x00, 0x00, 0x05, 0x00, 0x22, 0x6E, 0x67,
    0x70, 0x6A, 0x9F, 0xFF, 0xFF, 0x9F, 0x6A, 0x70, 0x67, 0x6E, 0x22, 0x00,
    0x05, 0x00, 0x00, 0x00, 0x00, 0x00, 0x00, 0x00, 0x00, 0x00, 0x00, 0x00,
    0x00, 0x00, 0x00, 0x00, 0x00, 0x00, 0x00, 0x00, 0x00, 0x00, 0x00, 0x1E,
    0x00, 0xD1, 0xFF, 0xFF, 0xFF, 0xFF, 0xFF, 0xFE, 0xFE, 0xFF, 0xFF, 0xFF,
    0xFF, 0xFF, 0xD1, 0x00, 0x1E, 0x00, 0x00, 0x00, 0x00, 0x00, 0x00, 0x00,
    0x00, 0x00, 0x00, 0x00, 0x00, 0x00, 0x00, 0x00, 0x00, 0x00, 0x00, 0x00,
    0x00, 0x00, 0x6A, 0xFF, 0xE7, 0xFF, 0xFF, 0xFE, 0xFD, 0xFE, 0xFF, 0xFF,
    0xFF, 0xFF, 0xFE, 0xFD, 0xFE, 0xFF, 0xFF, 0xE7, 0xFF, 0x6A, 0x00, 0x00,
    0x00, 0x00, 0x00, 0x00, 0x00, 0x00, 0x00, 0x00, 0x00, 0x00, 0x00, 0x00,
    0x00, 0x00, 0x00, 0x00, 0xF4, 0x8E, 0xFF, 0xFF, 0xFB, 0xFF, 0xFF, 0xFF,
    0xFF, 0xFF, 0xFF, 0xFF, 0xFF, 0xFF, 0xFF, 0xFF, 0xFF, 0xFF, 0xFF, 0xFB,
    0xFF, 0xFF, 0x8E, 0xF4, 0x00, 0x00, 0x00, 0x00, 0x00, 0x00, 0x00, 0x00,
    0x00, 0x00, 0x00, 0x00, 0x00, 0x00, 0x00, 0xFF, 0xFF, 0xFF, 0xFF, 0xFF,
    0xFF, 0xFF, 0xFF, 0xFF, 0xFF, 0xFF, 0xFF, 0xFF, 0xFF, 0xFF, 0xFF, 0xFF,
    0xFF, 0xFF, 0xFF, 0xFF, 0xFF, 0xFF, 0xFF, 0xFF, 0xFF, 0x00, 0x00, 0x00,
    0x00, 0x00, 0x00, 0x00, 0x00, 0x00, 0x00, 0x00, 0x00, 0x00, 0xFF, 0xFF,
    0xFF, 0xFE, 0xFF, 0xFF, 0xFF, 0xFF, 0xFF, 0xFF, 0xFF, 0xFF, 0xFF, 0xFF,
    0xFF, 0xFF, 0xFF, 0xFF, 0xFF, 0xFF, 0xFF, 0xFF, 0xFF, 0xFF, 0xFE, 0xFF,
    0xFF, 0xFF, 0x00, 0x00, 0x00, 0x00, 0x00, 0x00, 0x00, 0x00, 0x00, 0x00,
    0x00, 0xFF, 0xFF, 0xFF, 0xFF, 0xFF, 0xFF, 0xFF, 0xFF, 0xFF, 0xFF, 0xFF,
    0xFF, 0xFF, 0xFF, 0xFF, 0xFF, 0xFF, 0xFF, 0xFF, 0xFF, 0xFF, 0xFF, 0xFF,
    0xFF, 0xFF, 0xFF, 0xFF, 0xFF, 0xFF, 0xFF, 0x00, 0x00, 0x00, 0x00, 0x00,
    0x00, 0x00, 0x00, 0x00, 0xFF, 0xFF, 0xFF, 0xFF, 0xFF, 0xFF, 0xFF, 0xFF,
    0xFF, 0xFF, 0xFF, 0xFF, 0xFF, 0xFF, 0xFF, 0xFF, 0xFF, 0xFF, 0xFF, 0xFF,
    0xFF, 0xFF, 0xFF, 0xFF, 0xFF, 0xFF, 0xFF, 0xFF, 0xFF, 0xFF, 0xFF, 0xFF,
    0x00, 0x00, 0x00, 0x00, 0x00, 0x00, 0x00, 0xF4, 0xFF, 0xFF, 0xFF, 0xFF,
    0xFF, 0xFF, 0xFF, 0xFF, 0xFF, 0xFF, 0xFF, 0xFF, 0xFF, 0xFF, 0xFF, 0xFF,
    0xFF, 0xFF, 0xFF, 0xFF, 0xFF, 0xFF, 0xFF, 0xFF, 0xFF, 0xFF, 0xFF, 0xFF,
    0xFF, 0xFF, 0xFF, 0xFF, 0xF4, 0x00, 0x00, 0x00, 0x00, 0x00, 0x00, 0x8E,
    0xFF, 0xFE, 0xFF, 0xFF, 0xFF, 0xFF, 0xFF, 0xFF, 0xFF, 0xFF, 0xFF, 0xFF,
    0xFF, 0xFF, 0xFF, 0xFF, 0xFF, 0xFF, 0xFF, 0xFF, 0xFF, 0xFF, 0xFF, 0xFF,
    0xFF, 0xFF, 0xFF, 0xFF, 0xFF, 0xFF, 0xFE, 0xFF, 0x8E, 0x00, 0x00, 0x00,
    0x00, 0x00, 0x6A, 0xFF, 0xFF, 0xFF, 0xFF, 0xFF, 0xFF, 0xFF, 0xFF, 0xFF,
    0xFF, 0xFF, 0xFF, 0xFF, 0xFF, 0xFF, 0xFF, 0xFF, 0xFF, 0xFF, 0xFF, 0xFF,
    0xFF, 0xFF, 0xFF, 0xFF, 0xFF, 0xFF, 0xFF, 0xFF, 0xFF, 0xFF, 0xFF, 0xFF,
    0xFF, 0x6A, 0x00, 0x00, 0x05, 0x1E, 0xFF, 0xFF, 0xFF, 0xFF, 0xFF, 0xFF,
    0xFF, 0xFF, 0xFF, 0xFF, 0xFF, 0xFF, 0xFF, 0xFF, 0xFF, 0xFF, 0xFF, 0xFF,
    0xFF, 0xFF, 0xFF, 0xFF, 0xFF, 0xFF, 0xFF, 0xFF, 0xFF, 0xFF, 0xFF, 0xFF,
    0xFF, 0xFF, 0xFF, 0xFF, 0xFF, 0xFF, 0x1E, 0x05, 0x00, 0x00, 0xE7, 0xFB,
    0xFF, 0xFF, 0xFF, 0xFF, 0xFF, 0xFF, 0xFF, 0xFF, 0xFF, 0xFF, 0xFF, 0xFF,
    0xFF, 0xFF, 0xFF, 0xFF, 0xFF, 0xFF, 0xFF, 0xFF, 0xFF, 0xFF, 0xFF, 0xFF,
    0xFF, 0xFF, 0xFF, 0xFF, 0xFF, 0xFF, 0xFF, 0xFF, 0xFB, 0xE7, 0x00, 0x00,
    0x22, 0xD1, 0xFF, 0xFF, 0xFF, 0xFF, 0xFF, 0xFF, 0xFF, 0xFF, 0xFF, 0xFF,
    0xFF, 0xFF, 0xFF, 0xFF, 0xFF, 0xFF, 0xFF, 0xFF, 0xFF, 0xFF, 0xFF, 0xFF,
    0xFF, 0xFF, 0xFF, 0xFF, 0xFF, 0xFF, 0xFF, 0xFF, 0xFF, 0xFF, 0xFF, 0xFF,
    0xFF, 0xFF, 0xD1, 0x22, 0x6E, 0xFF, 0xFF, 0xFF, 0xFF, 0xFF, 0xFF, 0xFF,
    0xFF, 0xFF, 0xFF, 0xFF, 0xFF, 0xFF, 0xFF, 0xFF, 0xFF, 0xFF, 0xFF, 0xFF,
    0xFF, 0xFF, 0xFF, 0xFF, 0xFF, 0xFF, 0xFF, 0xFF, 0xFF, 0xFF, 0xFF, 0xFF,
    0xFF, 0xFF, 0xFF, 0xFF, 0xFF, 0xFF, 0xFF, 0x6E, 0x67, 0xFF, 0xFE, 0xFF,
    0xFF, 0xFF, 0xFF, 0xFF, 0xFF, 0xFF, 0xFF, 0xFF, 0xFF, 0xFF, 0xFF, 0xFF,
    0xFF, 0xFF, 0xFF, 0xFF, 0xFF, 0xFF, 0xFF, 0xFF, 0xFF, 0xFF, 0xFF, 0xFF,
    0xFF, 0xFF, 0xFF, 0xFF, 0xFF, 0xFF, 0xFF, 0xFF, 0xFF, 0xFE, 0xFF, 0x67,
    0x70, 0xFF, 0xFD, 0xFF, 0xFF, 0xFF, 0xFF, 0xFF, 0xFF, 0xFF, 0xFF, 0xFF,
    0xFF, 0xFF, 0xFF, 0xFF, 0xFF, 0xFF, 0xFF, 0xFF, 0xFF, 0xFF, 0xFF, 0xFF,
    0xFF, 0xFF, 0xFF, 0xFF, 0xFF, 0xFF, 0xFF, 0xFF, 0xFF, 0xFF, 0xFF, 0xFF,
    0xFF, 0xFD, 0xFF, 0x70, 0x6A, 0xFF, 0xFE, 0xFF, 0xFF, 0xFF, 0xFF, 0xFF,
    0xFF, 0xFF, 0xFF, 0xFF, 0xFF, 0xFF, 0xFF, 0xFF, 0xFF, 0xFF, 0xFF, 0xFF,
    0xFF, 0xFF, 0xFF, 0xFF, 0xFF, 0xFF, 0xFF, 0xFF, 0xFF, 0xFF, 0xFF, 0xFF,
    0xFF, 0xFF, 0xFF, 0xFF, 0xFF, 0xFE, 0xFF, 0x6A, 0x9F, 0xFF, 0xFF, 0xFF,
    0xFF, 0xFF, 0xFF, 0xFF, 0xFF, 0xFF, 0xFF, 0xFF, 0xFF, 0xFF, 0xFF, 0xFF,
    0xFF, 0xFF, 0xFF, 0xFF, 0xFF, 0xFF, 0xFF, 0xFF, 0xFF, 0xFF, 0xFF, 0xFF,
    0xFF, 0xFF, 0xFF, 0xFF, 0xFF, 0xFF, 0xFF, 0xFF, 0xFF, 0xFF, 0xFF, 0x9F,
    0xFF, 0xFE, 0xFF, 0xFF, 0xFF, 0xFF, 0xFF, 0xFF, 0xFF, 0xFF, 0xFF, 0xFF,
    0xFF, 0xFF, 0xFF, 0xFF, 0xFF, 0xFF, 0xFF, 0xFF, 0xFF, 0xFF, 0xFF, 0xFF,
    0xFF, 0xFF, 0xFF, 0xFF, 0xFF, 0xFF, 0xFF, 0xFF, 0xFF, 0xFF, 0xFF, 0xFF,
    0xFF, 0xFF, 0xFE, 0xFF, 0xFF, 0xFE, 0xFF, 0xFF, 0xFF, 0xFF, 0xFF, 0xFF,
    0xFF, 0xFF, 0xFF, 0xFF, 0xFF, 0xFF, 0xFF, 0xFF, 0xFF, 0xFF, 0xFF, 0xFF,
    0xFF, 0xFF, 0xFF, 0xFF, 0xFF, 0xFF, 0xFF, 0xFF, 0xFF, 0xFF, 0xFF, 0xFF,
    0xFF, 0xFF, 0xFF, 0xFF, 0xFF, 0xFF, 0xFE, 0xFF, 0x9F, 0xFF, 0xFF, 0xFF,
    0xFF, 0xFF, 0xFF, 0xFF, 0xFF, 0xFF, 0xFF, 0xFF, 0xFF, 0xFF, 0xFF, 0xFF,
    0xFF, 0xFF, 0xFF, 0xFF, 0xFF, 0xFF, 0xFF, 0xFF, 0xFF, 0xFF, 0xFF, 0xFF,
    0xFF, 0xFF, 0xFF, 0xFF, 0xFF, 0xFF, 0xFF, 0xFF, 0xFF, 0xFF, 0xFF, 0x9F,
    0x6A, 0xFF, 0xFE, 0xFF, 0xFF, 0xFF, 0xFF, 0xFF, 0xFF, 0xFF, 0xFF, 0xFF,
    0xFF, 0xFF, 0xFF, 0xFF, 0xFF, 0xFF, 0xFF, 0xFF, 0xFF, 0xFF, 0xFF, 0xFF,
    0xFF, 0xFF, 0xFF, 0xFF, 0xFF, 0xFF, 0xFF, 0xFF, 0xFF, 0xFF, 0xFF, 0xFF,
    0xFF, 0xFE, 0xFF, 0x6A, 0x70, 0xFF, 0xFD, 0xFF, 0xFF, 0xFF, 0xFF, 0xFF,
    0xFF, 0xFF, 0xFF, 0xFF, 0xFF, 0xFF, 0xFF, 0xFF, 0xFF, 0xFF, 0xFF, 0xFF,
    0xFF, 0xFF, 0xFF, 0xFF, 0xFF, 0xFF, 0xFF, 0xFF, 0xFF, 0xFF, 0xFF, 0xFF,
    0xFF, 0xFF, 0xFF, 0xFF, 0xFF, 0xFD, 0xFF, 0x70, 0x67, 0xFF, 0xFE, 0xFF,
    0xFF, 0xFF, 0xFF, 0xFF, 0xFF, 0xFF, 0xFF, 0xFF, 0xFF, 0xFF, 0xFF, 0xFF,
    0xFF, 0xFF, 0xFF, 0xFF, 0xFF, 0xFF, 0xFF, 0xFF, 0xFF, 0xFF, 0xFF, 0xFF,
    0xFF, 0xFF, 0xFF, 0xFF, 0xFF, 0xFF, 0xFF, 0xFF, 0xFF, 0xFE, 0xFF, 0x67,
    0x6E, 0xFF, 0xFF, 0xFF, 0xFF, 0xFF, 0xFF, 0xFF, 0xFF, 0xFF, 0xFF, 0xFF,
    0xFF, 0xFF, 0xFF, 0xFF, 0xFF, 0xFF, 0xFF, 0xFF, 0xFF, 0xFF, 0xFF, 0xFF,
    0xFF, 0xFF, 0xFF, 0xFF, 0xFF, 0xFF, 0xFF, 0xFF, 0xFF, 0xFF, 0xFF, 0xFF,
    0xFF, 0xFF, 0xFF, 0x6E, 0x22, 0xD1, 0xFF, 0xFF, 0xFF, 0xFF, 0xFF, 0xFF,
    0xFF, 0xFF, 0xFF, 0xFF, 0xFF, 0xFF, 0xFF, 0xFF, 0xFF, 0xFF, 0xFF, 0xFF,
    0xFF, 0xFF, 0xFF, 0xFF, 0xFF, 0xFF, 0xFF, 0xFF, 0xFF, 0xFF, 0xFF, 0xFF,
    0xFF, 0xFF, 0xFF, 0xFF, 0xFF, 0xFF, 0xD1, 0x22, 0x00, 0x00, 0xE7, 0xFB,
    0xFF, 0xFF, 0xFF, 0xFF, 0xFF, 0xFF, 0xFF, 0xFF, 0xFF, 0xFF, 0xFF, 0xFF,
    0xFF, 0xFF, 0xFF, 0xFF, 0xFF, 0xFF, 0xFF, 0xFF, 0xFF, 0xFF, 0xFF, 0xFF,
    0xFF, 0xFF, 0xFF, 0xFF, 0xFF, 0xFF, 0xFF, 0xFF, 0xFB, 0xE7, 0x00, 0x00,
    0x05, 0x1E, 0xFF, 0xFF, 0xFF, 0xFF, 0xFF, 0xFF, 0xFF, 0xFF, 0xFF, 0xFF,
    0xFF, 0xFF, 0xFF, 0xFF, 0xFF, 0xFF, 0xFF, 0xFF, 0xFF, 0xFF, 0xFF, 0xFF,
    0xFF, 0xFF, 0xFF, 0xFF, 0xFF, 0xFF, 0xFF, 0xFF, 0xFF, 0xFF, 0xFF, 0xFF,
    0xFF, 0xFF, 0x1E, 0x05, 0x00, 0x00, 0x6A, 0xFF, 0xFF, 0xFF, 0xFF, 0xFF,
    0xFF, 0xFF, 0xFF, 0xFF, 0xFF, 0xFF, 0xFF, 0xFF, 0xFF, 0xFF, 0xFF, 0xFF,
    0xFF, 0xFF, 0xFF, 0xFF, 0xFF, 0xFF, 0xFF, 0xFF, 0xFF, 0xFF, 0xFF, 0xFF,
    0xFF, 0xFF, 0xFF, 0xFF, 0xFF, 0x6A, 0x00, 0x00, 0x00, 0x00, 0x00, 0x8E,
    0xFF, 0xFE, 0xFF, 0xFF, 0xFF, 0xFF, 0xFF, 0xFF, 0xFF, 0xFF, 0xFF, 0xFF,
    0xFF, 0xFF, 0xFF, 0xFF, 0xFF, 0xFF, 0xFF, 0xFF, 0xFF, 0xFF, 0xFF, 0xFF,
    0xFF, 0xFF, 0xFF, 0xFF, 0xFF, 0xFF, 0xFE, 0xFF, 0x8E, 0x00, 0x00, 0x00,
    0x00, 0x00, 0x00, 0xF4, 0xFF, 0xFF, 0xFF, 0xFF, 0xFF, 0xFF, 0xFF, 0xFF,
    0xFF, 0xFF, 0xFF, 0xFF, 0xFF, 0xFF, 0xFF, 0xFF, 0xFF, 0xFF, 0xFF, 0xFF,
    0xFF, 0xFF, 0xFF, 0xFF, 0xFF, 0xFF, 0xFF, 0xFF, 0xFF, 0xFF, 0xFF, 0xFF,
    0xF4, 0x00, 0x00, 0x00, 0x00, 0x00, 0x00, 0x00, 0xFF, 0xFF, 0xFF, 0xFF,
    0xFF, 0xFF, 0xFF, 0xFF, 0xFF, 0xFF, 0xFF, 0xFF, 0xFF, 0xFF, 0xFF, 0xFF,
    0xFF, 0xFF, 0xFF, 0xFF, 0xFF, 0xFF, 0xFF, 0xFF, 0xFF, 0xFF, 0xFF, 0xFF,
    0xFF, 0xFF, 0xFF, 0xFF, 0x00, 0x00, 0x00, 0x00, 0x00, 0x00, 0x00, 0x00,
    0x00, 0xFF, 0xFF, 0xFF, 0xFF, 0xFF, 0xFF, 0xFF, 0xFF, 0xFF, 0xFF, 0xFF,
    0xFF, 0xFF, 0xFF, 0xFF, 0xFF, 0xFF, 0xFF, 0xFF, 0xFF, 0xFF, 0xFF, 0xFF,
    0xFF, 0xFF, 0xFF, 0xFF, 0xFF, 0xFF, 0xFF, 0x00, 0x00, 0x00, 0x00, 0x00,
    0x00, 0x00, 0x00, 0x00, 0x00, 0x00, 0xFF, 0xFF, 0xFF, 0xFE, 0xFF, 0xFF,
    0xFF, 0xFF, 0xFF, 0xFF, 0xFF, 0xFF, 0xFF, 0xFF, 0xFF, 0xFF, 0xFF, 0xFF,
    0xFF, 0xFF, 0xFF, 0xFF, 0xFF, 0xFF, 0xFE, 0xFF, 0xFF, 0xFF, 0x00, 0x00,
    0x00, 0x00, 0x00, 0x00, 0x00, 0x00, 0x00, 0x00, 0x00, 0x00, 0x00, 0xFF,
    0xFF, 0xFF, 0xFF, 0xFF, 0xFF, 0xFF, 0xFF, 0xFF, 0xFF, 0xFF, 0xFF, 0xFF,
    0xFF, 0xFF, 0xFF, 0xFF, 0xFF, 0xFF, 0xFF, 0xFF, 0xFF, 0xFF, 0xFF, 0xFF,
    0xFF, 0x00, 0x00, 0x00, 0x00, 0x00, 0x00, 0x00, 0x00, 0x00, 0x00, 0x00,
    0x00, 0x00, 0x00, 0x00, 0xF4, 0x8E, 0xFF, 0xFF, 0xFB, 0xFF, 0xFF, 0xFF,
    0xFF, 0xFF, 0xFF, 0xFF, 0xFF, 0xFF, 0xFF, 0xFF, 0xFF, 0xFF, 0xFF, 0xFB,
    0xFF, 0xFF, 0x8E, 0xF4, 0x00, 0x00, 0x00, 0x00, 0x00, 0x00, 0x00, 0x00,
    0x00, 0x00, 0x00, 0x00, 0x00, 0x00, 0x00, 0x00, 0x00, 0x00, 0x6A, 0xFF,
    0xE7, 0xFF, 0xFF, 0xFE, 0xFD, 0xFE, 0xFF, 0xFF, 0xFF, 0xFF, 0xFE, 0xFD,
    0xFE, 0xFF, 0xFF, 0xE7, 0xFF, 0x6A, 0x00, 0x00, 0x00, 0x00, 0x00, 0x00,
    0x00, 0x00, 0x00, 0x00, 0x00, 0x00, 0x00, 0x00, 0x00, 0x00, 0x00, 0x00,
    0x00, 0x00, 0x00, 0x1E, 0x00, 0xD1, 0xFF, 0xFF, 0xFF, 0xFF, 0xFF, 0xFE,
    0xFE, 0xFF, 0xFF, 0xFF, 0xFF, 0xFF, 0xD1, 0x00, 0x1E, 0x00, 0x00, 0x00,
    0x00, 0x00, 0x00, 0x00, 0x00, 0x00, 0x00, 0x00, 0x00, 0x00, 0x00, 0x00,
    0x00, 0x00, 0x00, 0x00, 0x00, 0x00, 0x00, 0x05, 0x00, 0x22, 0x6E, 0x67,
    0x70, 0x6A, 0x9F, 0xFF, 0xFF, 0x9F, 0x6A, 0x70, 0x67, 0x6E, 0x22, 0x00,
    0x05, 0x00, 0x00, 0x00, 0x00, 0x00, 0x00, 0x00, 0x00, 0x00, 0x00, 0x00,
  },
  { /* frame 16 */
    0x00, 0x00, 0x00, 0x00, 0x00, 0x00, 0x00, 0x00, 0x00, 0x00, 0x00, 0x00,
    0x00, 0x00, 0x00, 0x00, 0x00, 0x00, 0x00, 0x00, 0x00, 0x00, 0x00, 0x00,
    0x00, 0x00, 0x00, 0x00, 0x00, 0x00, 0x28, 0xD2, 0x08, 0xD2, 0x28, 0xD2,
    0x28, 0xD2, 0xAA, 0xFA, 0x49, 0xE2, 0x28, 0xD2, 0x28, 0xD2, 0x08, 0xD2,
    0x28, 0xD2, 0x08, 0xD2, 0x28, 0xCA, 0x00, 0x00, 0x00, 0xF8, 0x00, 0xF8,
    0x00, 0x00, 0x00, 0x00, 0x00, 0x00, 0x00, 0x00, 0x00, 0x00, 0x00, 0x00,
    0x00, 0x00, 0x00, 0x00, 0x00, 0x00, 0x00, 0x00, 0x00, 0x00, 0x00, 0x00,
    0x00, 0x00, 0x00, 0x00, 0x00, 0x00, 0x00, 0x00, 0x00, 0x00, 0x00, 0x00,
    0x00, 0x00, 0x00, 0x00, 0x00, 0x00, 0x00, 0x00, 0x49, 0xE2, 0x28, 0xD2,
    0x28, 0xD2, 0x69, 0xF2, 0x49, 0xEA, 0x49, 0xE2, 0x49, 0xE2, 0x28, 0xD2,
    0x28, 0xDA, 0x28, 0xD2, 0x49, 0xE2, 0x69, 0xEA, 0x69, 0xEA, 0xAA, 0xFA,
    0x28, 0xD2, 0xC7, 0xD1, 0x00, 0x00, 0x00, 0x00, 0x00, 0x00, 0x00, 0x00,
    0x00, 0x00, 0x00, 0x00, 0x00, 0x00, 0x00, 0x00, 0x00, 0x00, 0x00, 0x00,
    0x00, 0x00, 0x00, 0x00, 0x00, 0x00, 0x00, 0x00, 0x00, 0x00, 0x00, 0x00,
    0x00, 0x00, 0x00, 0x00, 0x00, 0x00, 0x00, 0x00, 0x00, 0x00, 0x00, 0x00,
    0x28, 0xD2, 0x28, 0xD2, 0x28, 0xD2, 0x28, 0xD2, 0x49, 0xE2, 0x28, 0xD2,
    0x28, 0xD2, 0x28, 0xD2, 0x28, 0xD2, 0x28, 0xD2, 0x28, 0xD2, 0x28, 0xD2,
    0x28, 0xD2, 0x28, 0xD2, 0x28, 0xD2, 0x28, 0xD2, 0x28, 0xDA, 0x8A, 0xFA,
    0x28, 0xD2, 0x28, 0xD2, 0x08, 0xD2, 0x00, 0x00, 0x00, 0x00, 0x00, 0x00,
    0x00, 0x00, 0x00, 0x00, 0x00, 0x00, 0x00, 0x00, 0x00, 0x00, 0x00, 0x00,
    0x00, 0x00, 0x00, 0x00, 0x00, 0x00, 0x00, 0x00, 0x00, 0x00, 0x00, 0x00,
    0x00, 0x00, 0x00, 0x00, 0x00, 0x00, 0x28, 0xD2, 0x28, 0xD2, 0x28, 0xD2,
    0x28, 0xD2, 0x28, 0xD2, 0x28, 0xD2, 0x28, 0xD2, 0x28, 0xD2, 0x28, 0xD2,
    0x28, 0xD2, 0x28, 0xD2, 0x28, 0xD2, 0x28, 0xD2, 0x28, 0xD2, 0x28, 0xD2,
    0x28, 0xD2, 0x28, 0xD2, 0x28, 0xD2, 0x28, 0xD2, 0x28, 0xDA, 0x28, 0xD2,
    0xAA, 0xFA, 0x28, 0xD2, 0x00, 0x00, 0x00, 0xF8, 0x00, 0x00, 0x00, 0x00,
    0x00, 0x00, 0x00, 0x00, 0x00, 0x00, 0x00, 0x00, 0x00, 0x00, 0x00, 0x00,
    0x00, 0x00, 0x00, 0x00, 0x00, 0x00, 0x00, 0x00, 0x00, 0x00, 0x69, 0xF2,
    0x28, 0xD2, 0x28, 0xD2, 0x28, 0xD2, 0x28, 0xD2, 0x28, 0xD2, 0x28, 0xD2,
    0x28, 0xD2, 0x28, 0xD2, 0x28, 0xD2, 0x28, 0xD2, 0x28, 0xD2, 0x28, 0xD2,
    0x28, 0xD2, 0x28, 0xD2, 0x28, 0xD2, 0x28, 0xD2, 0x28, 0xD2, 0x28, 0xD2,
    0x28, 0xD2, 0x28, 0xD2, 0x28, 0xD2, 0x28, 0xD2, 0x49, 0xE2, 0x28, 0xD2,
    0x08, 0xD2, 0xE7, 0xD1, 0x00, 0x00, 0x00, 0x00, 0x00, 0x00, 0x00, 0x00,
    0x00, 0x00, 0x00, 0x00, 0x00, 0x00, 0x00, 0x00, 0x00, 0x00, 0x00, 0x00,
    0x00, 0x00, 0x00, 0x00, 0x08, 0xD2, 0x28, 0xD2, 0x28, 0xD2, 0x28, 0xD2,
    0x28, 0xD2, 0x28, 0xD2, 0x28, 0xD2, 0x28, 0xD2, 0x28, 0xD2, 0x28, 0xD2,
    0x28, 0xD2, 0x28, 0xD2, 0x28, 0xD2, 0x28, 0xD2, 0x28, 0xD2, 0x28, 0xD2,
    0x28, 0xD2, 0x28, 0xD2, 0x28, 0xD2, 0x28, 0xD2, 0x28, 0xD2, 0x28, 0xD2,
    0x28, 0xD2, 0x28, 0xD2, 0x28, 0xD2, 0x49, 0xDA, 0xAA, 0xFA, 0x08, 0xD2,
    0x00, 0x00, 0x00, 0x00, 0x00, 0x00, 0x00, 0x00, 0x00, 0x00, 0x00, 0x00,
    0x00, 0x00, 0x00, 0x00, 0x00, 0x00, 0x00, 0xF8, 0xE7, 0xD1, 0x08, 0xD2,
    0x49, 0xE2, 0x49, 0xE2, 0x28, 0xD2, 0x28, 0xD2, 0x28, 0xD2, 0x28, 0xD2,
    0x28, 0xD2, 0x28, 0xD2, 0x28, 0xD2, 0x49, 0xE2, 0x28, 0xDA, 0x49, 0xEA,
    0x28, 0xD2, 0x28, 0xDA, 0x28, 0xD2, 0x69, 0xF2, 0x08, 0xCA, 0x69, 0xFA,
    0x28, 0xD2, 0x28, 0xD2, 0x28, 0xD2, 0x28, 0xD2, 0x28, 0xD2, 0x28, 0xD2,
    0x28, 0xD2, 0x28, 0xD2, 0x28, 0xD2, 0x49, 0xE2, 0x08, 0xD2, 0x00, 0x00,
    0x00, 0x00, 0x00, 0x00, 0x00, 0x00, 0x00, 0x00, 0x00, 0x00, 0x00, 0x00,
    0x00, 0x00, 0x00, 0x00, 0x08, 0xD2, 0xAA, 0xFA, 0x28, 0xD2, 0x28, 0xD2,
    0x28, 0xD2, 0x28, 0xD2, 0x28, 0xD2, 0x28, 0xD2, 0x28, 0xD2, 0x49, 0xEA,
    0x48, 0xE2, 0x65, 0x71, 0xC7, 0xA9, 0x86, 0x81, 0x45, 0x71, 0x69, 0xFA,
    0x28, 0xDA, 0x66, 0x79, 0x82, 0x10, 0x24, 0x59, 0xA6, 0x91, 0x69, 0xFA,
    0x28, 0xD2, 0x28, 0xD2, 0x28, 0xD2, 0x28, 0xD2, 0x28, 0xD2, 0x28, 0xD2,
    0x28, 0xD2, 0x49, 0xE2, 0x28, 0xD2, 0x69, 0xF2, 0x00, 0x00, 0x00, 0x00,
    0x00, 0x00, 0x00, 0x00, 0x00, 0x00, 0x00, 0x00, 0x00, 0x00, 0x28, 0xD2,
    0x28, 0xD2, 0x49, 0xDA, 0x28, 0xD2, 0x28, 0xD2, 0x28, 0xD2, 0x28, 0xD2,
    0x28, 0xD2, 0x48, 0xE2, 0x49, 0xEA, 0xA6, 0x99, 0xE4, 0x38, 0x41, 0x00,
    0x82, 0x10, 0x41, 0x00, 0x41, 0x00, 0xE7, 0xB9, 0x8A, 0xFA, 0xE4, 0x38,
    0x62, 0x00, 0x62, 0x00, 0xC3, 0x28, 0xA7, 0x99, 0x28, 0xDA, 0x08, 0xCA,
    0x49, 0xE2, 0x28, 0xD2, 0x28, 0xD2, 0x28, 0xD2, 0x28, 0xD2, 0x28, 0xD2,
    0x28, 0xD2, 0x28, 0xD2, 0x00, 0x00, 0x00, 0x00, 0x00, 0x00, 0x00, 0x00,
    0x00, 0x00, 0x00, 0x00, 0x08, 0xD2, 0xAA, 0xFA, 0x49, 0xE2, 0x28, 0xD2,
    0x28, 0xD2, 0x28, 0xD2, 0x28, 0xD2, 0x28, 0xD2, 0x49, 0xE2, 0xC7, 0xB1,
    0x24, 0x51, 0x62, 0x00, 0x62, 0x00, 0x82, 0x10, 0x82, 0x10, 0x82, 0x08,
    0xE4, 0x40, 0x8A, 0xFA, 0xE7, 0xB9, 0x41, 0x00, 0x82, 0x08, 0x82, 0x10,
    0x82, 0x00, 0x41, 0x00, 0x82, 0x10, 0xC3, 0x28, 0x49, 0xEA, 0x28, 0xD2,
    0x28, 0xD2, 0x28, 0xD2, 0x28, 0xD2, 0x28, 0xD2, 0x28, 0xD2, 0x28, 0xD2,
    0x28, 0xD2, 0x00, 0x00, 0x00, 0x00, 0x00, 0x00, 0x00, 0xF8, 0x00, 0x00,
    0x28, 0xD2, 0x28, 0xD2, 0x28, 0xD2, 0x28, 0xD2, 0x28, 0xD2, 0x28, 0xD2,
    0x28, 0xD2, 0x28, 0xD2, 0x49, 0xEA, 0xA3, 0x20, 0x42, 0x00, 0x82, 0x10,
    0x82, 0x10, 0x82, 0x10, 0x82, 0x10, 0x82, 0x08, 0x41, 0x00, 0xE7, 0xB1,
    0xAA, 0xFA, 0x45, 0x61, 0x62, 0x00, 0x82, 0x10, 0x82, 0x10, 0x82, 0x10,
    0x82, 0x10, 0x42, 0x00, 0xA6, 0x99, 0x49, 0xEA, 0x49, 0xEA, 0x28, 0xD2,
    0x28, 0xD2, 0x28, 0xD2, 0x28, 0xD2, 0x28, 0xD2, 0x28, 0xD2, 0x28, 0xD2,
    0x00, 0x00, 0x00, 0x00, 0x00, 0xF8, 0x00, 0x00, 0x28, 0xD2, 0x28, 0xDA,
    0x28, 0xD2, 0x28, 0xD2, 0x28, 0xD2, 0x28, 0xD2, 0x28, 0xD2, 0x28, 0xE2,
    0xA6, 0x91, 0xA3, 0x18, 0xA2, 0x10, 0x82, 0x10, 0x82, 0x10, 0x82, 0x10,
    0x82, 0x10, 0x82, 0x10, 0xC3, 0x28, 0x69, 0xF2, 0x86, 0x89, 0xC3, 0x20,
    0x82, 0x08, 0x82, 0x10, 0x82, 0x10, 0x82, 0x10, 0x82, 0x10, 0x82, 0x00,
    0x82, 0x08, 0x82, 0x10, 0xE7, 0xB9, 0x28, 0xD2, 0x28, 0xD2, 0x28, 0xD2,
    0x28, 0xD2, 0x28, 0xD2, 0x28, 0xD2, 0x28, 0xD2, 0x00, 0x00, 0x00, 0x00,
    0x00, 0x00, 0xC7, 0xD1, 0x8A, 0xFA, 0x28, 0xD2, 0x28, 0xD2, 0x28, 0xD2,
    0x28, 0xD2, 0x28, 0xD2, 0x28, 0xDA, 0xE7, 0xB9, 0x41, 0x00, 0x62, 0x00,
    0x82, 0x08, 0x82, 0x10, 0x82, 0x10, 0x82, 0x10, 0x82, 0x10, 0x82, 0x08,
    0x82, 0x08, 0xE4, 0x40, 0x42, 0x00, 0x82, 0x00, 0x82, 0x10, 0x82, 0x10,
    0x82, 0x10, 0x82, 0x10, 0x82, 0x08, 0x42, 0x00, 0x04, 0x41, 0xA6, 0x99,
    0x49, 0xEA, 0x28, 0xD2, 0x28, 0xD2, 0x28, 0xD2, 0x28, 0xD2, 0x28, 0xD2,
    0x28, 0xD2, 0x28, 0xD2, 0x49, 0xE2, 0x00, 0x00, 0x28, 0xCA, 0x28, 0xD2,
    0x28, 0xDA, 0x28, 0xD2, 0x28, 0xD2, 0x28, 0xD2, 0x28, 0xD2, 0x28, 0xD2,
    0x28, 0xD2, 0x69, 0xF2, 0x66, 0x79, 0x04, 0x51, 0x41, 0x00, 0x82, 0x10,
    0x82, 0x10, 0x82, 0x10, 0x82, 0x10, 0x82, 0x10, 0x82, 0x10, 0x82, 0x08,
    0x82, 0x10, 0x82, 0x10, 0x82, 0x10, 0x82, 0x10, 0x82, 0x10, 0x82, 0x10,
    0xA3, 0x18, 0xA6, 0x99, 0x49, 0xEA, 0x49, 0xE2, 0x28, 0xDA, 0x28, 0xDA,
    0x28, 0xDA, 0x28, 0xD2, 0x28, 0xD2, 0x28, 0xD2, 0x28, 0xD2, 0x28, 0xD2,
    0x28, 0xD2, 0x00, 0x00, 0x08, 0xD2, 0xAA, 0xFA, 0x28, 0xD2, 0x28, 0xD2,
    0x28, 0xD2, 0x28, 0xD2, 0x28, 0xD2, 0x69, 0xF2, 0x28, 0xD2, 0x69, 0xFA,
    0x28, 0xD2, 0x89, 0xFA, 0xE4, 0x38, 0xE3, 0x30, 0x62, 0x00, 0x82, 0x10,
    0x82, 0x10, 0x82, 0x10, 0x82, 0x10, 0x82, 0x10, 0x82, 0x10, 0x82, 0x10,
    0x82, 0x10, 0x82, 0x10, 0x82, 0x10, 0x82, 0x10, 0x62, 0x00, 0xE7, 0xB1,
    0x49, 0xEA, 0x49, 0xEA, 0x28, 0xDA, 0x86, 0x89, 0x48, 0xE2, 0x28, 0xD2,
    0x28, 0xD2, 0x28, 0xD2, 0x28, 0xD2, 0x49, 0xE2, 0x28, 0xD2, 0x00, 0x00,
    0x28, 0xD2, 0x69, 0xEA, 0x28, 0xD2, 0x28, 0xD2, 0x28, 0xD2, 0x28, 0xD2,
    0x28, 0xD2, 0xA6, 0x91, 0x82, 0x08, 0x04, 0x51, 0x86, 0x89, 0xAA, 0xFA,
    0x49, 0xEA, 0xA6, 0x99, 0x82, 0x10, 0x82, 0x10, 0x82, 0x10, 0x82, 0x08,
    0x62, 0x08, 0xC3, 0x10, 0x62, 0x08, 0x82, 0x08, 0x82, 0x10, 0x82, 0x10,
    0x82, 0x10, 0x82, 0x10, 0x62, 0x00, 0x04, 0x41, 0x69, 0xFA, 0x86, 0x91,
    0xC3, 0x28, 0x00, 0x00, 0x65, 0x71, 0x49, 0xE2, 0x28, 0xD2, 0x28, 0xD2,
    0x28, 0xD2, 0x28, 0xD2, 0x69, 0xF2, 0x28, 0xD2, 0x08, 0xD2, 0x69, 0xEA,
    0x28, 0xD2, 0x28, 0xD2, 0x28, 0xD2, 0x28, 0xD2, 0x69, 0xFA, 0x24, 0x59,
    0x62, 0x00, 0x82, 0x08, 0x82, 0x08, 0xA6, 0x99, 0x04, 0x49, 0x41, 0x00,
    0x82, 0x08, 0x82, 0x10, 0x62, 0x08, 0xC3, 0x10, 0x25, 0x21, 0x87, 0x31,
    0x46, 0x29, 0x25, 0x21, 0xE4, 0x18, 0x62, 0x08, 0x82, 0x10, 0x82, 0x10,
    0x82, 0x10, 0x62, 0x00, 0xC3, 0x30, 0x42, 0x00, 0x82, 0x08, 0x82, 0x10,
    0xC7, 0xA9, 0x28, 0xDA, 0x28, 0xD2, 0x28, 0xD2, 0x28, 0xD2, 0x28, 0xD2,
    0x49, 0xEA, 0x08, 0xD2, 0x28, 0xD2, 0x49, 0xE2, 0x28, 0xD2, 0x28, 0xD2,
    0x28, 0xD2, 0x28, 0xD2, 0x08, 0xCA, 0x82, 0x10, 0x62, 0x00, 0x82, 0x10,
    0x82, 0x00, 0x82, 0x08, 0x62, 0x00, 0x82, 0x10, 0x82, 0x10, 0x82, 0x10,
    0xE4, 0x18, 0x86, 0x29, 0x66, 0x29, 0x66, 0x29, 0x66, 0x29, 0x66, 0x29,
    0x86, 0x29, 0xC3, 0x10, 0x82, 0x08, 0x82, 0x10, 0x82, 0x10, 0x82, 0x10,
    0x82, 0x08, 0x82, 0x10, 0x82, 0x10, 0x41, 0x00, 0x86, 0x91, 0x49, 0xF2,
    0x28, 0xD2, 0x28, 0xD2, 0x28, 0xD2, 0x28, 0xD2, 0x49, 0xE2, 0x28, 0xD2,
    0x28, 0xD2, 0x28, 0xD2, 0x28, 0xD2, 0x28, 0xD2, 0x28, 0xD2, 0x28, 0xD2,
    0x89, 0xFA, 0x86, 0x89, 0x62, 0x00, 0x82, 0x10, 0x82, 0x10, 0x82, 0x10,
    0x82, 0x10, 0x82, 0x10, 0x82, 0x10, 0x82, 0x08, 0x25, 0x21, 0x66, 0x29,
    0x66, 0x29, 0x66, 0x29, 0x66, 0x29, 0x66, 0x29, 0x66, 0x29, 0x25, 0x21,
    0x62, 0x08, 0x82, 0x10, 0x82, 0x10, 0x82, 0x10, 0x82, 0x10, 0x82, 0x10,
    0x82, 0x10, 0x82, 0x08, 0x82, 0x08, 0x08, 0xCA, 0x28, 0xDA, 0x28, 0xD2,
    0x28, 0xD2, 0x28, 0xD2, 0x49, 0xE2, 0x28, 0xD2, 0x49, 0xE2, 0x28, 0xDA,
    0x28, 0xD2, 0x28, 0xD2, 0x28, 0xD2, 0x28, 0xD2, 0x28, 0xE2, 0x04, 0x41,
    0x82, 0x00, 0x82, 0x10, 0x82, 0x10, 0x82, 0x10, 0x82, 0x10, 0x82, 0x10,
    0x82, 0x10, 0x62, 0x08, 0x46, 0x29, 0x66, 0x29, 0x66, 0x29, 0x66, 0x29,
    0x66, 0x29, 0x66, 0x29, 0x66, 0x29, 0x87, 0x31, 0xC3, 0x10, 0x82, 0x10,
    0x82, 0x10, 0x82, 0x10, 0x82, 0x10, 0x82, 0x10, 0x82, 0x10, 0x82, 0x10,
    0xA3, 0x18, 0x28, 0xDA, 0x08, 0xD2, 0x28, 0xD2, 0x28, 0xD2, 0x28, 0xD2,
    0x28, 0xD2, 0xAA, 0xFA, 0xAA, 0xFA, 0x28, 0xD2, 0x28, 0xD2, 0x28, 0xD2,
    0x28, 0xD2, 0x08, 0xD2, 0x28, 0xDA, 0xA3, 0x18, 0x82, 0x10, 0x82, 0x10,
    0x82, 0x10, 0x82, 0x10, 0x82, 0x10, 0x82, 0x10, 0x82, 0x10, 0xC3, 0x10,
    0x87, 0x31, 0x66, 0x29, 0x66, 0x29, 0x66, 0x29, 0x66, 0x29, 0x66, 0x29,
    0x66, 0x29, 0x46, 0x29, 0x62, 0x08, 0x82, 0x10, 0x82, 0x10, 0x82, 0x10,
    0x82, 0x10, 0x82, 0x10, 0x82, 0x10, 0x82, 0x00, 0x04, 0x41, 0x28, 0xE2,
    0x28, 0xD2, 0x28, 0xD2, 0x28, 0xD2, 0x28, 0xD2, 0x28, 0xDA, 0x49, 0xE2,
    0x28, 0xD2, 0x49, 0xE2, 0x28, 0xD2, 0x28, 0xD2, 0x28, 0xD2, 0x28, 0xDA,
    0x08, 0xCA, 0x82, 0x08, 0x82, 0x08, 0x82, 0x10, 0x82, 0x10, 0x62, 0x00,
    0x82, 0x08, 0x82, 0x10, 0x82, 0x10, 0x62, 0x08, 0x25, 0x21, 0x66, 0x29,
    0x66, 0x29, 0x66, 0x29, 0x66, 0x29, 0x66, 0x29, 0x66, 0x29, 0x25, 0x21,
    0x82, 0x08, 0x82, 0x10, 0x82, 0x10, 0x82, 0x10, 0x82, 0x10, 0x82, 0x10,
    0x82, 0x10, 0x62, 0x00, 0x86, 0x89, 0x89, 0xFA, 0x28, 0xD2, 0x28, 0xD2,
    0x28, 0xD2, 0x28, 0xD2, 0x28, 0xD2, 0x28, 0xD2, 0x28, 0xD2, 0x49, 0xE2,
    0x28, 0xD2, 0x28, 0xD2, 0x28, 0xD2, 0x28, 0xD2, 0x49, 0xF2, 0x86, 0x91,
    0x41, 0x00, 0x62, 0x00, 0x62, 0x00, 0x45, 0x69, 0xE4, 0x38, 0x62, 0x00,
    0x82, 0x10, 0x82, 0x08, 0xC3, 0x10, 0x86, 0x29, 0x66, 0x29, 0x66, 0x29,
    0x66, 0x29, 0x66, 0x29, 0x86, 0x29, 0xE4, 0x18, 0x82, 0x10, 0x82, 0x10,
    0x82, 0x10, 0x62, 0x00, 0x82, 0x08, 0x82, 0x00, 0x82, 0x10, 0x62, 0x00,
    0x82, 0x10, 0x08, 0xCA, 0x28, 0xD2, 0x28, 0xD2, 0x28, 0xD2, 0x28, 0xD2,
    0x49, 0xE2, 0x28, 0xD2, 0x08, 0xD2, 0x49, 0xEA, 0x28, 0xD2, 0x28, 0xD2,
    0x28, 0xD2, 0x28, 0xD2, 0x28, 0xDA, 0xA7, 0xA1, 0x62, 0x00, 0x04, 0x49,
    0xC7, 0xA9, 0x8A, 0xFA, 0xC7, 0xA9, 0x62, 0x00, 0x82, 0x10, 0x82, 0x10,
    0x62, 0x08, 0xE4, 0x18, 0x25, 0x21, 0x46, 0x29, 0x87, 0x31, 0x25, 0x21,
    0xC3, 0x10, 0x62, 0x08, 0x82, 0x10, 0x82, 0x08, 0x41, 0x00, 0x04, 0x49,
    0xA6, 0x99, 0x82, 0x08, 0x82, 0x08, 0x62, 0x00, 0x24, 0x59, 0x69, 0xFA,
    0x28, 0xD2, 0x28, 0xD2, 0x28, 0xD2, 0x28, 0xD2, 0x69, 0xEA, 0x08, 0xD2,
    0x28, 0xD2, 0x69, 0xF2, 0x28, 0xD2, 0x28, 0xD2, 0x28, 0xD2, 0x28, 0xD2,
    0x49, 0xEA, 0x86, 0x81, 0x65, 0x79, 0x49, 0xEA, 0x49, 0xE2, 0x28, 0xDA,
    0xAA, 0xFA, 0x04, 0x51, 0x82, 0x08, 0x82, 0x10, 0x82, 0x10, 0x82, 0x10,
    0x82, 0x08, 0x62, 0x08, 0xC3, 0x10, 0x62, 0x08, 0x82, 0x08, 0x82, 0x10,
    0x82, 0x10, 0x82, 0x10, 0xA6, 0x99, 0x49, 0xEA, 0xAA, 0xFA, 0x86, 0x89,
    0x04, 0x51, 0x82, 0x08, 0xA6, 0x91, 0x28, 0xD2, 0x28, 0xD2, 0x28, 0xD2,
    0x28, 0xD2, 0x28, 0xD2, 0x69, 0xEA, 0x28, 0xD2, 0x00, 0x00, 0x28, 0xD2,
    0x49, 0xE2, 0x28, 0xD2, 0x28, 0xD2, 0x28, 0xD2, 0x28, 0xD2, 0x28, 0xD2,
    0x49, 0xEA, 0x28, 0xD2, 0x49, 0xEA, 0x28, 0xD2, 0x65, 0x71, 0x82, 0x08,
    0x82, 0x10, 0x82, 0x10, 0x82, 0x10, 0x82, 0x10, 0x82, 0x10, 0x82, 0x10,
    0x82, 0x10, 0x82, 0x10, 0x82, 0x10, 0x82, 0x10, 0x82, 0x10, 0x62, 0x00,
    0xE3, 0x30, 0xE4, 0x38, 0x89, 0xFA, 0x28, 0xD2, 0x69, 0xFA, 0x28, 0xD2,
    0x69, 0xF2, 0x28, 0xD2, 0x28, 0xD2, 0x28, 0xD2, 0x28, 0xD2, 0x28, 0xD2,
    0xAA, 0xFA, 0x08, 0xD2, 0x00, 0x00, 0x28, 0xD2, 0x28, 0xD2, 0x28, 0xD2,
    0x28, 0xD2, 0x28, 0xD2, 0x28, 0xD2, 0x28, 0xD2, 0x28, 0xDA, 0x49, 0xEA,
    0x86, 0x89, 0xC3, 0x28, 0x42, 0x00, 0x82, 0x08, 0x82, 0x10, 0x82, 0x10,
    0x82, 0x10, 0x82, 0x10, 0x82, 0x10, 0x82, 0x10, 0x82, 0x08, 0x82, 0x10,
    0x82, 0x10, 0x82, 0x10, 0x82, 0x10, 0x82, 0x10, 0x82, 0x10, 0x41, 0x00,
    0x04, 0x51, 0x66, 0x79, 0x69, 0xF2, 0x28, 0xD2, 0x28, 0xD2, 0x28, 0xD2,
    0x28, 0xD2, 0x28, 0xD2, 0x28, 0xD2, 0x28, 0xDA, 0x28, 0xD2, 0x28, 0xCA,
    0x00, 0x00, 0x49, 0xE2, 0x28, 0xD2, 0x28, 0xD2, 0x28, 0xD2, 0x28, 0xD2,
    0x28, 0xD2, 0x28, 0xD2, 0x28, 0xDA, 0x65, 0x71, 0x01, 0x00, 0x82, 0x08,
    0x82, 0x10, 0x82, 0x10, 0x82, 0x10, 0x82, 0x10, 0x82, 0x10, 0x82, 0x10,
    0x82, 0x00, 0x42, 0x00, 0xE4, 0x40, 0x82, 0x08, 0x82, 0x08, 0x82, 0x10,
    0x82, 0x10, 0x82, 0x10, 0x82, 0x10, 0x82, 0x08, 0x62, 0x00, 0x41, 0x00,
    0xE7, 0xB9, 0x28, 0xDA, 0x28, 0xD2, 0x28, 0xD2, 0x28, 0xD2, 0x28, 0xD2,
    0x28, 0xD2, 0x8A, 0xFA, 0xC7, 0xD1, 0x00, 0x00, 0x00, 0x00, 0x00, 0x00,
    0x28, 0xD2, 0x28, 0xD2, 0x28, 0xD2, 0x28, 0xD2, 0x28, 0xD2, 0x28, 0xD2,
    0x49, 0xE2, 0xC7, 0xA9, 0xA3, 0x20, 0xA3, 0x18, 0x82, 0x00, 0x82, 0x10,
    0x82, 0x10, 0x82, 0x10, 0x82, 0x10, 0x82, 0x08, 0xC3, 0x20, 0x86, 0x89,
    0x69, 0xF2, 0xC3, 0x28, 0x82, 0x10, 0x82, 0x10, 0x82, 0x10, 0x82, 0x10,
    0x82, 0x10, 0xA2, 0x10, 0xA3, 0x18, 0xA6, 0x91, 0x28, 0xE2, 0x28, 0xD2,
    0x28, 0xD2, 0x28, 0xD2, 0x28, 0xD2, 0x28, 0xD2, 0x28, 0xDA, 0x28, 0xD2,
    0x00, 0x00, 0x00, 0xF8, 0x00, 0x00, 0x00, 0x00, 0x28, 0xD2, 0x28, 0xD2,
    0x28, 0xD2, 0x28, 0xD2, 0x28, 0xD2, 0x28, 0xD2, 0x28, 0xD2, 0x49, 0xE2,
    0x49, 0xEA, 0xA6, 0x99, 0x42, 0x00, 0x82, 0x10, 0x82, 0x10, 0x82, 0x10,
    0x82, 0x10, 0x62, 0x00, 0x45, 0x61, 0xAA, 0xFA, 0xE7, 0xB1, 0x41, 0x00,
    0x82, 0x08, 0x82, 0x10, 0x82, 0x10, 0x82, 0x10, 0x82, 0x10, 0x42, 0x00,
    0xA3, 0x20, 0x49, 0xEA, 0x28, 0xD2, 0x28, 0xD2, 0x28, 0xD2, 0x28, 0xD2,
    0x28, 0xD2, 0x28, 0xD2, 0x28, 0xD2, 0x28, 0xD2, 0x00, 0x00, 0x00, 0xF8,
    0x00, 0x00, 0x00, 0x00, 0x00, 0x00, 0x28, 0xD2, 0x28, 0xD2, 0x28, 0xD2,
    0x28, 0xD2, 0x28, 0xD2, 0x28, 0xD2, 0x28, 0xD2, 0x28, 0xD2, 0x49, 0xEA,
    0xC3, 0x28, 0x82, 0x10, 0x41, 0x00, 0x82, 0x00, 0x82, 0x10, 0x82, 0x08,
    0x41, 0x00, 0xE7, 0xB9, 0x8A, 0xFA, 0xE4, 0x40, 0x82, 0x08, 0x82, 0x10,
    0x82, 0x10, 0x62, 0x00, 0x62, 0x00, 0x24, 0x51, 0xC7, 0xB1, 0x49, 0xE2,
    0x28, 0xD2, 0x28, 0xD2, 0x28, 0xD2, 0x28, 0xD2, 0x28, 0xD2, 0x49, 0xE2,
    0xAA, 0xFA, 0x08, 0xD2, 0x00, 0x00, 0x00, 0x00, 0x00, 0x00, 0x00, 0x00,
    0x00, 0x00, 0x00, 0x00, 0x28, 0xD2, 0x28, 0xD2, 0x28, 0xD2, 0x28, 0xD2,
    0x28, 0xD2, 0x28, 0xD2, 0x28, 0xD2, 0x49, 0xE2, 0x08, 0xCA, 0x28, 0xDA,
    0xA7, 0x99, 0xC3, 0x28, 0x62, 0x00, 0x62, 0x00, 0xE4, 0x38, 0x8A, 0xFA,
    0xE7, 0xB9, 0x41, 0x00, 0x41, 0x00, 0x82, 0x10, 0x41, 0x00, 0xE4, 0x38,
    0xA6, 0x99, 0x49, 0xEA, 0x48, 0xE2, 0x28, 0xD2, 0x28, 0xD2, 0x28, 0xD2,
    0x28, 0xD2, 0x28, 0xD2, 0x49, 0xDA, 0x28, 0xD2, 0x28, 0xD2, 0x00, 0x00,
    0x00, 0x00, 0x00, 0x00, 0x00, 0x00, 0x00, 0x00, 0x00, 0x00, 0x00, 0x00,
    0x69, 0xF2, 0x28, 0xD2, 0x49, 0xE2, 0x28, 0xD2, 0x28, 0xD2, 0x28, 0xD2,
    0x28, 0xD2, 0x28, 0xD2, 0x28, 0xD2, 0x28, 0xD2, 0x69, 0xFA, 0xA6, 0x91,
    0x24, 0x59, 0x82, 0x10, 0x66, 0x79, 0x28, 0xDA, 0x69, 0xFA, 0x45, 0x71,
    0x86, 0x81, 0xC7, 0xA9, 0x65, 0x71, 0x48, 0xE2, 0x49, 0xEA, 0x28, 0xD2,
    0x28, 0xD2, 0x28, 0xD2, 0x28, 0xD2, 0x28, 0xD2, 0x28, 0xD2, 0x28, 0xD2,
    0xAA, 0xFA, 0x08, 0xD2, 0x00, 0x00, 0x00, 0x00, 0x00, 0x00, 0x00, 0x00,
    0x00, 0x00, 0x00, 0x00, 0x00, 0x00, 0x00, 0x00, 0x00, 0x00, 0x08, 0xD2,
    0x49, 0xE2, 0x28, 0xD2, 0x28, 0xD2, 0x28, 0xD2, 0x28, 0xD2, 0x28, 0xD2,
    0x28, 0xD2, 0x28, 0xD2, 0x28, 0xD2, 0x28, 0xD2, 0x69, 0xFA, 0x08, 0xCA,
    0x69, 0xF2, 0x28, 0xD2, 0x28, 0xDA, 0x28, 0xD2, 0x49, 0xEA, 0x28, 0xDA,
    0x49, 0xE2, 0x28, 0xD2, 0x28, 0xD2, 0x28, 0xD2, 0x28, 0xD2, 0x28, 0xD2,
    0x28, 0xD2, 0x28, 0xD2, 0x49, 0xE2, 0x49, 0xE2, 0x08, 0xD2, 0xE7, 0xD1,
    0x00, 0xF8, 0x00, 0x00, 0x00, 0x00, 0x00, 0x00, 0x00, 0x00, 0x00, 0x00,
    0x00, 0x00, 0x00, 0x00, 0x00, 0x00, 0x00, 0x00, 0x08, 0xD2, 0xAA, 0xFA,
    0x49, 0xDA, 0x28, 0xD2, 0x28, 0xD2, 0x28, 0xD2, 0x28, 0xD2, 0x28, 0xD2,
    0x28, 0xD2, 0x28, 0xD2, 0x28, 0xD2, 0x28, 0xD2, 0x28, 0xD2, 0x28, 0xD2,
    0x28, 0xD2, 0x28, 0xD2, 0x28, 0xD2, 0x28, 0xD2, 0x28, 0xD2, 0x28, 0xD2,
    0x28, 0xD2, 0x28, 0xD2, 0x28, 0xD2, 0x28, 0xD2, 0x28, 0xD2, 0x28, 0xD2,
    0x28, 0xD2, 0x08, 0xD2, 0x00, 0x00, 0x00, 0x00, 0x00, 0x00, 0x00, 0x00,
    0x00, 0x00, 0x00, 0x00, 0x00, 0x00, 0x00, 0x00, 0x00, 0x00, 0x00, 0x00,
    0x00, 0x00, 0x00, 0x00, 0xE7, 0xD1, 0x08, 0xD2, 0x28, 0xD2, 0x49, 0xE2,
    0x28, 0xD2, 0x28, 0xD2, 0x28, 0xD2, 0x28, 0xD2, 0x28, 0xD2, 0x28, 0xD2,
    0x28, 0xD2, 0x28, 0xD2, 0x28, 0xD2, 0x28, 0xD2, 0x28, 0xD2, 0x28, 0xD2,
    0x28, 0xD2, 0x28, 0xD2, 0x28, 0xD2, 0x28, 0xD2, 0x28, 0xD2, 0x28, 0xD2,
    0x28, 0xD2, 0x28, 0xD2, 0x28, 0xD2, 0x28, 0xD2, 0x69, 0xF2, 0x00, 0x00,
    0x00, 0x00, 0x00, 0x00, 0x00, 0x00, 0x00, 0x00, 0x00, 0x00, 0x00, 0x00,
    0x00, 0x00, 0x00, 0x00, 0x00, 0x00, 0x00, 0x00, 0x00, 0x00, 0x00, 0x00,
    0x00, 0xF8, 0x00, 0x00, 0x28, 0xD2, 0xAA, 0xFA, 0x28, 0xD2, 0x28, 0xDA,
    0x28, 0xD2, 0x28, 0xD2, 0x28, 0xD2, 0x28, 0xD2, 0x28, 0xD2, 0x28, 0xD2,
    0x28, 0xD2, 0x28, 0xD2, 0x28, 0xD2, 0x28, 0xD2, 0x28, 0xD2, 0x28, 0xD2,
    0x28, 0xD2, 0x28, 0xD2, 0x28, 0xD2, 0x28, 0xD2, 0x28, 0xD2, 0x28, 0xD2,
    0x28, 0xD2, 0x00, 0x00, 0x00, 0x00, 0x00, 0x00, 0x00, 0x00, 0x00, 0x00,
    0x00, 0x00, 0x00, 0x00, 0x00, 0x00, 0x00, 0x00, 0x00, 0x00, 0x00, 0x00,
    0x00, 0x00, 0x00, 0x00, 0x00, 0x00, 0x00, 0x00, 0x00, 0x00, 0x00, 0x00,
    0x00, 0x00, 0x08, 0xD2, 0x28, 0xD2, 0x28, 0xD2, 0x8A, 0xFA, 0x28, 0xDA,
    0x28, 0xD2, 0x28, 0xD2, 0x28, 0xD2, 0x28, 0xD2, 0x28, 0xD2, 0x28, 0xD2,
    0x28, 0xD2, 0x28, 0xD2, 0x28, 0xD2, 0x28, 0xD2, 0x28, 0xD2, 0x49, 0xE2,
    0x28, 0xD2, 0x28, 0xD2, 0x28, 0xD2, 0x28, 0xD2, 0x00, 0x00, 0x00, 0x00,
    0x00, 0x00, 0x00, 0x00, 0x00, 0x00, 0x00, 0x00, 0x00, 0x00, 0x00, 0x00,
    0x00, 0x00, 0x00, 0x00, 0x00, 0x00, 0x00, 0x00, 0x00, 0x00, 0x00, 0x00,
    0x00, 0x00, 0x00, 0x00, 0x00, 0x00, 0x00, 0x00, 0x00, 0x00, 0x00, 0x00,
    0x00, 0x00, 0x00, 0x00, 0xC7, 0xD1, 0x28, 0xD2, 0xAA, 0xFA, 0x69, 0xEA,
    0x69, 0xEA, 0x49, 0xE2, 0x28, 0xD2, 0x28, 0xDA, 0x28, 0xD2, 0x49, 0xE2,
    0x49, 0xE2, 0x49, 0xEA, 0x69, 0xF2, 0x28, 0xD2, 0x28, 0xD2, 0x49, 0xE2,
    0x00, 0x00, 0x00, 0x00, 0x00, 0x00, 0x00, 0x00, 0x00, 0x00, 0x00, 0x00,
    0x00, 0x00, 0x00, 0x00, 0x00, 0x00, 0x00, 0x00, 0x00, 0x00, 0x00, 0x00,
    0x00, 0x00, 0x00, 0x00, 0x00, 0x00, 0x00, 0x00, 0x00, 0x00, 0x00, 0x00,
    0x00, 0x00, 0x00, 0x00, 0x00, 0x00, 0x00, 0x00, 0x00, 0xF8, 0x00, 0xF8,
    0x00, 0x00, 0x28, 0xCA, 0x08, 0xD2, 0x28, 0xD2, 0x08, 0xD2, 0x28, 0xD2,
    0x28, 0xD2, 0x49, 0xE2, 0xAA, 0xFA, 0x28, 0xD2, 0x28, 0xD2, 0x08, 0xD2,
    0x28, 0xD2, 0x00, 0x00, 0x00, 0x00, 0x00, 0x00, 0x00, 0x00, 0x00, 0x00,
    0x00, 0x00, 0x00, 0x00, 0x00, 0x00, 0x00, 0x00, 0x00, 0x00, 0x00, 0x00,
    0x00, 0x00, 0x00, 0x00, 0x00, 0x00, 0x00, 0x00, 0x00, 0x00, 0x00, 0x00,
    0x00, 0x00, 0x00, 0x00, 0x00, 0x00, 0x00, 0x00, 0x00, 0x00, 0x00, 0x65,
    0xA6, 0x4E, 0xDB, 0xFF, 0xFF, 0xCA, 0x70, 0x45, 0xB7, 0x58, 0x1A, 0x00,
    0x02, 0x02, 0x00, 0x00, 0x00, 0x00, 0x00, 0x00, 0x00, 0x00, 0x00, 0x00,
    0x00, 0x00, 0x00, 0x00, 0x00, 0x00, 0x00, 0x00, 0x00, 0x00, 0x00, 0x00,
    0xFF, 0xE7, 0xBA, 0xFF, 0xFF, 0xFF, 0xFF, 0xFC, 0xFF, 0xFF, 0xFF, 0xFF,
    0xFF, 0xFF, 0x97, 0x0D, 0x00, 0x00, 0x00, 0x00, 0x00, 0x00, 0x00, 0x00,
    0x00, 0x00, 0x00, 0x00, 0x00, 0x00, 0x00, 0x00, 0x00, 0x00, 0x00, 0x00,
    0x00, 0x00, 0xFF, 0xFF, 0xFF, 0xFC, 0xFF, 0xFF, 0xFE, 0xFF, 0xFF, 0xFF,
    0xFF, 0xFF, 0xFC, 0xFF, 0xFE, 0xFF, 0xFF, 0xFF, 0xE7, 0xA0, 0x50, 0x00,
    0x00, 0x00, 0x00, 0x00, 0x00, 0x00, 0x00, 0x00, 0x00, 0x00, 0x00, 0x00,
    0x00, 0x00, 0x00, 0x00, 0x00, 0xFF, 0xFF, 0xFF, 0xFF, 0xFE, 0xFF, 0xFF,
    0xFF, 0xFF, 0xFF, 0xFF, 0xFF, 0xFF, 0xFF, 0xFF, 0xFF, 0xFF, 0xFB, 0xFF,
    0xFF, 0xFF, 0xFF, 0x4A, 0x00, 0x01, 0x00, 0x00, 0x00, 0x00, 0x00, 0x00,
    0x00, 0x00, 0x00, 0x00, 0x00, 0x00, 0x00, 0xFF, 0xFF, 0xFF, 0xFF, 0xFF,
    0xFF, 0xFF, 0xFF, 0xFF, 0xFF, 0xFF, 0xFF, 0xFF, 0xFF, 0xFF, 0xFF, 0xFF,
    0xFF, 0xFF, 0xFF, 0xFF, 0xFF, 0xFE, 0xFF, 0xC2, 0x41, 0x0C, 0x00, 0x00,
    0x00, 0x00, 0x00, 0x00, 0x00, 0x00, 0x00, 0x00, 0x00, 0x00, 0x3D, 0xF9,
    0xFD, 0xFF, 0xFF, 0xFF, 0xFF, 0xFF, 0xFF, 0xFF, 0xFF, 0xFF, 0xFF, 0xFF,
    0xFF, 0xFF, 0xFF, 0xFF, 0xFF, 0xFF, 0xFF, 0xFF, 0xFF, 0xFF, 0xFF, 0xFF,
    0xFF, 0x9A, 0x00, 0x00, 0x00, 0x00, 0x00, 0x00, 0x00, 0x00, 0x00, 0x01,
    0x0C, 0x9A, 0xFF, 0xFF, 0xFF, 0xFF, 0xFF, 0xFF, 0xFF, 0xFF, 0xFF, 0xFF,
    0xFF, 0xFF, 0xFF, 0xFF, 0xFF, 0xFF, 0xFF, 0xFF, 0xFF, 0xFF, 0xFF, 0xFF,
    0xFF, 0xFF, 0xFF, 0xFE, 0xFF, 0xFF, 0x3D, 0x00, 0x00, 0x00, 0x00, 0x00,
    0x00, 0x00, 0x00, 0x00, 0x41, 0xFF, 0xFF, 0xFF, 0xFF, 0xFF, 0xFF, 0xFF,
    0xFF, 0xFF, 0xFF, 0xFF, 0xFF, 0xFF, 0xFF, 0xFF, 0xFF, 0xFF, 0xFF, 0xFF,
    0xFF, 0xFF, 0xFF, 0xFF, 0xFF, 0xFF, 0xFF, 0xFF, 0xFF, 0xFF, 0xF9, 0xFF,
    0x00, 0x00, 0x00, 0x00, 0x00, 0x00, 0x00, 0x4A, 0xC2, 0xFF, 0xFE, 0xFF,
    0xFF, 0xFF, 0xFF, 0xFF, 0xFF, 0xFF, 0xFF, 0xFF, 0xFF, 0xFF, 0xFF, 0xFF,
    0xFF, 0xFF, 0xFF, 0xFF, 0xFF, 0xFF, 0xFF, 0xFF, 0xFF, 0xFF, 0xFF, 0xFF,
    0xFF, 0xFF, 0xFD, 0xFF, 0x00, 0x00, 0x00, 0x00, 0x00, 0x00, 0x50, 0xFF,
    0xFF, 0xFF, 0xFF, 0xFF, 0xFF, 0xFF, 0xFF, 0xFF, 0xFF, 0xFF, 0xFF, 0xFF,
    0xFF, 0xFF, 0xFF, 0xFF, 0xFF, 0xFF, 0xFF, 0xFF, 0xFF, 0xFF, 0xFF, 0xFF,
    0xFF, 0xFF, 0xFF, 0xFF, 0xFF, 0xFF, 0xFF, 0xFF, 0xFF, 0x00, 0x00, 0x00,
    0x02, 0x00, 0xA0, 0xFF, 0xFE, 0xFF, 0xFF, 0xFF, 0xFF, 0xFF, 0xFF, 0xFF,
    0xFF, 0xFF, 0xFF, 0xFF, 0xFF, 0xFF, 0xFF, 0xFF, 0xFF, 0xFF, 0xFF, 0xFF,
    0xFF, 0xFF, 0xFF, 0xFF, 0xFF, 0xFF, 0xFF, 0xFF, 0xFF, 0xFF, 0xFF, 0xFF,
    0xFF, 0xFF, 0x00, 0x00, 0x02, 0x00, 0xE7, 0xFF, 0xFF, 0xFF, 0xFF, 0xFF,
    0xFF, 0xFF, 0xFF, 0xFF, 0xFF, 0xFF, 0xFF, 0xFF, 0xFF, 0xFF, 0xFF, 0xFF,
    0xFF, 0xFF, 0xFF, 0xFF, 0xFF, 0xFF, 0xFF, 0xFF, 0xFF, 0xFF, 0xFF, 0xFF,
    0xFF, 0xFF, 0xFF, 0xFF, 0xFF, 0xFF, 0x00, 0x00, 0x00, 0x0D, 0xFF, 0xFF,
    0xFF, 0xFF, 0xFF, 0xFF, 0xFF, 0xFF, 0xFF, 0xFF, 0xFF, 0xFF, 0xFF, 0xFF,
    0xFF, 0xFF, 0xFF, 0xFF, 0xFF, 0xFF, 0xFF, 0xFF, 0xFF, 0xFF, 0xFF, 0xFF,
    0xFF, 0xFF, 0xFF, 0xFF, 0xFF, 0xFF, 0xFF, 0xFF, 0xFF, 0xFF, 0xFF, 0x00,
    0x1A, 0x97, 0xFF, 0xFB, 0xFF, 0xFF, 0xFF, 0xFF, 0xFF, 0xFF, 0xFF, 0xFF,
    0xFF, 0xFF, 0xFF, 0xFF, 0xFF, 0xFF, 0xFF, 0xFF, 0xFF, 0xFF, 0xFF, 0xFF,
    0xFF, 0xFF, 0xFF, 0xFF, 0xFF, 0xFF, 0xFF, 0xFF, 0xFF, 0xFF, 0xFF, 0xFF,
    0xFE, 0xFC, 0xE7, 0x00, 0x58, 0xFF, 0xFF, 0xFF, 0xFF, 0xFF, 0xFF, 0xFF,
    0xFF, 0xFF, 0xFF, 0xFF, 0xFF, 0xFF, 0xFF, 0xFF, 0xFF, 0xFF, 0xFF, 0xFF,
    0xFF, 0xFF, 0xFF, 0xFF, 0xFF, 0xFF, 0xFF, 0xFF, 0xFF, 0xFF, 0xFF, 0xFF,
    0xFF, 0xFF, 0xFF, 0xFF, 0xFF, 0xFF, 0xBA, 0x00, 0xB7, 0xFF, 0xFE, 0xFF,
    0xFF, 0xFF, 0xFF, 0xFF, 0xFF, 0xFF, 0xFF, 0xFF, 0xFF, 0xFF, 0xFF, 0xFF,
    0xFF, 0xFF, 0xFF, 0xFF, 0xFF, 0xFF, 0xFF, 0xFF, 0xFF, 0xFF, 0xFF, 0xFF,
    0xFF, 0xFF, 0xFF, 0xFF, 0xFF, 0xFF, 0xFF, 0xFF, 0xFF, 0xFF, 0xFF, 0x65,
    0x45, 0xFF, 0xFF, 0xFF, 0xFF, 0xFF, 0xFF, 0xFF, 0xFF, 0xFF, 0xFF, 0xFF,
    0xFF, 0xFF, 0xFF, 0xFF, 0xFF, 0xFF, 0xFF, 0xFF, 0xFF, 0xFF, 0xFF, 0xFF,
    0xFF, 0xFF, 0xFF, 0xFF, 0xFF, 0xFF, 0xFF, 0xFF, 0xFF, 0xFF, 0xFF, 0xFF,
    0xFF, 0xFE, 0xFF, 0xA6, 0x70, 0xFF, 0xFC, 0xFF, 0xFF, 0xFF, 0xFF, 0xFF,
    0xFF, 0xFF, 0xFF, 0xFF, 0xFF, 0xFF, 0xFF, 0xFF, 0xFF, 0xFF, 0xFF, 0xFF,
    0xFF, 0xFF, 0xFF, 0xFF, 0xFF, 0xFF, 0xFF, 0xFF, 0xFF, 0xFF, 0xFF, 0xFF,
    0xFF, 0xFF, 0xFF, 0xFF, 0xFF, 0xFF, 0xFF, 0x4E, 0xCA, 0xFF, 0xFF, 0xFF,
    0xFF, 0xFF, 0xFF, 0xFF, 0xFF, 0xFF, 0xFF, 0xFF, 0xFF, 0xFF, 0xFF, 0xFF,
    0xFF, 0xFF, 0xFF, 0xFF, 0xFF, 0xFF, 0xFF, 0xFF, 0xFF, 0xFF, 0xFF, 0xFF,
    0xFF, 0xFF, 0xFF, 0xFF, 0xFF, 0xFF, 0xFF, 0xFF, 0xFF, 0xFF, 0xFF, 0xDB,
    0xFF, 0xFF, 0xFF, 0xFF, 0xFF, 0xFF, 0xFF, 0xFF, 0xFF, 0xFF, 0xFF, 0xFF,
    0xFF, 0xFF, 0xFF, 0xFF, 0xFF, 0xFF, 0xFF, 0xFF, 0xFF, 0xFF, 0xFF, 0xFF,
    0xFF, 0xFF, 0xFF, 0xFF, 0xFF, 0xFF, 0xFF, 0xFF, 0xFF, 0xFF, 0xFF, 0xFF,
    0xFF, 0xFF, 0xFC, 0xFF, 0xFF, 0xFC, 0xFF, 0xFF, 0xFF, 0xFF, 0xFF, 0xFF,
    0xFF, 0xFF, 0xFF, 0xFF, 0xFF, 0xFF, 0xFF, 0xFF, 0xFF, 0xFF, 0xFF, 0xFF,
    0xFF, 0xFF, 0xFF, 0xFF, 0xFF, 0xFF, 0xFF, 0xFF, 0xFF, 0xFF, 0xFF, 0xFF,
    0xFF, 0xFF, 0xFF, 0xFF, 0xFF, 0xFF, 0xFF, 0xFF, 0xDB, 0xFF, 0xFF, 0xFF,
    0xFF, 0xFF, 0xFF, 0xFF, 0xFF, 0xFF, 0xFF, 0xFF, 0xFF, 0xFF, 0xFF, 0xFF,
    0xFF, 0xFF, 0xFF, 0xFF, 0xFF, 0xFF, 0xFF, 0xFF, 0xFF, 0xFF, 0xFF, 0xFF,
    0xFF, 0xFF, 0xFF, 0xFF, 0xFF, 0xFF, 0xFF, 0xFF, 0xFF, 0xFF, 0xFF, 0xCA,
    0x4E, 0xFF, 0xFF, 0xFF, 0xFF, 0xFF, 0xFF, 0xFF, 0xFF, 0xFF, 0xFF, 0xFF,
    0xFF, 0xFF, 0xFF, 0xFF, 0xFF, 0xFF, 0xFF, 0xFF, 0xFF, 0xFF, 0xFF, 0xFF,
    0xFF, 0xFF, 0xFF, 0xFF, 0xFF, 0xFF, 0xFF, 0xFF, 0xFF, 0xFF, 0xFF, 0xFF,
    0xFF, 0xFC, 0xFF, 0x70, 0xA6, 0xFF, 0xFE, 0xFF, 0xFF, 0xFF, 0xFF, 0xFF,
    0xFF, 0xFF, 0xFF, 0xFF, 0xFF, 0xFF, 0xFF, 0xFF, 0xFF, 0xFF, 0xFF, 0xFF,
    0xFF, 0xFF, 0xFF, 0xFF, 0xFF, 0xFF, 0xFF, 0xFF, 0xFF, 0xFF, 0xFF, 0xFF,
    0xFF, 0xFF, 0xFF, 0xFF, 0xFF, 0xFF, 0xFF, 0x45, 0x65, 0xFF, 0xFF, 0xFF,
    0xFF, 0xFF, 0xFF, 0xFF, 0xFF, 0xFF, 0xFF, 0xFF, 0xFF, 0xFF, 0xFF, 0xFF,
    0xFF, 0xFF, 0xFF, 0xFF, 0xFF, 0xFF, 0xFF, 0xFF, 0xFF, 0xFF, 0xFF, 0xFF,
    0xFF, 0xFF, 0xFF, 0xFF, 0xFF, 0xFF, 0xFF, 0xFF, 0xFF, 0xFE, 0xFF, 0xB7,
    0x00, 0xBA, 0xFF, 0xFF, 0xFF, 0xFF, 0xFF, 0xFF, 0xFF, 0xFF, 0xFF, 0xFF,
    0xFF, 0xFF, 0xFF, 0xFF, 0xFF, 0xFF, 0xFF, 0xFF, 0xFF, 0xFF, 0xFF, 0xFF,
    0xFF, 0xFF, 0xFF, 0xFF, 0xFF, 0xFF, 0xFF, 0xFF, 0xFF, 0xFF, 0xFF, 0xFF,
    0xFF, 0xFF, 0xFF, 0x58, 0x00, 0xE7, 0xFC, 0xFE, 0xFF, 0xFF, 0xFF, 0xFF,
    0xFF, 0xFF, 0xFF, 0xFF, 0xFF, 0xFF, 0xFF, 0xFF, 0xFF, 0xFF, 0xFF, 0xFF,
    0xFF, 0xFF, 0xFF, 0xFF, 0xFF, 0xFF, 0xFF, 0xFF, 0xFF, 0xFF, 0xFF, 0xFF,
    0xFF, 0xFF, 0xFF, 0xFF, 0xFB, 0xFF, 0x97, 0x1A, 0x00, 0xFF, 0xFF, 0xFF,
    0xFF, 0xFF, 0xFF, 0xFF, 0xFF, 0xFF, 0xFF, 0xFF, 0xFF, 0xFF, 0xFF, 0xFF,
    0xFF, 0xFF, 0xFF, 0xFF, 0xFF, 0xFF, 0xFF, 0xFF, 0xFF, 0xFF, 0xFF, 0xFF,
    0xFF, 0xFF, 0xFF, 0xFF, 0xFF, 0xFF, 0xFF, 0xFF, 0xFF, 0xFF, 0x0D, 0x00,
    0x00, 0x00, 0xFF, 0xFF, 0xFF, 0xFF, 0xFF, 0xFF, 0xFF, 0xFF, 0xFF, 0xFF,
    0xFF, 0xFF, 0xFF, 0xFF, 0xFF, 0xFF, 0xFF, 0xFF, 0xFF, 0xFF, 0xFF, 0xFF,
    0xFF, 0xFF, 0xFF, 0xFF, 0xFF, 0xFF, 0xFF, 0xFF, 0xFF, 0xFF, 0xFF, 0xFF,
    0xFF, 0xE7, 0x00, 0x02, 0x00, 0x00, 0xFF, 0xFF, 0xFF, 0xFF, 0xFF, 0xFF,
    0xFF, 0xFF, 0xFF, 0xFF, 0xFF, 0xFF, 0xFF, 0xFF, 0xFF, 0xFF, 0xFF, 0xFF,
    0xFF, 0xFF, 0xFF, 0xFF, 0xFF, 0xFF, 0xFF, 0xFF, 0xFF, 0xFF, 0xFF, 0xFF,
    0xFF, 0xFF, 0xFF, 0xFE, 0xFF, 0xA0, 0x00, 0x02, 0x00, 0x00, 0x00, 0xFF,
    0xFF, 0xFF, 0xFF, 0xFF, 0xFF, 0xFF, 0xFF, 0xFF, 0xFF, 0xFF, 0xFF, 0xFF,
    0xFF, 0xFF, 0xFF, 0xFF, 0xFF, 0xFF, 0xFF, 0xFF, 0xFF, 0xFF, 0xFF, 0xFF,
    0xFF, 0xFF, 0xFF, 0xFF, 0xFF, 0xFF, 0xFF, 0xFF, 0xFF, 0x50, 0x00, 0x00,
    0x00, 0x00, 0x00, 0x00, 0xFF, 0xFD, 0xFF, 0xFF, 0xFF, 0xFF, 0xFF, 0xFF,
    0xFF, 0xFF, 0xFF, 0xFF, 0xFF, 0xFF, 0xFF, 0xFF, 0xFF, 0xFF, 0xFF, 0xFF,
    0xFF, 0xFF, 0xFF, 0xFF, 0xFF, 0xFF, 0xFF, 0xFF, 0xFF, 0xFE, 0xFF, 0xC2,
    0x4A, 0x00, 0x00, 0x00, 0x00, 0x00, 0x00, 0x00, 0xFF, 0xF9, 0xFF, 0xFF,
    0xFF, 0xFF, 0xFF, 0xFF, 0xFF, 0xFF, 0xFF, 0xFF, 0xFF, 0xFF, 0xFF, 0xFF,
    0xFF, 0xFF, 0xFF, 0xFF, 0xFF, 0xFF, 0xFF, 0xFF, 0xFF, 0xFF, 0xFF, 0xFF,
    0xFF, 0xFF, 0xFF, 0x41, 0x00, 0x00, 0x00, 0x00, 0x00, 0x00, 0x00, 0x00,
    0x00, 0x3D, 0xFF, 0xFF, 0xFE, 0xFF, 0xFF, 0xFF, 0xFF, 0xFF, 0xFF, 0xFF,
    0xFF, 0xFF, 0xFF, 0xFF, 0xFF, 0xFF, 0xFF, 0xFF, 0xFF, 0xFF, 0xFF, 0xFF,
    0xFF, 0xFF, 0xFF, 0xFF, 0xFF, 0xFF, 0x9A, 0x0C, 0x01, 0x00, 0x00, 0x00,
    0x00, 0x00, 0x00, 0x00, 0x00, 0x00, 0x9A, 0xFF, 0xFF, 0xFF, 0xFF, 0xFF,
    0xFF, 0xFF, 0xFF, 0xFF, 0xFF, 0xFF, 0xFF, 0xFF, 0xFF, 0xFF, 0xFF, 0xFF,
    0xFF, 0xFF, 0xFF, 0xFF, 0xFF, 0xFF, 0xFF, 0xFD, 0xF9, 0x3D, 0x00, 0x00,
    0x00, 0x00, 0x00, 0x00, 0x00, 0x00, 0x00, 0x00, 0x00, 0x00, 0x0C, 0x41,
    0xC2, 0xFF, 0xFE, 0xFF, 0xFF, 0xFF, 0xFF, 0xFF, 0xFF, 0xFF, 0xFF, 0xFF,
    0xFF, 0xFF, 0xFF, 0xFF, 0xFF, 0xFF, 0xFF, 0xFF, 0xFF, 0xFF, 0xFF, 0xFF,
    0xFF, 0x00, 0x00, 0x00, 0x00, 0x00, 0x00, 0x00, 0x00, 0x00, 0x00, 0x00,
    0x00, 0x00, 0x01, 0x00, 0x4A, 0xFF, 0xFF, 0xFF, 0xFF, 0xFB, 0xFF, 0xFF,
    0xFF, 0xFF, 0xFF, 0xFF, 0xFF, 0xFF, 0xFF, 0xFF, 0xFF, 0xFF, 0xFE, 0xFF,
    0xFF, 0xFF, 0xFF, 0x00, 0x00, 0x00, 0x00, 0x00, 0x00, 0x00, 0x00, 0x00,
    0x00, 0x00, 0x00, 0x00, 0x00, 0x00, 0x00, 0x00, 0x00, 0x50, 0xA0, 0xE7,
    0xFF, 0xFF, 0xFF, 0xFE, 0xFF, 0xFC, 0xFF, 0xFF, 0xFF, 0xFF, 0xFF, 0xFE,
    0xFF, 0xFF, 0xFC, 0xFF, 0xFF, 0xFF, 0x00, 0x00, 0x00, 0x00, 0x00, 0x00,
    0x00, 0x00, 0x00, 0x00, 0x00, 0x00, 0x00, 0x00, 0x00, 0x00, 0x00, 0x00,
    0x00, 0x00, 0x00, 0x00, 0x0D, 0x97, 0xFF, 0xFF, 0xFF, 0xFF, 0xFF, 0xFF,
    0xFC, 0xFF, 0xFF, 0xFF, 0xFF, 0xBA, 0xE7, 0xFF, 0x00, 0x00, 0x00, 0x00,
    0x00, 0x00, 0x00, 0x00, 0x00, 0x00, 0x00, 0x00, 0x00, 0x00, 0x00, 0x00,
    0x00, 0x00, 0x00, 0x00, 0x00, 0x00, 0x02, 0x02, 0x00, 0x1A, 0x58, 0xB7,
    0x45, 0x70, 0xCA, 0xFF, 0xFF, 0xDB, 0x4E, 0xA6, 0x65, 0x00, 0x00, 0x00,
    0x00, 0x00, 0x00, 0x00, 0x00, 0x00, 0x00, 0x00, 0x00, 0x00, 0x00, 0x00,
  },
  { /* frame 17 */
    0x00, 0x00, 0x00, 0x00, 0x00, 0x00, 0x00, 0x00, 0x00, 0x00, 0x00, 0x00,
    0x00, 0x00, 0x00, 0x00, 0x00, 0x00, 0x00, 0x00, 0x00, 0x00, 0x00, 0x00,
    0x00, 0x00, 0x00, 0x00, 0x00, 0x00, 0x00, 0x00, 0x28, 0xD2, 0x28, 0xDA,
    0x28, 0xD2, 0x28, 0xD2, 0x28, 0xD2, 0x49, 0xE2, 0x08, 0xD2, 0x28, 0xD2,
    0x28, 0xD2, 0x28, 0xD2, 0x00, 0x00, 0x00, 0x00, 0x00, 0x00, 0x00, 0x00,
    0x00, 0xF8, 0x00, 0x00, 0x00, 0x00, 0x00, 0x00, 0x00, 0x00, 0x00, 0x00,
    0x00, 0x00, 0x00, 0x00, 0x00, 0x00, 0x00, 0x00, 0x00, 0x00, 0x00, 0x00,
    0x00, 0x00, 0x00, 0x00, 0x00, 0x00, 0x00, 0x00, 0x00, 0x00, 0x00, 0x00,
    0x00, 0x00, 0x00, 0x00, 0x00, 0x00, 0x00, 0x00, 0x28, 0xD2, 0x28, 0xD2,
    0x28, 0xD2, 0x28, 0xD2, 0x28, 0xD2, 0x28, 0xD2, 0x28, 0xD2, 0x49, 0xEA,
    0x49, 0xDA, 0x28, 0xD2, 0x69, 0xEA, 0x69, 0xF2, 0x49, 0xE2, 0x8A, 0xFA,
    0x28, 0xD2, 0x28, 0xD2, 0x00, 0x00, 0x28, 0xD2, 0x00, 0x00, 0x86, 0xC9,
    0x00, 0x00, 0x00, 0x00, 0x00, 0x00, 0x00, 0x00, 0x00, 0x00, 0x00, 0x00,
    0x00, 0x00, 0x00, 0x00, 0x00, 0x00, 0x00, 0x00, 0x00, 0x00, 0x00, 0x00,
    0x00, 0x00, 0x00, 0x00, 0x00, 0x00, 0x00, 0x00, 0x00, 0x00, 0x00, 0x00,
    0x28, 0xD2, 0x28, 0xD2, 0x28, 0xDA, 0x28, 0xD2, 0x28, 0xD2, 0x28, 0xD2,
    0x28, 0xD2, 0x28, 0xD2, 0x28, 0xD2, 0x28, 0xD2, 0x28, 0xD2, 0x28, 0xD2,
    0x28, 0xD2, 0x28, 0xD2, 0x28, 0xD2, 0x28, 0xD2, 0x69, 0xEA, 0x28, 0xD2,
    0x28, 0xD2, 0x28, 0xD2, 0x28, 0xD2, 0x00, 0x00, 0x00, 0x00, 0x00, 0x00,
    0x00, 0x00, 0x00, 0x00, 0x00, 0x00, 0x00, 0x00, 0x00, 0x00, 0x00, 0x00,
    0x00, 0x00, 0x00, 0x00, 0x00, 0x00, 0x00, 0x00, 0x00, 0x00, 0x00, 0x00,
    0x00, 0x00, 0x00, 0x00, 0x28, 0xD2, 0x28, 0xD2, 0x49, 0xEA, 0x49, 0xE2,
    0x28, 0xD2, 0x28, 0xD2, 0x28, 0xD2, 0x28, 0xD2, 0x28, 0xD2, 0x28, 0xD2,
    0x28, 0xD2, 0x28, 0xD2, 0x28, 0xD2, 0x28, 0xD2, 0x28, 0xD2, 0x28, 0xD2,
    0x28, 0xD2, 0x28, 0xD2, 0x28, 0xD2, 0x28, 0xD2, 0x28, 0xDA, 0x28, 0xD2,
    0xAA, 0xFA, 0x00, 0xF8, 0x00, 0x00, 0x00, 0x00, 0x00, 0x00, 0x00, 0x00,
    0x00, 0x00, 0x00, 0x00, 0x00, 0x00, 0x00, 0x00, 0x00, 0x00, 0x00, 0x00,
    0x00, 0x00, 0x00, 0x00, 0xE7, 0xB9, 0x00, 0x00, 0xC7, 0xE1, 0x08, 0xD2,
    0x28, 0xD2, 0x49, 0xE2, 0x28, 0xD2, 0x28, 0xD2, 0x28, 0xD2, 0x28, 0xD2,
    0x28, 0xD2, 0x28, 0xD2, 0x28, 0xD2, 0x28, 0xD2, 0x28, 0xD2, 0x28, 0xD2,
    0x28, 0xD2, 0x28, 0xD2, 0x28, 0xD2, 0x28, 0xD2, 0x28, 0xD2, 0x28, 0xD2,
    0x28, 0xD2, 0x28, 0xD2, 0x28, 0xD2, 0x28, 0xD2, 0x69, 0xEA, 0x28, 0xD2,
    0x28, 0xDA, 0x00, 0x00, 0x00, 0x00, 0xE7, 0xB9, 0x00, 0x00, 0x00, 0x00,
    0x00, 0x00, 0x00, 0x00, 0x00, 0x00, 0x00, 0x00, 0x00, 0x00, 0x00, 0x00,
    0x00, 0x00, 0xA6, 0xC9, 0x69, 0xF2, 0x69, 0xF2, 0x69, 0xEA, 0x28, 0xD2,
    0x28, 0xD2, 0x28, 0xD2, 0x28, 0xD2, 0x28, 0xD2, 0x28, 0xD2, 0x28, 0xD2,
    0x28, 0xD2, 0x28, 0xD2, 0x28, 0xDA, 0x28, 0xDA, 0x28, 0xD2, 0x28, 0xD2,
    0x28, 0xD2, 0x28, 0xD2, 0x28, 0xD2, 0x28, 0xD2, 0x28, 0xD2, 0x28, 0xD2,
    0x28, 0xD2, 0x28, 0xD2, 0x28, 0xD2, 0x69, 0xEA, 0x28, 0xDA, 0x28, 0xD2,
    0xA6, 0xC9, 0x00, 0x00, 0x00, 0x00, 0x00, 0x00, 0x00, 0x00, 0x00, 0x00,
    0x00, 0x00, 0x00, 0x00, 0x00, 0x00, 0x00, 0x00, 0x00, 0x00, 0x28, 0xD2,
    0x28, 0xD2, 0x28, 0xD2, 0x28, 0xD2, 0x28, 0xD2, 0x28, 0xD2, 0x28, 0xD2,
    0x28, 0xD2, 0x28, 0xD2, 0x28, 0xD2, 0x48, 0xE2, 0x49, 0xF2, 0x49, 0xEA,
    0x08, 0xC2, 0xE7, 0xB9, 0x8A, 0xFA, 0x48, 0xE2, 0x28, 0xDA, 0x28, 0xD2,
    0x28, 0xD2, 0x28, 0xD2, 0x28, 0xD2, 0x28, 0xD2, 0x28, 0xD2, 0x28, 0xD2,
    0x28, 0xD2, 0x28, 0xD2, 0x28, 0xD2, 0x28, 0xD2, 0x69, 0xF2, 0xC7, 0xE1,
    0x00, 0x00, 0x00, 0x00, 0x00, 0x00, 0x00, 0x00, 0x00, 0x00, 0x00, 0x00,
    0x00, 0x00, 0x00, 0x00, 0x28, 0xDA, 0x28, 0xDA, 0x28, 0xD2, 0x28, 0xD2,
    0x28, 0xD2, 0x28, 0xD2, 0x28, 0xD2, 0x28, 0xD2, 0x28, 0xD2, 0x48, 0xE2,
    0x28, 0xD2, 0xA7, 0xA1, 0x45, 0x69, 0xE4, 0x38, 0x62, 0x00, 0xA3, 0x18,
    0x45, 0x71, 0x04, 0x51, 0x49, 0xEA, 0x28, 0xD2, 0x69, 0xF2, 0x49, 0xEA,
    0x28, 0xDA, 0x28, 0xD2, 0x28, 0xD2, 0x28, 0xD2, 0x28, 0xD2, 0x28, 0xD2,
    0x28, 0xD2, 0x28, 0xD2, 0x69, 0xF2, 0x08, 0xD2, 0x00, 0x00, 0x00, 0x00,
    0x00, 0x00, 0x00, 0x00, 0x00, 0x00, 0x86, 0xC9, 0x00, 0x00, 0x00, 0xF8,
    0x28, 0xD2, 0x69, 0xEA, 0x28, 0xD2, 0x28, 0xD2, 0x28, 0xD2, 0x28, 0xD2,
    0x28, 0xD2, 0x28, 0xD2, 0x69, 0xF2, 0x08, 0xD2, 0x62, 0x00, 0x62, 0x00,
    0x62, 0x00, 0x82, 0x00, 0x82, 0x10, 0x82, 0x10, 0x62, 0x00, 0x21, 0x00,
    0xE8, 0xC1, 0x49, 0xEA, 0x66, 0x81, 0xA3, 0x10, 0xA6, 0x91, 0x08, 0xCA,
    0x28, 0xDA, 0x28, 0xD2, 0x28, 0xD2, 0x28, 0xD2, 0x28, 0xD2, 0x28, 0xD2,
    0x69, 0xEA, 0x28, 0xD2, 0x28, 0xD2, 0x00, 0x00, 0x00, 0x00, 0x00, 0x00,
    0x00, 0xF8, 0x00, 0x00, 0x28, 0xD2, 0xAA, 0xFA, 0x69, 0xEA, 0x28, 0xD2,
    0x28, 0xD2, 0x28, 0xD2, 0x28, 0xD2, 0x28, 0xD2, 0x28, 0xD2, 0x28, 0xD2,
    0x86, 0x81, 0x24, 0x51, 0x82, 0x10, 0x82, 0x10, 0x82, 0x10, 0x82, 0x10,
    0x82, 0x10, 0x82, 0x10, 0x62, 0x00, 0x45, 0x69, 0x49, 0xE2, 0x08, 0xCA,
    0xA3, 0x20, 0x62, 0x00, 0x42, 0x00, 0x25, 0x59, 0x8A, 0xFA, 0x28, 0xD2,
    0x28, 0xD2, 0x28, 0xD2, 0x28, 0xD2, 0x28, 0xD2, 0x28, 0xD2, 0x49, 0xE2,
    0x28, 0xD2, 0x00, 0x00, 0x00, 0x00, 0x00, 0x00, 0x00, 0x00, 0x28, 0xD2,
    0x28, 0xD2, 0x28, 0xD2, 0x28, 0xD2, 0x28, 0xD2, 0x28, 0xD2, 0x28, 0xD2,
    0x28, 0xD2, 0x28, 0xD2, 0x28, 0xD2, 0x69, 0xF2, 0xC3, 0x20, 0x21, 0x00,
    0x82, 0x10, 0x82, 0x10, 0x82, 0x10, 0x82, 0x10, 0x82, 0x10, 0x82, 0x10,
    0x41, 0x00, 0x04, 0x51, 0x89, 0xFA, 0x86, 0x89, 0x21, 0x00, 0x82, 0x10,
    0x82, 0x08, 0xC3, 0x28, 0x86, 0x91, 0x69, 0xFA, 0x28, 0xD2, 0x28, 0xD2,
    0x28, 0xD2, 0x28, 0xD2, 0x28, 0xD2, 0x28, 0xD2, 0x49, 0xEA, 0x28, 0xD2,
    0x00, 0x00, 0x00, 0x00, 0x00, 0x00, 0x00, 0x00, 0x28, 0xD2, 0x28, 0xDA,
    0x28, 0xD2, 0x28, 0xD2, 0x28, 0xD2, 0x28, 0xD2, 0x28, 0xDA, 0x69, 0xFA,
    0x28, 0xE2, 0x49, 0xEA, 0xA7, 0xA1, 0x04, 0x49, 0x62, 0x00, 0x82, 0x10,
    0x82, 0x10, 0x82, 0x10, 0x82, 0x10, 0x82, 0x08, 0xA3, 0x20, 0x08, 0xCA,
    0x49, 0xE2, 0xA7, 0xA1, 0x82, 0x08, 0x82, 0x10, 0x82, 0x10, 0x82, 0x10,
    0x41, 0x00, 0xC3, 0x28, 0xE7, 0xB1, 0x28, 0xDA, 0x28, 0xD2, 0x28, 0xD2,
    0x28, 0xD2, 0x28, 0xD2, 0x49, 0xE2, 0x28, 0xD2, 0x00, 0x00, 0x00, 0x00,
    0x00, 0x00, 0x28, 0xD2, 0x28, 0xD2, 0x28, 0xD2, 0x28, 0xD2, 0x28, 0xD2,
    0x28, 0xD2, 0x28, 0xD2, 0x08, 0xCA, 0x04, 0x51, 0x45, 0x69, 0x49, 0xE2,
    0x49, 0xEA, 0x08, 0xC2, 0x41, 0x00, 0x82, 0x08, 0x82, 0x10, 0x82, 0x10,
    0x82, 0x10, 0x82, 0x10, 0x82, 0x00, 0x25, 0x59, 0xC3, 0x20, 0x62, 0x00,
    0x82, 0x08, 0x82, 0x10, 0x82, 0x10, 0x82, 0x10, 0x82, 0x10, 0x41, 0x00,
    0x86, 0x81, 0x49, 0xF2, 0x28, 0xD2, 0x28, 0xD2, 0x28, 0xD2, 0x28, 0xD2,
    0x28, 0xD2, 0x28, 0xDA, 0x28, 0xD2, 0x00, 0x00, 0x00, 0x00, 0x28, 0xD2,
    0x69, 0xEA, 0x28, 0xD2, 0x28, 0xD2, 0x28, 0xD2, 0x28, 0xD2, 0x28, 0xDA,
    0xA6, 0x91, 0x42, 0x00, 0x82, 0x08, 0x82, 0x00, 0x28, 0xD2, 0x69, 0xFA,
    0x28, 0xDA, 0xC3, 0x30, 0x82, 0x08, 0x82, 0x10, 0x82, 0x10, 0x82, 0x10,
    0xA3, 0x10, 0x82, 0x00, 0x82, 0x08, 0x82, 0x10, 0x82, 0x10, 0x82, 0x10,
    0x82, 0x10, 0x82, 0x10, 0x82, 0x10, 0x62, 0x00, 0x24, 0x51, 0x08, 0xCA,
    0x49, 0xE2, 0x28, 0xD2, 0x28, 0xD2, 0x28, 0xD2, 0x28, 0xD2, 0x28, 0xD2,
    0x28, 0xD2, 0x00, 0x00, 0x28, 0xD2, 0x8A, 0xFA, 0x28, 0xD2, 0x28, 0xD2,
    0x28, 0xD2, 0x28, 0xD2, 0x28, 0xD2, 0x49, 0xEA, 0xA3, 0x18, 0x62, 0x00,
    0x82, 0x10, 0x42, 0x00, 0x65, 0x71, 0x65, 0x71, 0x04, 0x49, 0x82, 0x08,
    0x82, 0x10, 0x82, 0x10, 0x82, 0x10, 0x82, 0x10, 0x82, 0x08, 0x82, 0x10,
    0x82, 0x10, 0x82, 0x10, 0x82, 0x10, 0x82, 0x10, 0x82, 0x10, 0x82, 0x10,
    0x62, 0x00, 0x42, 0x00, 0x62, 0x00, 0xA3, 0x18, 0x28, 0xD2, 0x28, 0xD2,
    0x28, 0xD2, 0x28, 0xD2, 0x28, 0xD2, 0x28, 0xD2, 0x28, 0xD2, 0x00, 0x00,
    0x28, 0xD2, 0x49, 0xE2, 0x28, 0xD2, 0x28, 0xD2, 0x28, 0xD2, 0x28, 0xD2,
    0x08, 0xD2, 0x69, 0xFA, 0x24, 0x51, 0x62, 0x00, 0x82, 0x10, 0x82, 0x08,
    0x82, 0x00, 0x42, 0x00, 0x82, 0x00, 0x82, 0x10, 0x82, 0x10, 0x62, 0x08,
    0x62, 0x08, 0x82, 0x10, 0xC3, 0x10, 0x62, 0x08, 0x82, 0x10, 0x82, 0x10,
    0x82, 0x10, 0x82, 0x10, 0x82, 0x10, 0x82, 0x08, 0x04, 0x49, 0x86, 0x89,
    0xE7, 0xB9, 0x49, 0xEA, 0x28, 0xDA, 0x28, 0xD2, 0x28, 0xD2, 0x28, 0xD2,
    0x28, 0xD2, 0x28, 0xD2, 0x28, 0xD2, 0x00, 0x00, 0x28, 0xD2, 0x69, 0xF2,
    0x28, 0xD2, 0x28, 0xD2, 0x28, 0xD2, 0x28, 0xD2, 0x49, 0xEA, 0xC7, 0xA9,
    0x41, 0x00, 0xA2, 0x10, 0x82, 0x10, 0x82, 0x10, 0x82, 0x10, 0x82, 0x10,
    0x82, 0x10, 0x82, 0x10, 0x82, 0x10, 0xE4, 0x18, 0x25, 0x21, 0x66, 0x29,
    0x87, 0x29, 0x25, 0x21, 0x82, 0x10, 0x82, 0x10, 0x82, 0x10, 0x82, 0x10,
    0x82, 0x10, 0x41, 0x00, 0xA6, 0x99, 0x69, 0xFA, 0x28, 0xDA, 0x28, 0xD2,
    0x28, 0xDA, 0x28, 0xD2, 0x28, 0xD2, 0x28, 0xD2, 0x28, 0xD2, 0x28, 0xD2,
    0x28, 0xD2, 0x28, 0xD2, 0x08, 0xD2, 0x69, 0xEA, 0x28, 0xD2, 0x28, 0xD2,
    0x28, 0xD2, 0x28, 0xD2, 0x08, 0xCA, 0xA3, 0x20, 0x82, 0x10, 0x82, 0x10,
    0x82, 0x10, 0x82, 0x10, 0x82, 0x10, 0x82, 0x10, 0x82, 0x10, 0x82, 0x10,
    0x82, 0x10, 0x66, 0x29, 0x66, 0x29, 0x66, 0x29, 0x66, 0x29, 0x86, 0x29,
    0x66, 0x29, 0xE4, 0x18, 0x62, 0x08, 0x82, 0x10, 0x82, 0x10, 0x62, 0x00,
    0x25, 0x59, 0xAA, 0xFA, 0x49, 0xEA, 0x08, 0xCA, 0xC7, 0xA1, 0x49, 0xE2,
    0x28, 0xD2, 0x28, 0xD2, 0x28, 0xD2, 0x28, 0xD2, 0x28, 0xD2, 0x28, 0xDA,
    0x49, 0xE2, 0x28, 0xD2, 0x28, 0xD2, 0x28, 0xD2, 0x28, 0xD2, 0x28, 0xD2,
    0x49, 0xEA, 0xC3, 0x30, 0x82, 0x08, 0x82, 0x10, 0x82, 0x10, 0x82, 0x10,
    0x82, 0x10, 0x82, 0x10, 0x82, 0x10, 0x62, 0x08, 0x25, 0x21, 0x86, 0x29,
    0x66, 0x29, 0x66, 0x29, 0x66, 0x29, 0x66, 0x29, 0x66, 0x29, 0x25, 0x21,
    0x62, 0x08, 0x82, 0x10, 0x82, 0x10, 0x82, 0x08, 0xA3, 0x18, 0x65, 0x71,
    0xE4, 0x38, 0x82, 0x08, 0x21, 0x00, 0x08, 0xC2, 0x28, 0xDA, 0x28, 0xD2,
    0x28, 0xD2, 0x28, 0xD2, 0x28, 0xD2, 0x28, 0xD2, 0x28, 0xD2, 0x49, 0xDA,
    0x28, 0xD2, 0x28, 0xD2, 0x28, 0xD2, 0x28, 0xD2, 0x89, 0xFA, 0x65, 0x71,
    0x62, 0x00, 0x62, 0x00, 0x41, 0x00, 0x62, 0x00, 0x82, 0x08, 0x82, 0x10,
    0x82, 0x08, 0xC3, 0x10, 0x87, 0x29, 0x66, 0x29, 0x66, 0x29, 0x66, 0x29,
    0x66, 0x29, 0x66, 0x29, 0x66, 0x29, 0x66, 0x29, 0x82, 0x10, 0x82, 0x10,
    0x82, 0x10, 0x82, 0x10, 0x82, 0x10, 0x62, 0x00, 0x82, 0x00, 0x82, 0x10,
    0xA3, 0x18, 0xE7, 0xB9, 0x28, 0xDA, 0x28, 0xD2, 0x28, 0xD2, 0x28, 0xD2,
    0x49, 0xEA, 0x28, 0xD2, 0x28, 0xD2, 0x49, 0xEA, 0x28, 0xD2, 0x28, 0xD2,
    0x28, 0xD2, 0x28, 0xDA, 0xE7, 0xB1, 0x62, 0x00, 0x82, 0x10, 0x04, 0x41,
    0x65, 0x79, 0x86, 0x91, 0x62, 0x00, 0x82, 0x10, 0x82, 0x10, 0x82, 0x10,
    0x66, 0x29, 0x66, 0x29, 0x66, 0x29, 0x66, 0x29, 0x66, 0x29, 0x66, 0x29,
    0x66, 0x29, 0x87, 0x29, 0xC3, 0x10, 0x82, 0x08, 0x82, 0x10, 0x82, 0x10,
    0x82, 0x10, 0x82, 0x10, 0x82, 0x10, 0x62, 0x00, 0x65, 0x71, 0x89, 0xFA,
    0x28, 0xD2, 0x28, 0xD2, 0x28, 0xD2, 0x28, 0xD2, 0x49, 0xDA, 0x28, 0xD2,
    0x28, 0xD2, 0x28, 0xD2, 0x28, 0xD2, 0x28, 0xD2, 0x28, 0xD2, 0x28, 0xD2,
    0x08, 0xCA, 0x86, 0x91, 0x08, 0xD2, 0x49, 0xF2, 0x49, 0xEA, 0x49, 0xEA,
    0xC3, 0x28, 0x82, 0x08, 0x82, 0x10, 0x62, 0x08, 0x25, 0x21, 0x66, 0x29,
    0x66, 0x29, 0x66, 0x29, 0x66, 0x29, 0x66, 0x29, 0x86, 0x29, 0x25, 0x21,
    0x62, 0x08, 0x82, 0x10, 0x82, 0x10, 0x82, 0x10, 0x82, 0x10, 0x82, 0x10,
    0x82, 0x10, 0x82, 0x08, 0xC3, 0x30, 0x49, 0xEA, 0x28, 0xD2, 0x28, 0xD2,
    0x28, 0xD2, 0x28, 0xD2, 0x28, 0xD2, 0x49, 0xE2, 0x28, 0xDA, 0x28, 0xD2,
    0x28, 0xD2, 0x28, 0xD2, 0x28, 0xD2, 0x28, 0xD2, 0x28, 0xD2, 0x28, 0xE2,
    0x28, 0xD2, 0x28, 0xDA, 0x49, 0xEA, 0xAA, 0xFA, 0x25, 0x61, 0x62, 0x00,
    0x82, 0x10, 0x62, 0x08, 0xE4, 0x18, 0x66, 0x29, 0x86, 0x29, 0x66, 0x29,
    0x66, 0x29, 0x66, 0x29, 0x66, 0x29, 0x82, 0x10, 0x82, 0x10, 0x82, 0x10,
    0x82, 0x10, 0x82, 0x10, 0x82, 0x10, 0x82, 0x10, 0x82, 0x10, 0x82, 0x10,
    0xA3, 0x20, 0x08, 0xCA, 0x28, 0xD2, 0x28, 0xD2, 0x28, 0xD2, 0x28, 0xD2,
    0x69, 0xEA, 0x08, 0xD2, 0x28, 0xD2, 0x28, 0xD2, 0x28, 0xD2, 0x28, 0xD2,
    0x28, 0xD2, 0x28, 0xD2, 0x28, 0xD2, 0x49, 0xE2, 0x49, 0xE2, 0xE7, 0xB1,
    0x66, 0x81, 0x24, 0x51, 0xA3, 0x18, 0x82, 0x10, 0x82, 0x10, 0x82, 0x10,
    0x82, 0x10, 0x82, 0x10, 0x25, 0x21, 0x87, 0x29, 0x66, 0x29, 0x25, 0x21,
    0xE4, 0x18, 0x82, 0x10, 0x82, 0x10, 0x82, 0x10, 0x82, 0x10, 0x82, 0x10,
    0x82, 0x10, 0x82, 0x10, 0xA2, 0x10, 0x41, 0x00, 0xC7, 0xA9, 0x49, 0xEA,
    0x28, 0xD2, 0x28, 0xD2, 0x28, 0xD2, 0x28, 0xD2, 0x69, 0xF2, 0x28, 0xD2,
    0x00, 0x00, 0x28, 0xD2, 0x28, 0xD2, 0x28, 0xD2, 0x28, 0xD2, 0x28, 0xD2,
    0x28, 0xDA, 0xE7, 0xB1, 0x82, 0x10, 0x62, 0x00, 0x42, 0x00, 0x62, 0x00,
    0x82, 0x08, 0x82, 0x10, 0x82, 0x10, 0x82, 0x10, 0x82, 0x10, 0x82, 0x10,
    0x62, 0x08, 0xC3, 0x10, 0x82, 0x10, 0x62, 0x08, 0x62, 0x08, 0x82, 0x10,
    0x82, 0x10, 0x82, 0x00, 0x42, 0x00, 0x82, 0x00, 0x82, 0x08, 0x82, 0x10,
    0x62, 0x00, 0x24, 0x51, 0x69, 0xFA, 0x08, 0xD2, 0x28, 0xD2, 0x28, 0xD2,
    0x28, 0xD2, 0x28, 0xD2, 0x49, 0xE2, 0x28, 0xD2, 0x00, 0x00, 0x28, 0xD2,
    0x28, 0xD2, 0x28, 0xD2, 0x28, 0xD2, 0x28, 0xD2, 0x28, 0xD2, 0x28, 0xD2,
    0x62, 0x00, 0x82, 0x10, 0x82, 0x10, 0x82, 0x10, 0x82, 0x10, 0x82, 0x10,
    0x82, 0x10, 0x82, 0x10, 0x82, 0x10, 0x82, 0x10, 0x82, 0x10, 0x82, 0x08,
    0x82, 0x10, 0x82, 0x10, 0x82, 0x10, 0x82, 0x10, 0x82, 0x08, 0x04, 0x49,
    0x65, 0x71, 0x65, 0x71, 0x42, 0x00, 0x82, 0x10, 0x62, 0x00, 0xA3, 0x18,
    0x49, 0xEA, 0x28, 0xD2, 0x28, 0xD2, 0x28, 0xD2, 0x28, 0xD2, 0x28, 0xD2,
    0x8A, 0xFA, 0x28, 0xD2, 0x00, 0x00, 0x28, 0xD2, 0x28, 0xD2, 0x28, 0xD2,
    0x28, 0xD2, 0x28, 0xD2, 0x28, 0xD2, 0x48, 0xE2, 0x08, 0xD2, 0x24, 0x51,
    0x62, 0x00, 0x82, 0x10, 0x82, 0x10, 0x82, 0x10, 0x82, 0x10, 0x82, 0x10,
    0x82, 0x10, 0x82, 0x08, 0x82, 0x00, 0xA3, 0x10, 0x82, 0x10, 0x82, 0x10,
    0x82, 0x10, 0x82, 0x08, 0xC3, 0x30, 0x28, 0xDA, 0x69, 0xFA, 0x28, 0xD2,
    0x82, 0x00, 0x82, 0x08, 0x42, 0x00, 0xA6, 0x91, 0x28, 0xDA, 0x28, 0xD2,
    0x28, 0xD2, 0x28, 0xD2, 0x28, 0xD2, 0x69, 0xEA, 0x28, 0xD2, 0x00, 0x00,
    0x00, 0x00, 0x28, 0xD2, 0x28, 0xDA, 0x28, 0xD2, 0x28, 0xD2, 0x28, 0xD2,
    0x28, 0xD2, 0x28, 0xD2, 0x49, 0xF2, 0x86, 0x81, 0x41, 0x00, 0x82, 0x10,
    0x82, 0x10, 0x82, 0x10, 0x82, 0x10, 0x82, 0x08, 0x62, 0x00, 0xC3, 0x20,
    0x25, 0x59, 0x82, 0x00, 0x82, 0x10, 0x82, 0x10, 0x82, 0x10, 0x82, 0x10,
    0x82, 0x08, 0x41, 0x00, 0x08, 0xC2, 0x49, 0xEA, 0x49, 0xE2, 0x45, 0x69,
    0x04, 0x51, 0x08, 0xCA, 0x28, 0xD2, 0x28, 0xD2, 0x28, 0xD2, 0x28, 0xD2,
    0x28, 0xD2, 0x28, 0xD2, 0x28, 0xD2, 0x00, 0x00, 0x00, 0x00, 0x00, 0x00,
    0x28, 0xD2, 0x49, 0xE2, 0x28, 0xD2, 0x28, 0xD2, 0x28, 0xD2, 0x28, 0xD2,
    0x28, 0xDA, 0xE7, 0xB1, 0xC3, 0x28, 0x41, 0x00, 0x82, 0x10, 0x82, 0x10,
    0x82, 0x10, 0x82, 0x08, 0xA7, 0xA1, 0x49, 0xE2, 0x08, 0xCA, 0xA3, 0x20,
    0x82, 0x08, 0x82, 0x10, 0x82, 0x10, 0x82, 0x10, 0x82, 0x10, 0x62, 0x00,
    0x04, 0x49, 0xA7, 0xA1, 0x49, 0xEA, 0x28, 0xE2, 0x69, 0xFA, 0x28, 0xDA,
    0x28, 0xD2, 0x28, 0xD2, 0x28, 0xD2, 0x28, 0xD2, 0x28, 0xDA, 0x28, 0xD2,
    0x00, 0x00, 0x00, 0x00, 0x00, 0x00, 0x00, 0x00, 0x28, 0xD2, 0x49, 0xEA,
    0x28, 0xD2, 0x28, 0xD2, 0x28, 0xD2, 0x28, 0xD2, 0x28, 0xD2, 0x28, 0xD2,
    0x69, 0xFA, 0x86, 0x91, 0xC3, 0x28, 0x82, 0x08, 0x82, 0x10, 0x21, 0x00,
    0x86, 0x89, 0x89, 0xFA, 0x04, 0x51, 0x41, 0x00, 0x82, 0x10, 0x82, 0x10,
    0x82, 0x10, 0x82, 0x10, 0x82, 0x10, 0x82, 0x10, 0x21, 0x00, 0xC3, 0x20,
    0x69, 0xF2, 0x28, 0xD2, 0x28, 0xD2, 0x28, 0xD2, 0x28, 0xD2, 0x28, 0xD2,
    0x28, 0xD2, 0x28, 0xD2, 0x28, 0xD2, 0x28, 0xD2, 0x28, 0xD2, 0x00, 0x00,
    0x00, 0x00, 0x00, 0x00, 0x00, 0x00, 0x28, 0xD2, 0x49, 0xE2, 0x28, 0xD2,
    0x28, 0xD2, 0x28, 0xD2, 0x28, 0xD2, 0x28, 0xD2, 0x28, 0xD2, 0x8A, 0xFA,
    0x25, 0x59, 0x42, 0x00, 0x62, 0x00, 0xA3, 0x20, 0x08, 0xCA, 0x49, 0xE2,
    0x45, 0x69, 0x62, 0x00, 0x82, 0x10, 0x82, 0x10, 0x82, 0x10, 0x82, 0x10,
    0x82, 0x10, 0x82, 0x10, 0x24, 0x51, 0x86, 0x81, 0x28, 0xD2, 0x28, 0xD2,
    0x28, 0xD2, 0x28, 0xD2, 0x28, 0xD2, 0x28, 0xD2, 0x28, 0xD2, 0x69, 0xEA,
    0xAA, 0xFA, 0x28, 0xD2, 0x00, 0x00, 0x00, 0xF8, 0x00, 0x00, 0x00, 0x00,
    0x00, 0x00, 0x28, 0xD2, 0x28, 0xD2, 0x69, 0xEA, 0x28, 0xD2, 0x28, 0xD2,
    0x28, 0xD2, 0x28, 0xD2, 0x28, 0xD2, 0x28, 0xDA, 0x08, 0xCA, 0xA6, 0x91,
    0xA3, 0x10, 0x66, 0x81, 0x49, 0xEA, 0xE8, 0xC1, 0x21, 0x00, 0x62, 0x00,
    0x82, 0x10, 0x82, 0x10, 0x82, 0x00, 0x62, 0x00, 0x62, 0x00, 0x62, 0x00,
    0x08, 0xD2, 0x69, 0xF2, 0x28, 0xD2, 0x28, 0xD2, 0x28, 0xD2, 0x28, 0xD2,
    0x28, 0xD2, 0x28, 0xD2, 0x69, 0xEA, 0x28, 0xD2, 0x00, 0xF8, 0x00, 0x00,
    0x86, 0xC9, 0x00, 0x00, 0x00, 0x00, 0x00, 0x00, 0x00, 0x00, 0x00, 0x00,
    0x08, 0xD2, 0x69, 0xF2, 0x28, 0xD2, 0x28, 0xD2, 0x28, 0xD2, 0x28, 0xD2,
    0x28, 0xD2, 0x28, 0xD2, 0x28, 0xD2, 0x28, 0xDA, 0x49, 0xEA, 0x69, 0xF2,
    0x28, 0xD2, 0x49, 0xEA, 0x04, 0x51, 0x45, 0x71, 0xA3, 0x18, 0x62, 0x00,
    0xE4, 0x38, 0x45, 0x69, 0xA7, 0xA1, 0x28, 0xD2, 0x48, 0xE2, 0x28, 0xD2,
    0x28, 0xD2, 0x28, 0xD2, 0x28, 0xD2, 0x28, 0xD2, 0x28, 0xD2, 0x28, 0xD2,
    0x28, 0xDA, 0x28, 0xDA, 0x00, 0x00, 0x00, 0x00, 0x00, 0x00, 0x00, 0x00,
    0x00, 0x00, 0x00, 0x00, 0x00, 0x00, 0x00, 0x00, 0xC7, 0xE1, 0x69, 0xF2,
    0x28, 0xD2, 0x28, 0xD2, 0x28, 0xD2, 0x28, 0xD2, 0x28, 0xD2, 0x28, 0xD2,
    0x28, 0xD2, 0x28, 0xD2, 0x28, 0xD2, 0x28, 0xD2, 0x28, 0xD2, 0x28, 0xDA,
    0x48, 0xE2, 0x8A, 0xFA, 0xE7, 0xB9, 0x08, 0xC2, 0x49, 0xEA, 0x49, 0xF2,
    0x48, 0xE2, 0x28, 0xD2, 0x28, 0xD2, 0x28, 0xD2, 0x28, 0xD2, 0x28, 0xD2,
    0x28, 0xD2, 0x28, 0xD2, 0x28, 0xD2, 0x28, 0xD2, 0x28, 0xD2, 0x00, 0x00,
    0x00, 0x00, 0x00, 0x00, 0x00, 0x00, 0x00, 0x00, 0x00, 0x00, 0x00, 0x00,
    0x00, 0x00, 0x00, 0x00, 0x00, 0x00, 0xA6, 0xC9, 0x28, 0xD2, 0x28, 0xDA,
    0x69, 0xEA, 0x28, 0xD2, 0x28, 0xD2, 0x28, 0xD2, 0x28, 0xD2, 0x28, 0xD2,
    0x28, 0xD2, 0x28, 0xD2, 0x28, 0xD2, 0x28, 0xD2, 0x28, 0xD2, 0x28, 0xD2,
    0x28, 0xDA, 0x28, 0xDA, 0x28, 0xD2, 0x28, 0xD2, 0x28, 0xD2, 0x28, 0xD2,
    0x28, 0xD2, 0x28, 0xD2, 0x28, 0xD2, 0x28, 0xD2, 0x28, 0xD2, 0x69, 0xEA,
    0x69, 0xF2, 0x69, 0xF2, 0xA6, 0xC9, 0x00, 0x00, 0x00, 0x00, 0x00, 0x00,
    0x00, 0x00, 0x00, 0x00, 0x00, 0x00, 0x00, 0x00, 0x00, 0x00, 0x00, 0x00,
    0xE7, 0xB9, 0x00, 0x00, 0x00, 0x00, 0x28, 0xDA, 0x28, 0xD2, 0x69, 0xEA,
    0x28, 0xD2, 0x28, 0xD2, 0x28, 0xD2, 0x28, 0xD2, 0x28, 0xD2, 0x28, 0xD2,
    0x28, 0xD2, 0x28, 0xD2, 0x28, 0xD2, 0x28, 0xD2, 0x28, 0xD2, 0x28, 0xD2,
    0x28, 0xD2, 0x28, 0xD2, 0x28, 0xD2, 0x28, 0xD2, 0x28, 0xD2, 0x28, 0xD2,
    0x28, 0xD2, 0x28, 0xD2, 0x49, 0xE2, 0x28, 0xD2, 0x08, 0xD2, 0xC7, 0xE1,
    0x00, 0x00, 0xE7, 0xB9, 0x00, 0x00, 0x00, 0x00, 0x00, 0x00, 0x00, 0x00,
    0x00, 0x00, 0x00, 0x00, 0x00, 0x00, 0x00, 0x00, 0x00, 0x00, 0x00, 0x00,
    0x00, 0x00, 0x00, 0x00, 0x00, 0xF8, 0xAA, 0xFA, 0x28, 0xD2, 0x28, 0xDA,
    0x28, 0xD2, 0x28, 0xD2, 0x28, 0xD2, 0x28, 0xD2, 0x28, 0xD2, 0x28, 0xD2,
    0x28, 0xD2, 0x28, 0xD2, 0x28, 0xD2, 0x28, 0xD2, 0x28, 0xD2, 0x28, 0xD2,
    0x28, 0xD2, 0x28, 0xD2, 0x28, 0xD2, 0x28, 0xD2, 0x49, 0xE2, 0x49, 0xEA,
    0x28, 0xD2, 0x28, 0xD2, 0x00, 0x00, 0x00, 0x00, 0x00, 0x00, 0x00, 0x00,
    0x00, 0x00, 0x00, 0x00, 0x00, 0x00, 0x00, 0x00, 0x00, 0x00, 0x00, 0x00,
    0x00, 0x00, 0x00, 0x00, 0x00, 0x00, 0x00, 0x00, 0x00, 0x00, 0x00, 0x00,
    0x00, 0x00, 0x28, 0xD2, 0x28, 0xD2, 0x28, 0xD2, 0x28, 0xD2, 0x69, 0xEA,
    0x28, 0xD2, 0x28, 0xD2, 0x28, 0xD2, 0x28, 0xD2, 0x28, 0xD2, 0x28, 0xD2,
    0x28, 0xD2, 0x28, 0xD2, 0x28, 0xD2, 0x28, 0xD2, 0x28, 0xD2, 0x28, 0xD2,
    0x28, 0xD2, 0x28, 0xDA, 0x28, 0xD2, 0x28, 0xD2, 0x00, 0x00, 0x00, 0x00,
    0x00, 0x00, 0x00, 0x00, 0x00, 0x00, 0x00, 0x00, 0x00, 0x00, 0x00, 0x00,
    0x00, 0x00, 0x00, 0x00, 0x00, 0x00, 0x00, 0x00, 0x00, 0x00, 0x00, 0x00,
    0x00, 0x00, 0x00, 0x00, 0x00, 0x00, 0x00, 0x00, 0x86, 0xC9, 0x00, 0x00,
    0x28, 0xD2, 0x00, 0x00, 0x28, 0xD2, 0x28, 0xD2, 0x8A, 0xFA, 0x49, 0xE2,
    0x69, 0xF2, 0x69, 0xEA, 0x28, 0xD2, 0x49, 0xDA, 0x49, 0xEA, 0x28, 0xD2,
    0x28, 0xD2, 0x28, 0xD2, 0x28, 0xD2, 0x28, 0xD2, 0x28, 0xD2, 0x28, 0xD2,
    0x00, 0x00, 0x00, 0x00, 0x00, 0x00, 0x00, 0x00, 0x00, 0x00, 0x00, 0x00,
    0x00, 0x00, 0x00, 0x00, 0x00, 0x00, 0x00, 0x00, 0x00, 0x00, 0x00, 0x00,
    0x00, 0x00, 0x00, 0x00, 0x00, 0x00, 0x00, 0x00, 0x00, 0x00, 0x00, 0x00,
    0x00, 0x00, 0x00, 0x00, 0x00, 0x00, 0x00, 0xF8, 0x00, 0x00, 0x00, 0x00,
    0x00, 0x00, 0x00, 0x00, 0x28, 0xD2, 0x28, 0xD2, 0x28, 0xD2, 0x08, 0xD2,
    0x49, 0xE2, 0x28, 0xD2, 0x28, 0xD2, 0x28, 0xD2, 0x28, 0xDA, 0x28, 0xD2,
    0x00, 0x00, 0x00, 0x00, 0x00, 0x00, 0x00, 0x00, 0x00, 0x00, 0x00, 0x00,
    0x00, 0x00, 0x00, 0x00, 0x00, 0x00, 0x00, 0x00, 0x00, 0x00, 0x00, 0x00,
    0x00, 0x00, 0x00, 0x00, 0x00, 0x00, 0x00, 0x00, 0x00, 0x00, 0x00, 0x00,
    0x00, 0x00, 0x00, 0x00, 0x00, 0x00, 0x00, 0x00, 0x00, 0x00, 0x00, 0x00,
    0xFF, 0xFF, 0xEC, 0x81, 0xCA, 0xFF, 0x57, 0x90, 0xE7, 0x3C, 0x00, 0x00,
    0x01, 0x00, 0x01, 0x00, 0x00, 0x00, 0x00, 0x00, 0x00, 0x00, 0x00, 0x00,
    0x00, 0x00, 0x00, 0x00, 0x00, 0x00, 0x00, 0x00, 0x00, 0x00, 0x00, 0x00,
    0xFF, 0xFF, 0xFF, 0xFF, 0xFF, 0xFF, 0xFA, 0xFF, 0xFF, 0xFE, 0xFF, 0xFF,
    0xFF, 0xFF, 0xBD, 0x21, 0x00, 0x0B, 0x00, 0x05, 0x00, 0x00, 0x00, 0x00,
    0x00, 0x00, 0x00, 0x00, 0x00, 0x00, 0x00, 0x00, 0x00, 0x00, 0x00, 0x00,
    0x00, 0x00, 0x0B, 0xE3, 0xFF, 0xFF, 0xFF, 0xFF, 0xFF, 0xFF, 0xFF, 0xFF,
    0xFF, 0xFE, 0xFF, 0xFF, 0xFE, 0xFE, 0xFF, 0xF8, 0xCC, 0xD7, 0x29, 0x00,
    0x00, 0x00, 0x00, 0x00, 0x00, 0x00, 0x00, 0x00, 0x00, 0x00, 0x00, 0x00,
    0x00, 0x00, 0x00, 0x00, 0x56, 0xEC, 0xFF, 0xFF, 0xFC, 0xFF, 0xFF, 0xFF,
    0xFF, 0xFF, 0xFF, 0xFF, 0xFF, 0xFF, 0xFF, 0xFF, 0xFF, 0xFE, 0xFE, 0xFF,
    0xFF, 0xFE, 0xFF, 0x01, 0x00, 0x00, 0x00, 0x00, 0x00, 0x00, 0x00, 0x00,
    0x00, 0x00, 0x00, 0x00, 0x04, 0x00, 0x09, 0x33, 0xC6, 0xFF, 0xFF, 0xFF,
    0xFF, 0xFF, 0xFF, 0xFF, 0xFF, 0xFF, 0xFF, 0xFF, 0xFF, 0xFF, 0xFF, 0xFF,
    0xFF, 0xFF, 0xFF, 0xFF, 0xFF, 0xFE, 0xFF, 0xC8, 0x30, 0x00, 0x00, 0x04,
    0x00, 0x00, 0x00, 0x00, 0x00, 0x00, 0x00, 0x00, 0x00, 0x0E, 0xFF, 0xFF,
    0xFF, 0xFE, 0xFF, 0xFF, 0xFF, 0xFF, 0xFF, 0xFF, 0xFF, 0xFF, 0xFF, 0xFF,
    0xFF, 0xFF, 0xFF, 0xFF, 0xFF, 0xFF, 0xFF, 0xFF, 0xFF, 0xFF, 0xFB, 0xFF,
    0xFF, 0xB0, 0x0E, 0x00, 0x00, 0x00, 0x00, 0x00, 0x00, 0x00, 0x00, 0x00,
    0x00, 0xB0, 0xFF, 0xFE, 0xFF, 0xFF, 0xFF, 0xFF, 0xFF, 0xFF, 0xFF, 0xFF,
    0xFF, 0xFF, 0xFF, 0xFF, 0xFF, 0xFF, 0xFF, 0xFF, 0xFF, 0xFF, 0xFF, 0xFF,
    0xFF, 0xFF, 0xFF, 0xFE, 0xFF, 0xFF, 0xFF, 0x09, 0x00, 0x00, 0x00, 0x00,
    0x00, 0x00, 0x00, 0x00, 0x30, 0xFF, 0xFF, 0xFF, 0xFF, 0xFF, 0xFF, 0xFF,
    0xFF, 0xFF, 0xFF, 0xFF, 0xFF, 0xFF, 0xFF, 0xFF, 0xFF, 0xFF, 0xFF, 0xFF,
    0xFF, 0xFF, 0xFF, 0xFF, 0xFF, 0xFF, 0xFF, 0xFF, 0xFF, 0xFE, 0xFF, 0x33,
    0x00, 0x00, 0x00, 0x00, 0x00, 0x05, 0x00, 0x01, 0xC8, 0xFF, 0xFE, 0xFF,
    0xFF, 0xFF, 0xFF, 0xFF, 0xFF, 0xFF, 0xFF, 0xFF, 0xFF, 0xFF, 0xFF, 0xFF,
    0xFF, 0xFF, 0xFF, 0xFF, 0xFF, 0xFF, 0xFF, 0xFF, 0xFF, 0xFF, 0xFF, 0xFF,
    0xFF, 0xFF, 0xFF, 0xC6, 0x56, 0x00, 0x00, 0x00, 0x01, 0x00, 0x29, 0xFF,
    0xFF, 0xFB, 0xFF, 0xFF, 0xFF, 0xFF, 0xFF, 0xFF, 0xFF, 0xFF, 0xFF, 0xFF,
    0xFF, 0xFF, 0xFF, 0xFF, 0xFF, 0xFF, 0xFF, 0xFF, 0xFF, 0xFF, 0xFF, 0xFF,
    0xFF, 0xFF, 0xFF, 0xFF, 0xFF, 0xFF, 0xFE, 0xFF, 0xEC, 0x00, 0x00, 0x00,
    0x00, 0x0B, 0xD7, 0xFE, 0xFE, 0xFF, 0xFF, 0xFF, 0xFF, 0xFF, 0xFF, 0xFF,
    0xFF, 0xFF, 0xFF, 0xFF, 0xFF, 0xFF, 0xFF, 0xFF, 0xFF, 0xFF, 0xFF, 0xFF,
    0xFF, 0xFF, 0xFF, 0xFF, 0xFF, 0xFF, 0xFF, 0xFF, 0xFF, 0xFF, 0xFF, 0xFF,
    0xFF, 0x0B, 0x00, 0x00, 0x01, 0x00, 0xCC, 0xFF, 0xFF, 0xFF, 0xFF, 0xFF,
    0xFF, 0xFF, 0xFF, 0xFF, 0xFF, 0xFF, 0xFF, 0xFF, 0xFF, 0xFF, 0xFF, 0xFF,
    0xFF, 0xFF, 0xFF, 0xFF, 0xFF, 0xFF, 0xFF, 0xFF, 0xFF, 0xFF, 0xFF, 0xFF,
    0xFF, 0xFF, 0xFF, 0xFF, 0xFF, 0xE3, 0x00, 0x00, 0x00, 0x21, 0xF8, 0xFF,
    0xFF, 0xFF, 0xFF, 0xFF, 0xFF, 0xFF, 0xFF, 0xFF, 0xFF, 0xFF, 0xFF, 0xFF,
    0xFF, 0xFF, 0xFF, 0xFF, 0xFF, 0xFF, 0xFF, 0xFF, 0xFF, 0xFF, 0xFF, 0xFF,
    0xFF, 0xFF, 0xFF, 0xFF, 0xFF, 0xFF, 0xFF, 0xFF, 0xFC, 0xFF, 0xFF, 0x00,
    0x00, 0xBD, 0xFF, 0xFE, 0xFF, 0xFF, 0xFF, 0xFF, 0xFF, 0xFF, 0xFF, 0xFF,
    0xFF, 0xFF, 0xFF, 0xFF, 0xFF, 0xFF, 0xFF, 0xFF, 0xFF, 0xFF, 0xFF, 0xFF,
    0xFF, 0xFF, 0xFF, 0xFF, 0xFF, 0xFF, 0xFF, 0xFF, 0xFF, 0xFF, 0xFF, 0xFF,
    0xFF, 0xFF, 0xFF, 0x00, 0x3C, 0xFF, 0xFE, 0xFE, 0xFF, 0xFF, 0xFF, 0xFF,
    0xFF, 0xFF, 0xFF, 0xFF, 0xFF, 0xFF, 0xFF, 0xFF, 0xFF, 0xFF, 0xFF, 0xFF,
    0xFF, 0xFF, 0xFF, 0xFF, 0xFF, 0xFF, 0xFF, 0xFF, 0xFF, 0xFF, 0xFF, 0xFF,
    0xFF, 0xFF, 0xFF, 0xFF, 0xFF, 0xFF, 0xFF, 0x00, 0xE7, 0xFF, 0xFE, 0xFF,
    0xFF, 0xFF, 0xFF, 0xFF, 0xFF, 0xFF, 0xFF, 0xFF, 0xFF, 0xFF, 0xFF, 0xFF,
    0xFF, 0xFF, 0xFF, 0xFF, 0xFF, 0xFF, 0xFF, 0xFF, 0xFF, 0xFF, 0xFF, 0xFF,
    0xFF, 0xFF, 0xFF, 0xFF, 0xFF, 0xFF, 0xFF, 0xFF, 0xFF, 0xFF, 0xFF, 0x00,
    0x90, 0xFF, 0xFF, 0xFF, 0xFF, 0xFF, 0xFF, 0xFF, 0xFF, 0xFF, 0xFF, 0xFF,
    0xFF, 0xFF, 0xFF, 0xFF, 0xFF, 0xFF, 0xFF, 0xFF, 0xFF, 0xFF, 0xFF, 0xFF,
    0xFF, 0xFF, 0xFF, 0xFF, 0xFF, 0xFF, 0xFF, 0xFF, 0xFF, 0xFF, 0xFF, 0xFF,
    0xFF, 0xFF, 0xFF, 0xFF, 0x57, 0xFF, 0xFF, 0xFF, 0xFF, 0xFF, 0xFF, 0xFF,
    0xFF, 0xFF, 0xFF, 0xFF, 0xFF, 0xFF, 0xFF, 0xFF, 0xFF, 0xFF, 0xFF, 0xFF,
    0xFF, 0xFF, 0xFF, 0xFF, 0xFF, 0xFF, 0xFF, 0xFF, 0xFF, 0xFF, 0xFF, 0xFF,
    0xFF, 0xFF, 0xFF, 0xFF, 0xFF, 0xFF, 0xFF, 0xFF, 0xFF, 0xFE, 0xFE, 0xFF,
    0xFF, 0xFF, 0xFF, 0xFF, 0xFF, 0xFF, 0xFF, 0xFF, 0xFF, 0xFF, 0xFF, 0xFF,
    0xFF, 0xFF, 0xFF, 0xFF, 0xFF, 0xFF, 0xFF, 0xFF, 0xFF, 0xFF, 0xFF, 0xFF,
    0xFF, 0xFF, 0xFF, 0xFF, 0xFF, 0xFF, 0xFF, 0xFF, 0xFF, 0xFF, 0xFA, 0xEC,
    0xCA, 0xFF, 0xFF, 0xFF, 0xFF, 0xFF, 0xFF, 0xFF, 0xFF, 0xFF, 0xFF, 0xFF,
    0xFF, 0xFF, 0xFF, 0xFF, 0xFF, 0xFF, 0xFF, 0xFF, 0xFF, 0xFF, 0xFF, 0xFF,
    0xFF, 0xFF, 0xFF, 0xFF, 0xFF, 0xFF, 0xFF, 0xFF, 0xFF, 0xFF, 0xFF, 0xFF,
    0xFF, 0xFF, 0xFF, 0x81, 0x81, 0xFF, 0xFF, 0xFF, 0xFF, 0xFF, 0xFF, 0xFF,
    0xFF, 0xFF, 0xFF, 0xFF, 0xFF, 0xFF, 0xFF, 0xFF, 0xFF, 0xFF, 0xFF, 0xFF,
    0xFF, 0xFF, 0xFF, 0xFF, 0xFF, 0xFF, 0xFF, 0xFF, 0xFF, 0xFF, 0xFF, 0xFF,
    0xFF, 0xFF, 0xFF, 0xFF, 0xFF, 0xFF, 0xFF, 0xCA, 0xEC, 0xFA, 0xFF, 0xFF,
    0xFF, 0xFF, 0xFF, 0xFF, 0xFF, 0xFF, 0xFF, 0xFF, 0xFF, 0xFF, 0xFF, 0xFF,
    0xFF, 0xFF, 0xFF, 0xFF, 0xFF, 0xFF, 0xFF, 0xFF, 0xFF, 0xFF, 0xFF, 0xFF,
    0xFF, 0xFF, 0xFF, 0xFF, 0xFF, 0xFF, 0xFF, 0xFF, 0xFF, 0xFE, 0xFE, 0xFF,
    0xFF, 0xFF, 0xFF, 0xFF, 0xFF, 0xFF, 0xFF, 0xFF, 0xFF, 0xFF, 0xFF, 0xFF,
    0xFF, 0xFF, 0xFF, 0xFF, 0xFF, 0xFF, 0xFF, 0xFF, 0xFF, 0xFF, 0xFF, 0xFF,
    0xFF, 0xFF, 0xFF, 0xFF, 0xFF, 0xFF, 0xFF, 0xFF, 0xFF, 0xFF, 0xFF, 0xFF,
    0xFF, 0xFF, 0xFF, 0x57, 0xFF, 0xFF, 0xFF, 0xFF, 0xFF, 0xFF, 0xFF, 0xFF,
    0xFF, 0xFF, 0xFF, 0xFF, 0xFF, 0xFF, 0xFF, 0xFF, 0xFF, 0xFF, 0xFF, 0xFF,
    0xFF, 0xFF, 0xFF, 0xFF, 0xFF, 0xFF, 0xFF, 0xFF, 0xFF, 0xFF, 0xFF, 0xFF,
    0xFF, 0xFF, 0xFF, 0xFF, 0xFF, 0xFF, 0xFF, 0x90, 0x00, 0xFF, 0xFF, 0xFF,
    0xFF, 0xFF, 0xFF, 0xFF, 0xFF, 0xFF, 0xFF, 0xFF, 0xFF, 0xFF, 0xFF, 0xFF,
    0xFF, 0xFF, 0xFF, 0xFF, 0xFF, 0xFF, 0xFF, 0xFF, 0xFF, 0xFF, 0xFF, 0xFF,
    0xFF, 0xFF, 0xFF, 0xFF, 0xFF, 0xFF, 0xFF, 0xFF, 0xFF, 0xFE, 0xFF, 0xE7,
    0x00, 0xFF, 0xFF, 0xFF, 0xFF, 0xFF, 0xFF, 0xFF, 0xFF, 0xFF, 0xFF, 0xFF,
    0xFF, 0xFF, 0xFF, 0xFF, 0xFF, 0xFF, 0xFF, 0xFF, 0xFF, 0xFF, 0xFF, 0xFF,
    0xFF, 0xFF, 0xFF, 0xFF, 0xFF, 0xFF, 0xFF, 0xFF, 0xFF, 0xFF, 0xFF, 0xFF,
    0xFE, 0xFE, 0xFF, 0x3C, 0x00, 0xFF, 0xFF, 0xFF, 0xFF, 0xFF, 0xFF, 0xFF,
    0xFF, 0xFF, 0xFF, 0xFF, 0xFF, 0xFF, 0xFF, 0xFF, 0xFF, 0xFF, 0xFF, 0xFF,
    0xFF, 0xFF, 0xFF, 0xFF, 0xFF, 0xFF, 0xFF, 0xFF, 0xFF, 0xFF, 0xFF, 0xFF,
    0xFF, 0xFF, 0xFF, 0xFF, 0xFE, 0xFF, 0xBD, 0x00, 0x00, 0xFF, 0xFF, 0xFC,
    0xFF, 0xFF, 0xFF, 0xFF, 0xFF, 0xFF, 0xFF, 0xFF, 0xFF, 0xFF, 0xFF, 0xFF,
    0xFF, 0xFF, 0xFF, 0xFF, 0xFF, 0xFF, 0xFF, 0xFF, 0xFF, 0xFF, 0xFF, 0xFF,
    0xFF, 0xFF, 0xFF, 0xFF, 0xFF, 0xFF, 0xFF, 0xFF, 0xFF, 0xF8, 0x21, 0x00,
    0x00, 0x00, 0xE3, 0xFF, 0xFF, 0xFF, 0xFF, 0xFF, 0xFF, 0xFF, 0xFF, 0xFF,
    0xFF, 0xFF, 0xFF, 0xFF, 0xFF, 0xFF, 0xFF, 0xFF, 0xFF, 0xFF, 0xFF, 0xFF,
    0xFF, 0xFF, 0xFF, 0xFF, 0xFF, 0xFF, 0xFF, 0xFF, 0xFF, 0xFF, 0xFF, 0xFF,
    0xFF, 0xCC, 0x00, 0x01, 0x00, 0x00, 0x0B, 0xFF, 0xFF, 0xFF, 0xFF, 0xFF,
    0xFF, 0xFF, 0xFF, 0xFF, 0xFF, 0xFF, 0xFF, 0xFF, 0xFF, 0xFF, 0xFF, 0xFF,
    0xFF, 0xFF, 0xFF, 0xFF, 0xFF, 0xFF, 0xFF, 0xFF, 0xFF, 0xFF, 0xFF, 0xFF,
    0xFF, 0xFF, 0xFF, 0xFE, 0xFE, 0xD7, 0x0B, 0x00, 0x00, 0x00, 0x00, 0xEC,
    0xFF, 0xFE, 0xFF, 0xFF, 0xFF, 0xFF, 0xFF, 0xFF, 0xFF, 0xFF, 0xFF, 0xFF,
    0xFF, 0xFF, 0xFF, 0xFF, 0xFF, 0xFF, 0xFF, 0xFF, 0xFF, 0xFF, 0xFF, 0xFF,
    0xFF, 0xFF, 0xFF, 0xFF, 0xFF, 0xFF, 0xFB, 0xFF, 0xFF, 0x29, 0x00, 0x01,
    0x00, 0x00, 0x00, 0x56, 0xC6, 0xFF, 0xFF, 0xFF, 0xFF, 0xFF, 0xFF, 0xFF,
    0xFF, 0xFF, 0xFF, 0xFF, 0xFF, 0xFF, 0xFF, 0xFF, 0xFF, 0xFF, 0xFF, 0xFF,
    0xFF, 0xFF, 0xFF, 0xFF, 0xFF, 0xFF, 0xFF, 0xFF, 0xFF, 0xFE, 0xFF, 0xC8,
    0x01, 0x00, 0x05, 0x00, 0x00, 0x00, 0x00, 0x00, 0x33, 0xFF, 0xFE, 0xFF,
    0xFF, 0xFF, 0xFF, 0xFF, 0xFF, 0xFF, 0xFF, 0xFF, 0xFF, 0xFF, 0xFF, 0xFF,
    0xFF, 0xFF, 0xFF, 0xFF, 0xFF, 0xFF, 0xFF, 0xFF, 0xFF, 0xFF, 0xFF, 0xFF,
    0xFF, 0xFF, 0xFF, 0x30, 0x00, 0x00, 0x00, 0x00, 0x00, 0x00, 0x00, 0x00,
    0x09, 0xFF, 0xFF, 0xFF, 0xFE, 0xFF, 0xFF, 0xFF, 0xFF, 0xFF, 0xFF, 0xFF,
    0xFF, 0xFF, 0xFF, 0xFF, 0xFF, 0xFF, 0xFF, 0xFF, 0xFF, 0xFF, 0xFF, 0xFF,
    0xFF, 0xFF, 0xFF, 0xFF, 0xFE, 0xFF, 0xB0, 0x00, 0x00, 0x00, 0x00, 0x00,
    0x00, 0x00, 0x00, 0x00, 0x00, 0x0E, 0xB0, 0xFF, 0xFF, 0xFB, 0xFF, 0xFF,
    0xFF, 0xFF, 0xFF, 0xFF, 0xFF, 0xFF, 0xFF, 0xFF, 0xFF, 0xFF, 0xFF, 0xFF,
    0xFF, 0xFF, 0xFF, 0xFF, 0xFF, 0xFF, 0xFE, 0xFF, 0xFF, 0xFF, 0x0E, 0x00,
    0x00, 0x00, 0x00, 0x00, 0x00, 0x00, 0x00, 0x00, 0x04, 0x00, 0x00, 0x30,
    0xC8, 0xFF, 0xFE, 0xFF, 0xFF, 0xFF, 0xFF, 0xFF, 0xFF, 0xFF, 0xFF, 0xFF,
    0xFF, 0xFF, 0xFF, 0xFF, 0xFF, 0xFF, 0xFF, 0xFF, 0xFF, 0xFF, 0xFF, 0xC6,
    0x33, 0x09, 0x00, 0x04, 0x00, 0x00, 0x00, 0x00, 0x00, 0x00, 0x00, 0x00,
    0x00, 0x00, 0x00, 0x00, 0x01, 0xFF, 0xFE, 0xFF, 0xFF, 0xFE, 0xFE, 0xFF,
    0xFF, 0xFF, 0xFF, 0xFF, 0xFF, 0xFF, 0xFF, 0xFF, 0xFF, 0xFF, 0xFF, 0xFC,
    0xFF, 0xFF, 0xEC, 0x56, 0x00, 0x00, 0x00, 0x00, 0x00, 0x00, 0x00, 0x00,
    0x00, 0x00, 0x00, 0x00, 0x00, 0x00, 0x00, 0x00, 0x00, 0x29, 0xD7, 0xCC,
    0xF8, 0xFF, 0xFE, 0xFE, 0xFF, 0xFF, 0xFE, 0xFF, 0xFF, 0xFF, 0xFF, 0xFF,
    0xFF, 0xFF, 0xFF, 0xFF, 0xE3, 0x0B, 0x00, 0x00, 0x00, 0x00, 0x00, 0x00,
    0x00, 0x00, 0x00, 0x00, 0x00, 0x00, 0x00, 0x00, 0x00, 0x00, 0x00, 0x00,
    0x05, 0x00, 0x0B, 0x00, 0x21, 0xBD, 0xFF, 0xFF, 0xFF, 0xFF, 0xFE, 0xFF,
    0xFF, 0xFA, 0xFF, 0xFF, 0xFF, 0xFF, 0xFF, 0xFF, 0x00, 0x00, 0x00, 0x00,
    0x00, 0x00, 0x00, 0x00, 0x00, 0x00, 0x00, 0x00, 0x00, 0x00, 0x00, 0x00,
    0x00, 0x00, 0x00, 0x00, 0x00, 0x01, 0x00, 0x01, 0x00, 0x00, 0x3C, 0xE7,
    0x90, 0x57, 0xFF, 0xCA, 0x81, 0xEC, 0xFF, 0xFF, 0x00, 0x00, 0x00, 0x00,
    0x00, 0x00, 0x00, 0x00, 0x00, 0x00, 0x00, 0x00, 0x00, 0x00, 0x00, 0x00,
  },
  { /* frame 18 */
    0x00, 0x00, 0x00, 0x00, 0x00, 0x00, 0x00, 0x00, 0x00, 0x00, 0x00, 0x00,
    0x00, 0x00, 0x00, 0x00, 0x00, 0x00, 0x00, 0x00, 0x00, 0x00, 0x00, 0x00,
    0x00, 0x00, 0x00, 0x00, 0x00, 0x00, 0x00, 0x00, 0x28, 0xD2, 0x28, 0xD2,
    0x28, 0xD2, 0x28, 0xD2, 0x28, 0xD2, 0x28, 0xD2, 0x28, 0xD2, 0x28, 0xD2,
    0x00, 0x00, 0x00, 0x00, 0x00, 0x00, 0x00, 0x00, 0x00, 0x00, 0x00, 0x00,
    0x00, 0x00, 0x00, 0x00, 0x00, 0x00, 0x00, 0x00, 0x00, 0x00, 0x00, 0x00,
    0x00, 0x00, 0x00, 0x00, 0x00, 0x00, 0x00, 0x00, 0x00, 0x00, 0x00, 0x00,
    0x00, 0x00, 0x00, 0x00, 0x00, 0x00, 0x00, 0x00, 0x00, 0x00, 0x00, 0x00,
    0x00, 0x00, 0x00, 0x00, 0x00, 0x00, 0x00, 0x00, 0x00, 0x00, 0x28, 0xD2,
    0x28, 0xD2, 0x28, 0xD2, 0x28, 0xD2, 0x28, 0xD2, 0x28, 0xD2, 0x28, 0xD2,
    0x28, 0xD2, 0x28, 0xD2, 0x28, 0xD2, 0x28, 0xD2, 0x28, 0xD2, 0x28, 0xD2,
    0x28, 0xD2, 0x00, 0x00, 0x00, 0x00, 0x00, 0x00, 0x00, 0x00, 0x00, 0x00,
    0x00, 0x00, 0x00, 0x00, 0x00, 0x00, 0x00, 0x00, 0x00, 0x00, 0x00, 0x00,
    0x00, 0x00, 0x00, 0x00, 0x00, 0x00, 0x00, 0x00, 0x00, 0x00, 0x00, 0x00,
    0x00, 0x00, 0x00, 0x00, 0x00, 0x00, 0x00, 0x00, 0x00, 0x00, 0x00, 0x00,
    0x28, 0xD2, 0x28, 0xD2, 0x28, 0xD2, 0x28, 0xD2, 0x28, 0xD2, 0x28, 0xD2,
    0x28, 0xD2, 0x28, 0xD2, 0x28, 0xD2, 0x28, 0xD2, 0x28, 0xD2, 0x28, 0xD2,
    0x28, 0xD2, 0x28, 0xD2, 0x28, 0xD2, 0x28, 0xD2, 0x28, 0xD2, 0x28, 0xD2,
    0x28, 0xD2, 0x28, 0xD2, 0x00, 0x00, 0x00, 0x00, 0x00, 0x00, 0x00, 0x00,
    0x00, 0x00, 0x00, 0x00, 0x00, 0x00, 0x00, 0x00, 0x00, 0x00, 0x00, 0x00,
    0x00, 0x00, 0x00, 0x00, 0x00, 0x00, 0x00, 0x00, 0x00, 0x00, 0x00, 0x00,
    0x00, 0x00, 0x00, 0x00, 0x00, 0x00, 0x28, 0xD2, 0x28, 0xD2, 0x28, 0xD2,
    0x28, 0xD2, 0x28, 0xD2, 0x28, 0xD2, 0x28, 0xD2, 0x28, 0xD2, 0x28, 0xD2,
    0x28, 0xD2, 0x28, 0xD2, 0x28, 0xD2, 0x28, 0xD2, 0x28, 0xD2, 0x28, 0xD2,
    0x28, 0xD2, 0x28, 0xD2, 0x28, 0xD2, 0x28, 0xD2, 0x28, 0xD2, 0x28, 0xD2,
    0x28, 0xD2, 0x00, 0x00, 0x00, 0x00, 0x00, 0x00, 0x00, 0x00, 0x00, 0x00,
    0x00, 0x00, 0x00, 0x00, 0x00, 0x00, 0x00, 0x00, 0x00, 0x00, 0x00, 0x00,
    0x00, 0x00, 0x00, 0x00, 0x00, 0x00, 0x00, 0x00, 0x00, 0x00, 0x00, 0x00,
    0x28, 0xD2, 0x28, 0xD2, 0x28, 0xD2, 0x28, 0xD2, 0x28, 0xD2, 0x28, 0xD2,
    0x28, 0xD2, 0x28, 0xD2, 0x28, 0xD2, 0x28, 0xD2, 0x28, 0xD2, 0x28, 0xD2,
    0x28, 0xD2, 0x28, 0xD2, 0x28, 0xD2, 0x28, 0xD2, 0x28, 0xD2, 0x28, 0xD2,
    0x28, 0xD2, 0x28, 0xD2, 0x28, 0xD2, 0x28, 0xD2, 0x28, 0xD2, 0x28, 0xD2,
    0x00, 0x00, 0x00, 0x00, 0x00, 0x00, 0x00, 0x00, 0x00, 0x00, 0x00, 0x00,
    0x00, 0x00, 0x00, 0x00, 0x00, 0x00, 0x00, 0x00, 0x00, 0x00, 0x00, 0x00,
    0x00, 0x00, 0x00, 0x00, 0x28, 0xD2, 0x28, 0xD2, 0x28, 0xD2, 0x28, 0xD2,
    0x28, 0xD2, 0x28, 0xD2, 0x28, 0xD2, 0x28, 0xD2, 0x28, 0xD2, 0x28, 0xD2,
    0x28, 0xD2, 0x28, 0xD2, 0x28, 0xD2, 0x28, 0xD2, 0x28, 0xD2, 0x28, 0xD2,
    0x28, 0xD2, 0x28, 0xD2, 0x28, 0xD2, 0x28, 0xD2, 0x28, 0xD2, 0x28, 0xD2,
    0x28, 0xD2, 0x28, 0xD2, 0x28, 0xD2, 0x28, 0xD2, 0x28, 0xD2, 0x28, 0xD2,
    0x00, 0x00, 0x00, 0x00, 0x00, 0x00, 0x00, 0x00, 0x00, 0x00, 0x00, 0x00,
    0x00, 0x00, 0x00, 0x00, 0x00, 0x00, 0x00, 0x00, 0x00, 0x00, 0x28, 0xD2,
    0x28, 0xD2, 0x28, 0xD2, 0x28, 0xD2, 0x28, 0xD2, 0x28, 0xD2, 0x28, 0xD2,
    0x28, 0xD2, 0x28, 0xD2, 0x28, 0xD2, 0x28, 0xD2, 0x28, 0xD2, 0x28, 0xD2,
    0x28, 0xD2, 0x28, 0xD2, 0x28, 0xD2, 0x28, 0xD2, 0x28, 0xD2, 0x28, 0xD2,
    0x28, 0xD2, 0x28, 0xD2, 0x28, 0xD2, 0x28, 0xD2, 0x28, 0xD2, 0x28, 0xD2,
    0x28, 0xD2, 0x28, 0xD2, 0x28, 0xD2, 0x28, 0xD2, 0x28, 0xD2, 0x00, 0x00,
    0x00, 0x00, 0x00, 0x00, 0x00, 0x00, 0x00, 0x00, 0x00, 0x00, 0x00, 0x00,
    0x00, 0x00, 0x00, 0x00, 0x00, 0x00, 0x28, 0xD2, 0x28, 0xD2, 0x28, 0xD2,
    0x28, 0xD2, 0x28, 0xD2, 0x28, 0xD2, 0x28, 0xD2, 0x28, 0xD2, 0x28, 0xD2,
    0x28, 0xD2, 0x28, 0xD2, 0x28, 0xD2, 0x82, 0x10, 0x82, 0x10, 0x82, 0x10,
    0x82, 0x10, 0x82, 0x10, 0x82, 0x10, 0x28, 0xD2, 0x28, 0xD2, 0x28, 0xD2,
    0x28, 0xD2, 0x28, 0xD2, 0x28, 0xD2, 0x28, 0xD2, 0x28, 0xD2, 0x28, 0xD2,
    0x28, 0xD2, 0x28, 0xD2, 0x28, 0xD2, 0x00, 0x00, 0x00, 0x00, 0x00, 0x00,
    0x00, 0x00, 0x00, 0x00, 0x00, 0x00, 0x00, 0x00, 0x00, 0x00, 0x00, 0x00,
    0x28, 0xD2, 0x28, 0xD2, 0x28, 0xD2, 0x28, 0xD2, 0x28, 0xD2, 0x28, 0xD2,
    0x28, 0xD2, 0x28, 0xD2, 0x28, 0xD2, 0x28, 0xD2, 0x28, 0xD2, 0x82, 0x10,
    0x82, 0x10, 0x82, 0x10, 0x82, 0x10, 0x82, 0x10, 0x82, 0x10, 0x82, 0x10,
    0x82, 0x10, 0x82, 0x10, 0x82, 0x10, 0x28, 0xD2, 0x28, 0xD2, 0x28, 0xD2,
    0x28, 0xD2, 0x28, 0xD2, 0x28, 0xD2, 0x28, 0xD2, 0x28, 0xD2, 0x28, 0xD2,
    0x28, 0xD2, 0x28, 0xD2, 0x00, 0x00, 0x00, 0x00, 0x00, 0x00, 0x00, 0x00,
    0x00, 0x00, 0x00, 0x00, 0x00, 0x00, 0x28, 0xD2, 0x28, 0xD2, 0x28, 0xD2,
    0x28, 0xD2, 0x28, 0xD2, 0x28, 0xD2, 0x28, 0xD2, 0x28, 0xD2, 0x28, 0xD2,
    0x28, 0xD2, 0x28, 0xD2, 0x28, 0xD2, 0x82, 0x10, 0x82, 0x10, 0x82, 0x10,
    0x82, 0x10, 0x82, 0x10, 0x82, 0x10, 0x82, 0x10, 0x82, 0x10, 0x82, 0x10,
    0x82, 0x10, 0x28, 0xD2, 0x28, 0xD2, 0x28, 0xD2, 0x28, 0xD2, 0x28, 0xD2,
    0x28, 0xD2, 0x28, 0xD2, 0x28, 0xD2, 0x28, 0xD2, 0x28, 0xD2, 0x28, 0xD2,
    0x28, 0xD2, 0x00, 0x00, 0x00, 0x00, 0x00, 0x00, 0x00, 0x00, 0x00, 0x00,
    0x28, 0xD2, 0x28, 0xD2, 0x28, 0xD2, 0x28, 0xD2, 0x28, 0xD2, 0x28, 0xD2,
    0x28, 0xD2, 0x28, 0xD2, 0x28, 0xD2, 0x82, 0x10, 0x82, 0x10, 0x28, 0xD2,
    0x28, 0xD2, 0x28, 0xD2, 0x82, 0x10, 0x82, 0x10, 0x82, 0x10, 0x82, 0x10,
    0x82, 0x10, 0x82, 0x10, 0x82, 0x10, 0x82, 0x10, 0x28, 0xD2, 0x28, 0xD2,
    0x28, 0xD2, 0x82, 0x10, 0x82, 0x10, 0x28, 0xD2, 0x28, 0xD2, 0x28, 0xD2,
    0x28, 0xD2, 0x28, 0xD2, 0x28, 0xD2, 0x28, 0xD2, 0x28, 0xD2, 0x28, 0xD2,
    0x00, 0x00, 0x00, 0x00, 0x00, 0x00, 0x00, 0x00, 0x28, 0xD2, 0x28, 0xD2,
    0x28, 0xD2, 0x28, 0xD2, 0x28, 0xD2, 0x28, 0xD2, 0x28, 0xD2, 0x28, 0xD2,
    0x82, 0x10, 0x82, 0x10, 0x82, 0x10, 0x82, 0x10, 0x28, 0xD2, 0x28, 0xD2,
    0x82, 0x10, 0x82, 0x10, 0x82, 0x10, 0x82, 0x10, 0x82, 0x10, 0x82, 0x10,
    0x82, 0x10, 0x82, 0x10, 0x28, 0xD2, 0x28, 0xD2, 0x82, 0x10, 0x82, 0x10,
    0x82, 0x10, 0x82, 0x10, 0x28, 0xD2, 0x28, 0xD2, 0x28, 0xD2, 0x28, 0xD2,
    0x28, 0xD2, 0x28, 0xD2, 0x28, 0xD2, 0x28, 0xD2, 0x00, 0x00, 0x00, 0x00,
    0x00, 0x00, 0x00, 0x00, 0x28, 0xD2, 0x28, 0xD2, 0x28, 0xD2, 0x28, 0xD2,
    0x28, 0xD2, 0x28, 0xD2, 0x28, 0xD2, 0x28, 0xD2, 0x82, 0x10, 0x82, 0x10,
    0x82, 0x10, 0x82, 0x10, 0x28, 0xD2, 0x28, 0xD2, 0x28, 0xD2, 0x82, 0x10,
    0x82, 0x10, 0x82, 0x10, 0x82, 0x10, 0x82, 0x10, 0x82, 0x10, 0x28, 0xD2,
    0x28, 0xD2, 0x28, 0xD2, 0x82, 0x10, 0x82, 0x10, 0x82, 0x10, 0x82, 0x10,
    0x28, 0xD2, 0x28, 0xD2, 0x28, 0xD2, 0x28, 0xD2, 0x28, 0xD2, 0x28, 0xD2,
    0x28, 0xD2, 0x28, 0xD2, 0x00, 0x00, 0x00, 0x00, 0x00, 0x00, 0x28, 0xD2,
    0x28, 0xD2, 0x28, 0xD2, 0x28, 0xD2, 0x28, 0xD2, 0x28, 0xD2, 0x28, 0xD2,
    0x28, 0xD2, 0x82, 0x10, 0x82, 0x10, 0x82, 0x10, 0x82, 0x10, 0x82, 0x10,
    0x82, 0x10, 0x82, 0x10, 0x82, 0x10, 0x82, 0x10, 0x82, 0x10, 0x82, 0x10,
    0x82, 0x10, 0x82, 0x10, 0x82, 0x10, 0x82, 0x10, 0x82, 0x10, 0x82, 0x10,
    0x82, 0x10, 0x82, 0x10, 0x82, 0x10, 0x82, 0x10, 0x82, 0x10, 0x28, 0xD2,
    0x28, 0xD2, 0x28, 0xD2, 0x28, 0xD2, 0x28, 0xD2, 0x28, 0xD2, 0x28, 0xD2,
    0x28, 0xD2, 0x00, 0x00, 0x00, 0x00, 0x28, 0xD2, 0x28, 0xD2, 0x28, 0xD2,
    0x28, 0xD2, 0x28, 0xD2, 0x28, 0xD2, 0x28, 0xD2, 0x82, 0x10, 0x82, 0x10,
    0x82, 0x10, 0x82, 0x10, 0x82, 0x10, 0x82, 0x10, 0x82, 0x10, 0x82, 0x10,
    0x82, 0x10, 0x82, 0x10, 0x82, 0x10, 0x82, 0x10, 0x82, 0x10, 0x82, 0x10,
    0x82, 0x10, 0x82, 0x10, 0x82, 0x10, 0x82, 0x10, 0x82, 0x10, 0x82, 0x10,
    0x82, 0x10, 0x82, 0x10, 0x82, 0x10, 0x82, 0x10, 0x28, 0xD2, 0x28, 0xD2,
    0x28, 0xD2, 0x28, 0xD2, 0x28, 0xD2, 0x28, 0xD2, 0x28, 0xD2, 0x00, 0x00,
    0x00, 0x00, 0x28, 0xD2, 0x28, 0xD2, 0x28, 0xD2, 0x28, 0xD2, 0x28, 0xD2,
    0x28, 0xD2, 0x28, 0xD2, 0x82, 0x10, 0x82, 0x10, 0x82, 0x10, 0x82, 0x10,
    0x82, 0x10, 0x82, 0x10, 0x82, 0x10, 0x82, 0x10, 0x82, 0x10, 0x82, 0x10,
    0x82, 0x10, 0x82, 0x10, 0x82, 0x10, 0x82, 0x10, 0x82, 0x10, 0x82, 0x10,
    0x82, 0x10, 0x82, 0x10, 0x82, 0x10, 0x82, 0x10, 0x82, 0x10, 0x82, 0x10,
    0x82, 0x10, 0x82, 0x10, 0x28, 0xD2, 0x28, 0xD2, 0x28, 0xD2, 0x28, 0xD2,
    0x28, 0xD2, 0x28, 0xD2, 0x28, 0xD2, 0x00, 0x00, 0x28, 0xD2, 0x28, 0xD2,
    0x28, 0xD2, 0x28, 0xD2, 0x28, 0xD2, 0x28, 0xD2, 0x28, 0xD2, 0x28, 0xD2,
    0x82, 0x10, 0x82, 0x10, 0x82, 0x10, 0x82, 0x10, 0x82, 0x10, 0x82, 0x10,
    0x82, 0x10, 0x82, 0x10, 0x82, 0x10, 0x82, 0x10, 0x66, 0x29, 0x66, 0x29,
    0x66, 0x29, 0x66, 0x29, 0x82, 0x10, 0x82, 0x10, 0x82, 0x10, 0x82, 0x10,
    0x82, 0x10, 0x82, 0x10, 0x82, 0x10, 0x82, 0x10, 0x82, 0x10, 0x82, 0x10,
    0x28, 0xD2, 0x28, 0xD2, 0x28, 0xD2, 0x28, 0xD2, 0x28, 0xD2, 0x28, 0xD2,
    0x28, 0xD2, 0x28, 0xD2, 0x28, 0xD2, 0x28, 0xD2, 0x28, 0xD2, 0x28, 0xD2,
    0x28, 0xD2, 0x28, 0xD2, 0x28, 0xD2, 0x82, 0x10, 0x82, 0x10, 0x82, 0x10,
    0x82, 0x10, 0x82, 0x10, 0x82, 0x10, 0x82, 0x10, 0x82, 0x10, 0x82, 0x10,
    0x82, 0x10, 0x66, 0x29, 0x66, 0x29, 0x66, 0x29, 0x66, 0x29, 0x66, 0x29,
    0x66, 0x29, 0x82, 0x10, 0x82, 0x10, 0x82, 0x10, 0x82, 0x10, 0x82, 0x10,
    0x82, 0x10, 0x82, 0x10, 0x82, 0x10, 0x82, 0x10, 0x82, 0x10, 0x28, 0xD2,
    0x28, 0xD2, 0x28, 0xD2, 0x28, 0xD2, 0x28, 0xD2, 0x28, 0xD2, 0x28, 0xD2,
    0x28, 0xD2, 0x28, 0xD2, 0x28, 0xD2, 0x28, 0xD2, 0x28, 0xD2, 0x28, 0xD2,
    0x28, 0xD2, 0x28, 0xD2, 0x28, 0xD2, 0x28, 0xD2, 0x28, 0xD2, 0x28, 0xD2,
    0x82, 0x10, 0x82, 0x10, 0x82, 0x10, 0x82, 0x10, 0x66, 0x29, 0x66, 0x29,
    0x66, 0x29, 0x66, 0x29, 0x66, 0x29, 0x66, 0x29, 0x66, 0x29, 0x66, 0x29,
    0x82, 0x10, 0x82, 0x10, 0x82, 0x10, 0x82, 0x10, 0x82, 0x10, 0x28, 0xD2,
    0x28, 0xD2, 0x28, 0xD2, 0x28, 0xD2, 0x28, 0xD2, 0x28, 0xD2, 0x28, 0xD2,
    0x28, 0xD2, 0x28, 0xD2, 0x28, 0xD2, 0x28, 0xD2, 0x28, 0xD2, 0x28, 0xD2,
    0x28, 0xD2, 0x28, 0xD2, 0x28, 0xD2, 0x28, 0xD2, 0x28, 0xD2, 0x28, 0xD2,
    0x28, 0xD2, 0x28, 0xD2, 0x28, 0xD2, 0x28, 0xD2, 0x82, 0x10, 0x82, 0x10,
    0x82, 0x10, 0x82, 0x10, 0x66, 0x29, 0x66, 0x29, 0x66, 0x29, 0x66, 0x29,
    0x66, 0x29, 0x66, 0x29, 0x66, 0x29, 0x66, 0x29, 0x82, 0x10, 0x82, 0x10,
    0x82, 0x10, 0x82, 0x10, 0x82, 0x10, 0x28, 0xD2, 0x28, 0xD2, 0x28, 0xD2,
    0x28, 0xD2, 0x28, 0xD2, 0x28, 0xD2, 0x28, 0xD2, 0x28, 0xD2, 0x28, 0xD2,
    0x28, 0xD2, 0x28, 0xD2, 0x28, 0xD2, 0x28, 0xD2, 0x28, 0xD2, 0x28, 0xD2,
    0x28, 0xD2, 0x28, 0xD2, 0x28, 0xD2, 0x28, 0xD2, 0x28, 0xD2, 0x28, 0xD2,
    0x28, 0xD2, 0x28, 0xD2, 0x82, 0x10, 0x82, 0x10, 0x82, 0x10, 0x82, 0x10,
    0x66, 0x29, 0x66, 0x29, 0x66, 0x29, 0x66, 0x29, 0x66, 0x29, 0x66, 0x29,
    0x66, 0x29, 0x66, 0x29, 0x82, 0x10, 0x82, 0x10, 0x82, 0x10, 0x82, 0x10,
    0x82, 0x10, 0x28, 0xD2, 0x28, 0xD2, 0x28, 0xD2, 0x28, 0xD2, 0x28, 0xD2,
    0x28, 0xD2, 0x28, 0xD2, 0x28, 0xD2, 0x28, 0xD2, 0x28, 0xD2, 0x28, 0xD2,
    0x28, 0xD2, 0x28, 0xD2, 0x28, 0xD2, 0x28, 0xD2, 0x28, 0xD2, 0x28, 0xD2,
    0x28, 0xD2, 0x82, 0x10, 0x82, 0x10, 0x82, 0x10, 0x82, 0x10, 0x82, 0x10,
    0x82, 0x10, 0x82, 0x10, 0x82, 0x10, 0x82, 0x10, 0x66, 0x29, 0x66, 0x29,
    0x66, 0x29, 0x66, 0x29, 0x66, 0x29, 0x66, 0x29, 0x66, 0x29, 0x66, 0x29,
    0x82, 0x10, 0x82, 0x10, 0x82, 0x10, 0x82, 0x10, 0x82, 0x10, 0x82, 0x10,
    0x82, 0x10, 0x82, 0x10, 0x82, 0x10, 0x28, 0xD2, 0x28, 0xD2, 0x28, 0xD2,
    0x28, 0xD2, 0x28, 0xD2, 0x28, 0xD2, 0x28, 0xD2, 0x28, 0xD2, 0x28, 0xD2,
    0x28, 0xD2, 0x28, 0xD2, 0x28, 0xD2, 0x28, 0xD2, 0x28, 0xD2, 0x82, 0x10,
    0x82, 0x10, 0x82, 0x10, 0x82, 0x10, 0x82, 0x10, 0x82, 0x10, 0x82, 0x10,
    0x82, 0x10, 0x82, 0x10, 0x82, 0x10, 0x66, 0x29, 0x66, 0x29, 0x66, 0x29,
    0x66, 0x29, 0x66, 0x29, 0x66, 0x29, 0x82, 0x10, 0x82, 0x10, 0x82, 0x10,
    0x82, 0x10, 0x82, 0x10, 0x82, 0x10, 0x82, 0x10, 0x82, 0x10, 0x82, 0x10,
    0x82, 0x10, 0x28, 0xD2, 0x28, 0xD2, 0x28, 0xD2, 0x28, 0xD2, 0x28, 0xD2,
    0x28, 0xD2, 0x28, 0xD2, 0x28, 0xD2, 0x28, 0xD2, 0x28, 0xD2, 0x28, 0xD2,
    0x28, 0xD2, 0x28, 0xD2, 0x28, 0xD2, 0x28, 0xD2, 0x82, 0x10, 0x82, 0x10,
    0x82, 0x10, 0x82, 0x10, 0x82, 0x10, 0x82, 0x10, 0x82, 0x10, 0x82, 0x10,
    0x82, 0x10, 0x82, 0x10, 0x66, 0x29, 0x66, 0x29, 0x66, 0x29, 0x66, 0x29,
    0x82, 0x10, 0x82, 0x10, 0x82, 0x10, 0x82, 0x10, 0x82, 0x10, 0x82, 0x10,
    0x82, 0x10, 0x82, 0x10, 0x82, 0x10, 0x82, 0x10, 0x28, 0xD2, 0x28, 0xD2,
    0x28, 0xD2, 0x28, 0xD2, 0x28, 0xD2, 0x28, 0xD2, 0x28, 0xD2, 0x28, 0xD2,
    0x00, 0x00, 0x28, 0xD2, 0x28, 0xD2, 0x28, 0xD2, 0x28, 0xD2, 0x28, 0xD2,
    0x28, 0xD2, 0x28, 0xD2, 0x82, 0x10, 0x82, 0x10, 0x82, 0x10, 0x82, 0x10,
    0x82, 0x10, 0x82, 0x10, 0x82, 0x10, 0x82, 0x10, 0x82, 0x10, 0x82, 0x10,
    0x82, 0x10, 0x82, 0x10, 0x82, 0x10, 0x82, 0x10, 0x82, 0x10, 0x82, 0x10,
    0x82, 0x10, 0x82, 0x10, 0x82, 0x10, 0x82, 0x10, 0x82, 0x10, 0x82, 0x10,
    0x82, 0x10, 0x82, 0x10, 0x28, 0xD2, 0x28, 0xD2, 0x28, 0xD2, 0x28, 0xD2,
    0x28, 0xD2, 0x28, 0xD2, 0x28, 0xD2, 0x00, 0x00, 0x00, 0x00, 0x28, 0xD2,
    0x28, 0xD2, 0x28, 0xD2, 0x28, 0xD2, 0x28, 0xD2, 0x28, 0xD2, 0x28, 0xD2,
    0x82, 0x10, 0x82, 0x10, 0x82, 0x10, 0x82, 0x10, 0x82, 0x10, 0x82, 0x10,
    0x82, 0x10, 0x82, 0x10, 0x82, 0x10, 0x82, 0x10, 0x82, 0x10, 0x82, 0x10,
    0x82, 0x10, 0x82, 0x10, 0x82, 0x10, 0x82, 0x10, 0x82, 0x10, 0x82, 0x10,
    0x82, 0x10, 0x82, 0x10, 0x82, 0x10, 0x82, 0x10, 0x82, 0x10, 0x82, 0x10,
    0x28, 0xD2, 0x28, 0xD2, 0x28, 0xD2, 0x28, 0xD2, 0x28, 0xD2, 0x28, 0xD2,
    0x28, 0xD2, 0x00, 0x00, 0x00, 0x00, 0x28, 0xD2, 0x28, 0xD2, 0x28, 0xD2,
    0x28, 0xD2, 0x28, 0xD2, 0x28, 0xD2, 0x28, 0xD2, 0x28, 0xD2, 0x82, 0x10,
    0x82, 0x10, 0x82, 0x10, 0x82, 0x10, 0x82, 0x10, 0x82, 0x10, 0x82, 0x10,
    0x82, 0x10, 0x82, 0x10, 0x82, 0x10, 0x82, 0x10, 0x82, 0x10, 0x82, 0x10,
    0x82, 0x10, 0x82, 0x10, 0x82, 0x10, 0x82, 0x10, 0x82, 0x10, 0x82, 0x10,
    0x82, 0x10, 0x82, 0x10, 0x82, 0x10, 0x28, 0xD2, 0x28, 0xD2, 0x28, 0xD2,
    0x28, 0xD2, 0x28, 0xD2, 0x28, 0xD2, 0x28, 0xD2, 0x28, 0xD2, 0x00, 0x00,
    0x00, 0x00, 0x00, 0x00, 0x28, 0xD2, 0x28, 0xD2, 0x28, 0xD2, 0x28, 0xD2,
    0x28, 0xD2, 0x28, 0xD2, 0x28, 0xD2, 0x28, 0xD2, 0x82, 0x10, 0x82, 0x10,
    0x82, 0x10, 0x82, 0x10, 0x28, 0xD2, 0x28, 0xD2, 0x28, 0xD2, 0x82, 0x10,
    0x82, 0x10, 0x82, 0x10, 0x82, 0x10, 0x82, 0x10, 0x82, 0x10, 0x28, 0xD2,
    0x28, 0xD2, 0x28, 0xD2, 0x82, 0x10, 0x82, 0x10, 0x82, 0x10, 0x82, 0x10,
    0x28, 0xD2, 0x28, 0xD2, 0x28, 0xD2, 0x28, 0xD2, 0x28, 0xD2, 0x28, 0xD2,
    0x28, 0xD2, 0x28, 0xD2, 0x00, 0x00, 0x00, 0x00, 0x00, 0x00, 0x00, 0x00,
    0x28, 0xD2, 0x28, 0xD2, 0x28, 0xD2, 0x28, 0xD2, 0x28, 0xD2, 0x28, 0xD2,
    0x28, 0xD2, 0x28, 0xD2, 0x82, 0x10, 0x82, 0x10, 0x82, 0x10, 0x82, 0x10,
    0x28, 0xD2, 0x28, 0xD2, 0x82, 0x10, 0x82, 0x10, 0x82, 0x10, 0x82, 0x10,
    0x82, 0x10, 0x82, 0x10, 0x82, 0x10, 0x82, 0x10, 0x28, 0xD2, 0x28, 0xD2,
    0x82, 0x10, 0x82, 0x10, 0x82, 0x10, 0x82, 0x10, 0x28, 0xD2, 0x28, 0xD2,
    0x28, 0xD2, 0x28, 0xD2, 0x28, 0xD2, 0x28, 0xD2, 0x28, 0xD2, 0x28, 0xD2,
    0x00, 0x00, 0x00, 0x00, 0x00, 0x00, 0x00, 0x00, 0x28, 0xD2, 0x28, 0xD2,
    0x28, 0xD2, 0x28, 0xD2, 0x28, 0xD2, 0x28, 0xD2, 0x28, 0xD2, 0x28, 0xD2,
    0x28, 0xD2, 0x82, 0x10, 0x82, 0x10, 0x28, 0xD2, 0x28, 0xD2, 0x28, 0xD2,
    0x82, 0x10, 0x82, 0x10, 0x82, 0x10, 0x82, 0x10, 0x82, 0x10, 0x82, 0x10,
    0x82, 0x10, 0x82, 0x10, 0x28, 0xD2, 0x28, 0xD2, 0x28, 0xD2, 0x82, 0x10,
    0x82, 0x10, 0x28, 0xD2, 0x28, 0xD2, 0x28, 0xD2, 0x28, 0xD2, 0x28, 0xD2,
    0x28, 0xD2, 0x28, 0xD2, 0x28, 0xD2, 0x28, 0xD2, 0x00, 0x00, 0x00, 0x00,
    0x00, 0x00, 0x00, 0x00, 0x00, 0x00, 0x28, 0xD2, 0x28, 0xD2, 0x28, 0xD2,
    0x28, 0xD2, 0x28, 0xD2, 0x28, 0xD2, 0x28, 0xD2, 0x28, 0xD2, 0x28, 0xD2,
    0x28, 0xD2, 0x28, 0xD2, 0x28, 0xD2, 0x82, 0x10, 0x82, 0x10, 0x82, 0x10,
    0x82, 0x10, 0x82, 0x10, 0x82, 0x10, 0x82, 0x10, 0x82, 0x10, 0x82, 0x10,
    0x82, 0x10, 0x28, 0xD2, 0x28, 0xD2, 0x28, 0xD2, 0x28, 0xD2, 0x28, 0xD2,
    0x28, 0xD2, 0x28, 0xD2, 0x28, 0xD2, 0x28, 0xD2, 0x28, 0xD2, 0x28, 0xD2,
    0x28, 0xD2, 0x00, 0x00, 0x00, 0x00, 0x00, 0x00, 0x00, 0x00, 0x00, 0x00,
    0x00, 0x00, 0x00, 0x00, 0x28, 0xD2, 0x28, 0xD2, 0x28, 0xD2, 0x28, 0xD2,
    0x28, 0xD2, 0x28, 0xD2, 0x28, 0xD2, 0x28, 0xD2, 0x28, 0xD2, 0x28, 0xD2,
    0x28, 0xD2, 0x82, 0x10, 0x82, 0x10, 0x82, 0x10, 0x82, 0x10, 0x82, 0x10,
    0x82, 0x10, 0x82, 0x10, 0x82, 0x10, 0x82, 0x10, 0x82, 0x10, 0x28, 0xD2,
    0x28, 0xD2, 0x28, 0xD2, 0x28, 0xD2, 0x28, 0xD2, 0x28, 0xD2, 0x28, 0xD2,
    0x28, 0xD2, 0x28, 0xD2, 0x28, 0xD2, 0x28, 0xD2, 0x00, 0x00, 0x00, 0x00,
    0x00, 0x00, 0x00, 0x00, 0x00, 0x00, 0x00, 0x00, 0x00, 0x00, 0x00, 0x00,
    0x00, 0x00, 0x28, 0xD2, 0x28, 0xD2, 0x28, 0xD2, 0x28, 0xD2, 0x28, 0xD2,
    0x28, 0xD2, 0x28, 0xD2, 0x28, 0xD2, 0x28, 0xD2, 0x28, 0xD2, 0x28, 0xD2,
    0x28, 0xD2, 0x82, 0x10, 0x82, 0x10, 0x82, 0x10, 0x82, 0x10, 0x82, 0x10,
    0x82, 0x10, 0x28, 0xD2, 0x28, 0xD2, 0x28, 0xD2, 0x28, 0xD2, 0x28, 0xD2,
    0x28, 0xD2, 0x28, 0xD2, 0x28, 0xD2, 0x28, 0xD2, 0x28, 0xD2, 0x28, 0xD2,
    0x28, 0xD2, 0x00, 0x00, 0x00, 0x00, 0x00, 0x00, 0x00, 0x00, 0x00, 0x00,
    0x00, 0x00, 0x00, 0x00, 0x00, 0x00, 0x00, 0x00, 0x00, 0x00, 0x28, 0xD2,
    0x28, 0xD2, 0x28, 0xD2, 0x28, 0xD2, 0x28, 0xD2, 0x28, 0xD2, 0x28, 0xD2,
    0x28, 0xD2, 0x28, 0xD2, 0x28, 0xD2, 0x28, 0xD2, 0x28, 0xD2, 0x28, 0xD2,
    0x28, 0xD2, 0x28, 0xD2, 0x28, 0xD2, 0x28, 0xD2, 0x28, 0xD2, 0x28, 0xD2,
    0x28, 0xD2, 0x28, 0xD2, 0x28, 0xD2, 0x28, 0xD2, 0x28, 0xD2, 0x28, 0xD2,
    0x28, 0xD2, 0x28, 0xD2, 0x28, 0xD2, 0x28, 0xD2, 0x28, 0xD2, 0x00, 0x00,
    0x00, 0x00, 0x00, 0x00, 0x00, 0x00, 0x00, 0x00, 0x00, 0x00, 0x00, 0x00,
    0x00, 0x00, 0x00, 0x00, 0x00, 0x00, 0x00, 0x00, 0x28, 0xD2, 0x28, 0xD2,
    0x28, 0xD2, 0x28, 0xD2, 0x28, 0xD2, 0x28, 0xD2, 0x28, 0xD2, 0x28, 0xD2,
    0x28, 0xD2, 0x28, 0xD2, 0x28, 0xD2, 0x28, 0xD2, 0x28, 0xD2, 0x28, 0xD2,
    0x28, 0xD2, 0x28, 0xD2, 0x28, 0xD2, 0x28, 0xD2, 0x28, 0xD2, 0x28, 0xD2,
    0x28, 0xD2, 0x28, 0xD2, 0x28, 0xD2, 0x28, 0xD2, 0x28, 0xD2, 0x28, 0xD2,
    0x28, 0xD2, 0x28, 0xD2, 0x00, 0x00, 0x00, 0x00, 0x00, 0x00, 0x00, 0x00,
    0x00, 0x00, 0x00, 0x00, 0x00, 0x00, 0x00, 0x00, 0x00, 0x00, 0x00, 0x00,
    0x00, 0x00, 0x00, 0x00, 0x00, 0x00, 0x00, 0x00, 0x28, 0xD2, 0x28, 0xD2,
    0x28, 0xD2, 0x28, 0xD2, 0x28, 0xD2, 0x28, 0xD2, 0x28, 0xD2, 0x28, 0xD2,
    0x28, 0xD2, 0x28, 0xD2, 0x28, 0xD2, 0x28, 0xD2, 0x28, 0xD2, 0x28, 0xD2,
    0x28, 0xD2, 0x28, 0xD2, 0x28, 0xD2, 0x28, 0xD2, 0x28, 0xD2, 0x28, 0xD2,
    0x28, 0xD2, 0x28, 0xD2, 0x28, 0xD2, 0x28, 0xD2, 0x00, 0x00, 0x00, 0x00,
    0x00, 0x00, 0x00, 0x00, 0x00, 0x00, 0x00, 0x00, 0x00, 0x00, 0x00, 0x00,
    0x00, 0x00, 0x00, 0x00, 0x00, 0x00, 0x00, 0x00, 0x00, 0x00, 0x00, 0x00,
    0x00, 0x00, 0x00, 0x00, 0x00, 0x00, 0x28, 0xD2, 0x28, 0xD2, 0x28, 0xD2,
    0x28, 0xD2, 0x28, 0xD2, 0x28, 0xD2, 0x28, 0xD2, 0x28, 0xD2, 0x28, 0xD2,
    0x28, 0xD2, 0x28, 0xD2, 0x28, 0xD2, 0x28, 0xD2, 0x28, 0xD2, 0x28, 0xD2,
    0x28, 0xD2, 0x28, 0xD2, 0x28, 0xD2, 0x28, 0xD2, 0x28, 0xD2, 0x28, 0xD2,
    0x28, 0xD2, 0x00, 0x00, 0x00, 0x00, 0x00, 0x00, 0x00, 0x00, 0x00, 0x00,
    0x00, 0x00, 0x00, 0x00, 0x00, 0x00, 0x00, 0x00, 0x00, 0x00, 0x00, 0x00,
    0x00, 0x00, 0x00, 0x00, 0x00, 0x00, 0x00, 0x00, 0x00, 0x00, 0x00, 0x00,
    0x00, 0x00, 0x00, 0x00, 0x28, 0xD2, 0x28, 0xD2, 0x28, 0xD2, 0x28, 0xD2,
    0x28, 0xD2, 0x28, 0xD2, 0x28, 0xD2, 0x28, 0xD2, 0x28, 0xD2, 0x28, 0xD2,
    0x28, 0xD2, 0x28, 0xD2, 0x28, 0xD2, 0x28, 0xD2, 0x28, 0xD2, 0x28, 0xD2,
    0x28, 0xD2, 0x28, 0xD2, 0x28, 0xD2, 0x28, 0xD2, 0x00, 0x00, 0x00, 0x00,
    0x00, 0x00, 0x00, 0x00, 0x00, 0x00, 0x00, 0x00, 0x00, 0x00, 0x00, 0x00,
    0x00, 0x00, 0x00, 0x00, 0x00, 0x00, 0x00, 0x00, 0x00, 0x00, 0x00, 0x00,
    0x00, 0x00, 0x00, 0x00, 0x00, 0x00, 0x00, 0x00, 0x00, 0x00, 0x00, 0x00,
    0x00, 0x00, 0x00, 0x00, 0x00, 0x00, 0x28, 0xD2, 0x28, 0xD2, 0x28, 0xD2,
    0x28, 0xD2, 0x28, 0xD2, 0x28, 0xD2, 0x28, 0xD2, 0x28, 0xD2, 0x28, 0xD2,
    0x28, 0xD2, 0x28, 0xD2, 0x28, 0xD2, 0x28, 0xD2, 0x28, 0xD2, 0x00, 0x00,
    0x00, 0x00, 0x00, 0x00, 0x00, 0x00, 0x00, 0x00, 0x00, 0x00, 0x00, 0x00,
    0x00, 0x00, 0x00, 0x00, 0x00, 0x00, 0x00, 0x00, 0x00, 0x00, 0x00, 0x00,
    0x00, 0x00, 0x00, 0x00, 0x00, 0x00, 0x00, 0x00, 0x00, 0x00, 0x00, 0x00,
    0x00, 0x00, 0x00, 0x00, 0x00, 0x00, 0x00, 0x00, 0x00, 0x00, 0x00, 0x00,
    0x00, 0x00, 0x00, 0x00, 0x00, 0x00, 0x00, 0x00, 0x28, 0xD2, 0x28, 0xD2,
    0x28, 0xD2, 0x28, 0xD2, 0x28, 0xD2, 0x28, 0xD2, 0x28, 0xD2, 0x28, 0xD2,
    0x00, 0x00, 0x00, 0x00, 0x00, 0x00, 0x00, 0x00, 0x00, 0x00, 0x00, 0x00,
    0x00, 0x00, 0x00, 0x00, 0x00, 0x00, 0x00, 0x00, 0x00, 0x00, 0x00, 0x00,
    0x00, 0x00, 0x00, 0x00, 0x00, 0x00, 0x00, 0x00, 0x00, 0x00, 0x00, 0x00,
    0x00, 0x00, 0x00, 0x00, 0x00, 0x00, 0x00, 0x00, 0x00, 0x00, 0x00, 0x00,
    0xFF, 0xFF, 0xFF, 0xFF, 0xFF, 0xFF, 0xFF, 0xFF, 0x00, 0x00, 0x00, 0x00,
    0x00, 0x00, 0x00, 0x00, 0x00, 0x00, 0x00, 0x00, 0x00, 0x00, 0x00, 0x00,
    0x00, 0x00, 0x00, 0x00, 0x00, 0x00, 0x00, 0x00, 0x00, 0x00, 0x00, 0x00,
    0x00, 0xFF, 0xFF, 0xFF, 0xFF, 0xFF, 0xFF, 0xFF, 0xFF, 0xFF, 0xFF, 0xFF,
    0xFF, 0xFF, 0xFF, 0x00, 0x00, 0x00, 0x00, 0x00, 0x00, 0x00, 0x00, 0x00,
    0x00, 0x00, 0x00, 0x00, 0x00, 0x00, 0x00, 0x00, 0x00, 0x00, 0x00, 0x00,
    0x00, 0x00, 0xFF, 0xFF, 0xFF, 0xFF, 0xFF, 0xFF, 0xFF, 0xFF, 0xFF, 0xFF,
    0xFF, 0xFF, 0xFF, 0xFF, 0xFF, 0xFF, 0xFF, 0xFF, 0xFF, 0xFF, 0x00, 0x00,
    0x00, 0x00, 0x00, 0x00, 0x00, 0x00, 0x00, 0x00, 0x00, 0x00, 0x00, 0x00,
    0x00, 0x00, 0x00, 0x00, 0x00, 0xFF, 0xFF, 0xFF, 0xFF, 0xFF, 0xFF, 0xFF,
    0xFF, 0xFF, 0xFF, 0xFF, 0xFF, 0xFF, 0xFF, 0xFF, 0xFF, 0xFF, 0xFF, 0xFF,
    0xFF, 0xFF, 0xFF, 0x00, 0x00, 0x00, 0x00, 0x00, 0x00, 0x00, 0x00, 0x00,
    0x00, 0x00, 0x00, 0x00, 0x00, 0x00, 0x00, 0x00, 0xFF, 0xFF, 0xFF, 0xFF,
    0xFF, 0xFF, 0xFF, 0xFF, 0xFF, 0xFF, 0xFF, 0xFF, 0xFF, 0xFF, 0xFF, 0xFF,
    0xFF, 0xFF, 0xFF, 0xFF, 0xFF, 0xFF, 0xFF, 0xFF, 0x00, 0x00, 0x00, 0x00,
    0x00, 0x00, 0x00, 0x00, 0x00, 0x00, 0x00, 0x00, 0x00, 0x00, 0xFF, 0xFF,
    0xFF, 0xFF, 0xFF, 0xFF, 0xFF, 0xFF, 0xFF, 0xFF, 0xFF, 0xFF, 0xFF, 0xFF,
    0xFF, 0xFF, 0xFF, 0xFF, 0xFF, 0xFF, 0xFF, 0xFF, 0xFF, 0xFF, 0xFF, 0xFF,
    0xFF, 0xFF, 0x00, 0x00, 0x00, 0x00, 0x00, 0x00, 0x00, 0x00, 0x00, 0x00,
    0x00, 0xFF, 0xFF, 0xFF, 0xFF, 0xFF, 0xFF, 0xFF, 0xFF, 0xFF, 0xFF, 0xFF,
    0xFF, 0xFF, 0xFF, 0xFF, 0xFF, 0xFF, 0xFF, 0xFF, 0xFF, 0xFF, 0xFF, 0xFF,
    0xFF, 0xFF, 0xFF, 0xFF, 0xFF, 0xFF, 0xFF, 0x00, 0x00, 0x00, 0x00, 0x00,
    0x00, 0x00, 0x00, 0x00, 0x00, 0xFF, 0xFF, 0xFF, 0xFF, 0xFF, 0xFF, 0xFF,
    0xFF, 0xFF, 0xFF, 0xFF, 0xFF, 0xFF, 0xFF, 0xFF, 0xFF, 0xFF, 0xFF, 0xFF,
    0xFF, 0xFF, 0xFF, 0xFF, 0xFF, 0xFF, 0xFF, 0xFF, 0xFF, 0xFF, 0xFF, 0x00,
    0x00, 0x00, 0x00, 0x00, 0x00, 0x00, 0x00, 0x00, 0xFF, 0xFF, 0xFF, 0xFF,
    0xFF, 0xFF, 0xFF, 0xFF, 0xFF, 0xFF, 0xFF, 0xFF, 0xFF, 0xFF, 0xFF, 0xFF,
    0xFF, 0xFF, 0xFF, 0xFF, 0xFF, 0xFF, 0xFF, 0xFF, 0xFF, 0xFF, 0xFF, 0xFF,
    0xFF, 0xFF, 0xFF, 0xFF, 0x00, 0x00, 0x00, 0x00, 0x00, 0x00, 0x00, 0xFF,
    0xFF, 0xFF, 0xFF, 0xFF, 0xFF, 0xFF, 0xFF, 0xFF, 0xFF, 0xFF, 0xFF, 0xFF,
    0xFF, 0xFF, 0xFF, 0xFF, 0xFF, 0xFF, 0xFF, 0xFF, 0xFF, 0xFF, 0xFF, 0xFF,
    0xFF, 0xFF, 0xFF, 0xFF, 0xFF, 0xFF, 0xFF, 0xFF, 0xFF, 0x00, 0x00, 0x00,
    0x00, 0x00, 0xFF, 0xFF, 0xFF, 0xFF, 0xFF, 0xFF, 0xFF, 0xFF, 0xFF, 0xFF,
    0xFF, 0xFF, 0xFF, 0xFF, 0xFF, 0xFF, 0xFF, 0xFF, 0xFF, 0xFF, 0xFF, 0xFF,
    0xFF, 0xFF, 0xFF, 0xFF, 0xFF, 0xFF, 0xFF, 0xFF, 0xFF, 0xFF, 0xFF, 0xFF,
    0xFF, 0xFF, 0x00, 0x00, 0x00, 0x00, 0xFF, 0xFF, 0xFF, 0xFF, 0xFF, 0xFF,
    0xFF, 0xFF, 0xFF, 0xFF, 0xFF, 0xFF, 0xFF, 0xFF, 0xFF, 0xFF, 0xFF, 0xFF,
    0xFF, 0xFF, 0xFF, 0xFF, 0xFF, 0xFF, 0xFF, 0xFF, 0xFF, 0xFF, 0xFF, 0xFF,
    0xFF, 0xFF, 0xFF, 0xFF, 0xFF, 0xFF, 0x00, 0x00, 0x00, 0x00, 0xFF, 0xFF,
    0xFF, 0xFF, 0xFF, 0xFF, 0xFF, 0xFF, 0xFF, 0xFF, 0xFF, 0xFF, 0xFF, 0xFF,
    0xFF, 0xFF, 0xFF, 0xFF, 0xFF, 0xFF, 0xFF, 0xFF, 0xFF, 0xFF, 0xFF, 0xFF,
    0xFF, 0xFF, 0xFF, 0xFF, 0xFF, 0xFF, 0xFF, 0xFF, 0xFF, 0xFF, 0x00, 0x00,
    0x00, 0xFF, 0xFF, 0xFF, 0xFF, 0xFF, 0xFF, 0xFF, 0xFF, 0xFF, 0xFF, 0xFF,
    0xFF, 0xFF, 0xFF, 0xFF, 0xFF, 0xFF, 0xFF, 0xFF, 0xFF, 0xFF, 0xFF, 0xFF,
    0xFF, 0xFF, 0xFF, 0xFF, 0xFF, 0xFF, 0xFF, 0xFF, 0xFF, 0xFF, 0xFF, 0xFF,
    0xFF, 0xFF, 0xFF, 0x00, 0x00, 0xFF, 0xFF, 0xFF, 0xFF, 0xFF, 0xFF, 0xFF,
    0xFF, 0xFF, 0xFF, 0xFF, 0xFF, 0xFF, 0xFF, 0xFF, 0xFF, 0xFF, 0xFF, 0xFF,
    0xFF, 0xFF, 0xFF, 0xFF, 0xFF, 0xFF, 0xFF, 0xFF, 0xFF, 0xFF, 0xFF, 0xFF,
    0xFF, 0xFF, 0xFF, 0xFF, 0xFF, 0xFF, 0xFF, 0x00, 0x00, 0xFF, 0xFF, 0xFF,
    0xFF, 0xFF, 0xFF, 0xFF, 0xFF, 0xFF, 0xFF, 0xFF, 0xFF, 0xFF, 0xFF, 0xFF,
    0xFF, 0xFF, 0xFF, 0xFF, 0xFF, 0xFF, 0xFF, 0xFF, 0xFF, 0xFF, 0xFF, 0xFF,
    0xFF, 0xFF, 0xFF, 0xFF, 0xFF, 0xFF, 0xFF, 0xFF, 0xFF, 0xFF, 0xFF, 0x00,
    0xFF, 0xFF, 0xFF, 0xFF, 0xFF, 0xFF, 0xFF, 0xFF, 0xFF, 0xFF, 0xFF, 0xFF,
    0xFF, 0xFF, 0xFF, 0xFF, 0xFF, 0xFF, 0xFF, 0xFF, 0xFF, 0xFF, 0xFF, 0xFF,
    0xFF, 0xFF, 0xFF, 0xFF, 0xFF, 0xFF, 0xFF, 0xFF, 0xFF, 0xFF, 0xFF, 0xFF,
    0xFF, 0xFF, 0xFF, 0xFF, 0xFF, 0xFF, 0xFF, 0xFF, 0xFF, 0xFF, 0xFF, 0xFF,
    0xFF, 0xFF, 0xFF, 0xFF, 0xFF, 0xFF, 0xFF, 0xFF, 0xFF, 0xFF, 0xFF, 0xFF,
    0xFF, 0xFF, 0xFF, 0xFF, 0xFF, 0xFF, 0xFF, 0xFF, 0xFF, 0xFF, 0xFF, 0xFF,
    0xFF, 0xFF, 0xFF, 0xFF, 0xFF, 0xFF, 0xFF, 0xFF, 0xFF, 0xFF, 0xFF, 0xFF,
    0xFF, 0xFF, 0xFF, 0xFF, 0xFF, 0xFF, 0xFF, 0xFF, 0xFF, 0xFF, 0xFF, 0xFF,
    0xFF, 0xFF, 0xFF, 0xFF, 0xFF, 0xFF, 0xFF, 0xFF, 0xFF, 0xFF, 0xFF, 0xFF,
    0xFF, 0xFF, 0xFF, 0xFF, 0xFF, 0xFF, 0xFF, 0xFF, 0xFF, 0xFF, 0xFF, 0xFF,
    0xFF, 0xFF, 0xFF, 0xFF, 0xFF, 0xFF, 0xFF, 0xFF, 0xFF, 0xFF, 0xFF, 0xFF,
    0xFF, 0xFF, 0xFF, 0xFF, 0xFF, 0xFF, 0xFF, 0xFF, 0xFF, 0xFF, 0xFF, 0xFF,
    0xFF, 0xFF, 0xFF, 0xFF, 0xFF, 0xFF, 0xFF, 0xFF, 0xFF, 0xFF, 0xFF, 0xFF,
    0xFF, 0xFF, 0xFF, 0xFF, 0xFF, 0xFF, 0xFF, 0xFF, 0xFF, 0xFF, 0xFF, 0xFF,
    0xFF, 0xFF, 0xFF, 0xFF, 0xFF, 0xFF, 0xFF, 0xFF, 0xFF, 0xFF, 0xFF, 0xFF,
    0xFF, 0xFF, 0xFF, 0xFF, 0xFF, 0xFF, 0xFF, 0xFF, 0xFF, 0xFF, 0xFF, 0xFF,
    0xFF, 0xFF, 0xFF, 0xFF, 0xFF, 0xFF, 0xFF, 0xFF, 0xFF, 0xFF, 0xFF, 0xFF,
    0xFF, 0xFF, 0xFF, 0xFF, 0xFF, 0xFF, 0xFF, 0xFF, 0xFF, 0xFF, 0xFF, 0xFF,
    0xFF, 0xFF, 0xFF, 0xFF, 0xFF, 0xFF, 0xFF, 0xFF, 0xFF, 0xFF, 0xFF, 0xFF,
    0xFF, 0xFF, 0xFF, 0xFF, 0xFF, 0xFF, 0xFF, 0xFF, 0xFF, 0xFF, 0xFF, 0xFF,
    0xFF, 0xFF, 0xFF, 0xFF, 0xFF, 0xFF, 0xFF, 0xFF, 0xFF, 0xFF, 0xFF, 0xFF,
    0xFF, 0xFF, 0xFF, 0xFF, 0xFF, 0xFF, 0xFF, 0xFF, 0xFF, 0xFF, 0xFF, 0xFF,
    0xFF, 0xFF, 0xFF, 0xFF, 0xFF, 0xFF, 0xFF, 0xFF, 0xFF, 0xFF, 0xFF, 0xFF,
    0xFF, 0xFF, 0xFF, 0xFF, 0xFF, 0xFF, 0xFF, 0xFF, 0xFF, 0xFF, 0xFF, 0xFF,
    0xFF, 0xFF, 0xFF, 0xFF, 0xFF, 0xFF, 0xFF, 0xFF, 0xFF, 0xFF, 0xFF, 0xFF,
    0xFF, 0xFF, 0xFF, 0xFF, 0xFF, 0xFF, 0xFF, 0xFF, 0xFF, 0xFF, 0xFF, 0xFF,
    0xFF, 0xFF, 0xFF, 0xFF, 0xFF, 0xFF, 0xFF, 0xFF, 0x00, 0xFF, 0xFF, 0xFF,
    0xFF, 0xFF, 0xFF, 0xFF, 0xFF, 0xFF, 0xFF, 0xFF, 0xFF, 0xFF, 0xFF, 0xFF,
    0xFF, 0xFF, 0xFF, 0xFF, 0xFF, 0xFF, 0xFF, 0xFF, 0xFF, 0xFF, 0xFF, 0xFF,
    0xFF, 0xFF, 0xFF, 0xFF, 0xFF, 0xFF, 0xFF, 0xFF, 0xFF, 0xFF, 0xFF, 0x00,
    0x00, 0xFF, 0xFF, 0xFF, 0xFF, 0xFF, 0xFF, 0xFF, 0xFF, 0xFF, 0xFF, 0xFF,
    0xFF, 0xFF, 0xFF, 0xFF, 0xFF, 0xFF, 0xFF, 0xFF, 0xFF, 0xFF, 0xFF, 0xFF,
    0xFF, 0xFF, 0xFF, 0xFF, 0xFF, 0xFF, 0xFF, 0xFF, 0xFF, 0xFF, 0xFF, 0xFF,
    0xFF, 0xFF, 0xFF, 0x00, 0x00, 0xFF, 0xFF, 0xFF, 0xFF, 0xFF, 0xFF, 0xFF,
    0xFF, 0xFF, 0xFF, 0xFF, 0xFF, 0xFF, 0xFF, 0xFF, 0xFF, 0xFF, 0xFF, 0xFF,
    0xFF, 0xFF, 0xFF, 0xFF, 0xFF, 0xFF, 0xFF, 0xFF, 0xFF, 0xFF, 0xFF, 0xFF,
    0xFF, 0xFF, 0xFF, 0xFF, 0xFF, 0xFF, 0xFF, 0x00, 0x00, 0x00, 0xFF, 0xFF,
    0xFF, 0xFF, 0xFF, 0xFF, 0xFF, 0xFF, 0xFF, 0xFF, 0xFF, 0xFF, 0xFF, 0xFF,
    0xFF, 0xFF, 0xFF, 0xFF, 0xFF, 0xFF, 0xFF, 0xFF, 0xFF, 0xFF, 0xFF, 0xFF,
    0xFF, 0xFF, 0xFF, 0xFF, 0xFF, 0xFF, 0xFF, 0xFF, 0xFF, 0xFF, 0x00, 0x00,
    0x00, 0x00, 0xFF, 0xFF, 0xFF, 0xFF, 0xFF, 0xFF, 0xFF, 0xFF, 0xFF, 0xFF,
    0xFF, 0xFF, 0xFF, 0xFF, 0xFF, 0xFF, 0xFF, 0xFF, 0xFF, 0xFF, 0xFF, 0xFF,
    0xFF, 0xFF, 0xFF, 0xFF, 0xFF, 0xFF, 0xFF, 0xFF, 0xFF, 0xFF, 0xFF, 0xFF,
    0xFF, 0xFF, 0x00, 0x00, 0x00, 0x00, 0xFF, 0xFF, 0xFF, 0xFF, 0xFF, 0xFF,
    0xFF, 0xFF, 0xFF, 0xFF, 0xFF, 0xFF, 0xFF, 0xFF, 0xFF, 0xFF, 0xFF, 0xFF,
    0xFF, 0xFF, 0xFF, 0xFF, 0xFF, 0xFF, 0xFF, 0xFF, 0xFF, 0xFF, 0xFF, 0xFF,
    0xFF, 0xFF, 0xFF, 0xFF, 0xFF, 0xFF, 0x00, 0x00, 0x00, 0x00, 0x00, 0xFF,
    0xFF, 0xFF, 0xFF, 0xFF, 0xFF, 0xFF, 0xFF, 0xFF, 0xFF, 0xFF, 0xFF, 0xFF,
    0xFF, 0xFF, 0xFF, 0xFF, 0xFF, 0xFF, 0xFF, 0xFF, 0xFF, 0xFF, 0xFF, 0xFF,
    0xFF, 0xFF, 0xFF, 0xFF, 0xFF, 0xFF, 0xFF, 0xFF, 0xFF, 0x00, 0x00, 0x00,
    0x00, 0x00, 0x00, 0x00, 0xFF, 0xFF, 0xFF, 0xFF, 0xFF, 0xFF, 0xFF, 0xFF,
    0xFF, 0xFF, 0xFF, 0xFF, 0xFF, 0xFF, 0xFF, 0xFF, 0xFF, 0xFF, 0xFF, 0xFF,
    0xFF, 0xFF, 0xFF, 0xFF, 0xFF, 0xFF, 0xFF, 0xFF, 0xFF, 0xFF, 0xFF, 0xFF,
    0x00, 0x00, 0x00, 0x00, 0x00, 0x00, 0x00, 0x00, 0x00, 0xFF, 0xFF, 0xFF,
    0xFF, 0xFF, 0xFF, 0xFF, 0xFF, 0xFF, 0xFF, 0xFF, 0xFF, 0xFF, 0xFF, 0xFF,
    0xFF, 0xFF, 0xFF, 0xFF, 0xFF, 0xFF, 0xFF, 0xFF, 0xFF, 0xFF, 0xFF, 0xFF,
    0xFF, 0xFF, 0xFF, 0x00, 0x00, 0x00, 0x00, 0x00, 0x00, 0x00, 0x00, 0x00,
    0x00, 0xFF, 0xFF, 0xFF, 0xFF, 0xFF, 0xFF, 0xFF, 0xFF, 0xFF, 0xFF, 0xFF,
    0xFF, 0xFF, 0xFF, 0xFF, 0xFF, 0xFF, 0xFF, 0xFF, 0xFF, 0xFF, 0xFF, 0xFF,
    0xFF, 0xFF, 0xFF, 0xFF, 0xFF, 0xFF, 0xFF, 0x00, 0x00, 0x00, 0x00, 0x00,
    0x00, 0x00, 0x00, 0x00, 0x00, 0x00, 0xFF, 0xFF, 0xFF, 0xFF, 0xFF, 0xFF,
    0xFF, 0xFF, 0xFF, 0xFF, 0xFF, 0xFF, 0xFF, 0xFF, 0xFF, 0xFF, 0xFF, 0xFF,
    0xFF, 0xFF, 0xFF, 0xFF, 0xFF, 0xFF, 0xFF, 0xFF, 0xFF, 0xFF, 0x00, 0x00,
    0x00, 0x00, 0x00, 0x00, 0x00, 0x00, 0x00, 0x00, 0x00, 0x00, 0x00, 0x00,
    0xFF, 0xFF, 0xFF, 0xFF, 0xFF, 0xFF, 0xFF, 0xFF, 0xFF, 0xFF, 0xFF, 0xFF,
    0xFF, 0xFF, 0xFF, 0xFF, 0xFF, 0xFF, 0xFF, 0xFF, 0xFF, 0xFF, 0xFF, 0xFF,
    0x00, 0x00, 0x00, 0x00, 0x00, 0x00, 0x00, 0x00, 0x00, 0x00, 0x00, 0x00,
    0x00, 0x00, 0x00, 0x00, 0x00, 0xFF, 0xFF, 0xFF, 0xFF, 0xFF, 0xFF, 0xFF,
    0xFF, 0xFF, 0xFF, 0xFF, 0xFF, 0xFF, 0xFF, 0xFF, 0xFF, 0xFF, 0xFF, 0xFF,
    0xFF, 0xFF, 0xFF, 0x00, 0x00, 0x00, 0x00, 0x00, 0x00, 0x00, 0x00, 0x00,
    0x00, 0x00, 0x00, 0x00, 0x00, 0x00, 0x00, 0x00, 0x00, 0x00, 0xFF, 0xFF,
    0xFF, 0xFF, 0xFF, 0xFF, 0xFF, 0xFF, 0xFF, 0xFF, 0xFF, 0xFF, 0xFF, 0xFF,
    0xFF, 0xFF, 0xFF, 0xFF, 0xFF, 0xFF, 0x00, 0x00, 0x00, 0x00, 0x00, 0x00,
    0x00, 0x00, 0x00, 0x00, 0x00, 0x00, 0x00, 0x00, 0x00, 0x00, 0x00, 0x00,
    0x00, 0x00, 0x00, 0x00, 0x00, 0xFF, 0xFF, 0xFF, 0xFF, 0xFF, 0xFF, 0xFF,
    0xFF, 0xFF, 0xFF, 0xFF, 0xFF, 0xFF, 0xFF, 0x00, 0x00, 0x00, 0x00, 0x00,
    0x00, 0x00, 0x00, 0x00, 0x00, 0x00, 0x00, 0x00, 0x00, 0x00, 0x00, 0x00,
    0x00, 0x00, 0x00, 0x00, 0x00, 0x00, 0x00, 0x00, 0x00, 0x00, 0x00, 0x00,
    0xFF, 0xFF, 0xFF, 0xFF, 0xFF, 0xFF, 0xFF, 0xFF, 0x00, 0x00, 0x00, 0x00,
    0x00, 0x00, 0x00, 0x00, 0x00, 0x00, 0x00, 0x00, 0x00, 0x00, 0x00, 0x00,
  },
  { /* frame 19 */
    0x00, 0x00, 0x00, 0x00, 0x00, 0x00, 0x00, 0x00, 0x00, 0x00, 0x00, 0x00,
    0x00, 0x00, 0x00, 0x00, 0x00, 0x00, 0x00, 0xF8, 0x00, 0x00, 0x00, 0x00,
    0x00, 0x00, 0x00, 0x00, 0x28, 0xD2, 0x28, 0xD2, 0x28, 0xD2, 0x08, 0xD2,
    0x49, 0xE2, 0x28, 0xD2, 0x28, 0xD2, 0x28, 0xD2, 0x28, 0xDA, 0x28, 0xD2,
    0x00, 0x00, 0x00, 0x00, 0x00, 0x00, 0x00, 0x00, 0x00, 0x00, 0x00, 0x00,
    0x00, 0x00, 0x00, 0x00, 0x00, 0x00, 0x00, 0x00, 0x00, 0x00, 0x00, 0x00,
    0x00, 0x00, 0x00, 0x00, 0x00, 0x00, 0x00, 0x00, 0x00, 0x00, 0x00, 0x00,
    0x00, 0x00, 0x00, 0x00, 0x00, 0x00, 0x00, 0x00, 0x00, 0x00, 0x00, 0x00,
    0x86, 0xC9, 0x00, 0x00, 0x28, 0xD2, 0x00, 0x00, 0x28, 0xD2, 0x28, 0xD2,
    0x8A, 0xFA, 0x49, 0xE2, 0x69, 0xF2, 0x69, 0xEA, 0x28, 0xD2, 0x49, 0xDA,
    0x49, 0xEA, 0x28, 0xD2, 0x28, 0xD2, 0x28, 0xD2, 0x28, 0xD2, 0x28, 0xD2,
    0x28, 0xD2, 0x28, 0xD2, 0x00, 0x00, 0x00, 0x00, 0x00, 0x00, 0x00, 0x00,
    0x00, 0x00, 0x00, 0x00, 0x00, 0x00, 0x00, 0x00, 0x00, 0x00, 0x00, 0x00,
    0x00, 0x00, 0x00, 0x00, 0x00, 0x00, 0x00, 0x00, 0x00, 0x00, 0x00, 0x00,
    0x00, 0x00, 0x00, 0x00, 0x00, 0x00, 0x00, 0x00, 0x00, 0x00, 0x28, 0xD2,
    0x28, 0xD2, 0x28, 0xD2, 0x28, 0xD2, 0x69, 0xEA, 0x28, 0xD2, 0x28, 0xD2,
    0x28, 0xD2, 0x28, 0xD2, 0x28, 0xD2, 0x28, 0xD2, 0x28, 0xD2, 0x28, 0xD2,
    0x28, 0xD2, 0x28, 0xD2, 0x28, 0xD2, 0x28, 0xD2, 0x28, 0xD2, 0x28, 0xDA,
    0x28, 0xD2, 0x28, 0xD2, 0x00, 0x00, 0x00, 0x00, 0x00, 0x00, 0x00, 0x00,
    0x00, 0x00, 0x00, 0x00, 0x00, 0x00, 0x00, 0x00, 0x00, 0x00, 0x00, 0x00,
    0x00, 0x00, 0x00, 0x00, 0x00, 0x00, 0x00, 0x00, 0x00, 0x00, 0x00, 0x00,
    0x00, 0x00, 0x00, 0x00, 0x00, 0xF8, 0xAA, 0xFA, 0x28, 0xD2, 0x28, 0xDA,
    0x28, 0xD2, 0x28, 0xD2, 0x28, 0xD2, 0x28, 0xD2, 0x28, 0xD2, 0x28, 0xD2,
    0x28, 0xD2, 0x28, 0xD2, 0x28, 0xD2, 0x28, 0xD2, 0x28, 0xD2, 0x28, 0xD2,
    0x28, 0xD2, 0x28, 0xD2, 0x28, 0xD2, 0x28, 0xD2, 0x49, 0xE2, 0x49, 0xEA,
    0x28, 0xD2, 0x28, 0xD2, 0x00, 0x00, 0x00, 0x00, 0x00, 0x00, 0x00, 0x00,
    0x00, 0x00, 0x00, 0x00, 0x00, 0x00, 0x00, 0x00, 0x00, 0x00, 0x00, 0x00,
    0x00, 0x00, 0x00, 0x00, 0xE7, 0xB9, 0x00, 0x00, 0x00, 0x00, 0x28, 0xDA,
    0x28, 0xD2, 0x69, 0xEA, 0x28, 0xD2, 0x28, 0xD2, 0x28, 0xD2, 0x28, 0xD2,
    0x28, 0xD2, 0x28, 0xD2, 0x28, 0xD2, 0x28, 0xD2, 0x28, 0xD2, 0x28, 0xD2,
    0x28, 0xD2, 0x28, 0xD2, 0x28, 0xD2, 0x28, 0xD2, 0x28, 0xD2, 0x28, 0xD2,
    0x28, 0xD2, 0x28, 0xD2, 0x28, 0xD2, 0x28, 0xD2, 0x49, 0xE2, 0x28, 0xD2,
    0x08, 0xD2, 0xC7, 0xE1, 0x00, 0x00, 0xE7, 0xB9, 0x00, 0x00, 0x00, 0x00,
    0x00, 0x00, 0x00, 0x00, 0x00, 0x00, 0x00, 0x00, 0x00, 0x00, 0x00, 0x00,
    0x00, 0x00, 0xA6, 0xC9, 0x28, 0xD2, 0x28, 0xDA, 0x69, 0xEA, 0x28, 0xD2,
    0x28, 0xD2, 0x28, 0xD2, 0x28, 0xD2, 0x28, 0xD2, 0x28, 0xD2, 0x28, 0xD2,
    0x28, 0xD2, 0x28, 0xD2, 0x28, 0xD2, 0x28, 0xD2, 0x28, 0xDA, 0x28, 0xDA,
    0x28, 0xD2, 0x28, 0xD2, 0x28, 0xD2, 0x28, 0xD2, 0x28, 0xD2, 0x28, 0xD2,
    0x28, 0xD2, 0x28, 0xD2, 0x28, 0xD2, 0x69, 0xEA, 0x69, 0xF2, 0x69, 0xF2,
    0xA6, 0xC9, 0x00, 0x00, 0x00, 0x00, 0x00, 0x00, 0x00, 0x00, 0x00, 0x00,
    0x00, 0x00, 0x00, 0x00, 0x00, 0x00, 0x00, 0x00, 0xC7, 0xE1, 0x69, 0xF2,
    0x28, 0xD2, 0x28, 0xD2, 0x28, 0xD2, 0x28, 0xD2, 0x28, 0xD2, 0x28, 0xD2,
    0x28, 0xD2, 0x28, 0xD2, 0x28, 0xD2, 0x28, 0xD2, 0x28, 0xD2, 0x28, 0xDA,
    0x48, 0xE2, 0x8A, 0xFA, 0xE7, 0xB9, 0x08, 0xC2, 0x49, 0xEA, 0x49, 0xF2,
    0x48, 0xE2, 0x28, 0xD2, 0x28, 0xD2, 0x28, 0xD2, 0x28, 0xD2, 0x28, 0xD2,
    0x28, 0xD2, 0x28, 0xD2, 0x28, 0xD2, 0x28, 0xD2, 0x28, 0xD2, 0x00, 0x00,
    0x00, 0x00, 0x00, 0x00, 0x00, 0x00, 0x00, 0x00, 0x00, 0x00, 0x00, 0x00,
    0x00, 0x00, 0x00, 0x00, 0x08, 0xD2, 0x69, 0xF2, 0x28, 0xD2, 0x28, 0xD2,
    0x28, 0xD2, 0x28, 0xD2, 0x28, 0xD2, 0x28, 0xD2, 0x28, 0xD2, 0x28, 0xDA,
    0x49, 0xEA, 0x69, 0xF2, 0x28, 0xD2, 0x49, 0xEA, 0x04, 0x51, 0x45, 0x71,
    0xA3, 0x18, 0x62, 0x00, 0xE4, 0x38, 0x45, 0x69, 0xA7, 0xA1, 0x28, 0xD2,
    0x48, 0xE2, 0x28, 0xD2, 0x28, 0xD2, 0x28, 0xD2, 0x28, 0xD2, 0x28, 0xD2,
    0x28, 0xD2, 0x28, 0xD2, 0x28, 0xDA, 0x28, 0xDA, 0x00, 0x00, 0x00, 0x00,
    0x00, 0x00, 0x00, 0x00, 0x00, 0x00, 0x00, 0x00, 0x00, 0x00, 0x28, 0xD2,
    0x28, 0xD2, 0x69, 0xEA, 0x28, 0xD2, 0x28, 0xD2, 0x28, 0xD2, 0x28, 0xD2,
    0x28, 0xD2, 0x28, 0xDA, 0x08, 0xCA, 0xA6, 0x91, 0xA3, 0x10, 0x66, 0x81,
    0x49, 0xEA, 0xE8, 0xC1, 0x21, 0x00, 0x62, 0x00, 0x82, 0x10, 0x82, 0x10,
    0x82, 0x00, 0x62, 0x00, 0x62, 0x00, 0x62, 0x00, 0x08, 0xD2, 0x69, 0xF2,
    0x28, 0xD2, 0x28, 0xD2, 0x28, 0xD2, 0x28, 0xD2, 0x28, 0xD2, 0x28, 0xD2,
    0x69, 0xEA, 0x28, 0xD2, 0x00, 0xF8, 0x00, 0x00, 0x86, 0xC9, 0x00, 0x00,
    0x00, 0x00, 0x00, 0x00, 0x00, 0x00, 0x28, 0xD2, 0x49, 0xE2, 0x28, 0xD2,
    0x28, 0xD2, 0x28, 0xD2, 0x28, 0xD2, 0x28, 0xD2, 0x28, 0xD2, 0x8A, 0xFA,
    0x25, 0x59, 0x42, 0x00, 0x62, 0x00, 0xA3, 0x20, 0x08, 0xCA, 0x49, 0xE2,
    0x45, 0x69, 0x62, 0x00, 0x82, 0x10, 0x82, 0x10, 0x82, 0x10, 0x82, 0x10,
    0x82, 0x10, 0x82, 0x10, 0x24, 0x51, 0x86, 0x81, 0x28, 0xD2, 0x28, 0xD2,
    0x28, 0xD2, 0x28, 0xD2, 0x28, 0xD2, 0x28, 0xD2, 0x28, 0xD2, 0x69, 0xEA,
    0xAA, 0xFA, 0x28, 0xD2, 0x00, 0x00, 0x00, 0xF8, 0x00, 0x00, 0x00, 0x00,
    0x28, 0xD2, 0x49, 0xEA, 0x28, 0xD2, 0x28, 0xD2, 0x28, 0xD2, 0x28, 0xD2,
    0x28, 0xD2, 0x28, 0xD2, 0x69, 0xFA, 0x86, 0x91, 0xC3, 0x28, 0x82, 0x08,
    0x82, 0x10, 0x21, 0x00, 0x86, 0x89, 0x89, 0xFA, 0x04, 0x51, 0x41, 0x00,
    0x82, 0x10, 0x82, 0x10, 0x82, 0x10, 0x82, 0x10, 0x82, 0x10, 0x82, 0x10,
    0x21, 0x00, 0xC3, 0x20, 0x69, 0xF2, 0x28, 0xD2, 0x28, 0xD2, 0x28, 0xD2,
    0x28, 0xD2, 0x28, 0xD2, 0x28, 0xD2, 0x28, 0xD2, 0x28, 0xD2, 0x28, 0xD2,
    0x28, 0xD2, 0x00, 0x00, 0x00, 0x00, 0x00, 0x00, 0x28, 0xD2, 0x49, 0xE2,
    0x28, 0xD2, 0x28, 0xD2, 0x28, 0xD2, 0x28, 0xD2, 0x28, 0xDA, 0xE7, 0xB1,
    0xC3, 0x28, 0x41, 0x00, 0x82, 0x10, 0x82, 0x10, 0x82, 0x10, 0x82, 0x08,
    0xA7, 0xA1, 0x49, 0xE2, 0x08, 0xCA, 0xA3, 0x20, 0x82, 0x08, 0x82, 0x10,
    0x82, 0x10, 0x82, 0x10, 0x82, 0x10, 0x62, 0x00, 0x04, 0x49, 0xA7, 0xA1,
    0x49, 0xEA, 0x28, 0xE2, 0x69, 0xFA, 0x28, 0xDA, 0x28, 0xD2, 0x28, 0xD2,
    0x28, 0xD2, 0x28, 0xD2, 0x28, 0xDA, 0x28, 0xD2, 0x00, 0x00, 0x00, 0x00,
    0x00, 0x00, 0x28, 0xD2, 0x28, 0xDA, 0x28, 0xD2, 0x28, 0xD2, 0x28, 0xD2,
    0x28, 0xD2, 0x28, 0xD2, 0x49, 0xF2, 0x86, 0x81, 0x41, 0x00, 0x82, 0x10,
    0x82, 0x10, 0x82, 0x10, 0x82, 0x10, 0x82, 0x08, 0x62, 0x00, 0xC3, 0x20,
    0x25, 0x59, 0x82, 0x00, 0x82, 0x10, 0x82, 0x10, 0x82, 0x10, 0x82, 0x10,
    0x82, 0x08, 0x41, 0x00, 0x08, 0xC2, 0x49, 0xEA, 0x49, 0xE2, 0x45, 0x69,
    0x04, 0x51, 0x08, 0xCA, 0x28, 0xD2, 0x28, 0xD2, 0x28, 0xD2, 0x28, 0xD2,
    0x28, 0xD2, 0x28, 0xD2, 0x28, 0xD2, 0x00, 0x00, 0x00, 0x00, 0x28, 0xD2,
    0x28, 0xD2, 0x28, 0xD2, 0x28, 0xD2, 0x28, 0xD2, 0x28, 0xD2, 0x49, 0xE2,
    0x08, 0xCA, 0x24, 0x51, 0x62, 0x00, 0x82, 0x10, 0x82, 0x10, 0x82, 0x10,
    0x82, 0x10, 0x82, 0x10, 0x82, 0x10, 0x82, 0x08, 0x82, 0x00, 0xA3, 0x10,
    0x82, 0x10, 0x82, 0x10, 0x82, 0x10, 0x82, 0x08, 0xC3, 0x30, 0x28, 0xDA,
    0x69, 0xFA, 0x28, 0xD2, 0x82, 0x00, 0x82, 0x08, 0x42, 0x00, 0xA6, 0x91,
    0x28, 0xDA, 0x28, 0xD2, 0x28, 0xD2, 0x28, 0xD2, 0x28, 0xD2, 0x69, 0xEA,
    0x28, 0xD2, 0x00, 0x00, 0x00, 0x00, 0x28, 0xD2, 0x28, 0xD2, 0x28, 0xD2,
    0x28, 0xD2, 0x28, 0xD2, 0x28, 0xD2, 0x28, 0xD2, 0xA3, 0x18, 0x62, 0x00,
    0x42, 0x00, 0x62, 0x00, 0x82, 0x08, 0x82, 0x10, 0x82, 0x10, 0x82, 0x10,
    0x82, 0x10, 0x82, 0x10, 0x82, 0x10, 0x82, 0x08, 0x82, 0x10, 0x82, 0x10,
    0x82, 0x10, 0x82, 0x10, 0x82, 0x08, 0x04, 0x49, 0x65, 0x71, 0x65, 0x71,
    0x42, 0x00, 0x82, 0x10, 0x62, 0x00, 0xA3, 0x18, 0x49, 0xEA, 0x28, 0xD2,
    0x28, 0xD2, 0x28, 0xD2, 0x28, 0xD2, 0x28, 0xD2, 0x8A, 0xFA, 0x28, 0xD2,
    0x00, 0x00, 0x28, 0xD2, 0x28, 0xD2, 0x28, 0xD2, 0x28, 0xD2, 0x28, 0xD2,
    0x28, 0xD2, 0x28, 0xDA, 0x49, 0xEA, 0xE7, 0xB9, 0x86, 0x89, 0x24, 0x51,
    0xA3, 0x20, 0x82, 0x10, 0x82, 0x10, 0x82, 0x10, 0x82, 0x10, 0x82, 0x10,
    0x62, 0x08, 0xC3, 0x10, 0x82, 0x10, 0x62, 0x08, 0x62, 0x08, 0x82, 0x10,
    0x82, 0x10, 0x82, 0x00, 0x42, 0x00, 0x82, 0x00, 0x82, 0x08, 0x82, 0x10,
    0x62, 0x00, 0x24, 0x51, 0x69, 0xFA, 0x08, 0xD2, 0x28, 0xD2, 0x28, 0xD2,
    0x28, 0xD2, 0x28, 0xD2, 0x49, 0xE2, 0x28, 0xD2, 0x28, 0xD2, 0x28, 0xD2,
    0x28, 0xD2, 0x28, 0xD2, 0x28, 0xD2, 0x28, 0xD2, 0x28, 0xD2, 0x28, 0xDA,
    0x28, 0xD2, 0x28, 0xDA, 0x49, 0xEA, 0x8A, 0xFA, 0xA6, 0x91, 0x62, 0x00,
    0x82, 0x10, 0x82, 0x10, 0x82, 0x10, 0x82, 0x10, 0x25, 0x21, 0x87, 0x29,
    0x66, 0x29, 0x25, 0x21, 0xE4, 0x18, 0x82, 0x10, 0x82, 0x10, 0x82, 0x10,
    0x82, 0x10, 0x82, 0x10, 0x82, 0x10, 0x82, 0x10, 0xA2, 0x10, 0x41, 0x00,
    0xC7, 0xA9, 0x49, 0xEA, 0x28, 0xD2, 0x28, 0xD2, 0x28, 0xD2, 0x28, 0xD2,
    0x69, 0xF2, 0x28, 0xD2, 0x28, 0xDA, 0x28, 0xD2, 0x28, 0xD2, 0x28, 0xD2,
    0x28, 0xD2, 0x28, 0xD2, 0x49, 0xE2, 0xC7, 0xA1, 0x08, 0xCA, 0x49, 0xEA,
    0x49, 0xF2, 0x69, 0xFA, 0x25, 0x59, 0x62, 0x00, 0x82, 0x10, 0x62, 0x08,
    0xE4, 0x18, 0x66, 0x29, 0x86, 0x29, 0x66, 0x29, 0x66, 0x29, 0x66, 0x29,
    0x66, 0x29, 0x82, 0x10, 0x82, 0x10, 0x82, 0x10, 0x82, 0x10, 0x82, 0x10,
    0x82, 0x10, 0x82, 0x10, 0x82, 0x10, 0x82, 0x10, 0xA3, 0x20, 0x08, 0xCA,
    0x28, 0xD2, 0x28, 0xD2, 0x28, 0xD2, 0x28, 0xD2, 0x69, 0xEA, 0x08, 0xD2,
    0x28, 0xD2, 0x28, 0xD2, 0x28, 0xD2, 0x28, 0xD2, 0x28, 0xD2, 0x28, 0xDA,
    0x08, 0xC2, 0x21, 0x00, 0x82, 0x08, 0xE4, 0x38, 0x45, 0x71, 0xC7, 0xB1,
    0xC3, 0x28, 0x82, 0x08, 0x82, 0x10, 0x62, 0x08, 0x25, 0x21, 0x66, 0x29,
    0x66, 0x29, 0x66, 0x29, 0x66, 0x29, 0x66, 0x29, 0x86, 0x29, 0x25, 0x21,
    0x62, 0x08, 0x82, 0x10, 0x82, 0x10, 0x82, 0x10, 0x82, 0x10, 0x82, 0x10,
    0x82, 0x10, 0x82, 0x08, 0xC3, 0x30, 0x49, 0xEA, 0x28, 0xD2, 0x28, 0xD2,
    0x28, 0xD2, 0x28, 0xD2, 0x28, 0xD2, 0x49, 0xE2, 0x28, 0xD2, 0x49, 0xEA,
    0x28, 0xD2, 0x28, 0xD2, 0x28, 0xD2, 0x28, 0xDA, 0xE7, 0xB9, 0xA3, 0x18,
    0x82, 0x10, 0x82, 0x00, 0x62, 0x00, 0x62, 0x00, 0x82, 0x10, 0x82, 0x10,
    0x82, 0x10, 0x82, 0x10, 0x66, 0x29, 0x66, 0x29, 0x66, 0x29, 0x66, 0x29,
    0x66, 0x29, 0x66, 0x29, 0x66, 0x29, 0x87, 0x29, 0xC3, 0x10, 0x82, 0x08,
    0x82, 0x10, 0x82, 0x10, 0x82, 0x10, 0x62, 0x00, 0x62, 0x00, 0x62, 0x00,
    0x65, 0x71, 0x89, 0xFA, 0x28, 0xD2, 0x28, 0xD2, 0x28, 0xD2, 0x28, 0xD2,
    0x49, 0xDA, 0x28, 0xD2, 0x28, 0xD2, 0x49, 0xDA, 0x28, 0xD2, 0x28, 0xD2,
    0x28, 0xD2, 0x28, 0xD2, 0x89, 0xFA, 0x65, 0x71, 0x62, 0x00, 0x82, 0x10,
    0x82, 0x10, 0x82, 0x10, 0x82, 0x10, 0x82, 0x10, 0x82, 0x08, 0xC3, 0x10,
    0x87, 0x29, 0x66, 0x29, 0x66, 0x29, 0x66, 0x29, 0x66, 0x29, 0x66, 0x29,
    0x66, 0x29, 0x66, 0x29, 0x82, 0x10, 0x82, 0x10, 0x82, 0x10, 0x82, 0x10,
    0x62, 0x00, 0x45, 0x61, 0x04, 0x41, 0x82, 0x10, 0x62, 0x00, 0xE7, 0xB1,
    0x28, 0xDA, 0x28, 0xD2, 0x28, 0xD2, 0x28, 0xD2, 0x49, 0xEA, 0x28, 0xD2,
    0x49, 0xE2, 0x28, 0xD2, 0x28, 0xD2, 0x28, 0xD2, 0x28, 0xD2, 0x28, 0xD2,
    0x49, 0xEA, 0xC3, 0x30, 0x82, 0x08, 0x82, 0x10, 0x82, 0x10, 0x82, 0x10,
    0x82, 0x10, 0x82, 0x10, 0x82, 0x10, 0x62, 0x08, 0x25, 0x21, 0x86, 0x29,
    0x66, 0x29, 0x66, 0x29, 0x66, 0x29, 0x66, 0x29, 0x66, 0x29, 0x25, 0x21,
    0x62, 0x08, 0x82, 0x10, 0x82, 0x10, 0x82, 0x08, 0xC3, 0x20, 0x69, 0xFA,
    0x49, 0xF2, 0x08, 0xD2, 0x86, 0x91, 0x08, 0xCA, 0x28, 0xD2, 0x28, 0xD2,
    0x28, 0xD2, 0x28, 0xD2, 0x28, 0xD2, 0x28, 0xD2, 0x08, 0xD2, 0x69, 0xEA,
    0x28, 0xD2, 0x28, 0xD2, 0x28, 0xD2, 0x28, 0xD2, 0x08, 0xCA, 0xA3, 0x20,
    0x82, 0x10, 0x82, 0x10, 0x82, 0x10, 0x82, 0x10, 0x82, 0x10, 0x82, 0x10,
    0x82, 0x10, 0x82, 0x10, 0x82, 0x10, 0x66, 0x29, 0x66, 0x29, 0x66, 0x29,
    0x66, 0x29, 0x86, 0x29, 0x66, 0x29, 0xE4, 0x18, 0x62, 0x08, 0x82, 0x10,
    0x82, 0x10, 0x62, 0x00, 0x25, 0x61, 0x8A, 0xFA, 0x28, 0xDA, 0x28, 0xD2,
    0x28, 0xE2, 0x28, 0xD2, 0x28, 0xD2, 0x28, 0xD2, 0x28, 0xD2, 0x28, 0xD2,
    0x28, 0xD2, 0x28, 0xDA, 0x28, 0xD2, 0x69, 0xF2, 0x28, 0xD2, 0x28, 0xD2,
    0x28, 0xD2, 0x28, 0xD2, 0x49, 0xEA, 0xC7, 0xA9, 0x41, 0x00, 0xA2, 0x10,
    0x82, 0x10, 0x82, 0x10, 0x82, 0x10, 0x82, 0x10, 0x82, 0x10, 0x82, 0x10,
    0x82, 0x10, 0xE4, 0x18, 0x25, 0x21, 0x66, 0x29, 0x87, 0x29, 0x25, 0x21,
    0x82, 0x10, 0x82, 0x10, 0x82, 0x10, 0x82, 0x10, 0x82, 0x10, 0x82, 0x08,
    0xE4, 0x30, 0x86, 0x89, 0xE7, 0xB1, 0x49, 0xE2, 0x49, 0xE2, 0x28, 0xD2,
    0x28, 0xD2, 0x28, 0xD2, 0x28, 0xD2, 0x28, 0xD2, 0x28, 0xD2, 0x28, 0xD2,
    0x28, 0xD2, 0x49, 0xE2, 0x28, 0xD2, 0x28, 0xD2, 0x28, 0xD2, 0x28, 0xD2,
    0x08, 0xD2, 0x69, 0xFA, 0x24, 0x51, 0x62, 0x00, 0x82, 0x10, 0x82, 0x08,
    0x82, 0x00, 0x42, 0x00, 0x82, 0x00, 0x82, 0x10, 0x82, 0x10, 0x62, 0x08,
    0x62, 0x08, 0x82, 0x10, 0xC3, 0x10, 0x62, 0x08, 0x82, 0x10, 0x82, 0x10,
    0x82, 0x10, 0x82, 0x10, 0x82, 0x10, 0x82, 0x10, 0x62, 0x00, 0x42, 0x00,
    0x62, 0x00, 0x82, 0x10, 0xE7, 0xB1, 0x28, 0xDA, 0x28, 0xD2, 0x28, 0xD2,
    0x28, 0xD2, 0x28, 0xD2, 0x28, 0xD2, 0x00, 0x00, 0x28, 0xD2, 0x8A, 0xFA,
    0x28, 0xD2, 0x28, 0xD2, 0x28, 0xD2, 0x28, 0xD2, 0x28, 0xD2, 0x49, 0xEA,
    0xA3, 0x18, 0x62, 0x00, 0x82, 0x10, 0x42, 0x00, 0x65, 0x71, 0x65, 0x71,
    0x04, 0x49, 0x82, 0x08, 0x82, 0x10, 0x82, 0x10, 0x82, 0x10, 0x82, 0x10,
    0x82, 0x08, 0x82, 0x10, 0x82, 0x10, 0x82, 0x10, 0x82, 0x10, 0x82, 0x10,
    0x82, 0x10, 0x82, 0x10, 0x82, 0x10, 0x82, 0x10, 0x82, 0x10, 0x62, 0x00,
    0x28, 0xD2, 0x28, 0xD2, 0x28, 0xD2, 0x28, 0xD2, 0x28, 0xD2, 0x28, 0xD2,
    0x28, 0xD2, 0x00, 0x00, 0x00, 0x00, 0x28, 0xD2, 0x69, 0xEA, 0x28, 0xD2,
    0x28, 0xD2, 0x28, 0xD2, 0x28, 0xD2, 0x28, 0xDA, 0xA6, 0x91, 0x42, 0x00,
    0x82, 0x08, 0x82, 0x00, 0x28, 0xD2, 0x69, 0xFA, 0x28, 0xDA, 0xC3, 0x30,
    0x82, 0x08, 0x82, 0x10, 0x82, 0x10, 0x82, 0x10, 0xA3, 0x10, 0x82, 0x00,
    0x82, 0x08, 0x82, 0x10, 0x82, 0x10, 0x82, 0x10, 0x82, 0x10, 0x82, 0x10,
    0x82, 0x10, 0x62, 0x00, 0x24, 0x51, 0x08, 0xD2, 0x48, 0xE2, 0x28, 0xD2,
    0x28, 0xD2, 0x28, 0xD2, 0x28, 0xD2, 0x28, 0xD2, 0x28, 0xD2, 0x00, 0x00,
    0x00, 0x00, 0x28, 0xD2, 0x28, 0xD2, 0x28, 0xD2, 0x28, 0xD2, 0x28, 0xD2,
    0x28, 0xD2, 0x28, 0xD2, 0x08, 0xCA, 0x04, 0x51, 0x45, 0x69, 0x49, 0xE2,
    0x49, 0xEA, 0x08, 0xC2, 0x41, 0x00, 0x82, 0x08, 0x82, 0x10, 0x82, 0x10,
    0x82, 0x10, 0x82, 0x10, 0x82, 0x00, 0x25, 0x59, 0xC3, 0x20, 0x62, 0x00,
    0x82, 0x08, 0x82, 0x10, 0x82, 0x10, 0x82, 0x10, 0x82, 0x10, 0x41, 0x00,
    0x86, 0x81, 0x49, 0xF2, 0x28, 0xD2, 0x28, 0xD2, 0x28, 0xD2, 0x28, 0xD2,
    0x28, 0xD2, 0x28, 0xDA, 0x28, 0xD2, 0x00, 0x00, 0x00, 0x00, 0x00, 0x00,
    0x28, 0xD2, 0x28, 0xDA, 0x28, 0xD2, 0x28, 0xD2, 0x28, 0xD2, 0x28, 0xD2,
    0x28, 0xDA, 0x69, 0xFA, 0x28, 0xE2, 0x49, 0xEA, 0xA7, 0xA1, 0x04, 0x49,
    0x62, 0x00, 0x82, 0x10, 0x82, 0x10, 0x82, 0x10, 0x82, 0x10, 0x82, 0x08,
    0xA3, 0x20, 0x08, 0xCA, 0x49, 0xE2, 0xA7, 0xA1, 0x82, 0x08, 0x82, 0x10,
    0x82, 0x10, 0x82, 0x10, 0x41, 0x00, 0xC3, 0x28, 0xE7, 0xB1, 0x28, 0xDA,
    0x28, 0xD2, 0x28, 0xD2, 0x28, 0xD2, 0x28, 0xD2, 0x49, 0xE2, 0x28, 0xD2,
    0x00, 0x00, 0x00, 0x00, 0x00, 0x00, 0x28, 0xD2, 0x28, 0xD2, 0x28, 0xD2,
    0x28, 0xD2, 0x28, 0xD2, 0x28, 0xD2, 0x28, 0xD2, 0x28, 0xD2, 0x28, 0xD2,
    0x28, 0xD2, 0x69, 0xF2, 0xC3, 0x20, 0x21, 0x00, 0x82, 0x10, 0x82, 0x10,
    0x82, 0x10, 0x82, 0x10, 0x82, 0x10, 0x82, 0x10, 0x41, 0x00, 0x04, 0x51,
    0x89, 0xFA, 0x86, 0x89, 0x21, 0x00, 0x82, 0x10, 0x82, 0x08, 0xC3, 0x28,
    0x86, 0x91, 0x69, 0xFA, 0x28, 0xD2, 0x28, 0xD2, 0x28, 0xD2, 0x28, 0xD2,
    0x28, 0xD2, 0x28, 0xD2, 0x49, 0xEA, 0x28, 0xD2, 0x00, 0x00, 0x00, 0x00,
    0x00, 0xF8, 0x00, 0x00, 0x28, 0xD2, 0xAA, 0xFA, 0x69, 0xEA, 0x28, 0xD2,
    0x28, 0xD2, 0x28, 0xD2, 0x28, 0xD2, 0x28, 0xD2, 0x28, 0xD2, 0x28, 0xD2,
    0x86, 0x81, 0x24, 0x51, 0x82, 0x10, 0x82, 0x10, 0x82, 0x10, 0x82, 0x10,
    0x82, 0x10, 0x82, 0x10, 0x62, 0x00, 0x45, 0x69, 0x49, 0xE2, 0x08, 0xCA,
    0xA3, 0x20, 0x62, 0x00, 0x42, 0x00, 0x25, 0x59, 0x8A, 0xFA, 0x28, 0xD2,
    0x28, 0xD2, 0x28, 0xD2, 0x28, 0xD2, 0x28, 0xD2, 0x28, 0xD2, 0x49, 0xE2,
    0x28, 0xD2, 0x00, 0x00, 0x00, 0x00, 0x00, 0x00, 0x00, 0x00, 0x86, 0xC9,
    0x00, 0x00, 0x00, 0xF8, 0x28, 0xD2, 0x69, 0xEA, 0x28, 0xD2, 0x28, 0xD2,
    0x28, 0xD2, 0x28, 0xD2, 0x28, 0xD2, 0x28, 0xD2, 0x69, 0xF2, 0x08, 0xD2,
    0x62, 0x00, 0x62, 0x00, 0x62, 0x00, 0x82, 0x00, 0x82, 0x10, 0x82, 0x10,
    0x62, 0x00, 0x21, 0x00, 0xE8, 0xC1, 0x49, 0xEA, 0x66, 0x81, 0xA3, 0x10,
    0xA6, 0x91, 0x08, 0xCA, 0x28, 0xDA, 0x28, 0xD2, 0x28, 0xD2, 0x28, 0xD2,
    0x28, 0xD2, 0x28, 0xD2, 0x69, 0xEA, 0x28, 0xD2, 0x28, 0xD2, 0x00, 0x00,
    0x00, 0x00, 0x00, 0x00, 0x00, 0x00, 0x00, 0x00, 0x00, 0x00, 0x00, 0x00,
    0x28, 0xDA, 0x28, 0xDA, 0x28, 0xD2, 0x28, 0xD2, 0x28, 0xD2, 0x28, 0xD2,
    0x28, 0xD2, 0x28, 0xD2, 0x28, 0xD2, 0x48, 0xE2, 0x28, 0xD2, 0xA7, 0xA1,
    0x45, 0x69, 0xE4, 0x38, 0x62, 0x00, 0xA3, 0x18, 0x45, 0x71, 0x04, 0x51,
    0x49, 0xEA, 0x28, 0xD2, 0x69, 0xF2, 0x49, 0xEA, 0x28, 0xDA, 0x28, 0xD2,
    0x28, 0xD2, 0x28, 0xD2, 0x28, 0xD2, 0x28, 0xD2, 0x28, 0xD2, 0x28, 0xD2,
    0x69, 0xF2, 0x08, 0xD2, 0x00, 0x00, 0x00, 0x00, 0x00, 0x00, 0x00, 0x00,
    0x00, 0x00, 0x00, 0x00, 0x00, 0x00, 0x00, 0x00, 0x00, 0x00, 0x28, 0xD2,
    0x28, 0xD2, 0x28, 0xD2, 0x28, 0xD2, 0x28, 0xD2, 0x28, 0xD2, 0x28, 0xD2,
    0x28, 0xD2, 0x28, 0xD2, 0x28, 0xD2, 0x48, 0xE2, 0x49, 0xF2, 0x49, 0xEA,
    0x08, 0xC2, 0xE7, 0xB9, 0x8A, 0xFA, 0x48, 0xE2, 0x28, 0xDA, 0x28, 0xD2,
    0x28, 0xD2, 0x28, 0xD2, 0x28, 0xD2, 0x28, 0xD2, 0x28, 0xD2, 0x28, 0xD2,
    0x28, 0xD2, 0x28, 0xD2, 0x28, 0xD2, 0x28, 0xD2, 0x69, 0xF2, 0xC7, 0xE1,
    0x00, 0x00, 0x00, 0x00, 0x00, 0x00, 0x00, 0x00, 0x00, 0x00, 0x00, 0x00,
    0x00, 0x00, 0x00, 0x00, 0x00, 0x00, 0xA6, 0xC9, 0x69, 0xF2, 0x69, 0xF2,
    0x69, 0xEA, 0x28, 0xD2, 0x28, 0xD2, 0x28, 0xD2, 0x28, 0xD2, 0x28, 0xD2,
    0x28, 0xD2, 0x28, 0xD2, 0x28, 0xD2, 0x28, 0xD2, 0x28, 0xDA, 0x28, 0xDA,
    0x28, 0xD2, 0x28, 0xD2, 0x28, 0xD2, 0x28, 0xD2, 0x28, 0xD2, 0x28, 0xD2,
    0x28, 0xD2, 0x28, 0xD2, 0x28, 0xD2, 0x28, 0xD2, 0x28, 0xD2, 0x69, 0xEA,
    0x28, 0xDA, 0x28, 0xD2, 0xA6, 0xC9, 0x00, 0x00, 0x00, 0x00, 0x00, 0x00,
    0x00, 0x00, 0x00, 0x00, 0x00, 0x00, 0x00, 0x00, 0x00, 0x00, 0x00, 0x00,
    0xE7, 0xB9, 0x00, 0x00, 0xC7, 0xE1, 0x08, 0xD2, 0x28, 0xD2, 0x49, 0xE2,
    0x28, 0xD2, 0x28, 0xD2, 0x28, 0xD2, 0x28, 0xD2, 0x28, 0xD2, 0x28, 0xD2,
    0x28, 0xD2, 0x28, 0xD2, 0x28, 0xD2, 0x28, 0xD2, 0x28, 0xD2, 0x28, 0xD2,
    0x28, 0xD2, 0x28, 0xD2, 0x28, 0xD2, 0x28, 0xD2, 0x28, 0xD2, 0x28, 0xD2,
    0x28, 0xD2, 0x28, 0xD2, 0x69, 0xEA, 0x28, 0xD2, 0x28, 0xDA, 0x00, 0x00,
    0x00, 0x00, 0xE7, 0xB9, 0x00, 0x00, 0x00, 0x00, 0x00, 0x00, 0x00, 0x00,
    0x00, 0x00, 0x00, 0x00, 0x00, 0x00, 0x00, 0x00, 0x00, 0x00, 0x00, 0x00,
    0x00, 0x00, 0x00, 0x00, 0x28, 0xD2, 0x28, 0xD2, 0x49, 0xEA, 0x49, 0xE2,
    0x28, 0xD2, 0x28, 0xD2, 0x28, 0xD2, 0x28, 0xD2, 0x28, 0xD2, 0x28, 0xD2,
    0x28, 0xD2, 0x28, 0xD2, 0x28, 0xD2, 0x28, 0xD2, 0x28, 0xD2, 0x28, 0xD2,
    0x28, 0xD2, 0x28, 0xD2, 0x28, 0xD2, 0x28, 0xD2, 0x28, 0xDA, 0x28, 0xD2,
    0xAA, 0xFA, 0x00, 0xF8, 0x00, 0x00, 0x00, 0x00, 0x00, 0x00, 0x00, 0x00,
    0x00, 0x00, 0x00, 0x00, 0x00, 0x00, 0x00, 0x00, 0x00, 0x00, 0x00, 0x00,
    0x00, 0x00, 0x00, 0x00, 0x00, 0x00, 0x00, 0x00, 0x00, 0x00, 0x00, 0x00,
    0x00, 0x00, 0x00, 0x00, 0x28, 0xD2, 0x28, 0xD2, 0x28, 0xDA, 0x28, 0xD2,
    0x28, 0xD2, 0x28, 0xD2, 0x28, 0xD2, 0x28, 0xD2, 0x28, 0xD2, 0x28, 0xD2,
    0x28, 0xD2, 0x28, 0xD2, 0x28, 0xD2, 0x28, 0xD2, 0x28, 0xD2, 0x28, 0xD2,
    0x69, 0xEA, 0x28, 0xD2, 0x28, 0xD2, 0x28, 0xD2, 0x28, 0xD2, 0x00, 0x00,
    0x00, 0x00, 0x00, 0x00, 0x00, 0x00, 0x00, 0x00, 0x00, 0x00, 0x00, 0x00,
    0x00, 0x00, 0x00, 0x00, 0x00, 0x00, 0x00, 0x00, 0x00, 0x00, 0x00, 0x00,
    0x00, 0x00, 0x00, 0x00, 0x00, 0x00, 0x00, 0x00, 0x00, 0x00, 0x00, 0x00,
    0x00, 0x00, 0x00, 0x00, 0x28, 0xD2, 0x28, 0xD2, 0x28, 0xD2, 0x28, 0xD2,
    0x28, 0xD2, 0x28, 0xD2, 0x28, 0xD2, 0x49, 0xEA, 0x49, 0xDA, 0x28, 0xD2,
    0x69, 0xEA, 0x69, 0xF2, 0x49, 0xE2, 0x8A, 0xFA, 0x28, 0xD2, 0x28, 0xD2,
    0x00, 0x00, 0x28, 0xD2, 0x00, 0x00, 0x86, 0xC9, 0x00, 0x00, 0x00, 0x00,
    0x00, 0x00, 0x00, 0x00, 0x00, 0x00, 0x00, 0x00, 0x00, 0x00, 0x00, 0x00,
    0x00, 0x00, 0x00, 0x00, 0x00, 0x00, 0x00, 0x00, 0x00, 0x00, 0x00, 0x00,
    0x00, 0x00, 0x00, 0x00, 0x00, 0x00, 0x00, 0x00, 0x00, 0x00, 0x00, 0x00,
    0x00, 0x00, 0x00, 0x00, 0x00, 0x00, 0x00, 0x00, 0x28, 0xD2, 0x28, 0xDA,
    0x28, 0xD2, 0x28, 0xD2, 0x28, 0xD2, 0x49, 0xE2, 0x08, 0xD2, 0x28, 0xD2,
    0x28, 0xD2, 0x28, 0xD2, 0x00, 0x00, 0x00, 0x00, 0x00, 0x00, 0x00, 0x00,
    0x00, 0xF8, 0x00, 0x00, 0x00, 0x00, 0x00, 0x00, 0x00, 0x00, 0x00, 0x00,
    0x00, 0x00, 0x00, 0x00, 0x00, 0x00, 0x00, 0x00, 0x00, 0x00, 0x00, 0x00,
    0x00, 0x00, 0x00, 0x00, 0x00, 0x01, 0x00, 0x01, 0x00, 0x00, 0x3C, 0xE7,
    0x90, 0x57, 0xFF, 0xCA, 0x81, 0xEC, 0xFF, 0xFF, 0x00, 0x00, 0x00, 0x00,
    0x00, 0x00, 0x00, 0x00, 0x00, 0x00, 0x00, 0x00, 0x00, 0x00, 0x00, 0x00,
    0x00, 0x00, 0x00, 0x00, 0x00, 0x00, 0x00, 0x00, 0x05, 0x00, 0x0B, 0x00,
    0x21, 0xBD, 0xFF, 0xFF, 0xFF, 0xFF, 0xFE, 0xFF, 0xFF, 0xFA, 0xFF, 0xFF,
    0xFF, 0xFF, 0xFF, 0xFF, 0x00, 0x00, 0x00, 0x00, 0x00, 0x00, 0x00, 0x00,
    0x00, 0x00, 0x00, 0x00, 0x00, 0x00, 0x00, 0x00, 0x00, 0x00, 0x00, 0x00,
    0x00, 0x29, 0xD7, 0xCC, 0xF8, 0xFF, 0xFE, 0xFE, 0xFF, 0xFF, 0xFE, 0xFF,
    0xFF, 0xFF, 0xFF, 0xFF, 0xFF, 0xFF, 0xFF, 0xFF, 0xE3, 0x0B, 0x00, 0x00,
    0x00, 0x00, 0x00, 0x00, 0x00, 0x00, 0x00, 0x00, 0x00, 0x00, 0x00, 0x00,
    0x00, 0x00, 0x00, 0x00, 0x01, 0xFF, 0xFE, 0xFF, 0xFF, 0xFE, 0xFE, 0xFF,
    0xFF, 0xFF, 0xFF, 0xFF, 0xFF, 0xFF, 0xFF, 0xFF, 0xFF, 0xFF, 0xFF, 0xFC,
    0xFF, 0xFF, 0xEC, 0x56, 0x00, 0x00, 0x00, 0x00, 0x00, 0x00, 0x00, 0x00,
    0x00, 0x00, 0x00, 0x00, 0x04, 0x00, 0x00, 0x30, 0xC8, 0xFF, 0xFE, 0xFF,
    0xFF, 0xFF, 0xFF, 0xFF, 0xFF, 0xFF, 0xFF, 0xFF, 0xFF, 0xFF, 0xFF, 0xFF,
    0xFF, 0xFF, 0xFF, 0xFF, 0xFF, 0xFF, 0xFF, 0xC6, 0x33, 0x09, 0x00, 0x04,
    0x00, 0x00, 0x00, 0x00, 0x00, 0x00, 0x00, 0x00, 0x00, 0x0E, 0xB0, 0xFF,
    0xFF, 0xFB, 0xFF, 0xFF, 0xFF, 0xFF, 0xFF, 0xFF, 0xFF, 0xFF, 0xFF, 0xFF,
    0xFF, 0xFF, 0xFF, 0xFF, 0xFF, 0xFF, 0xFF, 0xFF, 0xFF, 0xFF, 0xFE, 0xFF,
    0xFF, 0xFF, 0x0E, 0x00, 0x00, 0x00, 0x00, 0x00, 0x00, 0x00, 0x00, 0x00,
    0x09, 0xFF, 0xFF, 0xFF, 0xFE, 0xFF, 0xFF, 0xFF, 0xFF, 0xFF, 0xFF, 0xFF,
    0xFF, 0xFF, 0xFF, 0xFF, 0xFF, 0xFF, 0xFF, 0xFF, 0xFF, 0xFF, 0xFF, 0xFF,
    0xFF, 0xFF, 0xFF, 0xFF, 0xFE, 0xFF, 0xB0, 0x00, 0x00, 0x00, 0x00, 0x00,
    0x00, 0x00, 0x00, 0x00, 0x33, 0xFF, 0xFE, 0xFF, 0xFF, 0xFF, 0xFF, 0xFF,
    0xFF, 0xFF, 0xFF, 0xFF, 0xFF, 0xFF, 0xFF, 0xFF, 0xFF, 0xFF, 0xFF, 0xFF,
    0xFF, 0xFF, 0xFF, 0xFF, 0xFF, 0xFF, 0xFF, 0xFF, 0xFF, 0xFF, 0xFF, 0x30,
    0x00, 0x00, 0x00, 0x00, 0x00, 0x00, 0x00, 0x56, 0xC6, 0xFF, 0xFF, 0xFF,
    0xFF, 0xFF, 0xFF, 0xFF, 0xFF, 0xFF, 0xFF, 0xFF, 0xFF, 0xFF, 0xFF, 0xFF,
    0xFF, 0xFF, 0xFF, 0xFF, 0xFF, 0xFF, 0xFF, 0xFF, 0xFF, 0xFF, 0xFF, 0xFF,
    0xFF, 0xFE, 0xFF, 0xC8, 0x01, 0x00, 0x05, 0x00, 0x00, 0x00, 0x00, 0xEC,
    0xFF, 0xFE, 0xFF, 0xFF, 0xFF, 0xFF, 0xFF, 0xFF, 0xFF, 0xFF, 0xFF, 0xFF,
    0xFF, 0xFF, 0xFF, 0xFF, 0xFF, 0xFF, 0xFF, 0xFF, 0xFF, 0xFF, 0xFF, 0xFF,
    0xFF, 0xFF, 0xFF, 0xFF, 0xFF, 0xFF, 0xFB, 0xFF, 0xFF, 0x29, 0x00, 0x01,
    0x00, 0x00, 0x0B, 0xFF, 0xFF, 0xFF, 0xFF, 0xFF, 0xFF, 0xFF, 0xFF, 0xFF,
    0xFF, 0xFF, 0xFF, 0xFF, 0xFF, 0xFF, 0xFF, 0xFF, 0xFF, 0xFF, 0xFF, 0xFF,
    0xFF, 0xFF, 0xFF, 0xFF, 0xFF, 0xFF, 0xFF, 0xFF, 0xFF, 0xFF, 0xFF, 0xFE,
    0xFE, 0xD7, 0x0B, 0x00, 0x00, 0x00, 0xE3, 0xFF, 0xFF, 0xFF, 0xFF, 0xFF,
    0xFF, 0xFF, 0xFF, 0xFF, 0xFF, 0xFF, 0xFF, 0xFF, 0xFF, 0xFF, 0xFF, 0xFF,
    0xFF, 0xFF, 0xFF, 0xFF, 0xFF, 0xFF, 0xFF, 0xFF, 0xFF, 0xFF, 0xFF, 0xFF,
    0xFF, 0xFF, 0xFF, 0xFF, 0xFF, 0xCC, 0x00, 0x01, 0x00, 0xFF, 0xFF, 0xFC,
    0xFF, 0xFF, 0xFF, 0xFF, 0xFF, 0xFF, 0xFF, 0xFF, 0xFF, 0xFF, 0xFF, 0xFF,
    0xFF, 0xFF, 0xFF, 0xFF, 0xFF, 0xFF, 0xFF, 0xFF, 0xFF, 0xFF, 0xFF, 0xFF,
    0xFF, 0xFF, 0xFF, 0xFF, 0xFF, 0xFF, 0xFF, 0xFF, 0xFF, 0xF8, 0x21, 0x00,
    0x00, 0xFF, 0xFF, 0xFF, 0xFF, 0xFF, 0xFF, 0xFF, 0xFF, 0xFF, 0xFF, 0xFF,
    0xFF, 0xFF, 0xFF, 0xFF, 0xFF, 0xFF, 0xFF, 0xFF, 0xFF, 0xFF, 0xFF, 0xFF,
    0xFF, 0xFF, 0xFF, 0xFF, 0xFF, 0xFF, 0xFF, 0xFF, 0xFF, 0xFF, 0xFF, 0xFF,
    0xFE, 0xFF, 0xBD, 0x00, 0x00, 0xFF, 0xFF, 0xFF, 0xFF, 0xFF, 0xFF, 0xFF,
    0xFF, 0xFF, 0xFF, 0xFF, 0xFF, 0xFF, 0xFF, 0xFF, 0xFF, 0xFF, 0xFF, 0xFF,
    0xFF, 0xFF, 0xFF, 0xFF, 0xFF, 0xFF, 0xFF, 0xFF, 0xFF, 0xFF, 0xFF, 0xFF,
    0xFF, 0xFF, 0xFF, 0xFF, 0xFE, 0xFE, 0xFF, 0x3C, 0x00, 0xFF, 0xFF, 0xFF,
    0xFF, 0xFF, 0xFF, 0xFF, 0xFF, 0xFF, 0xFF, 0xFF, 0xFF, 0xFF, 0xFF, 0xFF,
    0xFF, 0xFF, 0xFF, 0xFF, 0xFF, 0xFF, 0xFF, 0xFF, 0xFF, 0xFF, 0xFF, 0xFF,
    0xFF, 0xFF, 0xFF, 0xFF, 0xFF, 0xFF, 0xFF, 0xFF, 0xFF, 0xFE, 0xFF, 0xE7,
    0xFF, 0xFF, 0xFF, 0xFF, 0xFF, 0xFF, 0xFF, 0xFF, 0xFF, 0xFF, 0xFF, 0xFF,
    0xFF, 0xFF, 0xFF, 0xFF, 0xFF, 0xFF, 0xFF, 0xFF, 0xFF, 0xFF, 0xFF, 0xFF,
    0xFF, 0xFF, 0xFF, 0xFF, 0xFF, 0xFF, 0xFF, 0xFF, 0xFF, 0xFF, 0xFF, 0xFF,
    0xFF, 0xFF, 0xFF, 0x90, 0xFF, 0xFF, 0xFF, 0xFF, 0xFF, 0xFF, 0xFF, 0xFF,
    0xFF, 0xFF, 0xFF, 0xFF, 0xFF, 0xFF, 0xFF, 0xFF, 0xFF, 0xFF, 0xFF, 0xFF,
    0xFF, 0xFF, 0xFF, 0xFF, 0xFF, 0xFF, 0xFF, 0xFF, 0xFF, 0xFF, 0xFF, 0xFF,
    0xFF, 0xFF, 0xFF, 0xFF, 0xFF, 0xFF, 0xFF, 0x57, 0xEC, 0xFA, 0xFF, 0xFF,
    0xFF, 0xFF, 0xFF, 0xFF, 0xFF, 0xFF, 0xFF, 0xFF, 0xFF, 0xFF, 0xFF, 0xFF,
    0xFF, 0xFF, 0xFF, 0xFF, 0xFF, 0xFF, 0xFF, 0xFF, 0xFF, 0xFF, 0xFF, 0xFF,
    0xFF, 0xFF, 0xFF, 0xFF, 0xFF, 0xFF, 0xFF, 0xFF, 0xFF, 0xFE, 0xFE, 0xFF,
    0x81, 0xFF, 0xFF, 0xFF, 0xFF, 0xFF, 0xFF, 0xFF, 0xFF, 0xFF, 0xFF, 0xFF,
    0xFF, 0xFF, 0xFF, 0xFF, 0xFF, 0xFF, 0xFF, 0xFF, 0xFF, 0xFF, 0xFF, 0xFF,
    0xFF, 0xFF, 0xFF, 0xFF, 0xFF, 0xFF, 0xFF, 0xFF, 0xFF, 0xFF, 0xFF, 0xFF,
    0xFF, 0xFF, 0xFF, 0xCA, 0xCA, 0xFF, 0xFF, 0xFF, 0xFF, 0xFF, 0xFF, 0xFF,
    0xFF, 0xFF, 0xFF, 0xFF, 0xFF, 0xFF, 0xFF, 0xFF, 0xFF, 0xFF, 0xFF, 0xFF,
    0xFF, 0xFF, 0xFF, 0xFF, 0xFF, 0xFF, 0xFF, 0xFF, 0xFF, 0xFF, 0xFF, 0xFF,
    0xFF, 0xFF, 0xFF, 0xFF, 0xFF, 0xFF, 0xFF, 0x81, 0xFF, 0xFE, 0xFE, 0xFF,
    0xFF, 0xFF, 0xFF, 0xFF, 0xFF, 0xFF, 0xFF, 0xFF, 0xFF, 0xFF, 0xFF, 0xFF,
    0xFF, 0xFF, 0xFF, 0xFF, 0xFF, 0xFF, 0xFF, 0xFF, 0xFF, 0xFF, 0xFF, 0xFF,
    0xFF, 0xFF, 0xFF, 0xFF, 0xFF, 0xFF, 0xFF, 0xFF, 0xFF, 0xFF, 0xFA, 0xEC,
    0x57, 0xFF, 0xFF, 0xFF, 0xFF, 0xFF, 0xFF, 0xFF, 0xFF, 0xFF, 0xFF, 0xFF,
    0xFF, 0xFF, 0xFF, 0xFF, 0xFF, 0xFF, 0xFF, 0xFF, 0xFF, 0xFF, 0xFF, 0xFF,
    0xFF, 0xFF, 0xFF, 0xFF, 0xFF, 0xFF, 0xFF, 0xFF, 0xFF, 0xFF, 0xFF, 0xFF,
    0xFF, 0xFF, 0xFF, 0xFF, 0x90, 0xFF, 0xFF, 0xFF, 0xFF, 0xFF, 0xFF, 0xFF,
    0xFF, 0xFF, 0xFF, 0xFF, 0xFF, 0xFF, 0xFF, 0xFF, 0xFF, 0xFF, 0xFF, 0xFF,
    0xFF, 0xFF, 0xFF, 0xFF, 0xFF, 0xFF, 0xFF, 0xFF, 0xFF, 0xFF, 0xFF, 0xFF,
    0xFF, 0xFF, 0xFF, 0xFF, 0xFF, 0xFF, 0xFF, 0xFF, 0xE7, 0xFF, 0xFE, 0xFF,
    0xFF, 0xFF, 0xFF, 0xFF, 0xFF, 0xFF, 0xFF, 0xFF, 0xFF, 0xFF, 0xFF, 0xFF,
    0xFF, 0xFF, 0xFF, 0xFF, 0xFF, 0xFF, 0xFF, 0xFF, 0xFF, 0xFF, 0xFF, 0xFF,
    0xFF, 0xFF, 0xFF, 0xFF, 0xFF, 0xFF, 0xFF, 0xFF, 0xFF, 0xFF, 0xFF, 0x00,
    0x3C, 0xFF, 0xFE, 0xFE, 0xFF, 0xFF, 0xFF, 0xFF, 0xFF, 0xFF, 0xFF, 0xFF,
    0xFF, 0xFF, 0xFF, 0xFF, 0xFF, 0xFF, 0xFF, 0xFF, 0xFF, 0xFF, 0xFF, 0xFF,
    0xFF, 0xFF, 0xFF, 0xFF, 0xFF, 0xFF, 0xFF, 0xFF, 0xFF, 0xFF, 0xFF, 0xFF,
    0xFF, 0xFF, 0xFF, 0x00, 0x00, 0xBD, 0xFF, 0xFE, 0xFF, 0xFF, 0xFF, 0xFF,
    0xFF, 0xFF, 0xFF, 0xFF, 0xFF, 0xFF, 0xFF, 0xFF, 0xFF, 0xFF, 0xFF, 0xFF,
    0xFF, 0xFF, 0xFF, 0xFF, 0xFF, 0xFF, 0xFF, 0xFF, 0xFF, 0xFF, 0xFF, 0xFF,
    0xFF, 0xFF, 0xFF, 0xFF, 0xFF, 0xFF, 0xFF, 0x00, 0x00, 0x21, 0xF8, 0xFF,
    0xFF, 0xFF, 0xFF, 0xFF, 0xFF, 0xFF, 0xFF, 0xFF, 0xFF, 0xFF, 0xFF, 0xFF,
    0xFF, 0xFF, 0xFF, 0xFF, 0xFF, 0xFF, 0xFF, 0xFF, 0xFF, 0xFF, 0xFF, 0xFF,
    0xFF, 0xFF, 0xFF, 0xFF, 0xFF, 0xFF, 0xFF, 0xFF, 0xFC, 0xFF, 0xFF, 0x00,
    0x01, 0x00, 0xCC, 0xFF, 0xFF, 0xFF, 0xFF, 0xFF, 0xFF, 0xFF, 0xFF, 0xFF,
    0xFF, 0xFF, 0xFF, 0xFF, 0xFF, 0xFF, 0xFF, 0xFF, 0xFF, 0xFF, 0xFF, 0xFF,
    0xFF, 0xFF, 0xFF, 0xFF, 0xFF, 0xFF, 0xFF, 0xFF, 0xFF, 0xFF, 0xFF, 0xFF,
    0xFF, 0xE3, 0x00, 0x00, 0x00, 0x0B, 0xD7, 0xFE, 0xFE, 0xFF, 0xFF, 0xFF,
    0xFF, 0xFF, 0xFF, 0xFF, 0xFF, 0xFF, 0xFF, 0xFF, 0xFF, 0xFF, 0xFF, 0xFF,
    0xFF, 0xFF, 0xFF, 0xFF, 0xFF, 0xFF, 0xFF, 0xFF, 0xFF, 0xFF, 0xFF, 0xFF,
    0xFF, 0xFF, 0xFF, 0xFF, 0xFF, 0x0B, 0x00, 0x00, 0x01, 0x00, 0x29, 0xFF,
    0xFF, 0xFB, 0xFF, 0xFF, 0xFF, 0xFF, 0xFF, 0xFF, 0xFF, 0xFF, 0xFF, 0xFF,
    0xFF, 0xFF, 0xFF, 0xFF, 0xFF, 0xFF, 0xFF, 0xFF, 0xFF, 0xFF, 0xFF, 0xFF,
    0xFF, 0xFF, 0xFF, 0xFF, 0xFF, 0xFF, 0xFE, 0xFF, 0xEC, 0x00, 0x00, 0x00,
    0x00, 0x05, 0x00, 0x01, 0xC8, 0xFF, 0xFE, 0xFF, 0xFF, 0xFF, 0xFF, 0xFF,
    0xFF, 0xFF, 0xFF, 0xFF, 0xFF, 0xFF, 0xFF, 0xFF, 0xFF, 0xFF, 0xFF, 0xFF,
    0xFF, 0xFF, 0xFF, 0xFF, 0xFF, 0xFF, 0xFF, 0xFF, 0xFF, 0xFF, 0xFF, 0xC6,
    0x56, 0x00, 0x00, 0x00, 0x00, 0x00, 0x00, 0x00, 0x30, 0xFF, 0xFF, 0xFF,
    0xFF, 0xFF, 0xFF, 0xFF, 0xFF, 0xFF, 0xFF, 0xFF, 0xFF, 0xFF, 0xFF, 0xFF,
    0xFF, 0xFF, 0xFF, 0xFF, 0xFF, 0xFF, 0xFF, 0xFF, 0xFF, 0xFF, 0xFF, 0xFF,
    0xFF, 0xFE, 0xFF, 0x33, 0x00, 0x00, 0x00, 0x00, 0x00, 0x00, 0x00, 0x00,
    0x00, 0xB0, 0xFF, 0xFE, 0xFF, 0xFF, 0xFF, 0xFF, 0xFF, 0xFF, 0xFF, 0xFF,
    0xFF, 0xFF, 0xFF, 0xFF, 0xFF, 0xFF, 0xFF, 0xFF, 0xFF, 0xFF, 0xFF, 0xFF,
    0xFF, 0xFF, 0xFF, 0xFE, 0xFF, 0xFF, 0xFF, 0x09, 0x00, 0x00, 0x00, 0x00,
    0x00, 0x00, 0x00, 0x00, 0x00, 0x0E, 0xFF, 0xFF, 0xFF, 0xFE, 0xFF, 0xFF,
    0xFF, 0xFF, 0xFF, 0xFF, 0xFF, 0xFF, 0xFF, 0xFF, 0xFF, 0xFF, 0xFF, 0xFF,
    0xFF, 0xFF, 0xFF, 0xFF, 0xFF, 0xFF, 0xFB, 0xFF, 0xFF, 0xB0, 0x0E, 0x00,
    0x00, 0x00, 0x00, 0x00, 0x00, 0x00, 0x00, 0x00, 0x04, 0x00, 0x09, 0x33,
    0xC6, 0xFF, 0xFF, 0xFF, 0xFF, 0xFF, 0xFF, 0xFF, 0xFF, 0xFF, 0xFF, 0xFF,
    0xFF, 0xFF, 0xFF, 0xFF, 0xFF, 0xFF, 0xFF, 0xFF, 0xFF, 0xFE, 0xFF, 0xC8,
    0x30, 0x00, 0x00, 0x04, 0x00, 0x00, 0x00, 0x00, 0x00, 0x00, 0x00, 0x00,
    0x00, 0x00, 0x00, 0x00, 0x56, 0xEC, 0xFF, 0xFF, 0xFC, 0xFF, 0xFF, 0xFF,
    0xFF, 0xFF, 0xFF, 0xFF, 0xFF, 0xFF, 0xFF, 0xFF, 0xFF, 0xFE, 0xFE, 0xFF,
    0xFF, 0xFE, 0xFF, 0x01, 0x00, 0x00, 0x00, 0x00, 0x00, 0x00, 0x00, 0x00,
    0x00, 0x00, 0x00, 0x00, 0x00, 0x00, 0x00, 0x00, 0x00, 0x00, 0x0B, 0xE3,
    0xFF, 0xFF, 0xFF, 0xFF, 0xFF, 0xFF, 0xFF, 0xFF, 0xFF, 0xFE, 0xFF, 0xFF,
    0xFE, 0xFE, 0xFF, 0xF8, 0xCC, 0xD7, 0x29, 0x00, 0x00, 0x00, 0x00, 0x00,
    0x00, 0x00, 0x00, 0x00, 0x00, 0x00, 0x00, 0x00, 0x00, 0x00, 0x00, 0x00,
    0x00, 0x00, 0x00, 0x00, 0xFF, 0xFF, 0xFF, 0xFF, 0xFF, 0xFF, 0xFA, 0xFF,
    0xFF, 0xFE, 0xFF, 0xFF, 0xFF, 0xFF, 0xBD, 0x21, 0x00, 0x0B, 0x00, 0x05,
    0x00, 0x00, 0x00, 0x00, 0x00, 0x00, 0x00, 0x00, 0x00, 0x00, 0x00, 0x00,
    0x00, 0x00, 0x00, 0x00, 0x00, 0x00, 0x00, 0x00, 0x00, 0x00, 0x00, 0x00,
    0xFF, 0xFF, 0xEC, 0x81, 0xCA, 0xFF, 0x57, 0x90, 0xE7, 0x3C, 0x00, 0x00,
    0x01, 0x00, 0x01, 0x00, 0x00, 0x00, 0x00, 0x00, 0x00, 0x00, 0x00, 0x00,
  },
  { /* frame 20 */
    0x00, 0x00, 0x00, 0x00, 0x00, 0x00, 0x00, 0x00, 0x00, 0x00, 0x00, 0x00,
    0x00, 0x00, 0x00, 0x00, 0x00, 0x00, 0x00, 0x00, 0x00, 0xF8, 0x00, 0xF8,
    0x00, 0x00, 0x28, 0xCA, 0x08, 0xD2, 0x28, 0xD2, 0x08, 0xD2, 0x28, 0xD2,
    0x28, 0xD2, 0x49, 0xE2, 0xAA, 0xFA, 0x28, 0xD2, 0x28, 0xD2, 0x08, 0xD2,
    0x28, 0xD2, 0x00, 0x00, 0x00, 0x00, 0x00, 0x00, 0x00, 0x00, 0x00, 0x00,
    0x00, 0x00, 0x00, 0x00, 0x00, 0x00, 0x00, 0x00, 0x00, 0x00, 0x00, 0x00,
    0x00, 0x00, 0x00, 0x00, 0x00, 0x00, 0x00, 0x00, 0x00, 0x00, 0x00, 0x00,
    0x00, 0x00, 0x00, 0x00, 0x00, 0x00, 0x00, 0x00, 0x00, 0x00, 0x00, 0x00,
    0x00, 0x00, 0x00, 0x00, 0x00, 0x00, 0x00, 0x00, 0xC7, 0xD1, 0x28, 0xD2,
    0xAA, 0xFA, 0x69, 0xEA, 0x69, 0xEA, 0x49, 0xE2, 0x28, 0xD2, 0x28, 0xDA,
    0x28, 0xD2, 0x49, 0xE2, 0x49, 0xE2, 0x49, 0xEA, 0x69, 0xF2, 0x28, 0xD2,
    0x28, 0xD2, 0x49, 0xE2, 0x00, 0x00, 0x00, 0x00, 0x00, 0x00, 0x00, 0x00,
    0x00, 0x00, 0x00, 0x00, 0x00, 0x00, 0x00, 0x00, 0x00, 0x00, 0x00, 0x00,
    0x00, 0x00, 0x00, 0x00, 0x00, 0x00, 0x00, 0x00, 0x00, 0x00, 0x00, 0x00,
    0x00, 0x00, 0x00, 0x00, 0x00, 0x00, 0x00, 0x00, 0x00, 0x00, 0x08, 0xD2,
    0x28, 0xD2, 0x28, 0xD2, 0x8A, 0xFA, 0x28, 0xDA, 0x28, 0xD2, 0x28, 0xD2,
    0x28, 0xD2, 0x28, 0xD2, 0x28, 0xD2, 0x28, 0xD2, 0x28, 0xD2, 0x28, 0xD2,
    0x28, 0xD2, 0x28, 0xD2, 0x28, 0xD2, 0x49, 0xE2, 0x28, 0xD2, 0x28, 0xD2,
    0x28, 0xD2, 0x28, 0xD2, 0x00, 0x00, 0x00, 0x00, 0x00, 0x00, 0x00, 0x00,
    0x00, 0x00, 0x00, 0x00, 0x00, 0x00, 0x00, 0x00, 0x00, 0x00, 0x00, 0x00,
    0x00, 0x00, 0x00, 0x00, 0x00, 0x00, 0x00, 0x00, 0x00, 0x00, 0x00, 0x00,
    0x00, 0xF8, 0x00, 0x00, 0x28, 0xD2, 0xAA, 0xFA, 0x28, 0xD2, 0x28, 0xDA,
    0x28, 0xD2, 0x28, 0xD2, 0x28, 0xD2, 0x28, 0xD2, 0x28, 0xD2, 0x28, 0xD2,
    0x28, 0xD2, 0x28, 0xD2, 0x28, 0xD2, 0x28, 0xD2, 0x28, 0xD2, 0x28, 0xD2,
    0x28, 0xD2, 0x28, 0xD2, 0x28, 0xD2, 0x28, 0xD2, 0x28, 0xD2, 0x28, 0xD2,
    0x28, 0xD2, 0x00, 0x00, 0x00, 0x00, 0x00, 0x00, 0x00, 0x00, 0x00, 0x00,
    0x00, 0x00, 0x00, 0x00, 0x00, 0x00, 0x00, 0x00, 0x00, 0x00, 0x00, 0x00,
    0x00, 0x00, 0x00, 0x00, 0x00, 0x00, 0x00, 0x00, 0xE7, 0xD1, 0x08, 0xD2,
    0x28, 0xD2, 0x49, 0xE2, 0x28, 0xD2, 0x28, 0xD2, 0x28, 0xD2, 0x28, 0xD2,
    0x28, 0xD2, 0x28, 0xD2, 0x28, 0xD2, 0x28, 0xD2, 0x28, 0xD2, 0x28, 0xD2,
    0x28, 0xD2, 0x28, 0xD2, 0x28, 0xD2, 0x28, 0xD2, 0x28, 0xD2, 0x28, 0xD2,
    0x28, 0xD2, 0x28, 0xD2, 0x28, 0xD2, 0x28, 0xD2, 0x28, 0xD2, 0x28, 0xD2,
    0x69, 0xF2, 0x00, 0x00, 0x00, 0x00, 0x00, 0x00, 0x00, 0x00, 0x00, 0x00,
    0x00, 0x00, 0x00, 0x00, 0x00, 0x00, 0x00, 0x00, 0x00, 0x00, 0x00, 0x00,
    0x00, 0x00, 0x00, 0x00, 0x08, 0xD2, 0xAA, 0xFA, 0x49, 0xDA, 0x28, 0xD2,
    0x28, 0xD2, 0x28, 0xD2, 0x28, 0xD2, 0x28, 0xD2, 0x28, 0xD2, 0x28, 0xD2,
    0x28, 0xD2, 0x28, 0xD2, 0x28, 0xD2, 0x28, 0xD2, 0x28, 0xD2, 0x28, 0xD2,
    0x28, 0xD2, 0x28, 0xD2, 0x28, 0xD2, 0x28, 0xD2, 0x28, 0xD2, 0x28, 0xD2,
    0x28, 0xD2, 0x28, 0xD2, 0x28, 0xD2, 0x28, 0xD2, 0x28, 0xD2, 0x08, 0xD2,
    0x00, 0x00, 0x00, 0x00, 0x00, 0x00, 0x00, 0x00, 0x00, 0x00, 0x00, 0x00,
    0x00, 0x00, 0x00, 0x00, 0x00, 0x00, 0x00, 0x00, 0x00, 0x00, 0x08, 0xD2,
    0x49, 0xE2, 0x28, 0xD2, 0x28, 0xD2, 0x28, 0xD2, 0x28, 0xD2, 0x28, 0xD2,
    0x28, 0xD2, 0x28, 0xD2, 0x28, 0xD2, 0x28, 0xD2, 0x69, 0xFA, 0x08, 0xCA,
    0x69, 0xF2, 0x28, 0xD2, 0x28, 0xDA, 0x28, 0xD2, 0x49, 0xEA, 0x28, 0xDA,
    0x49, 0xE2, 0x28, 0xD2, 0x28, 0xD2, 0x28, 0xD2, 0x28, 0xD2, 0x28, 0xD2,
    0x28, 0xD2, 0x28, 0xD2, 0x49, 0xE2, 0x49, 0xE2, 0x08, 0xD2, 0xE7, 0xD1,
    0x00, 0xF8, 0x00, 0x00, 0x00, 0x00, 0x00, 0x00, 0x00, 0x00, 0x00, 0x00,
    0x00, 0x00, 0x00, 0x00, 0x69, 0xF2, 0x28, 0xD2, 0x49, 0xE2, 0x28, 0xD2,
    0x28, 0xD2, 0x28, 0xD2, 0x28, 0xD2, 0x28, 0xD2, 0x28, 0xD2, 0x28, 0xD2,
    0x69, 0xFA, 0xA6, 0x91, 0x24, 0x59, 0x82, 0x10, 0x66, 0x79, 0x28, 0xDA,
    0x69, 0xFA, 0x45, 0x71, 0x86, 0x81, 0xC7, 0xA9, 0x65, 0x71, 0x48, 0xE2,
    0x49, 0xEA, 0x28, 0xD2, 0x28, 0xD2, 0x28, 0xD2, 0x28, 0xD2, 0x28, 0xD2,
    0x28, 0xD2, 0x28, 0xD2, 0xAA, 0xFA, 0x08, 0xD2, 0x00, 0x00, 0x00, 0x00,
    0x00, 0x00, 0x00, 0x00, 0x00, 0x00, 0x00, 0x00, 0x00, 0x00, 0x00, 0x00,
    0x28, 0xD2, 0x28, 0xD2, 0x28, 0xD2, 0x28, 0xD2, 0x28, 0xD2, 0x28, 0xD2,
    0x28, 0xD2, 0x49, 0xE2, 0x08, 0xCA, 0x28, 0xDA, 0xA7, 0x99, 0xC3, 0x28,
    0x62, 0x00, 0x62, 0x00, 0xE4, 0x38, 0x8A, 0xFA, 0xE7, 0xB9, 0x41, 0x00,
    0x41, 0x00, 0x82, 0x10, 0x41, 0x00, 0xE4, 0x38, 0xA6, 0x99, 0x49, 0xEA,
    0x48, 0xE2, 0x28, 0xD2, 0x28, 0xD2, 0x28, 0xD2, 0x28, 0xD2, 0x28, 0xD2,
    0x49, 0xDA, 0x28, 0xD2, 0x28, 0xD2, 0x00, 0x00, 0x00, 0x00, 0x00, 0x00,
    0x00, 0x00, 0x00, 0x00, 0x00, 0x00, 0x28, 0xD2, 0x28, 0xD2, 0x28, 0xD2,
    0x28, 0xD2, 0x28, 0xD2, 0x28, 0xD2, 0x28, 0xD2, 0x28, 0xD2, 0x49, 0xEA,
    0xC3, 0x28, 0x82, 0x10, 0x41, 0x00, 0x82, 0x00, 0x82, 0x10, 0x82, 0x08,
    0x41, 0x00, 0xE7, 0xB9, 0x8A, 0xFA, 0xE4, 0x40, 0x82, 0x08, 0x82, 0x10,
    0x82, 0x10, 0x62, 0x00, 0x62, 0x00, 0x24, 0x51, 0xC7, 0xB1, 0x49, 0xE2,
    0x28, 0xD2, 0x28, 0xD2, 0x28, 0xD2, 0x28, 0xD2, 0x28, 0xD2, 0x49, 0xE2,
    0xAA, 0xFA, 0x08, 0xD2, 0x00, 0x00, 0x00, 0x00, 0x00, 0x00, 0x00, 0x00,
    0x28, 0xD2, 0x28, 0xD2, 0x28, 0xD2, 0x28, 0xD2, 0x28, 0xD2, 0x28, 0xD2,
    0x28, 0xD2, 0x49, 0xEA, 0x49, 0xEA, 0xA6, 0x99, 0x42, 0x00, 0x82, 0x10,
    0x82, 0x10, 0x82, 0x10, 0x82, 0x10, 0x62, 0x00, 0x45, 0x61, 0xAA, 0xFA,
    0xE7, 0xB1, 0x41, 0x00, 0x82, 0x08, 0x82, 0x10, 0x82, 0x10, 0x82, 0x10,
    0x82, 0x10, 0x42, 0x00, 0xA3, 0x20, 0x49, 0xEA, 0x28, 0xD2, 0x28, 0xD2,
    0x28, 0xD2, 0x28, 0xD2, 0x28, 0xD2, 0x28, 0xD2, 0x28, 0xD2, 0x28, 0xD2,
    0x00, 0x00, 0x00, 0xF8, 0x00, 0x00, 0x00, 0x00, 0x28, 0xD2, 0x28, 0xD2,
    0x28, 0xD2, 0x28, 0xD2, 0x28, 0xD2, 0x28, 0xD2, 0x28, 0xD2, 0xE7, 0xB9,
    0x82, 0x10, 0x82, 0x08, 0x82, 0x00, 0x82, 0x10, 0x82, 0x10, 0x82, 0x10,
    0x82, 0x10, 0x82, 0x08, 0xC3, 0x20, 0x86, 0x89, 0x69, 0xF2, 0xC3, 0x28,
    0x82, 0x10, 0x82, 0x10, 0x82, 0x10, 0x82, 0x10, 0x82, 0x10, 0xA2, 0x10,
    0xA3, 0x18, 0xA6, 0x91, 0x28, 0xE2, 0x28, 0xD2, 0x28, 0xD2, 0x28, 0xD2,
    0x28, 0xD2, 0x28, 0xD2, 0x28, 0xDA, 0x28, 0xD2, 0x00, 0x00, 0x00, 0xF8,
    0x00, 0x00, 0x49, 0xE2, 0x28, 0xD2, 0x28, 0xD2, 0x28, 0xD2, 0x28, 0xD2,
    0x28, 0xD2, 0x28, 0xD2, 0x28, 0xD2, 0x49, 0xEA, 0xA6, 0x99, 0x04, 0x41,
    0x62, 0x00, 0x82, 0x00, 0x82, 0x10, 0x82, 0x10, 0x82, 0x10, 0x82, 0x10,
    0x82, 0x00, 0x42, 0x00, 0xE4, 0x40, 0x82, 0x08, 0x82, 0x08, 0x82, 0x10,
    0x82, 0x10, 0x82, 0x10, 0x82, 0x10, 0x82, 0x08, 0x62, 0x00, 0x41, 0x00,
    0xE7, 0xB9, 0x28, 0xDA, 0x28, 0xD2, 0x28, 0xD2, 0x28, 0xD2, 0x28, 0xD2,
    0x28, 0xD2, 0x8A, 0xFA, 0xC7, 0xD1, 0x00, 0x00, 0x00, 0x00, 0x28, 0xD2,
    0x28, 0xD2, 0x28, 0xD2, 0x28, 0xD2, 0x28, 0xD2, 0x28, 0xD2, 0x28, 0xDA,
    0x28, 0xDA, 0x28, 0xDA, 0x49, 0xE2, 0x49, 0xEA, 0x86, 0x89, 0xC3, 0x28,
    0x62, 0x00, 0x82, 0x10, 0x82, 0x10, 0x82, 0x10, 0x82, 0x10, 0x82, 0x10,
    0x82, 0x08, 0x82, 0x10, 0x82, 0x10, 0x82, 0x10, 0x82, 0x10, 0x82, 0x10,
    0x82, 0x10, 0x41, 0x00, 0x04, 0x51, 0x66, 0x79, 0x69, 0xF2, 0x28, 0xD2,
    0x28, 0xD2, 0x28, 0xD2, 0x28, 0xD2, 0x28, 0xD2, 0x28, 0xD2, 0x28, 0xDA,
    0x28, 0xD2, 0x28, 0xCA, 0x00, 0x00, 0x28, 0xD2, 0x49, 0xE2, 0x28, 0xD2,
    0x28, 0xD2, 0x28, 0xD2, 0x28, 0xD2, 0x48, 0xE2, 0x86, 0x89, 0x28, 0xDA,
    0x49, 0xEA, 0x28, 0xD2, 0x69, 0xFA, 0xE7, 0xB9, 0x82, 0x10, 0x82, 0x10,
    0x82, 0x10, 0x82, 0x10, 0x82, 0x10, 0x82, 0x10, 0x82, 0x10, 0x82, 0x10,
    0x82, 0x10, 0x82, 0x10, 0x82, 0x10, 0x62, 0x00, 0xE3, 0x30, 0xE4, 0x38,
    0x89, 0xFA, 0x28, 0xD2, 0x69, 0xFA, 0x28, 0xD2, 0x69, 0xF2, 0x28, 0xD2,
    0x28, 0xD2, 0x28, 0xD2, 0x28, 0xD2, 0x28, 0xD2, 0xAA, 0xFA, 0x08, 0xD2,
    0x28, 0xD2, 0x69, 0xF2, 0x28, 0xD2, 0x28, 0xD2, 0x28, 0xD2, 0x28, 0xD2,
    0x49, 0xE2, 0x65, 0x71, 0x00, 0x00, 0xC3, 0x28, 0x86, 0x91, 0x49, 0xEA,
    0x89, 0xFA, 0x25, 0x59, 0x42, 0x00, 0x82, 0x10, 0x82, 0x10, 0x82, 0x10,
    0x82, 0x08, 0x62, 0x08, 0xC3, 0x10, 0x62, 0x08, 0x82, 0x08, 0x82, 0x10,
    0x82, 0x10, 0x82, 0x10, 0xA6, 0x99, 0x49, 0xEA, 0xAA, 0xFA, 0x86, 0x89,
    0x04, 0x51, 0x82, 0x08, 0xA6, 0x91, 0x28, 0xD2, 0x28, 0xD2, 0x28, 0xD2,
    0x28, 0xD2, 0x28, 0xD2, 0x69, 0xEA, 0x28, 0xD2, 0x08, 0xD2, 0x49, 0xEA,
    0x28, 0xD2, 0x28, 0xD2, 0x28, 0xD2, 0x28, 0xD2, 0x28, 0xDA, 0xC7, 0xA9,
    0x82, 0x10, 0x82, 0x08, 0x62, 0x00, 0x04, 0x49, 0x86, 0x81, 0x62, 0x00,
    0x82, 0x10, 0x82, 0x10, 0x62, 0x08, 0xE4, 0x18, 0x25, 0x21, 0x46, 0x29,
    0x87, 0x31, 0x25, 0x21, 0xC3, 0x10, 0x62, 0x08, 0x82, 0x10, 0x82, 0x08,
    0x41, 0x00, 0x04, 0x49, 0xA6, 0x99, 0x82, 0x08, 0x82, 0x08, 0x62, 0x00,
    0x24, 0x59, 0x69, 0xFA, 0x28, 0xD2, 0x28, 0xD2, 0x28, 0xD2, 0x28, 0xD2,
    0x69, 0xEA, 0x08, 0xD2, 0x28, 0xD2, 0x49, 0xE2, 0x28, 0xD2, 0x28, 0xD2,
    0x28, 0xD2, 0x28, 0xD2, 0x49, 0xF2, 0x86, 0x91, 0x41, 0x00, 0x82, 0x10,
    0x82, 0x10, 0x62, 0x00, 0x82, 0x08, 0x82, 0x08, 0x82, 0x10, 0x82, 0x08,
    0xC3, 0x10, 0x86, 0x29, 0x66, 0x29, 0x66, 0x29, 0x66, 0x29, 0x66, 0x29,
    0x86, 0x29, 0xE4, 0x18, 0x82, 0x10, 0x82, 0x10, 0x82, 0x10, 0x62, 0x00,
    0x82, 0x08, 0x82, 0x00, 0x82, 0x10, 0x62, 0x00, 0x82, 0x10, 0x08, 0xCA,
    0x28, 0xD2, 0x28, 0xD2, 0x28, 0xD2, 0x28, 0xD2, 0x49, 0xE2, 0x28, 0xD2,
    0x28, 0xD2, 0x49, 0xE2, 0x28, 0xD2, 0x28, 0xD2, 0x28, 0xD2, 0x28, 0xDA,
    0x08, 0xCA, 0x82, 0x08, 0x82, 0x08, 0x82, 0x10, 0x82, 0x10, 0x82, 0x10,
    0x82, 0x10, 0x82, 0x10, 0x82, 0x10, 0x62, 0x08, 0x25, 0x21, 0x66, 0x29,
    0x66, 0x29, 0x66, 0x29, 0x66, 0x29, 0x66, 0x29, 0x66, 0x29, 0x25, 0x21,
    0x82, 0x08, 0x82, 0x10, 0x82, 0x10, 0x82, 0x10, 0x82, 0x10, 0x82, 0x10,
    0x82, 0x10, 0x62, 0x00, 0x86, 0x89, 0x89, 0xFA, 0x28, 0xD2, 0x28, 0xD2,
    0x28, 0xD2, 0x28, 0xD2, 0x28, 0xD2, 0x28, 0xD2, 0xAA, 0xFA, 0x28, 0xD2,
    0x28, 0xD2, 0x28, 0xD2, 0x28, 0xD2, 0x08, 0xD2, 0x28, 0xDA, 0xA3, 0x18,
    0x82, 0x10, 0x82, 0x10, 0x82, 0x10, 0x82, 0x10, 0x82, 0x10, 0x82, 0x10,
    0x82, 0x10, 0xC3, 0x10, 0x87, 0x31, 0x66, 0x29, 0x66, 0x29, 0x66, 0x29,
    0x66, 0x29, 0x66, 0x29, 0x66, 0x29, 0x46, 0x29, 0x62, 0x08, 0x82, 0x10,
    0x82, 0x10, 0x82, 0x10, 0x82, 0x10, 0x82, 0x10, 0x82, 0x10, 0x82, 0x00,
    0x04, 0x41, 0x28, 0xE2, 0x28, 0xD2, 0x28, 0xD2, 0x28, 0xD2, 0x28, 0xD2,
    0x28, 0xDA, 0x49, 0xE2, 0x49, 0xE2, 0x28, 0xDA, 0x28, 0xD2, 0x28, 0xD2,
    0x28, 0xD2, 0x28, 0xD2, 0x28, 0xE2, 0x04, 0x41, 0x82, 0x00, 0x82, 0x10,
    0x82, 0x10, 0x82, 0x10, 0x82, 0x10, 0x82, 0x10, 0x82, 0x10, 0x62, 0x08,
    0x46, 0x29, 0x66, 0x29, 0x66, 0x29, 0x66, 0x29, 0x66, 0x29, 0x66, 0x29,
    0x66, 0x29, 0x87, 0x31, 0xC3, 0x10, 0x82, 0x10, 0x82, 0x10, 0x82, 0x10,
    0x82, 0x10, 0x82, 0x10, 0x82, 0x10, 0x82, 0x10, 0xA3, 0x18, 0x28, 0xDA,
    0x08, 0xD2, 0x28, 0xD2, 0x28, 0xD2, 0x28, 0xD2, 0x28, 0xD2, 0xAA, 0xFA,
    0x28, 0xD2, 0x28, 0xD2, 0x28, 0xD2, 0x28, 0xD2, 0x28, 0xD2, 0x28, 0xD2,
    0x89, 0xFA, 0x86, 0x89, 0x62, 0x00, 0x82, 0x10, 0x82, 0x10, 0x82, 0x10,
    0x82, 0x10, 0x82, 0x10, 0x82, 0x10, 0x82, 0x08, 0x25, 0x21, 0x66, 0x29,
    0x66, 0x29, 0x66, 0x29, 0x66, 0x29, 0x66, 0x29, 0x66, 0x29, 0x25, 0x21,
    0x62, 0x08, 0x82, 0x10, 0x82, 0x10, 0x82, 0x10, 0x82, 0x10, 0x82, 0x10,
    0x82, 0x10, 0x82, 0x08, 0x82, 0x08, 0x08, 0xCA, 0x28, 0xDA, 0x28, 0xD2,
    0x28, 0xD2, 0x28, 0xD2, 0x49, 0xE2, 0x28, 0xD2, 0x28, 0xD2, 0x49, 0xE2,
    0x28, 0xD2, 0x28, 0xD2, 0x28, 0xD2, 0x28, 0xD2, 0x08, 0xCA, 0x82, 0x10,
    0x62, 0x00, 0x82, 0x10, 0x82, 0x00, 0x82, 0x08, 0x62, 0x00, 0x82, 0x10,
    0x82, 0x10, 0x82, 0x10, 0xE4, 0x18, 0x86, 0x29, 0x66, 0x29, 0x66, 0x29,
    0x66, 0x29, 0x66, 0x29, 0x86, 0x29, 0xC3, 0x10, 0x82, 0x08, 0x82, 0x10,
    0x82, 0x10, 0x82, 0x08, 0xA3, 0x18, 0x62, 0x00, 0x62, 0x00, 0x41, 0x00,
    0x86, 0x91, 0x49, 0xF2, 0x28, 0xD2, 0x28, 0xD2, 0x28, 0xD2, 0x28, 0xD2,
    0x49, 0xE2, 0x28, 0xD2, 0x08, 0xD2, 0x69, 0xEA, 0x28, 0xD2, 0x28, 0xD2,
    0x28, 0xD2, 0x28, 0xD2, 0x69, 0xFA, 0x24, 0x59, 0x62, 0x00, 0x82, 0x08,
    0x82, 0x08, 0xA6, 0x99, 0x04, 0x49, 0x41, 0x00, 0x82, 0x08, 0x82, 0x10,
    0x62, 0x08, 0xC3, 0x10, 0x25, 0x21, 0x87, 0x31, 0x46, 0x29, 0x25, 0x21,
    0xE4, 0x18, 0x62, 0x08, 0x82, 0x10, 0x82, 0x10, 0x82, 0x10, 0x42, 0x00,
    0xA6, 0x99, 0xE7, 0xB9, 0x04, 0x49, 0x62, 0x00, 0xA7, 0xA1, 0x28, 0xDA,
    0x28, 0xD2, 0x28, 0xD2, 0x28, 0xD2, 0x28, 0xD2, 0x49, 0xEA, 0x08, 0xD2,
    0x28, 0xD2, 0x69, 0xEA, 0x28, 0xD2, 0x28, 0xD2, 0x28, 0xD2, 0x28, 0xD2,
    0x28, 0xD2, 0xA6, 0x91, 0x82, 0x08, 0x04, 0x51, 0x86, 0x89, 0xAA, 0xFA,
    0x49, 0xEA, 0xA6, 0x99, 0x82, 0x10, 0x82, 0x10, 0x82, 0x10, 0x82, 0x08,
    0x62, 0x08, 0xC3, 0x10, 0x62, 0x08, 0x82, 0x08, 0x82, 0x10, 0x82, 0x10,
    0x82, 0x10, 0x82, 0x10, 0x62, 0x00, 0x04, 0x49, 0x49, 0xEA, 0x49, 0xE2,
    0x49, 0xEA, 0x65, 0x79, 0x86, 0x81, 0x49, 0xEA, 0x28, 0xD2, 0x28, 0xD2,
    0x28, 0xD2, 0x28, 0xD2, 0x69, 0xF2, 0x28, 0xD2, 0x08, 0xD2, 0xAA, 0xFA,
    0x28, 0xD2, 0x28, 0xD2, 0x28, 0xD2, 0x28, 0xD2, 0x28, 0xD2, 0x69, 0xF2,
    0x28, 0xD2, 0x69, 0xFA, 0x28, 0xD2, 0x89, 0xFA, 0xE4, 0x38, 0xE3, 0x30,
    0x62, 0x00, 0x82, 0x10, 0x82, 0x10, 0x82, 0x10, 0x82, 0x10, 0x82, 0x10,
    0x82, 0x10, 0x82, 0x10, 0x82, 0x10, 0x82, 0x10, 0x82, 0x10, 0x82, 0x10,
    0x82, 0x10, 0x24, 0x59, 0x49, 0xE2, 0x49, 0xEA, 0x28, 0xD2, 0x49, 0xEA,
    0x28, 0xD2, 0x28, 0xD2, 0x28, 0xD2, 0x28, 0xD2, 0x28, 0xD2, 0x49, 0xE2,
    0x28, 0xD2, 0x00, 0x00, 0x28, 0xCA, 0x28, 0xD2, 0x28, 0xDA, 0x28, 0xD2,
    0x28, 0xD2, 0x28, 0xD2, 0x28, 0xD2, 0x28, 0xD2, 0x28, 0xD2, 0x69, 0xF2,
    0x66, 0x79, 0x04, 0x51, 0x41, 0x00, 0x82, 0x10, 0x82, 0x10, 0x82, 0x10,
    0x82, 0x10, 0x82, 0x10, 0x82, 0x10, 0x82, 0x08, 0x82, 0x10, 0x82, 0x10,
    0x82, 0x10, 0x82, 0x10, 0x82, 0x10, 0x82, 0x10, 0x82, 0x10, 0x41, 0x00,
    0xC3, 0x28, 0x86, 0x89, 0x49, 0xEA, 0x28, 0xDA, 0x28, 0xD2, 0x28, 0xD2,
    0x28, 0xD2, 0x28, 0xD2, 0x28, 0xD2, 0x28, 0xD2, 0x28, 0xD2, 0x00, 0x00,
    0x00, 0x00, 0xC7, 0xD1, 0x8A, 0xFA, 0x28, 0xD2, 0x28, 0xD2, 0x28, 0xD2,
    0x28, 0xD2, 0x28, 0xD2, 0x28, 0xDA, 0xE7, 0xB9, 0x41, 0x00, 0x62, 0x00,
    0x82, 0x08, 0x82, 0x10, 0x82, 0x10, 0x82, 0x10, 0x82, 0x10, 0x82, 0x08,
    0x82, 0x08, 0xE4, 0x40, 0x42, 0x00, 0x82, 0x00, 0x82, 0x10, 0x82, 0x10,
    0x82, 0x10, 0x82, 0x10, 0x82, 0x10, 0x82, 0x10, 0x82, 0x08, 0x01, 0x00,
    0x65, 0x71, 0x28, 0xDA, 0x28, 0xD2, 0x28, 0xD2, 0x28, 0xD2, 0x28, 0xD2,
    0x28, 0xD2, 0x28, 0xD2, 0x49, 0xE2, 0x00, 0x00, 0x00, 0xF8, 0x00, 0x00,
    0x28, 0xD2, 0x28, 0xDA, 0x28, 0xD2, 0x28, 0xD2, 0x28, 0xD2, 0x28, 0xD2,
    0x28, 0xD2, 0x28, 0xE2, 0xA6, 0x91, 0xA3, 0x18, 0xA2, 0x10, 0x82, 0x10,
    0x82, 0x10, 0x82, 0x10, 0x82, 0x10, 0x82, 0x10, 0xC3, 0x28, 0x69, 0xF2,
    0x86, 0x89, 0xC3, 0x20, 0x82, 0x08, 0x82, 0x10, 0x82, 0x10, 0x82, 0x10,
    0x82, 0x10, 0x82, 0x00, 0xA3, 0x18, 0xA3, 0x20, 0xC7, 0xA9, 0x49, 0xE2,
    0x28, 0xD2, 0x28, 0xD2, 0x28, 0xD2, 0x28, 0xD2, 0x28, 0xD2, 0x28, 0xD2,
    0x00, 0x00, 0x00, 0x00, 0x00, 0xF8, 0x00, 0x00, 0x28, 0xD2, 0x28, 0xD2,
    0x28, 0xD2, 0x28, 0xD2, 0x28, 0xD2, 0x28, 0xD2, 0x28, 0xD2, 0x28, 0xD2,
    0x49, 0xEA, 0xA3, 0x20, 0x42, 0x00, 0x82, 0x10, 0x82, 0x10, 0x82, 0x10,
    0x82, 0x10, 0x82, 0x08, 0x41, 0x00, 0xE7, 0xB1, 0xAA, 0xFA, 0x45, 0x61,
    0x62, 0x00, 0x82, 0x10, 0x82, 0x10, 0x82, 0x10, 0x82, 0x10, 0x42, 0x00,
    0xA6, 0x99, 0x49, 0xEA, 0x49, 0xE2, 0x28, 0xD2, 0x28, 0xD2, 0x28, 0xD2,
    0x28, 0xD2, 0x28, 0xD2, 0x28, 0xD2, 0x28, 0xD2, 0x00, 0x00, 0x00, 0x00,
    0x00, 0x00, 0x00, 0x00, 0x08, 0xD2, 0xAA, 0xFA, 0x49, 0xE2, 0x28, 0xD2,
    0x28, 0xD2, 0x28, 0xD2, 0x28, 0xD2, 0x28, 0xD2, 0x49, 0xE2, 0xC7, 0xB1,
    0x24, 0x51, 0x62, 0x00, 0x62, 0x00, 0x82, 0x10, 0x82, 0x10, 0x82, 0x08,
    0xE4, 0x40, 0x8A, 0xFA, 0xE7, 0xB9, 0x41, 0x00, 0x82, 0x08, 0x82, 0x10,
    0x82, 0x00, 0x41, 0x00, 0x82, 0x10, 0xC3, 0x28, 0x49, 0xEA, 0x28, 0xD2,
    0x28, 0xD2, 0x28, 0xD2, 0x28, 0xD2, 0x28, 0xD2, 0x28, 0xD2, 0x28, 0xD2,
    0x28, 0xD2, 0x00, 0x00, 0x00, 0x00, 0x00, 0x00, 0x00, 0x00, 0x00, 0x00,
    0x00, 0x00, 0x28, 0xD2, 0x28, 0xD2, 0x49, 0xDA, 0x28, 0xD2, 0x28, 0xD2,
    0x28, 0xD2, 0x28, 0xD2, 0x28, 0xD2, 0x48, 0xE2, 0x49, 0xEA, 0xA6, 0x99,
    0xE4, 0x38, 0x41, 0x00, 0x82, 0x10, 0x41, 0x00, 0x41, 0x00, 0xE7, 0xB9,
    0x8A, 0xFA, 0xE4, 0x38, 0x62, 0x00, 0x62, 0x00, 0xC3, 0x28, 0xA7, 0x99,
    0x28, 0xDA, 0x08, 0xCA, 0x49, 0xE2, 0x28, 0xD2, 0x28, 0xD2, 0x28, 0xD2,
    0x28, 0xD2, 0x28, 0xD2, 0x28, 0xD2, 0x28, 0xD2, 0x00, 0x00, 0x00, 0x00,
    0x00, 0x00, 0x00, 0x00, 0x00, 0x00, 0x00, 0x00, 0x00, 0x00, 0x00, 0x00,
    0x08, 0xD2, 0xAA, 0xFA, 0x28, 0xD2, 0x28, 0xD2, 0x28, 0xD2, 0x28, 0xD2,
    0x28, 0xD2, 0x28, 0xD2, 0x28, 0xD2, 0x49, 0xEA, 0x48, 0xE2, 0x65, 0x71,
    0xC7, 0xA9, 0x86, 0x81, 0x45, 0x71, 0x69, 0xFA, 0x28, 0xDA, 0x66, 0x79,
    0x82, 0x10, 0x24, 0x59, 0xA6, 0x91, 0x69, 0xFA, 0x28, 0xD2, 0x28, 0xD2,
    0x28, 0xD2, 0x28, 0xD2, 0x28, 0xD2, 0x28, 0xD2, 0x28, 0xD2, 0x49, 0xE2,
    0x28, 0xD2, 0x69, 0xF2, 0x00, 0x00, 0x00, 0x00, 0x00, 0x00, 0x00, 0x00,
    0x00, 0x00, 0x00, 0x00, 0x00, 0x00, 0x00, 0xF8, 0xE7, 0xD1, 0x08, 0xD2,
    0x49, 0xE2, 0x49, 0xE2, 0x28, 0xD2, 0x28, 0xD2, 0x28, 0xD2, 0x28, 0xD2,
    0x28, 0xD2, 0x28, 0xD2, 0x28, 0xD2, 0x49, 0xE2, 0x28, 0xDA, 0x49, 0xEA,
    0x28, 0xD2, 0x28, 0xDA, 0x28, 0xD2, 0x69, 0xF2, 0x08, 0xCA, 0x69, 0xFA,
    0x28, 0xD2, 0x28, 0xD2, 0x28, 0xD2, 0x28, 0xD2, 0x28, 0xD2, 0x28, 0xD2,
    0x28, 0xD2, 0x28, 0xD2, 0x28, 0xD2, 0x49, 0xE2, 0x08, 0xD2, 0x00, 0x00,
    0x00, 0x00, 0x00, 0x00, 0x00, 0x00, 0x00, 0x00, 0x00, 0x00, 0x00, 0x00,
    0x00, 0x00, 0x00, 0x00, 0x00, 0x00, 0x00, 0x00, 0x08, 0xD2, 0x28, 0xD2,
    0x28, 0xD2, 0x28, 0xD2, 0x28, 0xD2, 0x28, 0xD2, 0x28, 0xD2, 0x28, 0xD2,
    0x28, 0xD2, 0x28, 0xD2, 0x28, 0xD2, 0x28, 0xD2, 0x28, 0xD2, 0x28, 0xD2,
    0x28, 0xD2, 0x28, 0xD2, 0x28, 0xD2, 0x28, 0xD2, 0x28, 0xD2, 0x28, 0xD2,
    0x28, 0xD2, 0x28, 0xD2, 0x28, 0xD2, 0x28, 0xD2, 0x28, 0xD2, 0x49, 0xDA,
    0xAA, 0xFA, 0x08, 0xD2, 0x00, 0x00, 0x00, 0x00, 0x00, 0x00, 0x00, 0x00,
    0x00, 0x00, 0x00, 0x00, 0x00, 0x00, 0x00, 0x00, 0x00, 0x00, 0x00, 0x00,
    0x00, 0x00, 0x00, 0x00, 0x00, 0x00, 0x69, 0xF2, 0x28, 0xD2, 0x28, 0xD2,
    0x28, 0xD2, 0x28, 0xD2, 0x28, 0xD2, 0x28, 0xD2, 0x28, 0xD2, 0x28, 0xD2,
    0x28, 0xD2, 0x28, 0xD2, 0x28, 0xD2, 0x28, 0xD2, 0x28, 0xD2, 0x28, 0xD2,
    0x28, 0xD2, 0x28, 0xD2, 0x28, 0xD2, 0x28, 0xD2, 0x28, 0xD2, 0x28, 0xD2,
    0x28, 0xD2, 0x28, 0xD2, 0x49, 0xE2, 0x28, 0xD2, 0x08, 0xD2, 0xE7, 0xD1,
    0x00, 0x00, 0x00, 0x00, 0x00, 0x00, 0x00, 0x00, 0x00, 0x00, 0x00, 0x00,
    0x00, 0x00, 0x00, 0x00, 0x00, 0x00, 0x00, 0x00, 0x00, 0x00, 0x00, 0x00,
    0x00, 0x00, 0x00, 0x00, 0x00, 0x00, 0x28, 0xD2, 0x28, 0xD2, 0x28, 0xD2,
    0x28, 0xD2, 0x28, 0xD2, 0x28, 0xD2, 0x28, 0xD2, 0x28, 0xD2, 0x28, 0xD2,
    0x28, 0xD2, 0x28, 0xD2, 0x28, 0xD2, 0x28, 0xD2, 0x28, 0xD2, 0x28, 0xD2,
    0x28, 0xD2, 0x28, 0xD2, 0x28, 0xD2, 0x28, 0xD2, 0x28, 0xDA, 0x28, 0xD2,
    0xAA, 0xFA, 0x28, 0xD2, 0x00, 0x00, 0x00, 0xF8, 0x00, 0x00, 0x00, 0x00,
    0x00, 0x00, 0x00, 0x00, 0x00, 0x00, 0x00, 0x00, 0x00, 0x00, 0x00, 0x00,
    0x00, 0x00, 0x00, 0x00, 0x00, 0x00, 0x00, 0x00, 0x00, 0x00, 0x00, 0x00,
    0x00, 0x00, 0x00, 0x00, 0x28, 0xD2, 0x28, 0xD2, 0x28, 0xD2, 0x28, 0xD2,
    0x49, 0xE2, 0x28, 0xD2, 0x28, 0xD2, 0x28, 0xD2, 0x28, 0xD2, 0x28, 0xD2,
    0x28, 0xD2, 0x28, 0xD2, 0x28, 0xD2, 0x28, 0xD2, 0x28, 0xD2, 0x28, 0xD2,
    0x28, 0xDA, 0x8A, 0xFA, 0x28, 0xD2, 0x28, 0xD2, 0x08, 0xD2, 0x00, 0x00,
    0x00, 0x00, 0x00, 0x00, 0x00, 0x00, 0x00, 0x00, 0x00, 0x00, 0x00, 0x00,
    0x00, 0x00, 0x00, 0x00, 0x00, 0x00, 0x00, 0x00, 0x00, 0x00, 0x00, 0x00,
    0x00, 0x00, 0x00, 0x00, 0x00, 0x00, 0x00, 0x00, 0x00, 0x00, 0x00, 0x00,
    0x00, 0x00, 0x00, 0x00, 0x49, 0xE2, 0x28, 0xD2, 0x28, 0xD2, 0x69, 0xF2,
    0x49, 0xEA, 0x49, 0xE2, 0x49, 0xE2, 0x28, 0xD2, 0x28, 0xDA, 0x28, 0xD2,
    0x49, 0xE2, 0x69, 0xEA, 0x69, 0xEA, 0xAA, 0xFA, 0x28, 0xD2, 0xC7, 0xD1,
    0x00, 0x00, 0x00, 0x00, 0x00, 0x00, 0x00, 0x00, 0x00, 0x00, 0x00, 0x00,
    0x00, 0x00, 0x00, 0x00, 0x00, 0x00, 0x00, 0x00, 0x00, 0x00, 0x00, 0x00,
    0x00, 0x00, 0x00, 0x00, 0x00, 0x00, 0x00, 0x00, 0x00, 0x00, 0x00, 0x00,
    0x00, 0x00, 0x00, 0x00, 0x00, 0x00, 0x00, 0x00, 0x00, 0x00, 0x00, 0x00,
    0x00, 0x00, 0x00, 0x00, 0x00, 0x00, 0x28, 0xD2, 0x08, 0xD2, 0x28, 0xD2,
    0x28, 0xD2, 0xAA, 0xFA, 0x49, 0xE2, 0x28, 0xD2, 0x28, 0xD2, 0x08, 0xD2,
    0x28, 0xD2, 0x08, 0xD2, 0x28, 0xCA, 0x00, 0x00, 0x00, 0xF8, 0x00, 0xF8,
    0x00, 0x00, 0x00, 0x00, 0x00, 0x00, 0x00, 0x00, 0x00, 0x00, 0x00, 0x00,
    0x00, 0x00, 0x00, 0x00, 0x00, 0x00, 0x00, 0x00, 0x00, 0x00, 0x00, 0x00,
    0x00, 0x00, 0x00, 0x00, 0x00, 0x00, 0x02, 0x02, 0x00, 0x1A, 0x58, 0xB7,
    0x45, 0x70, 0xCA, 0xFF, 0xFF, 0xDB, 0x4E, 0xA6, 0x65, 0x00, 0x00, 0x00,
    0x00, 0x00, 0x00, 0x00, 0x00, 0x00, 0x00, 0x00, 0x00, 0x00, 0x00, 0x00,
    0x00, 0x00, 0x00, 0x00, 0x00, 0x00, 0x00, 0x00, 0x00, 0x00, 0x00, 0x00,
    0x0D, 0x97, 0xFF, 0xFF, 0xFF, 0xFF, 0xFF, 0xFF, 0xFC, 0xFF, 0xFF, 0xFF,
    0xFF, 0xBA, 0xE7, 0xFF, 0x00, 0x00, 0x00, 0x00, 0x00, 0x00, 0x00, 0x00,
    0x00, 0x00, 0x00, 0x00, 0x00, 0x00, 0x00, 0x00, 0x00, 0x00, 0x00, 0x00,
    0x00, 0x50, 0xA0, 0xE7, 0xFF, 0xFF, 0xFF, 0xFE, 0xFF, 0xFC, 0xFF, 0xFF,
    0xFF, 0xFF, 0xFF, 0xFE, 0xFF, 0xFF, 0xFC, 0xFF, 0xFF, 0xFF, 0x00, 0x00,
    0x00, 0x00, 0x00, 0x00, 0x00, 0x00, 0x00, 0x00, 0x00, 0x00, 0x00, 0x00,
    0x00, 0x00, 0x01, 0x00, 0x4A, 0xFF, 0xFF, 0xFF, 0xFF, 0xFB, 0xFF, 0xFF,
    0xFF, 0xFF, 0xFF, 0xFF, 0xFF, 0xFF, 0xFF, 0xFF, 0xFF, 0xFF, 0xFE, 0xFF,
    0xFF, 0xFF, 0xFF, 0x00, 0x00, 0x00, 0x00, 0x00, 0x00, 0x00, 0x00, 0x00,
    0x00, 0x00, 0x00, 0x00, 0x00, 0x00, 0x0C, 0x41, 0xC2, 0xFF, 0xFE, 0xFF,
    0xFF, 0xFF, 0xFF, 0xFF, 0xFF, 0xFF, 0xFF, 0xFF, 0xFF, 0xFF, 0xFF, 0xFF,
    0xFF, 0xFF, 0xFF, 0xFF, 0xFF, 0xFF, 0xFF, 0xFF, 0xFF, 0x00, 0x00, 0x00,
    0x00, 0x00, 0x00, 0x00, 0x00, 0x00, 0x00, 0x00, 0x00, 0x00, 0x9A, 0xFF,
    0xFF, 0xFF, 0xFF, 0xFF, 0xFF, 0xFF, 0xFF, 0xFF, 0xFF, 0xFF, 0xFF, 0xFF,
    0xFF, 0xFF, 0xFF, 0xFF, 0xFF, 0xFF, 0xFF, 0xFF, 0xFF, 0xFF, 0xFF, 0xFD,
    0xF9, 0x3D, 0x00, 0x00, 0x00, 0x00, 0x00, 0x00, 0x00, 0x00, 0x00, 0x00,
    0x00, 0x3D, 0xFF, 0xFF, 0xFE, 0xFF, 0xFF, 0xFF, 0xFF, 0xFF, 0xFF, 0xFF,
    0xFF, 0xFF, 0xFF, 0xFF, 0xFF, 0xFF, 0xFF, 0xFF, 0xFF, 0xFF, 0xFF, 0xFF,
    0xFF, 0xFF, 0xFF, 0xFF, 0xFF, 0xFF, 0x9A, 0x0C, 0x01, 0x00, 0x00, 0x00,
    0x00, 0x00, 0x00, 0x00, 0xFF, 0xF9, 0xFF, 0xFF, 0xFF, 0xFF, 0xFF, 0xFF,
    0xFF, 0xFF, 0xFF, 0xFF, 0xFF, 0xFF, 0xFF, 0xFF, 0xFF, 0xFF, 0xFF, 0xFF,
    0xFF, 0xFF, 0xFF, 0xFF, 0xFF, 0xFF, 0xFF, 0xFF, 0xFF, 0xFF, 0xFF, 0x41,
    0x00, 0x00, 0x00, 0x00, 0x00, 0x00, 0x00, 0x00, 0xFF, 0xFD, 0xFF, 0xFF,
    0xFF, 0xFF, 0xFF, 0xFF, 0xFF, 0xFF, 0xFF, 0xFF, 0xFF, 0xFF, 0xFF, 0xFF,
    0xFF, 0xFF, 0xFF, 0xFF, 0xFF, 0xFF, 0xFF, 0xFF, 0xFF, 0xFF, 0xFF, 0xFF,
    0xFF, 0xFE, 0xFF, 0xC2, 0x4A, 0x00, 0x00, 0x00, 0x00, 0x00, 0x00, 0xFF,
    0xFF, 0xFF, 0xFF, 0xFF, 0xFF, 0xFF, 0xFF, 0xFF, 0xFF, 0xFF, 0xFF, 0xFF,
    0xFF, 0xFF, 0xFF, 0xFF, 0xFF, 0xFF, 0xFF, 0xFF, 0xFF, 0xFF, 0xFF, 0xFF,
    0xFF, 0xFF, 0xFF, 0xFF, 0xFF, 0xFF, 0xFF, 0xFF, 0xFF, 0x50, 0x00, 0x00,
    0x00, 0x00, 0xFF, 0xFF, 0xFF, 0xFF, 0xFF, 0xFF, 0xFF, 0xFF, 0xFF, 0xFF,
    0xFF, 0xFF, 0xFF, 0xFF, 0xFF, 0xFF, 0xFF, 0xFF, 0xFF, 0xFF, 0xFF, 0xFF,
    0xFF, 0xFF, 0xFF, 0xFF, 0xFF, 0xFF, 0xFF, 0xFF, 0xFF, 0xFF, 0xFF, 0xFE,
    0xFF, 0xA0, 0x00, 0x02, 0x00, 0x00, 0xFF, 0xFF, 0xFF, 0xFF, 0xFF, 0xFF,
    0xFF, 0xFF, 0xFF, 0xFF, 0xFF, 0xFF, 0xFF, 0xFF, 0xFF, 0xFF, 0xFF, 0xFF,
    0xFF, 0xFF, 0xFF, 0xFF, 0xFF, 0xFF, 0xFF, 0xFF, 0xFF, 0xFF, 0xFF, 0xFF,
    0xFF, 0xFF, 0xFF, 0xFF, 0xFF, 0xE7, 0x00, 0x02, 0x00, 0xFF, 0xFF, 0xFF,
    0xFF, 0xFF, 0xFF, 0xFF, 0xFF, 0xFF, 0xFF, 0xFF, 0xFF, 0xFF, 0xFF, 0xFF,
    0xFF, 0xFF, 0xFF, 0xFF, 0xFF, 0xFF, 0xFF, 0xFF, 0xFF, 0xFF, 0xFF, 0xFF,
    0xFF, 0xFF, 0xFF, 0xFF, 0xFF, 0xFF, 0xFF, 0xFF, 0xFF, 0xFF, 0x0D, 0x00,
    0x00, 0xE7, 0xFC, 0xFE, 0xFF, 0xFF, 0xFF, 0xFF, 0xFF, 0xFF, 0xFF, 0xFF,
    0xFF, 0xFF, 0xFF, 0xFF, 0xFF, 0xFF, 0xFF, 0xFF, 0xFF, 0xFF, 0xFF, 0xFF,
    0xFF, 0xFF, 0xFF, 0xFF, 0xFF, 0xFF, 0xFF, 0xFF, 0xFF, 0xFF, 0xFF, 0xFF,
    0xFB, 0xFF, 0x97, 0x1A, 0x00, 0xBA, 0xFF, 0xFF, 0xFF, 0xFF, 0xFF, 0xFF,
    0xFF, 0xFF, 0xFF, 0xFF, 0xFF, 0xFF, 0xFF, 0xFF, 0xFF, 0xFF, 0xFF, 0xFF,
    0xFF, 0xFF, 0xFF, 0xFF, 0xFF, 0xFF, 0xFF, 0xFF, 0xFF, 0xFF, 0xFF, 0xFF,
    0xFF, 0xFF, 0xFF, 0xFF, 0xFF, 0xFF, 0xFF, 0x58, 0x65, 0xFF, 0xFF, 0xFF,
    0xFF, 0xFF, 0xFF, 0xFF, 0xFF, 0xFF, 0xFF, 0xFF, 0xFF, 0xFF, 0xFF, 0xFF,
    0xFF, 0xFF, 0xFF, 0xFF, 0xFF, 0xFF, 0xFF, 0xFF, 0xFF, 0xFF, 0xFF, 0xFF,
    0xFF, 0xFF, 0xFF, 0xFF, 0xFF, 0xFF, 0xFF, 0xFF, 0xFF, 0xFE, 0xFF, 0xB7,
    0xA6, 0xFF, 0xFE, 0xFF, 0xFF, 0xFF, 0xFF, 0xFF, 0xFF, 0xFF, 0xFF, 0xFF,
    0xFF, 0xFF, 0xFF, 0xFF, 0xFF, 0xFF, 0xFF, 0xFF, 0xFF, 0xFF, 0xFF, 0xFF,
    0xFF, 0xFF, 0xFF, 0xFF, 0xFF, 0xFF, 0xFF, 0xFF, 0xFF, 0xFF, 0xFF, 0xFF,
    0xFF, 0xFF, 0xFF, 0x45, 0x4E, 0xFF, 0xFF, 0xFF, 0xFF, 0xFF, 0xFF, 0xFF,
    0xFF, 0xFF, 0xFF, 0xFF, 0xFF, 0xFF, 0xFF, 0xFF, 0xFF, 0xFF, 0xFF, 0xFF,
    0xFF, 0xFF, 0xFF, 0xFF, 0xFF, 0xFF, 0xFF, 0xFF, 0xFF, 0xFF, 0xFF, 0xFF,
    0xFF, 0xFF, 0xFF, 0xFF, 0xFF, 0xFC, 0xFF, 0x70, 0xDB, 0xFF, 0xFF, 0xFF,
    0xFF, 0xFF, 0xFF, 0xFF, 0xFF, 0xFF, 0xFF, 0xFF, 0xFF, 0xFF, 0xFF, 0xFF,
    0xFF, 0xFF, 0xFF, 0xFF, 0xFF, 0xFF, 0xFF, 0xFF, 0xFF, 0xFF, 0xFF, 0xFF,
    0xFF, 0xFF, 0xFF, 0xFF, 0xFF, 0xFF, 0xFF, 0xFF, 0xFF, 0xFF, 0xFF, 0xCA,
    0xFF, 0xFC, 0xFF, 0xFF, 0xFF, 0xFF, 0xFF, 0xFF, 0xFF, 0xFF, 0xFF, 0xFF,
    0xFF, 0xFF, 0xFF, 0xFF, 0xFF, 0xFF, 0xFF, 0xFF, 0xFF, 0xFF, 0xFF, 0xFF,
    0xFF, 0xFF, 0xFF, 0xFF, 0xFF, 0xFF, 0xFF, 0xFF, 0xFF, 0xFF, 0xFF, 0xFF,
    0xFF, 0xFF, 0xFF, 0xFF, 0xFF, 0xFF, 0xFF, 0xFF, 0xFF, 0xFF, 0xFF, 0xFF,
    0xFF, 0xFF, 0xFF, 0xFF, 0xFF, 0xFF, 0xFF, 0xFF, 0xFF, 0xFF, 0xFF, 0xFF,
    0xFF, 0xFF, 0xFF, 0xFF, 0xFF, 0xFF, 0xFF, 0xFF, 0xFF, 0xFF, 0xFF, 0xFF,
    0xFF, 0xFF, 0xFF, 0xFF, 0xFF, 0xFF, 0xFC, 0xFF, 0xCA, 0xFF, 0xFF, 0xFF,
    0xFF, 0xFF, 0xFF, 0xFF, 0xFF, 0xFF, 0xFF, 0xFF, 0xFF, 0xFF, 0xFF, 0xFF,
    0xFF, 0xFF, 0xFF, 0xFF, 0xFF, 0xFF, 0xFF, 0xFF, 0xFF, 0xFF, 0xFF, 0xFF,
    0xFF, 0xFF, 0xFF, 0xFF, 0xFF, 0xFF, 0xFF, 0xFF, 0xFF, 0xFF, 0xFF, 0xDB,
    0x70, 0xFF, 0xFC, 0xFF, 0xFF, 0xFF, 0xFF, 0xFF, 0xFF, 0xFF, 0xFF, 0xFF,
    0xFF, 0xFF, 0xFF, 0xFF, 0xFF, 0xFF, 0xFF, 0xFF, 0xFF, 0xFF, 0xFF, 0xFF,
    0xFF, 0xFF, 0xFF, 0xFF, 0xFF, 0xFF, 0xFF, 0xFF, 0xFF, 0xFF, 0xFF, 0xFF,
    0xFF, 0xFF, 0xFF, 0x4E, 0x45, 0xFF, 0xFF, 0xFF, 0xFF, 0xFF, 0xFF, 0xFF,
    0xFF, 0xFF, 0xFF, 0xFF, 0xFF, 0xFF, 0xFF, 0xFF, 0xFF, 0xFF, 0xFF, 0xFF,
    0xFF, 0xFF, 0xFF, 0xFF, 0xFF, 0xFF, 0xFF, 0xFF, 0xFF, 0xFF, 0xFF, 0xFF,
    0xFF, 0xFF, 0xFF, 0xFF, 0xFF, 0xFE, 0xFF, 0xA6, 0xB7, 0xFF, 0xFE, 0xFF,
    0xFF, 0xFF, 0xFF, 0xFF, 0xFF, 0xFF, 0xFF, 0xFF, 0xFF, 0xFF, 0xFF, 0xFF,
    0xFF, 0xFF, 0xFF, 0xFF, 0xFF, 0xFF, 0xFF, 0xFF, 0xFF, 0xFF, 0xFF, 0xFF,
    0xFF, 0xFF, 0xFF, 0xFF, 0xFF, 0xFF, 0xFF, 0xFF, 0xFF, 0xFF, 0xFF, 0x65,
    0x58, 0xFF, 0xFF, 0xFF, 0xFF, 0xFF, 0xFF, 0xFF, 0xFF, 0xFF, 0xFF, 0xFF,
    0xFF, 0xFF, 0xFF, 0xFF, 0xFF, 0xFF, 0xFF, 0xFF, 0xFF, 0xFF, 0xFF, 0xFF,
    0xFF, 0xFF, 0xFF, 0xFF, 0xFF, 0xFF, 0xFF, 0xFF, 0xFF, 0xFF, 0xFF, 0xFF,
    0xFF, 0xFF, 0xBA, 0x00, 0x1A, 0x97, 0xFF, 0xFB, 0xFF, 0xFF, 0xFF, 0xFF,
    0xFF, 0xFF, 0xFF, 0xFF, 0xFF, 0xFF, 0xFF, 0xFF, 0xFF, 0xFF, 0xFF, 0xFF,
    0xFF, 0xFF, 0xFF, 0xFF, 0xFF, 0xFF, 0xFF, 0xFF, 0xFF, 0xFF, 0xFF, 0xFF,
    0xFF, 0xFF, 0xFF, 0xFF, 0xFE, 0xFC, 0xE7, 0x00, 0x00, 0x0D, 0xFF, 0xFF,
    0xFF, 0xFF, 0xFF, 0xFF, 0xFF, 0xFF, 0xFF, 0xFF, 0xFF, 0xFF, 0xFF, 0xFF,
    0xFF, 0xFF, 0xFF, 0xFF, 0xFF, 0xFF, 0xFF, 0xFF, 0xFF, 0xFF, 0xFF, 0xFF,
    0xFF, 0xFF, 0xFF, 0xFF, 0xFF, 0xFF, 0xFF, 0xFF, 0xFF, 0xFF, 0xFF, 0x00,
    0x02, 0x00, 0xE7, 0xFF, 0xFF, 0xFF, 0xFF, 0xFF, 0xFF, 0xFF, 0xFF, 0xFF,
    0xFF, 0xFF, 0xFF, 0xFF, 0xFF, 0xFF, 0xFF, 0xFF, 0xFF, 0xFF, 0xFF, 0xFF,
    0xFF, 0xFF, 0xFF, 0xFF, 0xFF, 0xFF, 0xFF, 0xFF, 0xFF, 0xFF, 0xFF, 0xFF,
    0xFF, 0xFF, 0x00, 0x00, 0x02, 0x00, 0xA0, 0xFF, 0xFE, 0xFF, 0xFF, 0xFF,
    0xFF, 0xFF, 0xFF, 0xFF, 0xFF, 0xFF, 0xFF, 0xFF, 0xFF, 0xFF, 0xFF, 0xFF,
    0xFF, 0xFF, 0xFF, 0xFF, 0xFF, 0xFF, 0xFF, 0xFF, 0xFF, 0xFF, 0xFF, 0xFF,
    0xFF, 0xFF, 0xFF, 0xFF, 0xFF, 0xFF, 0x00, 0x00, 0x00, 0x00, 0x50, 0xFF,
    0xFF, 0xFF, 0xFF, 0xFF, 0xFF, 0xFF, 0xFF, 0xFF, 0xFF, 0xFF, 0xFF, 0xFF,
    0xFF, 0xFF, 0xFF, 0xFF, 0xFF, 0xFF, 0xFF, 0xFF, 0xFF, 0xFF, 0xFF, 0xFF,
    0xFF, 0xFF, 0xFF, 0xFF, 0xFF, 0xFF, 0xFF, 0xFF, 0xFF, 0x00, 0x00, 0x00,
    0x00, 0x00, 0x00, 0x4A, 0xC2, 0xFF, 0xFE, 0xFF, 0xFF, 0xFF, 0xFF, 0xFF,
    0xFF, 0xFF, 0xFF, 0xFF, 0xFF, 0xFF, 0xFF, 0xFF, 0xFF, 0xFF, 0xFF, 0xFF,
    0xFF, 0xFF, 0xFF, 0xFF, 0xFF, 0xFF, 0xFF, 0xFF, 0xFF, 0xFF, 0xFD, 0xFF,
    0x00, 0x00, 0x00, 0x00, 0x00, 0x00, 0x00, 0x00, 0x41, 0xFF, 0xFF, 0xFF,
    0xFF, 0xFF, 0xFF, 0xFF, 0xFF, 0xFF, 0xFF, 0xFF, 0xFF, 0xFF, 0xFF, 0xFF,
    0xFF, 0xFF, 0xFF, 0xFF, 0xFF, 0xFF, 0xFF, 0xFF, 0xFF, 0xFF, 0xFF, 0xFF,
    0xFF, 0xFF, 0xF9, 0xFF, 0x00, 0x00, 0x00, 0x00, 0x00, 0x00, 0x00, 0x01,
    0x0C, 0x9A, 0xFF, 0xFF, 0xFF, 0xFF, 0xFF, 0xFF, 0xFF, 0xFF, 0xFF, 0xFF,
    0xFF, 0xFF, 0xFF, 0xFF, 0xFF, 0xFF, 0xFF, 0xFF, 0xFF, 0xFF, 0xFF, 0xFF,
    0xFF, 0xFF, 0xFF, 0xFE, 0xFF, 0xFF, 0x3D, 0x00, 0x00, 0x00, 0x00, 0x00,
    0x00, 0x00, 0x00, 0x00, 0x00, 0x00, 0x3D, 0xF9, 0xFD, 0xFF, 0xFF, 0xFF,
    0xFF, 0xFF, 0xFF, 0xFF, 0xFF, 0xFF, 0xFF, 0xFF, 0xFF, 0xFF, 0xFF, 0xFF,
    0xFF, 0xFF, 0xFF, 0xFF, 0xFF, 0xFF, 0xFF, 0xFF, 0xFF, 0x9A, 0x00, 0x00,
    0x00, 0x00, 0x00, 0x00, 0x00, 0x00, 0x00, 0x00, 0x00, 0x00, 0x00, 0xFF,
    0xFF, 0xFF, 0xFF, 0xFF, 0xFF, 0xFF, 0xFF, 0xFF, 0xFF, 0xFF, 0xFF, 0xFF,
    0xFF, 0xFF, 0xFF, 0xFF, 0xFF, 0xFF, 0xFF, 0xFF, 0xFF, 0xFE, 0xFF, 0xC2,
    0x41, 0x0C, 0x00, 0x00, 0x00, 0x00, 0x00, 0x00, 0x00, 0x00, 0x00, 0x00,
    0x00, 0x00, 0x00, 0x00, 0x00, 0xFF, 0xFF, 0xFF, 0xFF, 0xFE, 0xFF, 0xFF,
    0xFF, 0xFF, 0xFF, 0xFF, 0xFF, 0xFF, 0xFF, 0xFF, 0xFF, 0xFF, 0xFB, 0xFF,
    0xFF, 0xFF, 0xFF, 0x4A, 0x00, 0x01, 0x00, 0x00, 0x00, 0x00, 0x00, 0x00,
    0x00, 0x00, 0x00, 0x00, 0x00, 0x00, 0x00, 0x00, 0x00, 0x00, 0xFF, 0xFF,
    0xFF, 0xFC, 0xFF, 0xFF, 0xFE, 0xFF, 0xFF, 0xFF, 0xFF, 0xFF, 0xFC, 0xFF,
    0xFE, 0xFF, 0xFF, 0xFF, 0xE7, 0xA0, 0x50, 0x00, 0x00, 0x00, 0x00, 0x00,
    0x00, 0x00, 0x00, 0x00, 0x00, 0x00, 0x00, 0x00, 0x00, 0x00, 0x00, 0x00,
    0x00, 0x00, 0x00, 0x00, 0xFF, 0xE7, 0xBA, 0xFF, 0xFF, 0xFF, 0xFF, 0xFC,
    0xFF, 0xFF, 0xFF, 0xFF, 0xFF, 0xFF, 0x97, 0x0D, 0x00, 0x00, 0x00, 0x00,
    0x00, 0x00, 0x00, 0x00, 0x00, 0x00, 0x00, 0x00, 0x00, 0x00, 0x00, 0x00,
    0x00, 0x00, 0x00, 0x00, 0x00, 0x00, 0x00, 0x00, 0x00, 0x00, 0x00, 0x65,
    0xA6, 0x4E, 0xDB, 0xFF, 0xFF, 0xCA, 0x70, 0x45, 0xB7, 0x58, 0x1A, 0x00,
    0x02, 0x02, 0x00, 0x00, 0x00, 0x00, 0x00, 0x00, 0x00, 0x00, 0x00, 0x00,
  },
  { /* frame 21 */
    0x00, 0x00, 0x00, 0x00, 0x00, 0x00, 0x00, 0x00, 0x00, 0x00, 0x00, 0x00,
    0x00, 0x00, 0x00, 0x00, 0x00, 0x00, 0x00, 0x00, 0x00, 0x00, 0x86, 0xC9,
    0x00, 0x00, 0x08, 0xD2, 0x08, 0xD2, 0x28, 0xD2, 0x28, 0xD2, 0x08, 0xD2,
    0x28, 0xD2, 0x8A, 0xFA, 0x8A, 0xFA, 0x28, 0xD2, 0x08, 0xD2, 0x28, 0xD2,
    0x28, 0xD2, 0x08, 0xD2, 0x08, 0xD2, 0x00, 0x00, 0x86, 0xC9, 0x00, 0x00,
    0x00, 0x00, 0x00, 0x00, 0x00, 0x00, 0x00, 0x00, 0x00, 0x00, 0x00, 0x00,
    0x00, 0x00, 0x00, 0x00, 0x00, 0x00, 0x00, 0x00, 0x00, 0x00, 0x00, 0x00,
    0x00, 0x00, 0x00, 0x00, 0x00, 0x00, 0x00, 0x00, 0x00, 0x00, 0x00, 0x00,
    0x00, 0x00, 0x00, 0x00, 0x00, 0x00, 0x28, 0xD2, 0x00, 0x00, 0x28, 0xD2,
    0x8A, 0xFA, 0x69, 0xF2, 0x28, 0xD2, 0x69, 0xEA, 0x49, 0xE2, 0x28, 0xD2,
    0x28, 0xD2, 0x49, 0xE2, 0x69, 0xEA, 0x28, 0xD2, 0x69, 0xF2, 0x8A, 0xFA,
    0x28, 0xD2, 0x00, 0x00, 0x28, 0xD2, 0x00, 0x00, 0x00, 0x00, 0x00, 0x00,
    0x00, 0x00, 0x00, 0x00, 0x00, 0x00, 0x00, 0x00, 0x00, 0x00, 0x00, 0x00,
    0x00, 0x00, 0x00, 0x00, 0x00, 0x00, 0x00, 0x00, 0x00, 0x00, 0x00, 0x00,
    0x00, 0x00, 0x00, 0x00, 0x00, 0x00, 0x00, 0x00, 0x00, 0x00, 0x00, 0x00,
    0x08, 0xD2, 0x8A, 0xFA, 0x28, 0xD2, 0x69, 0xF2, 0x28, 0xD2, 0x28, 0xD2,
    0x28, 0xD2, 0x28, 0xD2, 0x28, 0xD2, 0x28, 0xD2, 0x28, 0xD2, 0x28, 0xD2,
    0x28, 0xD2, 0x28, 0xD2, 0x28, 0xD2, 0x28, 0xD2, 0x69, 0xF2, 0x28, 0xD2,
    0x8A, 0xFA, 0x08, 0xD2, 0x00, 0x00, 0x00, 0x00, 0x00, 0x00, 0x00, 0x00,
    0x00, 0x00, 0x00, 0x00, 0x00, 0x00, 0x00, 0x00, 0x00, 0x00, 0x00, 0x00,
    0x00, 0x00, 0x00, 0x00, 0x00, 0x00, 0x00, 0x00, 0x00, 0x00, 0x00, 0x00,
    0x00, 0x00, 0x00, 0x00, 0x28, 0xD2, 0x28, 0xD2, 0x69, 0xEA, 0x28, 0xDA,
    0x28, 0xD2, 0x28, 0xD2, 0x28, 0xD2, 0x28, 0xD2, 0x28, 0xD2, 0x28, 0xD2,
    0x28, 0xD2, 0x28, 0xD2, 0x28, 0xD2, 0x28, 0xD2, 0x28, 0xD2, 0x28, 0xD2,
    0x28, 0xD2, 0x28, 0xD2, 0x28, 0xD2, 0x28, 0xD2, 0x28, 0xDA, 0x69, 0xEA,
    0x28, 0xD2, 0x28, 0xD2, 0x00, 0x00, 0x00, 0x00, 0x00, 0x00, 0x00, 0x00,
    0x00, 0x00, 0x00, 0x00, 0x00, 0x00, 0x00, 0x00, 0x00, 0x00, 0x00, 0x00,
    0x00, 0x00, 0x00, 0x00, 0x00, 0x00, 0x00, 0x00, 0x00, 0x00, 0x28, 0xD2,
    0x28, 0xDA, 0x28, 0xD2, 0x28, 0xDA, 0x28, 0xD2, 0x28, 0xD2, 0x28, 0xD2,
    0x28, 0xD2, 0x28, 0xD2, 0x28, 0xD2, 0x28, 0xD2, 0x28, 0xD2, 0x28, 0xD2,
    0x28, 0xD2, 0x28, 0xD2, 0x28, 0xD2, 0x28, 0xD2, 0x28, 0xD2, 0x28, 0xD2,
    0x28, 0xD2, 0x28, 0xD2, 0x28, 0xD2, 0x28, 0xDA, 0x28, 0xD2, 0x28, 0xDA,
    0x28, 0xD2, 0x00, 0x00, 0x00, 0x00, 0x00, 0x00, 0x00, 0x00, 0x00, 0x00,
    0x00, 0x00, 0x00, 0x00, 0x00, 0x00, 0x00, 0x00, 0x00, 0x00, 0x00, 0x00,
    0x00, 0x00, 0x00, 0x00, 0x28, 0xD2, 0x28, 0xD2, 0x28, 0xD2, 0x28, 0xD2,
    0x28, 0xD2, 0x28, 0xD2, 0x28, 0xD2, 0x28, 0xD2, 0x28, 0xD2, 0x28, 0xD2,
    0x28, 0xD2, 0x28, 0xD2, 0x28, 0xD2, 0x28, 0xD2, 0x28, 0xD2, 0x28, 0xD2,
    0x28, 0xD2, 0x28, 0xD2, 0x28, 0xD2, 0x28, 0xD2, 0x28, 0xD2, 0x28, 0xD2,
    0x28, 0xD2, 0x28, 0xD2, 0x28, 0xD2, 0x28, 0xD2, 0x28, 0xD2, 0x28, 0xD2,
    0x00, 0x00, 0x00, 0x00, 0x00, 0x00, 0x00, 0x00, 0x00, 0x00, 0x00, 0x00,
    0x00, 0x00, 0x00, 0x00, 0x00, 0x00, 0x00, 0x00, 0x00, 0x00, 0x28, 0xD2,
    0x28, 0xD2, 0x28, 0xD2, 0x28, 0xD2, 0x28, 0xD2, 0x28, 0xD2, 0x28, 0xD2,
    0x28, 0xD2, 0x28, 0xD2, 0x28, 0xD2, 0x28, 0xDA, 0x49, 0xEA, 0x48, 0xE2,
    0x49, 0xE2, 0x08, 0xCA, 0x08, 0xCA, 0x49, 0xE2, 0x28, 0xDA, 0x28, 0xD2,
    0x28, 0xD2, 0x28, 0xD2, 0x28, 0xD2, 0x28, 0xD2, 0x28, 0xD2, 0x28, 0xD2,
    0x28, 0xD2, 0x28, 0xD2, 0x28, 0xD2, 0x28, 0xD2, 0x28, 0xD2, 0x00, 0x00,
    0x00, 0x00, 0x00, 0x00, 0x00, 0x00, 0x00, 0x00, 0x00, 0x00, 0x00, 0x00,
    0x00, 0x00, 0x00, 0x00, 0x28, 0xD2, 0x28, 0xD2, 0x28, 0xD2, 0x28, 0xD2,
    0x28, 0xD2, 0x28, 0xD2, 0x28, 0xD2, 0x28, 0xD2, 0x28, 0xD2, 0x28, 0xD2,
    0x69, 0xF2, 0x86, 0x89, 0xA6, 0x91, 0xA6, 0x91, 0x45, 0x61, 0x41, 0x00,
    0x41, 0x00, 0xE4, 0x40, 0x28, 0xDA, 0x28, 0xDA, 0x28, 0xE2, 0x49, 0xE2,
    0x28, 0xD2, 0x28, 0xD2, 0x28, 0xD2, 0x28, 0xD2, 0x28, 0xD2, 0x28, 0xD2,
    0x28, 0xD2, 0x28, 0xD2, 0x28, 0xD2, 0x28, 0xD2, 0x00, 0x00, 0x00, 0x00,
    0x00, 0x00, 0x00, 0x00, 0x00, 0x00, 0x00, 0x00, 0x00, 0x00, 0x28, 0xD2,
    0x28, 0xDA, 0x28, 0xD2, 0x28, 0xD2, 0x28, 0xD2, 0x28, 0xD2, 0x28, 0xD2,
    0x28, 0xD2, 0x48, 0xE2, 0x08, 0xCA, 0x69, 0xF2, 0x66, 0x79, 0x21, 0x00,
    0x82, 0x08, 0x62, 0x00, 0x62, 0x00, 0x82, 0x10, 0x82, 0x10, 0xE3, 0x30,
    0x69, 0xFA, 0x49, 0xEA, 0x24, 0x59, 0x45, 0x71, 0x69, 0xF2, 0x08, 0xCA,
    0x49, 0xEA, 0x28, 0xD2, 0x28, 0xD2, 0x28, 0xD2, 0x28, 0xD2, 0x28, 0xD2,
    0x28, 0xD2, 0x28, 0xDA, 0x28, 0xD2, 0x00, 0x00, 0x00, 0x00, 0x00, 0x00,
    0x00, 0x00, 0x00, 0x00, 0x00, 0x00, 0x28, 0xD2, 0x28, 0xD2, 0x28, 0xD2,
    0x28, 0xD2, 0x28, 0xD2, 0x28, 0xD2, 0x28, 0xD2, 0x28, 0xD2, 0x28, 0xD2,
    0x25, 0x59, 0x62, 0x00, 0x62, 0x00, 0x82, 0x08, 0x82, 0x10, 0x82, 0x10,
    0x82, 0x10, 0x82, 0x10, 0x42, 0x00, 0xC3, 0x28, 0x08, 0xCA, 0xE7, 0xB1,
    0x21, 0x00, 0x62, 0x00, 0xA3, 0x20, 0xA3, 0x20, 0x08, 0xCA, 0x49, 0xE2,
    0x28, 0xD2, 0x28, 0xD2, 0x28, 0xD2, 0x28, 0xD2, 0x28, 0xD2, 0x28, 0xD2,
    0x28, 0xD2, 0x00, 0x00, 0x00, 0x00, 0x00, 0x00, 0x00, 0x00, 0x00, 0x00,
    0x08, 0xD2, 0x69, 0xEA, 0x28, 0xDA, 0x28, 0xD2, 0x28, 0xD2, 0x28, 0xD2,
    0x28, 0xD2, 0x28, 0xDA, 0x28, 0xD2, 0x28, 0xDA, 0x49, 0xE2, 0x25, 0x59,
    0x42, 0x00, 0x82, 0x10, 0x82, 0x10, 0x82, 0x10, 0x82, 0x10, 0x82, 0x10,
    0xA3, 0x20, 0x08, 0xCA, 0x8A, 0xFA, 0xE7, 0xB9, 0xA2, 0x10, 0x82, 0x10,
    0x82, 0x10, 0x62, 0x00, 0xE4, 0x38, 0x08, 0xCA, 0x49, 0xE2, 0x28, 0xD2,
    0x28, 0xD2, 0x28, 0xD2, 0x28, 0xD2, 0x28, 0xDA, 0x69, 0xEA, 0x08, 0xD2,
    0x00, 0x00, 0x00, 0x00, 0x86, 0xC9, 0x28, 0xD2, 0x8A, 0xFA, 0x28, 0xDA,
    0x28, 0xD2, 0x28, 0xD2, 0x28, 0xD2, 0x28, 0xD2, 0x49, 0xEA, 0x08, 0xCA,
    0xE7, 0xB1, 0x69, 0xF2, 0x28, 0xDA, 0x49, 0xE2, 0x25, 0x59, 0x41, 0x00,
    0x82, 0x10, 0x82, 0x10, 0x82, 0x10, 0x82, 0x10, 0x62, 0x00, 0x86, 0x89,
    0x49, 0xEA, 0xA3, 0x18, 0x62, 0x00, 0x82, 0x10, 0x82, 0x10, 0x82, 0x10,
    0x62, 0x00, 0xE4, 0x38, 0x08, 0xCA, 0x49, 0xEA, 0x28, 0xD2, 0x28, 0xD2,
    0x28, 0xD2, 0x28, 0xD2, 0x28, 0xDA, 0x8A, 0xFA, 0x28, 0xD2, 0x86, 0xC9,
    0x00, 0x00, 0x00, 0x00, 0x28, 0xD2, 0x28, 0xD2, 0x28, 0xD2, 0x28, 0xD2,
    0x28, 0xD2, 0x28, 0xD2, 0x08, 0xCA, 0xA3, 0x10, 0x82, 0x08, 0xC7, 0xA9,
    0x49, 0xEA, 0x28, 0xDA, 0x69, 0xF2, 0x25, 0x59, 0x82, 0x08, 0x82, 0x10,
    0x82, 0x10, 0x82, 0x10, 0x82, 0x08, 0x62, 0x00, 0xA7, 0xA1, 0x04, 0x41,
    0x82, 0x10, 0x82, 0x10, 0x82, 0x10, 0x82, 0x10, 0x82, 0x10, 0x62, 0x00,
    0xA3, 0x20, 0x08, 0xCA, 0x28, 0xD2, 0x28, 0xD2, 0x28, 0xD2, 0x28, 0xD2,
    0x28, 0xD2, 0x28, 0xD2, 0x00, 0x00, 0x00, 0x00, 0x08, 0xD2, 0x28, 0xD2,
    0x69, 0xF2, 0x28, 0xD2, 0x28, 0xD2, 0x28, 0xD2, 0x28, 0xD2, 0x28, 0xD2,
    0x69, 0xF2, 0xA3, 0x20, 0x62, 0x00, 0xA3, 0x20, 0xC7, 0xA9, 0x69, 0xFA,
    0x28, 0xDA, 0x04, 0x49, 0x82, 0x00, 0x82, 0x10, 0x82, 0x10, 0x82, 0x10,
    0x82, 0x10, 0x82, 0x08, 0x82, 0x08, 0x62, 0x00, 0x82, 0x10, 0x82, 0x10,
    0x82, 0x10, 0x82, 0x10, 0x82, 0x10, 0x82, 0x10, 0xA3, 0x20, 0x69, 0xF2,
    0x28, 0xD2, 0x28, 0xD2, 0x28, 0xD2, 0x28, 0xD2, 0x28, 0xD2, 0x69, 0xF2,
    0x28, 0xD2, 0x08, 0xD2, 0x08, 0xD2, 0x8A, 0xFA, 0x28, 0xD2, 0x28, 0xD2,
    0x28, 0xD2, 0x28, 0xD2, 0x28, 0xD2, 0x69, 0xF2, 0x66, 0x79, 0x62, 0x00,
    0x82, 0x10, 0x62, 0x00, 0xA3, 0x20, 0xC7, 0xA9, 0x04, 0x49, 0x42, 0x00,
    0x82, 0x10, 0x82, 0x10, 0x82, 0x10, 0x82, 0x10, 0x82, 0x10, 0x82, 0x10,
    0x82, 0x10, 0x82, 0x10, 0x82, 0x10, 0x82, 0x10, 0x82, 0x10, 0x82, 0x10,
    0x82, 0x10, 0x82, 0x10, 0x62, 0x00, 0x45, 0x71, 0x49, 0xE2, 0x28, 0xD2,
    0x28, 0xD2, 0x28, 0xD2, 0x28, 0xD2, 0x28, 0xD2, 0x8A, 0xFA, 0x08, 0xD2,
    0x28, 0xD2, 0x69, 0xF2, 0x28, 0xD2, 0x28, 0xD2, 0x28, 0xD2, 0x28, 0xD2,
    0x28, 0xDA, 0x86, 0x89, 0x21, 0x00, 0x82, 0x08, 0x82, 0x10, 0x82, 0x10,
    0x62, 0x00, 0xA3, 0x10, 0x62, 0x00, 0x82, 0x10, 0x82, 0x10, 0x62, 0x08,
    0xA3, 0x10, 0x62, 0x08, 0x62, 0x08, 0xA3, 0x10, 0x62, 0x08, 0x82, 0x10,
    0x82, 0x10, 0x82, 0x10, 0x82, 0x10, 0x82, 0x10, 0x62, 0x00, 0xA2, 0x10,
    0x21, 0x00, 0x24, 0x59, 0x28, 0xE2, 0x28, 0xD2, 0x28, 0xD2, 0x28, 0xD2,
    0x28, 0xD2, 0x28, 0xD2, 0x69, 0xF2, 0x28, 0xD2, 0x28, 0xD2, 0x28, 0xD2,
    0x28, 0xD2, 0x28, 0xD2, 0x28, 0xD2, 0x28, 0xD2, 0x49, 0xEA, 0xA6, 0x91,
    0x82, 0x08, 0x82, 0x10, 0x82, 0x10, 0x82, 0x10, 0x82, 0x10, 0x82, 0x10,
    0x82, 0x10, 0x82, 0x10, 0x62, 0x08, 0xC3, 0x10, 0x66, 0x29, 0x46, 0x29,
    0x46, 0x29, 0x66, 0x29, 0xC3, 0x10, 0x62, 0x08, 0x82, 0x10, 0x82, 0x10,
    0x62, 0x00, 0x04, 0x41, 0xA3, 0x18, 0xE7, 0xB9, 0xE7, 0xB1, 0x49, 0xEA,
    0x28, 0xDA, 0x28, 0xD2, 0x28, 0xD2, 0x28, 0xD2, 0x28, 0xD2, 0x28, 0xD2,
    0x28, 0xD2, 0x28, 0xD2, 0x08, 0xD2, 0x69, 0xEA, 0x28, 0xD2, 0x28, 0xD2,
    0x28, 0xD2, 0x28, 0xD2, 0x48, 0xE2, 0xA6, 0x91, 0x62, 0x00, 0x82, 0x10,
    0x82, 0x10, 0x82, 0x10, 0x82, 0x10, 0x82, 0x10, 0x82, 0x10, 0x62, 0x08,
    0xC3, 0x10, 0x66, 0x29, 0x66, 0x29, 0x66, 0x29, 0x66, 0x29, 0x66, 0x29,
    0x66, 0x29, 0xC3, 0x10, 0x62, 0x08, 0x82, 0x10, 0x82, 0x08, 0xA7, 0xA1,
    0x49, 0xEA, 0x8A, 0xFA, 0x08, 0xCA, 0x69, 0xFA, 0x28, 0xDA, 0x28, 0xDA,
    0x28, 0xD2, 0x28, 0xD2, 0x28, 0xD2, 0x28, 0xD2, 0x69, 0xEA, 0x08, 0xD2,
    0x28, 0xD2, 0x49, 0xE2, 0x28, 0xD2, 0x28, 0xD2, 0x28, 0xD2, 0x28, 0xD2,
    0x49, 0xE2, 0x45, 0x61, 0x62, 0x00, 0x82, 0x10, 0x82, 0x10, 0x82, 0x10,
    0x82, 0x10, 0x82, 0x10, 0x82, 0x10, 0xA3, 0x10, 0x66, 0x29, 0x66, 0x29,
    0x66, 0x29, 0x66, 0x29, 0x66, 0x29, 0x66, 0x29, 0x66, 0x29, 0x66, 0x29,
    0xA3, 0x10, 0x82, 0x10, 0x82, 0x08, 0x62, 0x00, 0x86, 0x89, 0x08, 0xCA,
    0xC3, 0x28, 0xE3, 0x30, 0xE4, 0x40, 0x49, 0xE2, 0x28, 0xD2, 0x28, 0xD2,
    0x28, 0xD2, 0x28, 0xD2, 0x49, 0xE2, 0x28, 0xD2, 0x8A, 0xFA, 0x28, 0xD2,
    0x28, 0xD2, 0x28, 0xD2, 0x28, 0xD2, 0x28, 0xD2, 0x08, 0xCA, 0x41, 0x00,
    0x82, 0x10, 0x82, 0x10, 0x82, 0x10, 0x82, 0x10, 0x82, 0x10, 0x82, 0x10,
    0x82, 0x10, 0x62, 0x08, 0x46, 0x29, 0x66, 0x29, 0x66, 0x29, 0x66, 0x29,
    0x66, 0x29, 0x66, 0x29, 0x66, 0x29, 0x46, 0x29, 0x62, 0x08, 0x82, 0x10,
    0x82, 0x10, 0x82, 0x08, 0x62, 0x00, 0xA3, 0x20, 0x42, 0x00, 0x82, 0x10,
    0x41, 0x00, 0x08, 0xCA, 0x28, 0xD2, 0x28, 0xD2, 0x28, 0xD2, 0x28, 0xD2,
    0x28, 0xD2, 0x8A, 0xFA, 0x8A, 0xFA, 0x28, 0xD2, 0x28, 0xD2, 0x28, 0xD2,
    0x28, 0xD2, 0x28, 0xD2, 0x08, 0xCA, 0x41, 0x00, 0x82, 0x10, 0x42, 0x00,
    0xA3, 0x20, 0x62, 0x00, 0x82, 0x08, 0x82, 0x10, 0x82, 0x10, 0x62, 0x08,
    0x46, 0x29, 0x66, 0x29, 0x66, 0x29, 0x66, 0x29, 0x66, 0x29, 0x66, 0x29,
    0x66, 0x29, 0x46, 0x29, 0x62, 0x08, 0x82, 0x10, 0x82, 0x10, 0x82, 0x10,
    0x82, 0x10, 0x82, 0x10, 0x82, 0x10, 0x82, 0x10, 0x41, 0x00, 0x08, 0xCA,
    0x28, 0xD2, 0x28, 0xD2, 0x28, 0xD2, 0x28, 0xD2, 0x28, 0xD2, 0x8A, 0xFA,
    0x28, 0xD2, 0x49, 0xE2, 0x28, 0xD2, 0x28, 0xD2, 0x28, 0xD2, 0x28, 0xD2,
    0x49, 0xE2, 0xE4, 0x40, 0xE3, 0x30, 0xC3, 0x28, 0x08, 0xCA, 0x86, 0x89,
    0x62, 0x00, 0x82, 0x08, 0x82, 0x10, 0xA3, 0x10, 0x66, 0x29, 0x66, 0x29,
    0x66, 0x29, 0x66, 0x29, 0x66, 0x29, 0x66, 0x29, 0x66, 0x29, 0x66, 0x29,
    0xA3, 0x10, 0x82, 0x10, 0x82, 0x10, 0x82, 0x10, 0x82, 0x10, 0x82, 0x10,
    0x82, 0x10, 0x62, 0x00, 0x45, 0x61, 0x49, 0xE2, 0x28, 0xD2, 0x28, 0xD2,
    0x28, 0xD2, 0x28, 0xD2, 0x49, 0xE2, 0x28, 0xD2, 0x08, 0xD2, 0x69, 0xEA,
    0x28, 0xD2, 0x28, 0xD2, 0x28, 0xD2, 0x28, 0xD2, 0x28, 0xDA, 0x28, 0xDA,
    0x69, 0xFA, 0x08, 0xCA, 0x8A, 0xFA, 0x49, 0xEA, 0xA7, 0xA1, 0x82, 0x08,
    0x82, 0x10, 0x62, 0x08, 0xC3, 0x10, 0x66, 0x29, 0x66, 0x29, 0x66, 0x29,
    0x66, 0x29, 0x66, 0x29, 0x66, 0x29, 0xC3, 0x10, 0x62, 0x08, 0x82, 0x10,
    0x82, 0x10, 0x82, 0x10, 0x82, 0x10, 0x82, 0x10, 0x82, 0x10, 0x62, 0x00,
    0xA6, 0x91, 0x48, 0xE2, 0x28, 0xD2, 0x28, 0xD2, 0x28, 0xD2, 0x28, 0xD2,
    0x69, 0xEA, 0x08, 0xD2, 0x28, 0xD2, 0x28, 0xD2, 0x28, 0xD2, 0x28, 0xD2,
    0x28, 0xD2, 0x28, 0xD2, 0x28, 0xD2, 0x28, 0xDA, 0x49, 0xEA, 0xE7, 0xB1,
    0xE7, 0xB9, 0xA3, 0x18, 0x04, 0x41, 0x62, 0x00, 0x82, 0x10, 0x82, 0x10,
    0x62, 0x08, 0xC3, 0x10, 0x66, 0x29, 0x46, 0x29, 0x46, 0x29, 0x66, 0x29,
    0xC3, 0x10, 0x62, 0x08, 0x82, 0x10, 0x82, 0x10, 0x82, 0x10, 0x82, 0x10,
    0x82, 0x10, 0x82, 0x10, 0x82, 0x10, 0x82, 0x08, 0xA6, 0x91, 0x49, 0xEA,
    0x28, 0xD2, 0x28, 0xD2, 0x28, 0xD2, 0x28, 0xD2, 0x28, 0xD2, 0x28, 0xD2,
    0x28, 0xD2, 0x69, 0xF2, 0x28, 0xD2, 0x28, 0xD2, 0x28, 0xD2, 0x28, 0xD2,
    0x28, 0xD2, 0x28, 0xE2, 0x24, 0x59, 0x21, 0x00, 0xA2, 0x10, 0x62, 0x00,
    0x82, 0x10, 0x82, 0x10, 0x82, 0x10, 0x82, 0x10, 0x82, 0x10, 0x62, 0x08,
    0xA3, 0x10, 0x62, 0x08, 0x62, 0x08, 0xA3, 0x10, 0x62, 0x08, 0x82, 0x10,
    0x82, 0x10, 0x82, 0x10, 0x82, 0x00, 0x82, 0x08, 0x62, 0x00, 0x82, 0x10,
    0x82, 0x08, 0x21, 0x00, 0x86, 0x89, 0x28, 0xDA, 0x28, 0xD2, 0x28, 0xD2,
    0x28, 0xD2, 0x28, 0xD2, 0x69, 0xF2, 0x28, 0xD2, 0x08, 0xD2, 0x8A, 0xFA,
    0x28, 0xD2, 0x28, 0xD2, 0x28, 0xD2, 0x28, 0xD2, 0x28, 0xD2, 0x49, 0xE2,
    0x45, 0x71, 0x62, 0x00, 0x82, 0x10, 0x82, 0x10, 0x82, 0x10, 0x82, 0x10,
    0x82, 0x10, 0x82, 0x10, 0x82, 0x10, 0x82, 0x10, 0x82, 0x10, 0x82, 0x10,
    0x82, 0x10, 0x82, 0x10, 0x82, 0x10, 0x82, 0x10, 0x82, 0x10, 0x62, 0x00,
    0x82, 0x08, 0xC7, 0xA1, 0x45, 0x61, 0x42, 0x00, 0x62, 0x00, 0x66, 0x79,
    0x69, 0xF2, 0x28, 0xD2, 0x28, 0xD2, 0x28, 0xD2, 0x28, 0xD2, 0x28, 0xD2,
    0x8A, 0xFA, 0x08, 0xD2, 0x08, 0xD2, 0x28, 0xD2, 0x69, 0xF2, 0x28, 0xD2,
    0x28, 0xD2, 0x28, 0xD2, 0x28, 0xD2, 0x28, 0xD2, 0x69, 0xF2, 0xA3, 0x20,
    0x82, 0x10, 0x82, 0x10, 0x82, 0x10, 0x82, 0x10, 0x82, 0x10, 0x82, 0x10,
    0x62, 0x00, 0x82, 0x08, 0x82, 0x08, 0x82, 0x10, 0x82, 0x10, 0x82, 0x10,
    0x82, 0x10, 0x82, 0x10, 0x82, 0x10, 0x82, 0x08, 0xC7, 0xA9, 0x69, 0xFA,
    0x49, 0xE2, 0x25, 0x59, 0x62, 0x00, 0x69, 0xF2, 0x28, 0xD2, 0x28, 0xD2,
    0x28, 0xD2, 0x28, 0xD2, 0x28, 0xD2, 0x69, 0xF2, 0x28, 0xD2, 0x08, 0xD2,
    0x00, 0x00, 0x00, 0x00, 0x28, 0xD2, 0x28, 0xD2, 0x28, 0xD2, 0x28, 0xD2,
    0x28, 0xD2, 0x28, 0xD2, 0x08, 0xCA, 0xA3, 0x20, 0x62, 0x00, 0x82, 0x10,
    0x82, 0x10, 0x82, 0x10, 0x82, 0x10, 0x82, 0x10, 0x04, 0x41, 0xA7, 0xA1,
    0x62, 0x00, 0x82, 0x08, 0x82, 0x10, 0x82, 0x10, 0x82, 0x10, 0x82, 0x10,
    0x82, 0x10, 0xA3, 0x18, 0x08, 0xC2, 0x49, 0xEA, 0x28, 0xDA, 0x49, 0xE2,
    0x25, 0x59, 0x08, 0xCA, 0x28, 0xD2, 0x28, 0xD2, 0x28, 0xD2, 0x28, 0xD2,
    0x28, 0xD2, 0x28, 0xD2, 0x00, 0x00, 0x00, 0x00, 0x86, 0xC9, 0x28, 0xD2,
    0x8A, 0xFA, 0x28, 0xDA, 0x28, 0xD2, 0x28, 0xD2, 0x28, 0xD2, 0x28, 0xD2,
    0x49, 0xEA, 0x08, 0xCA, 0xE4, 0x38, 0x62, 0x00, 0x82, 0x10, 0x82, 0x10,
    0x82, 0x10, 0x62, 0x00, 0xA3, 0x18, 0x49, 0xEA, 0x86, 0x89, 0x62, 0x00,
    0x82, 0x10, 0x82, 0x10, 0x82, 0x10, 0x82, 0x10, 0x82, 0x10, 0x62, 0x00,
    0xA3, 0x20, 0xC7, 0xA9, 0x69, 0xF2, 0x28, 0xDA, 0x28, 0xD2, 0x48, 0xE2,
    0x28, 0xD2, 0x28, 0xD2, 0x28, 0xD2, 0x28, 0xD2, 0x28, 0xDA, 0x8A, 0xFA,
    0x28, 0xD2, 0x86, 0xC9, 0x00, 0x00, 0x00, 0x00, 0x08, 0xD2, 0x69, 0xEA,
    0x28, 0xDA, 0x28, 0xD2, 0x28, 0xD2, 0x28, 0xD2, 0x28, 0xD2, 0x49, 0xE2,
    0x08, 0xCA, 0xE4, 0x38, 0x62, 0x00, 0x82, 0x10, 0x82, 0x10, 0xA2, 0x10,
    0xE7, 0xB9, 0x8A, 0xFA, 0x08, 0xCA, 0xA3, 0x20, 0x82, 0x10, 0x82, 0x10,
    0x82, 0x10, 0x82, 0x10, 0x82, 0x10, 0x82, 0x10, 0x62, 0x00, 0x82, 0x08,
    0xE7, 0xB1, 0x28, 0xD2, 0x28, 0xD2, 0x28, 0xD2, 0x28, 0xD2, 0x28, 0xD2,
    0x28, 0xD2, 0x28, 0xDA, 0x69, 0xEA, 0x08, 0xD2, 0x00, 0x00, 0x00, 0x00,
    0x00, 0x00, 0x00, 0x00, 0x00, 0x00, 0x28, 0xD2, 0x28, 0xD2, 0x28, 0xD2,
    0x28, 0xD2, 0x28, 0xD2, 0x28, 0xD2, 0x28, 0xD2, 0x49, 0xE2, 0x08, 0xCA,
    0xA3, 0x20, 0xA3, 0x20, 0x62, 0x00, 0x21, 0x00, 0xE7, 0xB1, 0x08, 0xCA,
    0xC3, 0x28, 0x42, 0x00, 0x82, 0x10, 0x82, 0x10, 0x82, 0x10, 0x82, 0x10,
    0x82, 0x08, 0x62, 0x00, 0xA3, 0x20, 0xA3, 0x10, 0x08, 0xCA, 0x28, 0xDA,
    0x28, 0xD2, 0x28, 0xD2, 0x28, 0xD2, 0x28, 0xD2, 0x28, 0xD2, 0x28, 0xD2,
    0x28, 0xD2, 0x00, 0x00, 0x00, 0x00, 0x00, 0x00, 0x00, 0x00, 0x00, 0x00,
    0x00, 0x00, 0x28, 0xD2, 0x28, 0xDA, 0x28, 0xD2, 0x28, 0xD2, 0x28, 0xD2,
    0x28, 0xD2, 0x28, 0xD2, 0x28, 0xD2, 0x49, 0xEA, 0x08, 0xCA, 0x69, 0xF2,
    0x45, 0x71, 0x24, 0x59, 0x49, 0xEA, 0x69, 0xFA, 0xE3, 0x30, 0x82, 0x10,
    0x82, 0x10, 0x62, 0x00, 0x62, 0x00, 0x82, 0x08, 0x21, 0x00, 0x66, 0x79,
    0x69, 0xF2, 0x08, 0xCA, 0x49, 0xEA, 0x28, 0xD2, 0x28, 0xD2, 0x28, 0xD2,
    0x28, 0xD2, 0x28, 0xD2, 0x28, 0xD2, 0x28, 0xDA, 0x28, 0xD2, 0x00, 0x00,
    0x00, 0x00, 0x00, 0x00, 0x00, 0x00, 0x00, 0x00, 0x00, 0x00, 0x00, 0x00,
    0x28, 0xD2, 0x28, 0xD2, 0x28, 0xD2, 0x28, 0xD2, 0x28, 0xD2, 0x28, 0xD2,
    0x28, 0xD2, 0x28, 0xD2, 0x28, 0xD2, 0x28, 0xD2, 0x49, 0xE2, 0x28, 0xE2,
    0x28, 0xDA, 0x28, 0xDA, 0xE4, 0x40, 0x41, 0x00, 0x41, 0x00, 0x45, 0x61,
    0xA6, 0x91, 0xA6, 0x91, 0x86, 0x89, 0x69, 0xF2, 0x28, 0xD2, 0x28, 0xD2,
    0x28, 0xD2, 0x28, 0xD2, 0x28, 0xD2, 0x28, 0xD2, 0x28, 0xD2, 0x28, 0xD2,
    0x28, 0xD2, 0x28, 0xD2, 0x00, 0x00, 0x00, 0x00, 0x00, 0x00, 0x00, 0x00,
    0x00, 0x00, 0x00, 0x00, 0x00, 0x00, 0x00, 0x00, 0x00, 0x00, 0x28, 0xD2,
    0x28, 0xD2, 0x28, 0xD2, 0x28, 0xD2, 0x28, 0xD2, 0x28, 0xD2, 0x28, 0xD2,
    0x28, 0xD2, 0x28, 0xD2, 0x28, 0xD2, 0x28, 0xD2, 0x28, 0xD2, 0x28, 0xDA,
    0x49, 0xE2, 0x08, 0xCA, 0x08, 0xCA, 0x49, 0xE2, 0x48, 0xE2, 0x49, 0xEA,
    0x28, 0xDA, 0x28, 0xD2, 0x28, 0xD2, 0x28, 0xD2, 0x28, 0xD2, 0x28, 0xD2,
    0x28, 0xD2, 0x28, 0xD2, 0x28, 0xD2, 0x28, 0xD2, 0x28, 0xD2, 0x00, 0x00,
    0x00, 0x00, 0x00, 0x00, 0x00, 0x00, 0x00, 0x00, 0x00, 0x00, 0x00, 0x00,
    0x00, 0x00, 0x00, 0x00, 0x00, 0x00, 0x00, 0x00, 0x28, 0xD2, 0x28, 0xD2,
    0x28, 0xD2, 0x28, 0xD2, 0x28, 0xD2, 0x28, 0xD2, 0x28, 0xD2, 0x28, 0xD2,
    0x28, 0xD2, 0x28, 0xD2, 0x28, 0xD2, 0x28, 0xD2, 0x28, 0xD2, 0x28, 0xD2,
    0x28, 0xD2, 0x28, 0xD2, 0x28, 0xD2, 0x28, 0xD2, 0x28, 0xD2, 0x28, 0xD2,
    0x28, 0xD2, 0x28, 0xD2, 0x28, 0xD2, 0x28, 0xD2, 0x28, 0xD2, 0x28, 0xD2,
    0x28, 0xD2, 0x28, 0xD2, 0x00, 0x00, 0x00, 0x00, 0x00, 0x00, 0x00, 0x00,
    0x00, 0x00, 0x00, 0x00, 0x00, 0x00, 0x00, 0x00, 0x00, 0x00, 0x00, 0x00,
    0x00, 0x00, 0x00, 0x00, 0x00, 0x00, 0x28, 0xD2, 0x28, 0xDA, 0x28, 0xD2,
    0x28, 0xDA, 0x28, 0xD2, 0x28, 0xD2, 0x28, 0xD2, 0x28, 0xD2, 0x28, 0xD2,
    0x28, 0xD2, 0x28, 0xD2, 0x28, 0xD2, 0x28, 0xD2, 0x28, 0xD2, 0x28, 0xD2,
    0x28, 0xD2, 0x28, 0xD2, 0x28, 0xD2, 0x28, 0xD2, 0x28, 0xD2, 0x28, 0xD2,
    0x28, 0xD2, 0x28, 0xDA, 0x28, 0xD2, 0x28, 0xDA, 0x28, 0xD2, 0x00, 0x00,
    0x00, 0x00, 0x00, 0x00, 0x00, 0x00, 0x00, 0x00, 0x00, 0x00, 0x00, 0x00,
    0x00, 0x00, 0x00, 0x00, 0x00, 0x00, 0x00, 0x00, 0x00, 0x00, 0x00, 0x00,
    0x00, 0x00, 0x00, 0x00, 0x28, 0xD2, 0x28, 0xD2, 0x69, 0xEA, 0x28, 0xDA,
    0x28, 0xD2, 0x28, 0xD2, 0x28, 0xD2, 0x28, 0xD2, 0x28, 0xD2, 0x28, 0xD2,
    0x28, 0xD2, 0x28, 0xD2, 0x28, 0xD2, 0x28, 0xD2, 0x28, 0xD2, 0x28, 0xD2,
    0x28, 0xD2, 0x28, 0xD2, 0x28, 0xD2, 0x28, 0xD2, 0x28, 0xDA, 0x69, 0xEA,
    0x28, 0xD2, 0x28, 0xD2, 0x00, 0x00, 0x00, 0x00, 0x00, 0x00, 0x00, 0x00,
    0x00, 0x00, 0x00, 0x00, 0x00, 0x00, 0x00, 0x00, 0x00, 0x00, 0x00, 0x00,
    0x00, 0x00, 0x00, 0x00, 0x00, 0x00, 0x00, 0x00, 0x00, 0x00, 0x00, 0x00,
    0x00, 0x00, 0x00, 0x00, 0x08, 0xD2, 0x8A, 0xFA, 0x28, 0xD2, 0x69, 0xF2,
    0x28, 0xD2, 0x28, 0xD2, 0x28, 0xD2, 0x28, 0xD2, 0x28, 0xD2, 0x28, 0xD2,
    0x28, 0xD2, 0x28, 0xD2, 0x28, 0xD2, 0x28, 0xD2, 0x28, 0xD2, 0x28, 0xD2,
    0x69, 0xF2, 0x28, 0xD2, 0x8A, 0xFA, 0x08, 0xD2, 0x00, 0x00, 0x00, 0x00,
    0x00, 0x00, 0x00, 0x00, 0x00, 0x00, 0x00, 0x00, 0x00, 0x00, 0x00, 0x00,
    0x00, 0x00, 0x00, 0x00, 0x00, 0x00, 0x00, 0x00, 0x00, 0x00, 0x00, 0x00,
    0x00, 0x00, 0x00, 0x00, 0x00, 0x00, 0x00, 0x00, 0x00, 0x00, 0x00, 0x00,
    0x00, 0x00, 0x28, 0xD2, 0x00, 0x00, 0x28, 0xD2, 0x8A, 0xFA, 0x69, 0xF2,
    0x28, 0xD2, 0x69, 0xEA, 0x49, 0xE2, 0x28, 0xD2, 0x28, 0xD2, 0x49, 0xE2,
    0x69, 0xEA, 0x28, 0xD2, 0x69, 0xF2, 0x8A, 0xFA, 0x28, 0xD2, 0x00, 0x00,
    0x28, 0xD2, 0x00, 0x00, 0x00, 0x00, 0x00, 0x00, 0x00, 0x00, 0x00, 0x00,
    0x00, 0x00, 0x00, 0x00, 0x00, 0x00, 0x00, 0x00, 0x00, 0x00, 0x00, 0x00,
    0x00, 0x00, 0x00, 0x00, 0x00, 0x00, 0x00, 0x00, 0x00, 0x00, 0x00, 0x00,
    0x00, 0x00, 0x00, 0x00, 0x00, 0x00, 0x00, 0x00, 0x00, 0x00, 0x86, 0xC9,
    0x00, 0x00, 0x08, 0xD2, 0x08, 0xD2, 0x28, 0xD2, 0x28, 0xD2, 0x08, 0xD2,
    0x28, 0xD2, 0x8A, 0xFA, 0x8A, 0xFA, 0x28, 0xD2, 0x08, 0xD2, 0x28, 0xD2,
    0x28, 0xD2, 0x08, 0xD2, 0x08, 0xD2, 0x00, 0x00, 0x86, 0xC9, 0x00, 0x00,
    0x00, 0x00, 0x00, 0x00, 0x00, 0x00, 0x00, 0x00, 0x00, 0x00, 0x00, 0x00,
    0x00, 0x00, 0x00, 0x00, 0x00, 0x00, 0x00, 0x00, 0x00, 0x00, 0x00, 0x00,
    0x00, 0x00, 0x00, 0x00, 0x00, 0x00, 0x00, 0x05, 0x00, 0x22, 0x6E, 0x67,
    0x70, 0x6A, 0x9F, 0xFF, 0xFF, 0x9F, 0x6A, 0x70, 0x67, 0x6E, 0x22, 0x00,
    0x05, 0x00, 0x00, 0x00, 0x00, 0x00, 0x00, 0x00, 0x00, 0x00, 0x00, 0x00,
    0x00, 0x00, 0x00, 0x00, 0x00, 0x00, 0x00, 0x00, 0x00, 0x00, 0x00, 0x1E,
    0x00, 0xD1, 0xFF, 0xFF, 0xFF, 0xFF, 0xFF, 0xFE, 0xFE, 0xFF, 0xFF, 0xFF,
    0xFF, 0xFF, 0xD1, 0x00, 0x1E, 0x00, 0x00, 0x00, 0x00, 0x00, 0x00, 0x00,
    0x00, 0x00, 0x00, 0x00, 0x00, 0x00, 0x00, 0x00, 0x00, 0x00, 0x00, 0x00,
    0x00, 0x00, 0x6A, 0xFF, 0xE7, 0xFF, 0xFF, 0xFE, 0xFD, 0xFE, 0xFF, 0xFF,
    0xFF, 0xFF, 0xFE, 0xFD, 0xFE, 0xFF, 0xFF, 0xE7, 0xFF, 0x6A, 0x00, 0x00,
    0x00, 0x00, 0x00, 0x00, 0x00, 0x00, 0x00, 0x00, 0x00, 0x00, 0x00, 0x00,
    0x00, 0x00, 0x00, 0x00, 0xF4, 0x8E, 0xFF, 0xFF, 0xFB, 0xFF, 0xFF, 0xFF,
    0xFF, 0xFF, 0xFF, 0xFF, 0xFF, 0xFF, 0xFF, 0xFF, 0xFF, 0xFF, 0xFF, 0xFB,
    0xFF, 0xFF, 0x8E, 0xF4, 0x00, 0x00, 0x00, 0x00, 0x00, 0x00, 0x00, 0x00,
    0x00, 0x00, 0x00, 0x00, 0x00, 0x00, 0x00, 0xFF, 0xFF, 0xFF, 0xFF, 0xFF,
    0xFF, 0xFF, 0xFF, 0xFF, 0xFF, 0xFF, 0xFF, 0xFF, 0xFF, 0xFF, 0xFF, 0xFF,
    0xFF, 0xFF, 0xFF, 0xFF, 0xFF, 0xFF, 0xFF, 0xFF, 0xFF, 0x00, 0x00, 0x00,
    0x00, 0x00, 0x00, 0x00, 0x00, 0x00, 0x00, 0x00, 0x00, 0x00, 0xFF, 0xFF,
    0xFF, 0xFE, 0xFF, 0xFF, 0xFF, 0xFF, 0xFF, 0xFF, 0xFF, 0xFF, 0xFF, 0xFF,
    0xFF, 0xFF, 0xFF, 0xFF, 0xFF, 0xFF, 0xFF, 0xFF, 0xFF, 0xFF, 0xFE, 0xFF,
    0xFF, 0xFF, 0x00, 0x00, 0x00, 0x00, 0x00, 0x00, 0x00, 0x00, 0x00, 0x00,
    0x00, 0xFF, 0xFF, 0xFF, 0xFF, 0xFF, 0xFF, 0xFF, 0xFF, 0xFF, 0xFF, 0xFF,
    0xFF, 0xFF, 0xFF, 0xFF, 0xFF, 0xFF, 0xFF, 0xFF, 0xFF, 0xFF, 0xFF, 0xFF,
    0xFF, 0xFF, 0xFF, 0xFF, 0xFF, 0xFF, 0xFF, 0x00, 0x00, 0x00, 0x00, 0x00,
    0x00, 0x00, 0x00, 0x00, 0xFF, 0xFF, 0xFF, 0xFF, 0xFF, 0xFF, 0xFF, 0xFF,
    0xFF, 0xFF, 0xFF, 0xFF, 0xFF, 0xFF, 0xFF, 0xFF, 0xFF, 0xFF, 0xFF, 0xFF,
    0xFF, 0xFF, 0xFF, 0xFF, 0xFF, 0xFF, 0xFF, 0xFF, 0xFF, 0xFF, 0xFF, 0xFF,
    0x00, 0x00, 0x00, 0x00, 0x00, 0x00, 0x00, 0xF4, 0xFF, 0xFF, 0xFF, 0xFF,
    0xFF, 0xFF, 0xFF, 0xFF, 0xFF, 0xFF, 0xFF, 0xFF, 0xFF, 0xFF, 0xFF, 0xFF,
    0xFF, 0xFF, 0xFF, 0xFF, 0xFF, 0xFF, 0xFF, 0xFF, 0xFF, 0xFF, 0xFF, 0xFF,
    0xFF, 0xFF, 0xFF, 0xFF, 0xF4, 0x00, 0x00, 0x00, 0x00, 0x00, 0x00, 0x8E,
    0xFF, 0xFE, 0xFF, 0xFF, 0xFF, 0xFF, 0xFF, 0xFF, 0xFF, 0xFF, 0xFF, 0xFF,
    0xFF, 0xFF, 0xFF, 0xFF, 0xFF, 0xFF, 0xFF, 0xFF, 0xFF, 0xFF, 0xFF, 0xFF,
    0xFF, 0xFF, 0xFF, 0xFF, 0xFF, 0xFF, 0xFE, 0xFF, 0x8E, 0x00, 0x00, 0x00,
    0x00, 0x00, 0x6A, 0xFF, 0xFF, 0xFF, 0xFF, 0xFF, 0xFF, 0xFF, 0xFF, 0xFF,
    0xFF, 0xFF, 0xFF, 0xFF, 0xFF, 0xFF, 0xFF, 0xFF, 0xFF, 0xFF, 0xFF, 0xFF,
    0xFF, 0xFF, 0xFF, 0xFF, 0xFF, 0xFF, 0xFF, 0xFF, 0xFF, 0xFF, 0xFF, 0xFF,
    0xFF, 0x6A, 0x00, 0x00, 0x05, 0x1E, 0xFF, 0xFF, 0xFF, 0xFF, 0xFF, 0xFF,
    0xFF, 0xFF, 0xFF, 0xFF, 0xFF, 0xFF, 0xFF, 0xFF, 0xFF, 0xFF, 0xFF, 0xFF,
    0xFF, 0xFF, 0xFF, 0xFF, 0xFF, 0xFF, 0xFF, 0xFF, 0xFF, 0xFF, 0xFF, 0xFF,
    0xFF, 0xFF, 0xFF, 0xFF, 0xFF, 0xFF, 0x1E, 0x05, 0x00, 0x00, 0xE7, 0xFB,
    0xFF, 0xFF, 0xFF, 0xFF, 0xFF, 0xFF, 0xFF, 0xFF, 0xFF, 0xFF, 0xFF, 0xFF,
    0xFF, 0xFF, 0xFF, 0xFF, 0xFF, 0xFF, 0xFF, 0xFF, 0xFF, 0xFF, 0xFF, 0xFF,
    0xFF, 0xFF, 0xFF, 0xFF, 0xFF, 0xFF, 0xFF, 0xFF, 0xFB, 0xE7, 0x00, 0x00,
    0x22, 0xD1, 0xFF, 0xFF, 0xFF, 0xFF, 0xFF, 0xFF, 0xFF, 0xFF, 0xFF, 0xFF,
    0xFF, 0xFF, 0xFF, 0xFF, 0xFF, 0xFF, 0xFF, 0xFF, 0xFF, 0xFF, 0xFF, 0xFF,
    0xFF, 0xFF, 0xFF, 0xFF, 0xFF, 0xFF, 0xFF, 0xFF, 0xFF, 0xFF, 0xFF, 0xFF,
    0xFF, 0xFF, 0xD1, 0x22, 0x6E, 0xFF, 0xFF, 0xFF, 0xFF, 0xFF, 0xFF, 0xFF,
    0xFF, 0xFF, 0xFF, 0xFF, 0xFF, 0xFF, 0xFF, 0xFF, 0xFF, 0xFF, 0xFF, 0xFF,
    0xFF, 0xFF, 0xFF, 0xFF, 0xFF, 0xFF, 0xFF, 0xFF, 0xFF, 0xFF, 0xFF, 0xFF,
    0xFF, 0xFF, 0xFF, 0xFF, 0xFF, 0xFF, 0xFF, 0x6E, 0x67, 0xFF, 0xFE, 0xFF,
    0xFF, 0xFF, 0xFF, 0xFF, 0xFF, 0xFF, 0xFF, 0xFF, 0xFF, 0xFF, 0xFF, 0xFF,
    0xFF, 0xFF, 0xFF, 0xFF, 0xFF, 0xFF, 0xFF, 0xFF, 0xFF, 0xFF, 0xFF, 0xFF,
    0xFF, 0xFF, 0xFF, 0xFF, 0xFF, 0xFF, 0xFF, 0xFF, 0xFF, 0xFE, 0xFF, 0x67,
    0x70, 0xFF, 0xFD, 0xFF, 0xFF, 0xFF, 0xFF, 0xFF, 0xFF, 0xFF, 0xFF, 0xFF,
    0xFF, 0xFF, 0xFF, 0xFF, 0xFF, 0xFF, 0xFF, 0xFF, 0xFF, 0xFF, 0xFF, 0xFF,
    0xFF, 0xFF, 0xFF, 0xFF, 0xFF, 0xFF, 0xFF, 0xFF, 0xFF, 0xFF, 0xFF, 0xFF,
    0xFF, 0xFD, 0xFF, 0x70, 0x6A, 0xFF, 0xFE, 0xFF, 0xFF, 0xFF, 0xFF, 0xFF,
    0xFF, 0xFF, 0xFF, 0xFF, 0xFF, 0xFF, 0xFF, 0xFF, 0xFF, 0xFF, 0xFF, 0xFF,
    0xFF, 0xFF, 0xFF, 0xFF, 0xFF, 0xFF, 0xFF, 0xFF, 0xFF, 0xFF, 0xFF, 0xFF,
    0xFF, 0xFF, 0xFF, 0xFF, 0xFF, 0xFE, 0xFF, 0x6A, 0x9F, 0xFF, 0xFF, 0xFF,
    0xFF, 0xFF, 0xFF, 0xFF, 0xFF, 0xFF, 0xFF, 0xFF, 0xFF, 0xFF, 0xFF, 0xFF,
    0xFF, 0xFF, 0xFF, 0xFF, 0xFF, 0xFF, 0xFF, 0xFF, 0xFF, 0xFF, 0xFF, 0xFF,
    0xFF, 0xFF, 0xFF, 0xFF, 0xFF, 0xFF, 0xFF, 0xFF, 0xFF, 0xFF, 0xFF, 0x9F,
    0xFF, 0xFE, 0xFF, 0xFF, 0xFF, 0xFF, 0xFF, 0xFF, 0xFF, 0xFF, 0xFF, 0xFF,
    0xFF, 0xFF, 0xFF, 0xFF, 0xFF, 0xFF, 0xFF, 0xFF, 0xFF, 0xFF, 0xFF, 0xFF,
    0xFF, 0xFF, 0xFF, 0xFF, 0xFF, 0xFF, 0xFF, 0xFF, 0xFF, 0xFF, 0xFF, 0xFF,
    0xFF, 0xFF, 0xFE, 0xFF, 0xFF, 0xFE, 0xFF, 0xFF, 0xFF, 0xFF, 0xFF, 0xFF,
    0xFF, 0xFF, 0xFF, 0xFF, 0xFF, 0xFF, 0xFF, 0xFF, 0xFF, 0xFF, 0xFF, 0xFF,
    0xFF, 0xFF, 0xFF, 0xFF, 0xFF, 0xFF, 0xFF, 0xFF, 0xFF, 0xFF, 0xFF, 0xFF,
    0xFF, 0xFF, 0xFF, 0xFF, 0xFF, 0xFF, 0xFE, 0xFF, 0x9F, 0xFF, 0xFF, 0xFF,
    0xFF, 0xFF, 0xFF, 0xFF, 0xFF, 0xFF, 0xFF, 0xFF, 0xFF, 0xFF, 0xFF, 0xFF,
    0xFF, 0xFF, 0xFF, 0xFF, 0xFF, 0xFF, 0xFF, 0xFF, 0xFF, 0xFF, 0xFF, 0xFF,
    0xFF, 0xFF, 0xFF, 0xFF, 0xFF, 0xFF, 0xFF, 0xFF, 0xFF, 0xFF, 0xFF, 0x9F,
    0x6A, 0xFF, 0xFE, 0xFF, 0xFF, 0xFF, 0xFF, 0xFF, 0xFF, 0xFF, 0xFF, 0xFF,
    0xFF, 0xFF, 0xFF, 0xFF, 0xFF, 0xFF, 0xFF, 0xFF, 0xFF, 0xFF, 0xFF, 0xFF,
    0xFF, 0xFF, 0xFF, 0xFF, 0xFF, 0xFF, 0xFF, 0xFF, 0xFF, 0xFF, 0xFF, 0xFF,
    0xFF, 0xFE, 0xFF, 0x6A, 0x70, 0xFF, 0xFD, 0xFF, 0xFF, 0xFF, 0xFF, 0xFF,
    0xFF, 0xFF, 0xFF, 0xFF, 0xFF, 0xFF, 0xFF, 0xFF, 0xFF, 0xFF, 0xFF, 0xFF,
    0xFF, 0xFF, 0xFF, 0xFF, 0xFF, 0xFF, 0xFF, 0xFF, 0xFF, 0xFF, 0xFF, 0xFF,
    0xFF, 0xFF, 0xFF, 0xFF, 0xFF, 0xFD, 0xFF, 0x70, 0x67, 0xFF, 0xFE, 0xFF,
    0xFF, 0xFF, 0xFF, 0xFF, 0xFF, 0xFF, 0xFF, 0xFF, 0xFF, 0xFF, 0xFF, 0xFF,
    0xFF, 0xFF, 0xFF, 0xFF, 0xFF, 0xFF, 0xFF, 0xFF, 0xFF, 0xFF, 0xFF, 0xFF,
    0xFF, 0xFF, 0xFF, 0xFF, 0xFF, 0xFF, 0xFF, 0xFF, 0xFF, 0xFE, 0xFF, 0x67,
    0x6E, 0xFF, 0xFF, 0xFF, 0xFF, 0xFF, 0xFF, 0xFF, 0xFF, 0xFF, 0xFF, 0xFF,
    0xFF, 0xFF, 0xFF, 0xFF, 0xFF, 0xFF, 0xFF, 0xFF, 0xFF, 0xFF, 0xFF, 0xFF,
    0xFF, 0xFF, 0xFF, 0xFF, 0xFF, 0xFF, 0xFF, 0xFF, 0xFF, 0xFF, 0xFF, 0xFF,
    0xFF, 0xFF, 0xFF, 0x6E, 0x22, 0xD1, 0xFF, 0xFF, 0xFF, 0xFF, 0xFF, 0xFF,
    0xFF, 0xFF, 0xFF, 0xFF, 0xFF, 0xFF, 0xFF, 0xFF, 0xFF, 0xFF, 0xFF, 0xFF,
    0xFF, 0xFF, 0xFF, 0xFF, 0xFF, 0xFF, 0xFF, 0xFF, 0xFF, 0xFF, 0xFF, 0xFF,
    0xFF, 0xFF, 0xFF, 0xFF, 0xFF, 0xFF, 0xD1, 0x22, 0x00, 0x00, 0xE7, 0xFB,
    0xFF, 0xFF, 0xFF, 0xFF, 0xFF, 0xFF, 0xFF, 0xFF, 0xFF, 0xFF, 0xFF, 0xFF,
    0xFF, 0xFF, 0xFF, 0xFF, 0xFF, 0xFF, 0xFF, 0xFF, 0xFF, 0xFF, 0xFF, 0xFF,
    0xFF, 0xFF, 0xFF, 0xFF, 0xFF, 0xFF, 0xFF, 0xFF, 0xFB, 0xE7, 0x00, 0x00,
    0x05, 0x1E, 0xFF, 0xFF, 0xFF, 0xFF, 0xFF, 0xFF, 0xFF, 0xFF, 0xFF, 0xFF,
    0xFF, 0xFF, 0xFF, 0xFF, 0xFF, 0xFF, 0xFF, 0xFF, 0xFF, 0xFF, 0xFF, 0xFF,
    0xFF, 0xFF, 0xFF, 0xFF, 0xFF, 0xFF, 0xFF, 0xFF, 0xFF, 0xFF, 0xFF, 0xFF,
    0xFF, 0xFF, 0x1E, 0x05, 0x00, 0x00, 0x6A, 0xFF, 0xFF, 0xFF, 0xFF, 0xFF,
    0xFF, 0xFF, 0xFF, 0xFF, 0xFF, 0xFF, 0xFF, 0xFF, 0xFF, 0xFF, 0xFF, 0xFF,
    0xFF, 0xFF, 0xFF, 0xFF, 0xFF, 0xFF, 0xFF, 0xFF, 0xFF, 0xFF, 0xFF, 0xFF,
    0xFF, 0xFF, 0xFF, 0xFF, 0xFF, 0x6A, 0x00, 0x00, 0x00, 0x00, 0x00, 0x8E,
    0xFF, 0xFE, 0xFF, 0xFF, 0xFF, 0xFF, 0xFF, 0xFF, 0xFF, 0xFF, 0xFF, 0xFF,
    0xFF, 0xFF, 0xFF, 0xFF, 0xFF, 0xFF, 0xFF, 0xFF, 0xFF, 0xFF, 0xFF, 0xFF,
    0xFF, 0xFF, 0xFF, 0xFF, 0xFF, 0xFF, 0xFE, 0xFF, 0x8E, 0x00, 0x00, 0x00,
    0x00, 0x00, 0x00, 0xF4, 0xFF, 0xFF, 0xFF, 0xFF, 0xFF, 0xFF, 0xFF, 0xFF,
    0xFF, 0xFF, 0xFF, 0xFF, 0xFF, 0xFF, 0xFF, 0xFF, 0xFF, 0xFF, 0xFF, 0xFF,
    0xFF, 0xFF, 0xFF, 0xFF, 0xFF, 0xFF, 0xFF, 0xFF, 0xFF, 0xFF, 0xFF, 0xFF,
    0xF4, 0x00, 0x00, 0x00, 0x00, 0x00, 0x00, 0x00, 0xFF, 0xFF, 0xFF, 0xFF,
    0xFF, 0xFF, 0xFF, 0xFF, 0xFF, 0xFF, 0xFF, 0xFF, 0xFF, 0xFF, 0xFF, 0xFF,
    0xFF, 0xFF, 0xFF, 0xFF, 0xFF, 0xFF, 0xFF, 0xFF, 0xFF, 0xFF, 0xFF, 0xFF,
    0xFF, 0xFF, 0xFF, 0xFF, 0x00, 0x00, 0x00, 0x00, 0x00, 0x00, 0x00, 0x00,
    0x00, 0xFF, 0xFF, 0xFF, 0xFF, 0xFF, 0xFF, 0xFF, 0xFF, 0xFF, 0xFF, 0xFF,
    0xFF, 0xFF, 0xFF, 0xFF, 0xFF, 0xFF, 0xFF, 0xFF, 0xFF, 0xFF, 0xFF, 0xFF,
    0xFF, 0xFF, 0xFF, 0xFF, 0xFF, 0xFF, 0xFF, 0x00, 0x00, 0x00, 0x00, 0x00,
    0x00, 0x00, 0x00, 0x00, 0x00, 0x00, 0xFF, 0xFF, 0xFF, 0xFE, 0xFF, 0xFF,
    0xFF, 0xFF, 0xFF, 0xFF, 0xFF, 0xFF, 0xFF, 0xFF, 0xFF, 0xFF, 0xFF, 0xFF,
    0xFF, 0xFF, 0xFF, 0xFF, 0xFF, 0xFF, 0xFE, 0xFF, 0xFF, 0xFF, 0x00, 0x00,
    0x00, 0x00, 0x00, 0x00, 0x00, 0x00, 0x00, 0x00, 0x00, 0x00, 0x00, 0xFF,
    0xFF, 0xFF, 0xFF, 0xFF, 0xFF, 0xFF, 0xFF, 0xFF, 0xFF, 0xFF, 0xFF, 0xFF,
    0xFF, 0xFF, 0xFF, 0xFF, 0xFF, 0xFF, 0xFF, 0xFF, 0xFF, 0xFF, 0xFF, 0xFF,
    0xFF, 0x00, 0x00, 0x00, 0x00, 0x00, 0x00, 0x00, 0x00, 0x00, 0x00, 0x00,
    0x00, 0x00, 0x00, 0x00, 0xF4, 0x8E, 0xFF, 0xFF, 0xFB, 0xFF, 0xFF, 0xFF,
    0xFF, 0xFF, 0xFF, 0xFF, 0xFF, 0xFF, 0xFF, 0xFF, 0xFF, 0xFF, 0xFF, 0xFB,
    0xFF, 0xFF, 0x8E, 0xF4, 0x00, 0x00, 0x00, 0x00, 0x00, 0x00, 0x00, 0x00,
    0x00, 0x00, 0x00, 0x00, 0x00, 0x00, 0x00, 0x00, 0x00, 0x00, 0x6A, 0xFF,
    0xE7, 0xFF, 0xFF, 0xFE, 0xFD, 0xFE, 0xFF, 0xFF, 0xFF, 0xFF, 0xFE, 0xFD,
    0xFE, 0xFF, 0xFF, 0xE7, 0xFF, 0x6A, 0x00, 0x00, 0x00, 0x00, 0x00, 0x00,
    0x00, 0x00, 0x00, 0x00, 0x00, 0x00, 0x00, 0x00, 0x00, 0x00, 0x00, 0x00,
    0x00, 0x00, 0x00, 0x1E, 0x00, 0xD1, 0xFF, 0xFF, 0xFF, 0xFF, 0xFF, 0xFE,
    0xFE, 0xFF, 0xFF, 0xFF, 0xFF, 0xFF, 0xD1, 0x00, 0x1E, 0x00, 0x00, 0x00,
    0x00, 0x00, 0x00, 0x00, 0x00, 0x00, 0x00, 0x00, 0x00, 0x00, 0x00, 0x00,
    0x00, 0x00, 0x00, 0x00, 0x00, 0x00, 0x00, 0x05, 0x00, 0x22, 0x6E, 0x67,
    0x70, 0x6A, 0x9F, 0xFF, 0xFF, 0x9F, 0x6A, 0x70, 0x67, 0x6E, 0x22, 0x00,
    0x05, 0x00, 0x00, 0x00, 0x00, 0x00, 0x00, 0x00, 0x00, 0x00, 0x00, 0x00,
  },
  { /* frame 22 */
    0x00, 0x00, 0x00, 0x00, 0x00, 0x00, 0x00, 0x00, 0x00, 0x00, 0x00, 0x00,
    0x00, 0x00, 0x00, 0x00, 0x00, 0x00, 0x00, 0x00, 0x00, 0x00, 0x00, 0x00,
    0x00, 0x00, 0x00, 0x00, 0x00, 0x00, 0x28, 0xD2, 0x08, 0xD2, 0x28, 0xD2,
    0x28, 0xD2, 0xAA, 0xFA, 0x49, 0xE2, 0x28, 0xD2, 0x28, 0xD2, 0x08, 0xD2,
    0x28, 0xD2, 0x08, 0xD2, 0x28, 0xCA, 0x00, 0x00, 0x00, 0xF8, 0x00, 0xF8,
    0x00, 0x00, 0x00, 0x00, 0x00, 0x00, 0x00, 0x00, 0x00, 0x00, 0x00, 0x00,
    0x00, 0x00, 0x00, 0x00, 0x00, 0x00, 0x00, 0x00, 0x00, 0x00, 0x00, 0x00,
    0x00, 0x00, 0x00, 0x00, 0x00, 0x00, 0x00, 0x00, 0x00, 0x00, 0x00, 0x00,
    0x00, 0x00, 0x00, 0x00, 0x00, 0x00, 0x00, 0x00, 0x49, 0xE2, 0x28, 0xD2,
    0x28, 0xD2, 0x69, 0xF2, 0x49, 0xEA, 0x49, 0xE2, 0x49, 0xE2, 0x28, 0xD2,
    0x28, 0xDA, 0x28, 0xD2, 0x49, 0xE2, 0x69, 0xEA, 0x69, 0xEA, 0xAA, 0xFA,
    0x28, 0xD2, 0xC7, 0xD1, 0x00, 0x00, 0x00, 0x00, 0x00, 0x00, 0x00, 0x00,
    0x00, 0x00, 0x00, 0x00, 0x00, 0x00, 0x00, 0x00, 0x00, 0x00, 0x00, 0x00,
    0x00, 0x00, 0x00, 0x00, 0x00, 0x00, 0x00, 0x00, 0x00, 0x00, 0x00, 0x00,
    0x00, 0x00, 0x00, 0x00, 0x00, 0x00, 0x00, 0x00, 0x00, 0x00, 0x00, 0x00,
    0x28, 0xD2, 0x28, 0xD2, 0x28, 0xD2, 0x28, 0xD2, 0x49, 0xE2, 0x28, 0xD2,
    0x28, 0xD2, 0x28, 0xD2, 0x28, 0xD2, 0x28, 0xD2, 0x28, 0xD2, 0x28, 0xD2,
    0x28, 0xD2, 0x28, 0xD2, 0x28, 0xD2, 0x28, 0xD2, 0x28, 0xDA, 0x8A, 0xFA,
    0x28, 0xD2, 0x28, 0xD2, 0x08, 0xD2, 0x00, 0x00, 0x00, 0x00, 0x00, 0x00,
    0x00, 0x00, 0x00, 0x00, 0x00, 0x00, 0x00, 0x00, 0x00, 0x00, 0x00, 0x00,
    0x00, 0x00, 0x00, 0x00, 0x00, 0x00, 0x00, 0x00, 0x00, 0x00, 0x00, 0x00,
    0x00, 0x00, 0x00, 0x00, 0x00, 0x00, 0x28, 0xD2, 0x28, 0xD2, 0x28, 0xD2,
    0x28, 0xD2, 0x28, 0xD2, 0x28, 0xD2, 0x28, 0xD2, 0x28, 0xD2, 0x28, 0xD2,
    0x28, 0xD2, 0x28, 0xD2, 0x28, 0xD2, 0x28, 0xD2, 0x28, 0xD2, 0x28, 0xD2,
    0x28, 0xD2, 0x28, 0xD2, 0x28, 0xD2, 0x28, 0xD2, 0x28, 0xDA, 0x28, 0xD2,
    0xAA, 0xFA, 0x28, 0xD2, 0x00, 0x00, 0x00, 0xF8, 0x00, 0x00, 0x00, 0x00,
    0x00, 0x00, 0x00, 0x00, 0x00, 0x00, 0x00, 0x00, 0x00, 0x00, 0x00, 0x00,
    0x00, 0x00, 0x00, 0x00, 0x00, 0x00, 0x00, 0x00, 0x00, 0x00, 0x69, 0xF2,
    0x28, 0xD2, 0x28, 0xD2, 0x28, 0xD2, 0x28, 0xD2, 0x28, 0xD2, 0x28, 0xD2,
    0x28, 0xD2, 0x28, 0xD2, 0x28, 0xD2, 0x28, 0xD2, 0x28, 0xD2, 0x28, 0xD2,
    0x28, 0xD2, 0x28, 0xD2, 0x28, 0xD2, 0x28, 0xD2, 0x28, 0xD2, 0x28, 0xD2,
    0x28, 0xD2, 0x28, 0xD2, 0x28, 0xD2, 0x28, 0xD2, 0x49, 0xE2, 0x28, 0xD2,
    0x08, 0xD2, 0xE7, 0xD1, 0x00, 0x00, 0x00, 0x00, 0x00, 0x00, 0x00, 0x00,
    0x00, 0x00, 0x00, 0x00, 0x00, 0x00, 0x00, 0x00, 0x00, 0x00, 0x00, 0x00,
    0x00, 0x00, 0x00, 0x00, 0x08, 0xD2, 0x28, 0xD2, 0x28, 0xD2, 0x28, 0xD2,
    0x28, 0xD2, 0x28, 0xD2, 0x28, 0xD2, 0x28, 0xD2, 0x28, 0xD2, 0x28, 0xD2,
    0x28, 0xD2, 0x28, 0xD2, 0x28, 0xDA, 0x08, 0xD2, 0x28, 0xD2, 0x28, 0xD2,
    0x28, 0xD2, 0x28, 0xD2, 0x28, 0xD2, 0x28, 0xD2, 0x28, 0xD2, 0x28, 0xD2,
    0x28, 0xD2, 0x28, 0xD2, 0x28, 0xD2, 0x49, 0xDA, 0xAA, 0xFA, 0x08, 0xD2,
    0x00, 0x00, 0x00, 0x00, 0x00, 0x00, 0x00, 0x00, 0x00, 0x00, 0x00, 0x00,
    0x00, 0x00, 0x00, 0x00, 0x00, 0x00, 0x00, 0xF8, 0xE7, 0xD1, 0x08, 0xD2,
    0x49, 0xE2, 0x49, 0xE2, 0x28, 0xD2, 0x28, 0xD2, 0x28, 0xD2, 0x28, 0xD2,
    0x28, 0xD2, 0x28, 0xD2, 0x28, 0xD2, 0x49, 0xEA, 0x28, 0xDA, 0x49, 0xF2,
    0x08, 0xCA, 0x28, 0xDA, 0x28, 0xE2, 0x89, 0xFA, 0x08, 0xCA, 0x69, 0xFA,
    0x28, 0xD2, 0x28, 0xD2, 0x28, 0xD2, 0x28, 0xD2, 0x28, 0xD2, 0x28, 0xD2,
    0x28, 0xD2, 0x28, 0xD2, 0x28, 0xD2, 0x49, 0xE2, 0x08, 0xD2, 0x00, 0x00,
    0x00, 0x00, 0x00, 0x00, 0x00, 0x00, 0x00, 0x00, 0x00, 0x00, 0x00, 0x00,
    0x00, 0x00, 0x00, 0x00, 0x08, 0xD2, 0xAA, 0xFA, 0x28, 0xD2, 0x28, 0xD2,
    0x28, 0xD2, 0x28, 0xD2, 0x28, 0xD2, 0x28, 0xD2, 0x28, 0xD2, 0x28, 0xD2,
    0x28, 0xD2, 0x86, 0x81, 0xA7, 0xA1, 0x86, 0x91, 0x82, 0x08, 0xA3, 0x18,
    0x04, 0x41, 0x86, 0x89, 0x82, 0x10, 0x24, 0x59, 0xA6, 0x91, 0x69, 0xF2,
    0x28, 0xD2, 0x28, 0xD2, 0x28, 0xD2, 0x28, 0xD2, 0x28, 0xD2, 0x28, 0xD2,
    0x28, 0xD2, 0x49, 0xE2, 0x28, 0xD2, 0x69, 0xF2, 0x00, 0x00, 0x00, 0x00,
    0x00, 0x00, 0x00, 0x00, 0x00, 0x00, 0x00, 0x00, 0x00, 0x00, 0x28, 0xD2,
    0x28, 0xD2, 0x49, 0xDA, 0x28, 0xD2, 0x28, 0xD2, 0x28, 0xD2, 0x28, 0xD2,
    0x28, 0xD2, 0x49, 0xE2, 0x28, 0xDA, 0x28, 0xDA, 0x49, 0xEA, 0x65, 0x79,
    0x62, 0x00, 0x41, 0x00, 0x82, 0x08, 0x82, 0x10, 0x82, 0x00, 0x62, 0x00,
    0x62, 0x00, 0x62, 0x00, 0x82, 0x08, 0x28, 0xD2, 0x28, 0xD2, 0x28, 0xDA,
    0x28, 0xD2, 0x28, 0xD2, 0x28, 0xD2, 0x28, 0xD2, 0x28, 0xD2, 0x28, 0xD2,
    0x28, 0xD2, 0x28, 0xD2, 0x00, 0x00, 0x00, 0x00, 0x00, 0x00, 0x00, 0x00,
    0x00, 0x00, 0x00, 0x00, 0x08, 0xD2, 0xAA, 0xFA, 0x49, 0xE2, 0x28, 0xD2,
    0x28, 0xD2, 0x28, 0xD2, 0x28, 0xD2, 0x28, 0xD2, 0x49, 0xE2, 0xC7, 0xA9,
    0x65, 0x71, 0x49, 0xEA, 0x28, 0xD2, 0x49, 0xEA, 0x04, 0x49, 0x62, 0x00,
    0x82, 0x10, 0x82, 0x10, 0x82, 0x10, 0x82, 0x10, 0x82, 0x10, 0x82, 0x08,
    0x04, 0x51, 0x69, 0xFA, 0x69, 0xF2, 0xE7, 0xB9, 0x28, 0xE2, 0x28, 0xD2,
    0x28, 0xD2, 0x28, 0xD2, 0x28, 0xD2, 0x28, 0xD2, 0x28, 0xD2, 0x28, 0xD2,
    0x28, 0xD2, 0x00, 0x00, 0x00, 0x00, 0x00, 0x00, 0x00, 0xF8, 0x00, 0x00,
    0x28, 0xD2, 0x28, 0xD2, 0x28, 0xD2, 0x28, 0xD2, 0x28, 0xD2, 0x28, 0xD2,
    0x28, 0xD2, 0x28, 0xD2, 0x49, 0xEA, 0xA3, 0x20, 0x01, 0x00, 0x86, 0x89,
    0x49, 0xEA, 0x49, 0xE2, 0xC7, 0xA9, 0x62, 0x00, 0x82, 0x10, 0x82, 0x10,
    0x82, 0x10, 0x82, 0x10, 0x82, 0x00, 0x82, 0x08, 0x86, 0x89, 0x28, 0xD2,
    0x66, 0x79, 0x41, 0x00, 0xA6, 0x91, 0x49, 0xEA, 0x49, 0xE2, 0x28, 0xD2,
    0x28, 0xD2, 0x28, 0xD2, 0x28, 0xD2, 0x28, 0xD2, 0x28, 0xD2, 0x28, 0xD2,
    0x00, 0x00, 0x00, 0x00, 0x00, 0xF8, 0x00, 0x00, 0x28, 0xD2, 0x28, 0xDA,
    0x28, 0xD2, 0x28, 0xD2, 0x28, 0xD2, 0x28, 0xD2, 0x49, 0xE2, 0x49, 0xEA,
    0xA6, 0x99, 0xA3, 0x18, 0x82, 0x08, 0xC3, 0x28, 0x28, 0xD2, 0x28, 0xDA,
    0x8A, 0xFA, 0x45, 0x69, 0x62, 0x00, 0x82, 0x10, 0x82, 0x10, 0x82, 0x10,
    0x82, 0x08, 0xA6, 0x99, 0xAA, 0xFA, 0x89, 0xFA, 0x04, 0x51, 0x62, 0x00,
    0xA3, 0x18, 0xA3, 0x20, 0xC7, 0xB1, 0x48, 0xE2, 0x28, 0xD2, 0x28, 0xD2,
    0x28, 0xD2, 0x28, 0xD2, 0x28, 0xD2, 0x28, 0xD2, 0x00, 0x00, 0x00, 0x00,
    0x00, 0x00, 0xC7, 0xD1, 0x8A, 0xFA, 0x28, 0xD2, 0x28, 0xD2, 0x28, 0xD2,
    0x28, 0xD2, 0x28, 0xD2, 0x08, 0xCA, 0xC3, 0x28, 0x42, 0x00, 0x82, 0x00,
    0x82, 0x10, 0x42, 0x00, 0x65, 0x71, 0xAA, 0xFA, 0xC7, 0xA9, 0xE4, 0x38,
    0x82, 0x08, 0x82, 0x10, 0x82, 0x10, 0x82, 0x10, 0x62, 0x00, 0x04, 0x49,
    0x49, 0xEA, 0xE4, 0x38, 0x41, 0x00, 0x82, 0x08, 0xA2, 0x10, 0x42, 0x00,
    0x24, 0x51, 0x49, 0xEA, 0x28, 0xD2, 0x28, 0xD2, 0x28, 0xD2, 0x28, 0xD2,
    0x28, 0xD2, 0x28, 0xD2, 0x49, 0xE2, 0x00, 0x00, 0x28, 0xCA, 0x28, 0xD2,
    0x28, 0xDA, 0x28, 0xD2, 0x28, 0xD2, 0x28, 0xD2, 0x28, 0xD2, 0x28, 0xD2,
    0x28, 0xDA, 0x82, 0x10, 0x82, 0x10, 0x82, 0x10, 0x82, 0x10, 0x82, 0x08,
    0x82, 0x08, 0x04, 0x51, 0x62, 0x00, 0x62, 0x00, 0x82, 0x10, 0x82, 0x10,
    0x82, 0x10, 0x82, 0x10, 0x82, 0x10, 0x41, 0x00, 0xA6, 0x99, 0xE3, 0x30,
    0x82, 0x10, 0x82, 0x10, 0x82, 0x10, 0x82, 0x10, 0x62, 0x00, 0xA6, 0x99,
    0x49, 0xEA, 0x28, 0xD2, 0x28, 0xD2, 0x28, 0xD2, 0x28, 0xD2, 0x28, 0xD2,
    0x28, 0xD2, 0x00, 0x00, 0x08, 0xD2, 0xAA, 0xFA, 0x28, 0xD2, 0x28, 0xD2,
    0x28, 0xD2, 0x28, 0xD2, 0x28, 0xD2, 0x69, 0xFA, 0xA7, 0x99, 0x41, 0x00,
    0x82, 0x10, 0x82, 0x10, 0x82, 0x10, 0x82, 0x10, 0x82, 0x10, 0x82, 0x08,
    0x82, 0x10, 0x82, 0x10, 0x82, 0x10, 0x82, 0x10, 0x82, 0x10, 0x82, 0x10,
    0x82, 0x10, 0x82, 0x08, 0x82, 0x10, 0x62, 0x00, 0x82, 0x10, 0x82, 0x10,
    0x82, 0x10, 0x82, 0x10, 0x62, 0x00, 0xE4, 0x38, 0x48, 0xE2, 0x28, 0xD2,
    0x28, 0xD2, 0x28, 0xD2, 0x28, 0xD2, 0x49, 0xE2, 0x28, 0xD2, 0x00, 0x00,
    0x28, 0xD2, 0x69, 0xEA, 0x28, 0xD2, 0x28, 0xD2, 0x28, 0xD2, 0x28, 0xD2,
    0x28, 0xD2, 0xA6, 0x91, 0xC3, 0x28, 0x82, 0x00, 0x82, 0x10, 0x82, 0x10,
    0x82, 0x10, 0x82, 0x10, 0x82, 0x10, 0x82, 0x10, 0x82, 0x10, 0x82, 0x08,
    0x62, 0x08, 0xC3, 0x10, 0x62, 0x08, 0x82, 0x08, 0x82, 0x10, 0x82, 0x10,
    0x82, 0x10, 0x82, 0x10, 0x82, 0x10, 0x82, 0x10, 0x82, 0x10, 0x82, 0x10,
    0x82, 0x10, 0x41, 0x00, 0x65, 0x71, 0x49, 0xE2, 0x28, 0xD2, 0x28, 0xD2,
    0x28, 0xD2, 0x28, 0xD2, 0x69, 0xF2, 0x28, 0xD2, 0x08, 0xD2, 0x69, 0xEA,
    0x28, 0xD2, 0x28, 0xD2, 0x28, 0xD2, 0x28, 0xD2, 0x69, 0xFA, 0x24, 0x59,
    0x62, 0x00, 0x82, 0x10, 0x82, 0x10, 0x82, 0x10, 0x82, 0x10, 0x82, 0x10,
    0x82, 0x10, 0x82, 0x10, 0x62, 0x08, 0xC3, 0x10, 0x25, 0x21, 0x87, 0x31,
    0x46, 0x29, 0x25, 0x21, 0xE4, 0x18, 0x62, 0x08, 0x82, 0x10, 0x82, 0x10,
    0x82, 0x10, 0x82, 0x10, 0x82, 0x10, 0x82, 0x10, 0x82, 0x10, 0x82, 0x10,
    0xC7, 0xA9, 0x28, 0xDA, 0x28, 0xD2, 0x28, 0xD2, 0x28, 0xD2, 0x28, 0xD2,
    0x49, 0xEA, 0x08, 0xD2, 0x28, 0xD2, 0x49, 0xE2, 0x28, 0xD2, 0x28, 0xD2,
    0x28, 0xD2, 0x28, 0xD2, 0x08, 0xCA, 0x82, 0x10, 0x62, 0x00, 0x82, 0x08,
    0x62, 0x00, 0x82, 0x08, 0x82, 0x10, 0x82, 0x10, 0x82, 0x10, 0x82, 0x10,
    0xE4, 0x18, 0x86, 0x29, 0x66, 0x29, 0x66, 0x29, 0x66, 0x29, 0x66, 0x29,
    0x86, 0x29, 0xC3, 0x10, 0x82, 0x08, 0x82, 0x10, 0x82, 0x10, 0x82, 0x08,
    0x82, 0x10, 0x82, 0x08, 0x82, 0x08, 0x41, 0x00, 0x86, 0x81, 0x49, 0xEA,
    0x28, 0xD2, 0x28, 0xD2, 0x28, 0xD2, 0x28, 0xD2, 0x49, 0xE2, 0x28, 0xD2,
    0x28, 0xD2, 0x28, 0xD2, 0x28, 0xD2, 0x28, 0xD2, 0x28, 0xD2, 0x28, 0xD2,
    0x69, 0xF2, 0x66, 0x79, 0xE4, 0x38, 0x41, 0x00, 0x45, 0x61, 0xC3, 0x20,
    0x82, 0x00, 0x82, 0x10, 0x82, 0x10, 0x82, 0x08, 0x25, 0x21, 0x66, 0x29,
    0x66, 0x29, 0x66, 0x29, 0x66, 0x29, 0x66, 0x29, 0x66, 0x29, 0x25, 0x21,
    0x62, 0x08, 0x82, 0x10, 0x82, 0x10, 0x82, 0x08, 0xC3, 0x28, 0x41, 0x00,
    0xE4, 0x40, 0x41, 0x00, 0x45, 0x71, 0x28, 0xD2, 0x28, 0xD2, 0x28, 0xD2,
    0x28, 0xD2, 0x28, 0xD2, 0x49, 0xE2, 0x28, 0xD2, 0x49, 0xE2, 0x28, 0xDA,
    0x28, 0xD2, 0x28, 0xD2, 0x28, 0xD2, 0x28, 0xD2, 0x28, 0xD2, 0x28, 0xDA,
    0x8A, 0xFA, 0xE7, 0xB9, 0xAA, 0xFA, 0x86, 0x89, 0x42, 0x00, 0x82, 0x10,
    0x82, 0x10, 0x62, 0x08, 0x46, 0x29, 0x66, 0x29, 0x66, 0x29, 0x66, 0x29,
    0x66, 0x29, 0x66, 0x29, 0x66, 0x29, 0x87, 0x31, 0xC3, 0x10, 0x82, 0x10,
    0x82, 0x08, 0xE4, 0x40, 0x69, 0xF2, 0xE7, 0xB1, 0x8A, 0xFA, 0xE7, 0xB9,
    0x69, 0xFA, 0x28, 0xDA, 0x28, 0xD2, 0x28, 0xD2, 0x28, 0xD2, 0x28, 0xD2,
    0x28, 0xD2, 0xAA, 0xFA, 0xAA, 0xFA, 0x28, 0xD2, 0x28, 0xD2, 0x28, 0xD2,
    0x28, 0xD2, 0x28, 0xD2, 0x28, 0xDA, 0x69, 0xFA, 0xE7, 0xB9, 0x8A, 0xFA,
    0xE7, 0xB1, 0x69, 0xF2, 0xE4, 0x40, 0x82, 0x08, 0x82, 0x10, 0xC3, 0x10,
    0x87, 0x31, 0x66, 0x29, 0x66, 0x29, 0x66, 0x29, 0x66, 0x29, 0x66, 0x29,
    0x66, 0x29, 0x46, 0x29, 0x62, 0x08, 0x82, 0x10, 0x82, 0x10, 0x42, 0x00,
    0x86, 0x89, 0xAA, 0xFA, 0xE7, 0xB9, 0x8A, 0xFA, 0x28, 0xDA, 0x28, 0xD2,
    0x28, 0xD2, 0x28, 0xD2, 0x28, 0xD2, 0x28, 0xD2, 0x28, 0xDA, 0x49, 0xE2,
    0x28, 0xD2, 0x49, 0xE2, 0x28, 0xD2, 0x28, 0xD2, 0x28, 0xD2, 0x28, 0xD2,
    0x28, 0xD2, 0x45, 0x71, 0x41, 0x00, 0xE4, 0x40, 0x41, 0x00, 0xC3, 0x28,
    0x82, 0x08, 0x82, 0x10, 0x82, 0x10, 0x62, 0x08, 0x25, 0x21, 0x66, 0x29,
    0x66, 0x29, 0x66, 0x29, 0x66, 0x29, 0x66, 0x29, 0x66, 0x29, 0x25, 0x21,
    0x82, 0x08, 0x82, 0x10, 0x82, 0x10, 0x82, 0x00, 0xC3, 0x20, 0x45, 0x61,
    0x41, 0x00, 0xE4, 0x38, 0x66, 0x79, 0x69, 0xF2, 0x28, 0xD2, 0x28, 0xD2,
    0x28, 0xD2, 0x28, 0xD2, 0x28, 0xD2, 0x28, 0xD2, 0x28, 0xD2, 0x49, 0xE2,
    0x28, 0xD2, 0x28, 0xD2, 0x28, 0xD2, 0x28, 0xD2, 0x49, 0xEA, 0x86, 0x81,
    0x41, 0x00, 0x82, 0x08, 0x82, 0x08, 0x82, 0x10, 0x82, 0x08, 0x82, 0x10,
    0x82, 0x10, 0x82, 0x08, 0xC3, 0x10, 0x86, 0x29, 0x66, 0x29, 0x66, 0x29,
    0x66, 0x29, 0x66, 0x29, 0x86, 0x29, 0xE4, 0x18, 0x82, 0x10, 0x82, 0x10,
    0x82, 0x10, 0x82, 0x10, 0x82, 0x08, 0x62, 0x00, 0x82, 0x08, 0x62, 0x00,
    0x82, 0x10, 0x08, 0xCA, 0x28, 0xD2, 0x28, 0xD2, 0x28, 0xD2, 0x28, 0xD2,
    0x49, 0xE2, 0x28, 0xD2, 0x08, 0xD2, 0x49, 0xEA, 0x28, 0xD2, 0x28, 0xD2,
    0x28, 0xD2, 0x28, 0xD2, 0x28, 0xDA, 0xC7, 0xA9, 0x82, 0x10, 0x82, 0x10,
    0x82, 0x10, 0x82, 0x10, 0x82, 0x10, 0x82, 0x10, 0x82, 0x10, 0x82, 0x10,
    0x62, 0x08, 0xE4, 0x18, 0x25, 0x21, 0x46, 0x29, 0x87, 0x31, 0x25, 0x21,
    0xC3, 0x10, 0x62, 0x08, 0x82, 0x10, 0x82, 0x10, 0x82, 0x10, 0x82, 0x10,
    0x82, 0x10, 0x82, 0x10, 0x82, 0x10, 0x62, 0x00, 0x24, 0x59, 0x69, 0xFA,
    0x28, 0xD2, 0x28, 0xD2, 0x28, 0xD2, 0x28, 0xD2, 0x69, 0xEA, 0x08, 0xD2,
    0x28, 0xD2, 0x69, 0xF2, 0x28, 0xD2, 0x28, 0xD2, 0x28, 0xD2, 0x28, 0xD2,
    0x49, 0xE2, 0x65, 0x71, 0x41, 0x00, 0x82, 0x10, 0x82, 0x10, 0x82, 0x10,
    0x82, 0x10, 0x82, 0x10, 0x82, 0x10, 0x82, 0x10, 0x82, 0x10, 0x82, 0x10,
    0x82, 0x08, 0x62, 0x08, 0xC3, 0x10, 0x62, 0x08, 0x82, 0x08, 0x82, 0x10,
    0x82, 0x10, 0x82, 0x10, 0x82, 0x10, 0x82, 0x10, 0x82, 0x10, 0x82, 0x10,
    0x82, 0x00, 0xC3, 0x28, 0xA6, 0x91, 0x28, 0xD2, 0x28, 0xD2, 0x28, 0xD2,
    0x28, 0xD2, 0x28, 0xD2, 0x69, 0xEA, 0x28, 0xD2, 0x00, 0x00, 0x28, 0xD2,
    0x49, 0xE2, 0x28, 0xD2, 0x28, 0xD2, 0x28, 0xD2, 0x28, 0xD2, 0x48, 0xE2,
    0xE4, 0x38, 0x62, 0x00, 0x82, 0x10, 0x82, 0x10, 0x82, 0x10, 0x82, 0x10,
    0x62, 0x00, 0x82, 0x10, 0x82, 0x08, 0x82, 0x10, 0x82, 0x10, 0x82, 0x10,
    0x82, 0x10, 0x82, 0x10, 0x82, 0x10, 0x82, 0x10, 0x82, 0x10, 0x82, 0x10,
    0x82, 0x10, 0x82, 0x10, 0x82, 0x10, 0x82, 0x10, 0x41, 0x00, 0xA7, 0x99,
    0x69, 0xFA, 0x28, 0xD2, 0x28, 0xD2, 0x28, 0xD2, 0x28, 0xD2, 0x28, 0xD2,
    0xAA, 0xFA, 0x08, 0xD2, 0x00, 0x00, 0x28, 0xD2, 0x28, 0xD2, 0x28, 0xD2,
    0x28, 0xD2, 0x28, 0xD2, 0x28, 0xD2, 0x49, 0xEA, 0xA6, 0x99, 0x62, 0x00,
    0x82, 0x10, 0x82, 0x10, 0x82, 0x10, 0x82, 0x10, 0xE3, 0x30, 0xA6, 0x99,
    0x41, 0x00, 0x82, 0x10, 0x82, 0x10, 0x82, 0x10, 0x82, 0x10, 0x82, 0x10,
    0x82, 0x10, 0x82, 0x10, 0x62, 0x00, 0x62, 0x00, 0xA3, 0x18, 0x82, 0x08,
    0x82, 0x10, 0x82, 0x10, 0x82, 0x10, 0x28, 0xDA, 0x28, 0xD2, 0x28, 0xD2,
    0x28, 0xD2, 0x28, 0xD2, 0x28, 0xD2, 0x28, 0xDA, 0x28, 0xD2, 0x28, 0xCA,
    0x00, 0x00, 0x49, 0xE2, 0x28, 0xD2, 0x28, 0xD2, 0x28, 0xD2, 0x28, 0xD2,
    0x28, 0xD2, 0x28, 0xD2, 0x49, 0xEA, 0x24, 0x51, 0x42, 0x00, 0xA2, 0x10,
    0x82, 0x08, 0x41, 0x00, 0xE4, 0x38, 0x49, 0xEA, 0x04, 0x49, 0x62, 0x00,
    0x82, 0x10, 0x82, 0x10, 0x82, 0x10, 0x82, 0x10, 0x82, 0x10, 0x62, 0x00,
    0x04, 0x41, 0xE7, 0xB1, 0xA6, 0x99, 0x42, 0x00, 0x82, 0x00, 0x42, 0x00,
    0xC3, 0x28, 0x08, 0xCA, 0x28, 0xD2, 0x28, 0xD2, 0x28, 0xD2, 0x28, 0xD2,
    0x28, 0xD2, 0x8A, 0xFA, 0xC7, 0xD1, 0x00, 0x00, 0x00, 0x00, 0x00, 0x00,
    0x28, 0xD2, 0x28, 0xD2, 0x28, 0xD2, 0x28, 0xD2, 0x28, 0xD2, 0x28, 0xD2,
    0x48, 0xE2, 0xC7, 0xB1, 0xA3, 0x20, 0xA3, 0x18, 0x62, 0x00, 0x04, 0x51,
    0x89, 0xFA, 0xAA, 0xFA, 0xA6, 0x99, 0x82, 0x08, 0x82, 0x10, 0x82, 0x10,
    0x82, 0x10, 0x82, 0x10, 0x82, 0x08, 0xC3, 0x30, 0x69, 0xFA, 0x49, 0xEA,
    0x49, 0xEA, 0x04, 0x41, 0x82, 0x08, 0xA6, 0x99, 0x49, 0xEA, 0x49, 0xE2,
    0x28, 0xD2, 0x28, 0xD2, 0x28, 0xD2, 0x28, 0xD2, 0x28, 0xDA, 0x28, 0xD2,
    0x00, 0x00, 0x00, 0xF8, 0x00, 0x00, 0x00, 0x00, 0x28, 0xD2, 0x28, 0xD2,
    0x28, 0xD2, 0x28, 0xD2, 0x28, 0xD2, 0x28, 0xD2, 0x28, 0xD2, 0x49, 0xE2,
    0x49, 0xEA, 0xA6, 0x91, 0x41, 0x00, 0x66, 0x79, 0x28, 0xD2, 0x86, 0x89,
    0x82, 0x08, 0x82, 0x00, 0x82, 0x10, 0x82, 0x10, 0x82, 0x10, 0x82, 0x10,
    0x82, 0x10, 0x42, 0x00, 0x86, 0x91, 0x49, 0xEA, 0x49, 0xE2, 0xA6, 0x99,
    0x82, 0x10, 0x49, 0xEA, 0x28, 0xD2, 0x28, 0xD2, 0x28, 0xD2, 0x28, 0xD2,
    0x28, 0xD2, 0x28, 0xD2, 0x28, 0xD2, 0x28, 0xD2, 0x00, 0x00, 0x00, 0xF8,
    0x00, 0x00, 0x00, 0x00, 0x00, 0x00, 0x28, 0xD2, 0x28, 0xD2, 0x28, 0xD2,
    0x28, 0xD2, 0x28, 0xD2, 0x28, 0xD2, 0x28, 0xD2, 0x28, 0xD2, 0x28, 0xE2,
    0xE7, 0xB9, 0x69, 0xF2, 0x69, 0xFA, 0x04, 0x51, 0x82, 0x08, 0x82, 0x10,
    0x82, 0x10, 0x82, 0x10, 0x82, 0x10, 0x82, 0x10, 0x82, 0x10, 0x82, 0x08,
    0xC3, 0x28, 0x28, 0xDA, 0x28, 0xDA, 0x49, 0xEA, 0xE7, 0xB9, 0x49, 0xEA,
    0x28, 0xD2, 0x28, 0xD2, 0x28, 0xD2, 0x28, 0xD2, 0x28, 0xD2, 0x49, 0xE2,
    0xAA, 0xFA, 0x08, 0xD2, 0x00, 0x00, 0x00, 0x00, 0x00, 0x00, 0x00, 0x00,
    0x00, 0x00, 0x00, 0x00, 0x28, 0xD2, 0x28, 0xD2, 0x28, 0xD2, 0x28, 0xD2,
    0x28, 0xD2, 0x28, 0xD2, 0x28, 0xD2, 0x28, 0xD2, 0x28, 0xDA, 0x28, 0xD2,
    0x28, 0xD2, 0x82, 0x08, 0x62, 0x00, 0x62, 0x00, 0x62, 0x00, 0x82, 0x00,
    0x82, 0x10, 0x82, 0x08, 0x41, 0x00, 0x82, 0x10, 0x00, 0x00, 0x86, 0x89,
    0x28, 0xDA, 0x28, 0xD2, 0x28, 0xD2, 0x28, 0xD2, 0x28, 0xD2, 0x28, 0xD2,
    0x28, 0xD2, 0x28, 0xD2, 0x49, 0xDA, 0x28, 0xD2, 0x28, 0xD2, 0x00, 0x00,
    0x00, 0x00, 0x00, 0x00, 0x00, 0x00, 0x00, 0x00, 0x00, 0x00, 0x00, 0x00,
    0x69, 0xF2, 0x28, 0xD2, 0x49, 0xE2, 0x28, 0xD2, 0x28, 0xD2, 0x28, 0xD2,
    0x28, 0xD2, 0x28, 0xD2, 0x28, 0xD2, 0x28, 0xD2, 0x69, 0xF2, 0xA6, 0x91,
    0x24, 0x59, 0x82, 0x10, 0x86, 0x89, 0x04, 0x41, 0xA3, 0x18, 0x82, 0x08,
    0x86, 0x91, 0xC7, 0xA9, 0x65, 0x71, 0x48, 0xE2, 0x28, 0xDA, 0x28, 0xD2,
    0x28, 0xD2, 0x28, 0xD2, 0x28, 0xD2, 0x28, 0xD2, 0x28, 0xD2, 0x28, 0xD2,
    0xAA, 0xFA, 0x08, 0xD2, 0x00, 0x00, 0x00, 0x00, 0x00, 0x00, 0x00, 0x00,
    0x00, 0x00, 0x00, 0x00, 0x00, 0x00, 0x00, 0x00, 0x00, 0x00, 0x08, 0xD2,
    0x49, 0xE2, 0x28, 0xD2, 0x28, 0xD2, 0x28, 0xD2, 0x28, 0xD2, 0x28, 0xD2,
    0x28, 0xD2, 0x28, 0xD2, 0x28, 0xD2, 0x28, 0xD2, 0x69, 0xFA, 0x08, 0xCA,
    0x89, 0xFA, 0x28, 0xE2, 0x28, 0xDA, 0x08, 0xCA, 0x49, 0xF2, 0x28, 0xDA,
    0x49, 0xE2, 0x28, 0xD2, 0x28, 0xD2, 0x28, 0xD2, 0x28, 0xD2, 0x28, 0xD2,
    0x28, 0xD2, 0x28, 0xD2, 0x49, 0xE2, 0x49, 0xE2, 0x08, 0xD2, 0xE7, 0xD1,
    0x00, 0xF8, 0x00, 0x00, 0x00, 0x00, 0x00, 0x00, 0x00, 0x00, 0x00, 0x00,
    0x00, 0x00, 0x00, 0x00, 0x00, 0x00, 0x00, 0x00, 0x08, 0xD2, 0xAA, 0xFA,
    0x49, 0xDA, 0x28, 0xD2, 0x28, 0xD2, 0x28, 0xD2, 0x28, 0xD2, 0x28, 0xD2,
    0x28, 0xD2, 0x28, 0xD2, 0x28, 0xD2, 0x28, 0xD2, 0x28, 0xD2, 0x28, 0xD2,
    0x08, 0xD2, 0x28, 0xDA, 0x28, 0xD2, 0x28, 0xD2, 0x28, 0xD2, 0x28, 0xD2,
    0x28, 0xD2, 0x28, 0xD2, 0x28, 0xD2, 0x28, 0xD2, 0x28, 0xD2, 0x28, 0xD2,
    0x28, 0xD2, 0x08, 0xD2, 0x00, 0x00, 0x00, 0x00, 0x00, 0x00, 0x00, 0x00,
    0x00, 0x00, 0x00, 0x00, 0x00, 0x00, 0x00, 0x00, 0x00, 0x00, 0x00, 0x00,
    0x00, 0x00, 0x00, 0x00, 0xE7, 0xD1, 0x08, 0xD2, 0x28, 0xD2, 0x49, 0xE2,
    0x28, 0xD2, 0x28, 0xD2, 0x28, 0xD2, 0x28, 0xD2, 0x28, 0xD2, 0x28, 0xD2,
    0x28, 0xD2, 0x28, 0xD2, 0x28, 0xD2, 0x28, 0xD2, 0x28, 0xD2, 0x28, 0xD2,
    0x28, 0xD2, 0x28, 0xD2, 0x28, 0xD2, 0x28, 0xD2, 0x28, 0xD2, 0x28, 0xD2,
    0x28, 0xD2, 0x28, 0xD2, 0x28, 0xD2, 0x28, 0xD2, 0x69, 0xF2, 0x00, 0x00,
    0x00, 0x00, 0x00, 0x00, 0x00, 0x00, 0x00, 0x00, 0x00, 0x00, 0x00, 0x00,
    0x00, 0x00, 0x00, 0x00, 0x00, 0x00, 0x00, 0x00, 0x00, 0x00, 0x00, 0x00,
    0x00, 0xF8, 0x00, 0x00, 0x28, 0xD2, 0xAA, 0xFA, 0x28, 0xD2, 0x28, 0xDA,
    0x28, 0xD2, 0x28, 0xD2, 0x28, 0xD2, 0x28, 0xD2, 0x28, 0xD2, 0x28, 0xD2,
    0x28, 0xD2, 0x28, 0xD2, 0x28, 0xD2, 0x28, 0xD2, 0x28, 0xD2, 0x28, 0xD2,
    0x28, 0xD2, 0x28, 0xD2, 0x28, 0xD2, 0x28, 0xD2, 0x28, 0xD2, 0x28, 0xD2,
    0x28, 0xD2, 0x00, 0x00, 0x00, 0x00, 0x00, 0x00, 0x00, 0x00, 0x00, 0x00,
    0x00, 0x00, 0x00, 0x00, 0x00, 0x00, 0x00, 0x00, 0x00, 0x00, 0x00, 0x00,
    0x00, 0x00, 0x00, 0x00, 0x00, 0x00, 0x00, 0x00, 0x00, 0x00, 0x00, 0x00,
    0x00, 0x00, 0x08, 0xD2, 0x28, 0xD2, 0x28, 0xD2, 0x8A, 0xFA, 0x28, 0xDA,
    0x28, 0xD2, 0x28, 0xD2, 0x28, 0xD2, 0x28, 0xD2, 0x28, 0xD2, 0x28, 0xD2,
    0x28, 0xD2, 0x28, 0xD2, 0x28, 0xD2, 0x28, 0xD2, 0x28, 0xD2, 0x49, 0xE2,
    0x28, 0xD2, 0x28, 0xD2, 0x28, 0xD2, 0x28, 0xD2, 0x00, 0x00, 0x00, 0x00,
    0x00, 0x00, 0x00, 0x00, 0x00, 0x00, 0x00, 0x00, 0x00, 0x00, 0x00, 0x00,
    0x00, 0x00, 0x00, 0x00, 0x00, 0x00, 0x00, 0x00, 0x00, 0x00, 0x00, 0x00,
    0x00, 0x00, 0x00, 0x00, 0x00, 0x00, 0x00, 0x00, 0x00, 0x00, 0x00, 0x00,
    0x00, 0x00, 0x00, 0x00, 0xC7, 0xD1, 0x28, 0xD2, 0xAA, 0xFA, 0x69, 0xEA,
    0x69, 0xEA, 0x49, 0xE2, 0x28, 0xD2, 0x28, 0xDA, 0x28, 0xD2, 0x49, 0xE2,
    0x49, 0xE2, 0x49, 0xEA, 0x69, 0xF2, 0x28, 0xD2, 0x28, 0xD2, 0x49, 0xE2,
    0x00, 0x00, 0x00, 0x00, 0x00, 0x00, 0x00, 0x00, 0x00, 0x00, 0x00, 0x00,
    0x00, 0x00, 0x00, 0x00, 0x00, 0x00, 0x00, 0x00, 0x00, 0x00, 0x00, 0x00,
    0x00, 0x00, 0x00, 0x00, 0x00, 0x00, 0x00, 0x00, 0x00, 0x00, 0x00, 0x00,
    0x00, 0x00, 0x00, 0x00, 0x00, 0x00, 0x00, 0x00, 0x00, 0xF8, 0x00, 0xF8,
    0x00, 0x00, 0x28, 0xCA, 0x08, 0xD2, 0x28, 0xD2, 0x08, 0xD2, 0x28, 0xD2,
    0x28, 0xD2, 0x49, 0xE2, 0xAA, 0xFA, 0x28, 0xD2, 0x28, 0xD2, 0x08, 0xD2,
    0x28, 0xD2, 0x00, 0x00, 0x00, 0x00, 0x00, 0x00, 0x00, 0x00, 0x00, 0x00,
    0x00, 0x00, 0x00, 0x00, 0x00, 0x00, 0x00, 0x00, 0x00, 0x00, 0x00, 0x00,
    0x00, 0x00, 0x00, 0x00, 0x00, 0x00, 0x00, 0x00, 0x00, 0x00, 0x00, 0x00,
    0x00, 0x00, 0x00, 0x00, 0x00, 0x00, 0x00, 0x00, 0x00, 0x00, 0x00, 0x65,
    0xA6, 0x4E, 0xDB, 0xFF, 0xFF, 0xCA, 0x70, 0x45, 0xB7, 0x58, 0x1A, 0x00,
    0x02, 0x02, 0x00, 0x00, 0x00, 0x00, 0x00, 0x00, 0x00, 0x00, 0x00, 0x00,
    0x00, 0x00, 0x00, 0x00, 0x00, 0x00, 0x00, 0x00, 0x00, 0x00, 0x00, 0x00,
    0xFF, 0xE7, 0xBA, 0xFF, 0xFF, 0xFF, 0xFF, 0xFC, 0xFF, 0xFF, 0xFF, 0xFF,
    0xFF, 0xFF, 0x97, 0x0D, 0x00, 0x00, 0x00, 0x00, 0x00, 0x00, 0x00, 0x00,
    0x00, 0x00, 0x00, 0x00, 0x00, 0x00, 0x00, 0x00, 0x00, 0x00, 0x00, 0x00,
    0x00, 0x00, 0xFF, 0xFF, 0xFF, 0xFC, 0xFF, 0xFF, 0xFE, 0xFF, 0xFF, 0xFF,
    0xFF, 0xFF, 0xFC, 0xFF, 0xFE, 0xFF, 0xFF, 0xFF, 0xE7, 0xA0, 0x50, 0x00,
    0x00, 0x00, 0x00, 0x00, 0x00, 0x00, 0x00, 0x00, 0x00, 0x00, 0x00, 0x00,
    0x00, 0x00, 0x00, 0x00, 0x00, 0xFF, 0xFF, 0xFF, 0xFF, 0xFE, 0xFF, 0xFF,
    0xFF, 0xFF, 0xFF, 0xFF, 0xFF, 0xFF, 0xFF, 0xFF, 0xFF, 0xFF, 0xFB, 0xFF,
    0xFF, 0xFF, 0xFF, 0x4A, 0x00, 0x01, 0x00, 0x00, 0x00, 0x00, 0x00, 0x00,
    0x00, 0x00, 0x00, 0x00, 0x00, 0x00, 0x00, 0xFF, 0xFF, 0xFF, 0xFF, 0xFF,
    0xFF, 0xFF, 0xFF, 0xFF, 0xFF, 0xFF, 0xFF, 0xFF, 0xFF, 0xFF, 0xFF, 0xFF,
    0xFF, 0xFF, 0xFF, 0xFF, 0xFF, 0xFE, 0xFF, 0xC2, 0x41, 0x0C, 0x00, 0x00,
    0x00, 0x00, 0x00, 0x00, 0x00, 0x00, 0x00, 0x00, 0x00, 0x00, 0x3D, 0xF9,
    0xFD, 0xFF, 0xFF, 0xFF, 0xFF, 0xFF, 0xFF, 0xFF, 0xFF, 0xFF, 0xFF, 0xFF,
    0xFF, 0xFF, 0xFF, 0xFF, 0xFF, 0xFF, 0xFF, 0xFF, 0xFF, 0xFF, 0xFF, 0xFF,
    0xFF, 0x9A, 0x00, 0x00, 0x00, 0x00, 0x00, 0x00, 0x00, 0x00, 0x00, 0x01,
    0x0C, 0x9A, 0xFF, 0xFF, 0xFF, 0xFF, 0xFF, 0xFF, 0xFF, 0xFF, 0xFF, 0xFF,
    0xFF, 0xFF, 0xFF, 0xFF, 0xFF, 0xFF, 0xFF, 0xFF, 0xFF, 0xFF, 0xFF, 0xFF,
    0xFF, 0xFF, 0xFF, 0xFE, 0xFF, 0xFF, 0x3D, 0x00, 0x00, 0x00, 0x00, 0x00,
    0x00, 0x00, 0x00, 0x00, 0x41, 0xFF, 0xFF, 0xFF, 0xFF, 0xFF, 0xFF, 0xFF,
    0xFF, 0xFF, 0xFF, 0xFF, 0xFF, 0xFF, 0xFF, 0xFF, 0xFF, 0xFF, 0xFF, 0xFF,
    0xFF, 0xFF, 0xFF, 0xFF, 0xFF, 0xFF, 0xFF, 0xFF, 0xFF, 0xFF, 0xF9, 0xFF,
    0x00, 0x00, 0x00, 0x00, 0x00, 0x00, 0x00, 0x4A, 0xC2, 0xFF, 0xFE, 0xFF,
    0xFF, 0xFF, 0xFF, 0xFF, 0xFF, 0xFF, 0xFF, 0xFF, 0xFF, 0xFF, 0xFF, 0xFF,
    0xFF, 0xFF, 0xFF, 0xFF, 0xFF, 0xFF, 0xFF, 0xFF, 0xFF, 0xFF, 0xFF, 0xFF,
    0xFF, 0xFF, 0xFD, 0xFF, 0x00, 0x00, 0x00, 0x00, 0x00, 0x00, 0x50, 0xFF,
    0xFF, 0xFF, 0xFF, 0xFF, 0xFF, 0xFF, 0xFF, 0xFF, 0xFF, 0xFF, 0xFF, 0xFF,
    0xFF, 0xFF, 0xFF, 0xFF, 0xFF, 0xFF, 0xFF, 0xFF, 0xFF, 0xFF, 0xFF, 0xFF,
    0xFF, 0xFF, 0xFF, 0xFF, 0xFF, 0xFF, 0xFF, 0xFF, 0xFF, 0x00, 0x00, 0x00,
    0x02, 0x00, 0xA0, 0xFF, 0xFE, 0xFF, 0xFF, 0xFF, 0xFF, 0xFF, 0xFF, 0xFF,
    0xFF, 0xFF, 0xFF, 0xFF, 0xFF, 0xFF, 0xFF, 0xFF, 0xFF, 0xFF, 0xFF, 0xFF,
    0xFF, 0xFF, 0xFF, 0xFF, 0xFF, 0xFF, 0xFF, 0xFF, 0xFF, 0xFF, 0xFF, 0xFF,
    0xFF, 0xFF, 0x00, 0x00, 0x02, 0x00, 0xE7, 0xFF, 0xFF, 0xFF, 0xFF, 0xFF,
    0xFF, 0xFF, 0xFF, 0xFF, 0xFF, 0xFF, 0xFF, 0xFF, 0xFF, 0xFF, 0xFF, 0xFF,
    0xFF, 0xFF, 0xFF, 0xFF, 0xFF, 0xFF, 0xFF, 0xFF, 0xFF, 0xFF, 0xFF, 0xFF,
    0xFF, 0xFF, 0xFF, 0xFF, 0xFF, 0xFF, 0x00, 0x00, 0x00, 0x0D, 0xFF, 0xFF,
    0xFF, 0xFF, 0xFF, 0xFF, 0xFF, 0xFF, 0xFF, 0xFF, 0xFF, 0xFF, 0xFF, 0xFF,
    0xFF, 0xFF, 0xFF, 0xFF, 0xFF, 0xFF, 0xFF, 0xFF, 0xFF, 0xFF, 0xFF, 0xFF,
    0xFF, 0xFF, 0xFF, 0xFF, 0xFF, 0xFF, 0xFF, 0xFF, 0xFF, 0xFF, 0xFF, 0x00,
    0x1A, 0x97, 0xFF, 0xFB, 0xFF, 0xFF, 0xFF, 0xFF, 0xFF, 0xFF, 0xFF, 0xFF,
    0xFF, 0xFF, 0xFF, 0xFF, 0xFF, 0xFF, 0xFF, 0xFF, 0xFF, 0xFF, 0xFF, 0xFF,
    0xFF, 0xFF, 0xFF, 0xFF, 0xFF, 0xFF, 0xFF, 0xFF, 0xFF, 0xFF, 0xFF, 0xFF,
    0xFE, 0xFC, 0xE7, 0x00, 0x58, 0xFF, 0xFF, 0xFF, 0xFF, 0xFF, 0xFF, 0xFF,
    0xFF, 0xFF, 0xFF, 0xFF, 0xFF, 0xFF, 0xFF, 0xFF, 0xFF, 0xFF, 0xFF, 0xFF,
    0xFF, 0xFF, 0xFF, 0xFF, 0xFF, 0xFF, 0xFF, 0xFF, 0xFF, 0xFF, 0xFF, 0xFF,
    0xFF, 0xFF, 0xFF, 0xFF, 0xFF, 0xFF, 0xBA, 0x00, 0xB7, 0xFF, 0xFE, 0xFF,
    0xFF, 0xFF, 0xFF, 0xFF, 0xFF, 0xFF, 0xFF, 0xFF, 0xFF, 0xFF, 0xFF, 0xFF,
    0xFF, 0xFF, 0xFF, 0xFF, 0xFF, 0xFF, 0xFF, 0xFF, 0xFF, 0xFF, 0xFF, 0xFF,
    0xFF, 0xFF, 0xFF, 0xFF, 0xFF, 0xFF, 0xFF, 0xFF, 0xFF, 0xFF, 0xFF, 0x65,
    0x45, 0xFF, 0xFF, 0xFF, 0xFF, 0xFF, 0xFF, 0xFF, 0xFF, 0xFF, 0xFF, 0xFF,
    0xFF, 0xFF, 0xFF, 0xFF, 0xFF, 0xFF, 0xFF, 0xFF, 0xFF, 0xFF, 0xFF, 0xFF,
    0xFF, 0xFF, 0xFF, 0xFF, 0xFF, 0xFF, 0xFF, 0xFF, 0xFF, 0xFF, 0xFF, 0xFF,
    0xFF, 0xFE, 0xFF, 0xA6, 0x70, 0xFF, 0xFC, 0xFF, 0xFF, 0xFF, 0xFF, 0xFF,
    0xFF, 0xFF, 0xFF, 0xFF, 0xFF, 0xFF, 0xFF, 0xFF, 0xFF, 0xFF, 0xFF, 0xFF,
    0xFF, 0xFF, 0xFF, 0xFF, 0xFF, 0xFF, 0xFF, 0xFF, 0xFF, 0xFF, 0xFF, 0xFF,
    0xFF, 0xFF, 0xFF, 0xFF, 0xFF, 0xFF, 0xFF, 0x4E, 0xCA, 0xFF, 0xFF, 0xFF,
    0xFF, 0xFF, 0xFF, 0xFF, 0xFF, 0xFF, 0xFF, 0xFF, 0xFF, 0xFF, 0xFF, 0xFF,
    0xFF, 0xFF, 0xFF, 0xFF, 0xFF, 0xFF, 0xFF, 0xFF, 0xFF, 0xFF, 0xFF, 0xFF,
    0xFF, 0xFF, 0xFF, 0xFF, 0xFF, 0xFF, 0xFF, 0xFF, 0xFF, 0xFF, 0xFF, 0xDB,
    0xFF, 0xFF, 0xFF, 0xFF, 0xFF, 0xFF, 0xFF, 0xFF, 0xFF, 0xFF, 0xFF, 0xFF,
    0xFF, 0xFF, 0xFF, 0xFF, 0xFF, 0xFF, 0xFF, 0xFF, 0xFF, 0xFF, 0xFF, 0xFF,
    0xFF, 0xFF, 0xFF, 0xFF, 0xFF, 0xFF, 0xFF, 0xFF, 0xFF, 0xFF, 0xFF, 0xFF,
    0xFF, 0xFF, 0xFC, 0xFF, 0xFF, 0xFC, 0xFF, 0xFF, 0xFF, 0xFF, 0xFF, 0xFF,
    0xFF, 0xFF, 0xFF, 0xFF, 0xFF, 0xFF, 0xFF, 0xFF, 0xFF, 0xFF, 0xFF, 0xFF,
    0xFF, 0xFF, 0xFF, 0xFF, 0xFF, 0xFF, 0xFF, 0xFF, 0xFF, 0xFF, 0xFF, 0xFF,
    0xFF, 0xFF, 0xFF, 0xFF, 0xFF, 0xFF, 0xFF, 0xFF, 0xDB, 0xFF, 0xFF, 0xFF,
    0xFF, 0xFF, 0xFF, 0xFF, 0xFF, 0xFF, 0xFF, 0xFF, 0xFF, 0xFF, 0xFF, 0xFF,
    0xFF, 0xFF, 0xFF, 0xFF, 0xFF, 0xFF, 0xFF, 0xFF, 0xFF, 0xFF, 0xFF, 0xFF,
    0xFF, 0xFF, 0xFF, 0xFF, 0xFF, 0xFF, 0xFF, 0xFF, 0xFF, 0xFF, 0xFF, 0xCA,
    0x4E, 0xFF, 0xFF, 0xFF, 0xFF, 0xFF, 0xFF, 0xFF, 0xFF, 0xFF, 0xFF, 0xFF,
    0xFF, 0xFF, 0xFF, 0xFF, 0xFF, 0xFF, 0xFF, 0xFF, 0xFF, 0xFF, 0xFF, 0xFF,
    0xFF, 0xFF, 0xFF, 0xFF, 0xFF, 0xFF, 0xFF, 0xFF, 0xFF, 0xFF, 0xFF, 0xFF,
    0xFF, 0xFC, 0xFF, 0x70, 0xA6, 0xFF, 0xFE, 0xFF, 0xFF, 0xFF, 0xFF, 0xFF,
    0xFF, 0xFF, 0xFF, 0xFF, 0xFF, 0xFF, 0xFF, 0xFF, 0xFF, 0xFF, 0xFF, 0xFF,
    0xFF, 0xFF, 0xFF, 0xFF, 0xFF, 0xFF, 0xFF, 0xFF, 0xFF, 0xFF, 0xFF, 0xFF,
    0xFF, 0xFF, 0xFF, 0xFF, 0xFF, 0xFF, 0xFF, 0x45, 0x65, 0xFF, 0xFF, 0xFF,
    0xFF, 0xFF, 0xFF, 0xFF, 0xFF, 0xFF, 0xFF, 0xFF, 0xFF, 0xFF, 0xFF, 0xFF,
    0xFF, 0xFF, 0xFF, 0xFF, 0xFF, 0xFF, 0xFF, 0xFF, 0xFF, 0xFF, 0xFF, 0xFF,
    0xFF, 0xFF, 0xFF, 0xFF, 0xFF, 0xFF, 0xFF, 0xFF, 0xFF, 0xFE, 0xFF, 0xB7,
    0x00, 0xBA, 0xFF, 0xFF, 0xFF, 0xFF, 0xFF, 0xFF, 0xFF, 0xFF, 0xFF, 0xFF,
    0xFF, 0xFF, 0xFF, 0xFF, 0xFF, 0xFF, 0xFF, 0xFF, 0xFF, 0xFF, 0xFF, 0xFF,
    0xFF, 0xFF, 0xFF, 0xFF, 0xFF, 0xFF, 0xFF, 0xFF, 0xFF, 0xFF, 0xFF, 0xFF,
    0xFF, 0xFF, 0xFF, 0x58, 0x00, 0xE7, 0xFC, 0xFE, 0xFF, 0xFF, 0xFF, 0xFF,
    0xFF, 0xFF, 0xFF, 0xFF, 0xFF, 0xFF, 0xFF, 0xFF, 0xFF, 0xFF, 0xFF, 0xFF,
    0xFF, 0xFF, 0xFF, 0xFF, 0xFF, 0xFF, 0xFF, 0xFF, 0xFF, 0xFF, 0xFF, 0xFF,
    0xFF, 0xFF, 0xFF, 0xFF, 0xFB, 0xFF, 0x97, 0x1A, 0x00, 0xFF, 0xFF, 0xFF,
    0xFF, 0xFF, 0xFF, 0xFF, 0xFF, 0xFF, 0xFF, 0xFF, 0xFF, 0xFF, 0xFF, 0xFF,
    0xFF, 0xFF, 0xFF, 0xFF, 0xFF, 0xFF, 0xFF, 0xFF, 0xFF, 0xFF, 0xFF, 0xFF,
    0xFF, 0xFF, 0xFF, 0xFF, 0xFF, 0xFF, 0xFF, 0xFF, 0xFF, 0xFF, 0x0D, 0x00,
    0x00, 0x00, 0xFF, 0xFF, 0xFF, 0xFF, 0xFF, 0xFF, 0xFF, 0xFF, 0xFF, 0xFF,
    0xFF, 0xFF, 0xFF, 0xFF, 0xFF, 0xFF, 0xFF, 0xFF, 0xFF, 0xFF, 0xFF, 0xFF,
    0xFF, 0xFF, 0xFF, 0xFF, 0xFF, 0xFF, 0xFF, 0xFF, 0xFF, 0xFF, 0xFF, 0xFF,
    0xFF, 0xE7, 0x00, 0x02, 0x00, 0x00, 0xFF, 0xFF, 0xFF, 0xFF, 0xFF, 0xFF,
    0xFF, 0xFF, 0xFF, 0xFF, 0xFF, 0xFF, 0xFF, 0xFF, 0xFF, 0xFF, 0xFF, 0xFF,
    0xFF, 0xFF, 0xFF, 0xFF, 0xFF, 0xFF, 0xFF, 0xFF, 0xFF, 0xFF, 0xFF, 0xFF,
    0xFF, 0xFF, 0xFF, 0xFE, 0xFF, 0xA0, 0x00, 0x02, 0x00, 0x00, 0x00, 0xFF,
    0xFF, 0xFF, 0xFF, 0xFF, 0xFF, 0xFF, 0xFF, 0xFF, 0xFF, 0xFF, 0xFF, 0xFF,
    0xFF, 0xFF, 0xFF, 0xFF, 0xFF, 0xFF, 0xFF, 0xFF, 0xFF, 0xFF, 0xFF, 0xFF,
    0xFF, 0xFF, 0xFF, 0xFF, 0xFF, 0xFF, 0xFF, 0xFF, 0xFF, 0x50, 0x00, 0x00,
    0x00, 0x00, 0x00, 0x00, 0xFF, 0xFD, 0xFF, 0xFF, 0xFF, 0xFF, 0xFF, 0xFF,
    0xFF, 0xFF, 0xFF, 0xFF, 0xFF, 0xFF, 0xFF, 0xFF, 0xFF, 0xFF, 0xFF, 0xFF,
    0xFF, 0xFF, 0xFF, 0xFF, 0xFF, 0xFF, 0xFF, 0xFF, 0xFF, 0xFE, 0xFF, 0xC2,
    0x4A, 0x00, 0x00, 0x00, 0x00, 0x00, 0x00, 0x00, 0xFF, 0xF9, 0xFF, 0xFF,
    0xFF, 0xFF, 0xFF, 0xFF, 0xFF, 0xFF, 0xFF, 0xFF, 0xFF, 0xFF, 0xFF, 0xFF,
    0xFF, 0xFF, 0xFF, 0xFF, 0xFF, 0xFF, 0xFF, 0xFF, 0xFF, 0xFF, 0xFF, 0xFF,
    0xFF, 0xFF, 0xFF, 0x41, 0x00, 0x00, 0x00, 0x00, 0x00, 0x00, 0x00, 0x00,
    0x00, 0x3D, 0xFF, 0xFF, 0xFE, 0xFF, 0xFF, 0xFF, 0xFF, 0xFF, 0xFF, 0xFF,
    0xFF, 0xFF, 0xFF, 0xFF, 0xFF, 0xFF, 0xFF, 0xFF, 0xFF, 0xFF, 0xFF, 0xFF,
    0xFF, 0xFF, 0xFF, 0xFF, 0xFF, 0xFF, 0x9A, 0x0C, 0x01, 0x00, 0x00, 0x00,
    0x00, 0x00, 0x00, 0x00, 0x00, 0x00, 0x9A, 0xFF, 0xFF, 0xFF, 0xFF, 0xFF,
    0xFF, 0xFF, 0xFF, 0xFF, 0xFF, 0xFF, 0xFF, 0xFF, 0xFF, 0xFF, 0xFF, 0xFF,
    0xFF, 0xFF, 0xFF, 0xFF, 0xFF, 0xFF, 0xFF, 0xFD, 0xF9, 0x3D, 0x00, 0x00,
    0x00, 0x00, 0x00, 0x00, 0x00, 0x00, 0x00, 0x00, 0x00, 0x00, 0x0C, 0x41,
    0xC2, 0xFF, 0xFE, 0xFF, 0xFF, 0xFF, 0xFF, 0xFF, 0xFF, 0xFF, 0xFF, 0xFF,
    0xFF, 0xFF, 0xFF, 0xFF, 0xFF, 0xFF, 0xFF, 0xFF, 0xFF, 0xFF, 0xFF, 0xFF,
    0xFF, 0x00, 0x00, 0x00, 0x00, 0x00, 0x00, 0x00, 0x00, 0x00, 0x00, 0x00,
    0x00, 0x00, 0x01, 0x00, 0x4A, 0xFF, 0xFF, 0xFF, 0xFF, 0xFB, 0xFF, 0xFF,
    0xFF, 0xFF, 0xFF, 0xFF, 0xFF, 0xFF, 0xFF, 0xFF, 0xFF, 0xFF, 0xFE, 0xFF,
    0xFF, 0xFF, 0xFF, 0x00, 0x00, 0x00, 0x00, 0x00, 0x00, 0x00, 0x00, 0x00,
    0x00, 0x00, 0x00, 0x00, 0x00, 0x00, 0x00, 0x00, 0x00, 0x50, 0xA0, 0xE7,
    0xFF, 0xFF, 0xFF, 0xFE, 0xFF, 0xFC, 0xFF, 0xFF, 0xFF, 0xFF, 0xFF, 0xFE,
    0xFF, 0xFF, 0xFC, 0xFF, 0xFF, 0xFF, 0x00, 0x00, 0x00, 0x00, 0x00, 0x00,
    0x00, 0x00, 0x00, 0x00, 0x00, 0x00, 0x00, 0x00, 0x00, 0x00, 0x00, 0x00,
    0x00, 0x00, 0x00, 0x00, 0x0D, 0x97, 0xFF, 0xFF, 0xFF, 0xFF, 0xFF, 0xFF,
    0xFC, 0xFF, 0xFF, 0xFF, 0xFF, 0xBA, 0xE7, 0xFF, 0x00, 0x00, 0x00, 0x00,
    0x00, 0x00, 0x00, 0x00, 0x00, 0x00, 0x00, 0x00, 0x00, 0x00, 0x00, 0x00,
    0x00, 0x00, 0x00, 0x00, 0x00, 0x00, 0x02, 0x02, 0x00, 0x1A, 0x58, 0xB7,
    0x45, 0x70, 0xCA, 0xFF, 0xFF, 0xDB, 0x4E, 0xA6, 0x65, 0x00, 0x00, 0x00,
    0x00, 0x00, 0x00, 0x00, 0x00, 0x00, 0x00, 0x00, 0x00, 0x00, 0x00, 0x00,
  },
  { /* frame 23 */
    0x00, 0x00, 0x00, 0x00, 0x00, 0x00, 0x00, 0x00, 0x00, 0x00, 0x00, 0x00,
    0x00, 0x00, 0x00, 0x00, 0x00, 0x00, 0x00, 0x00, 0x00, 0x00, 0x00, 0x00,
    0x00, 0x00, 0x00, 0x00, 0x00, 0x00, 0x00, 0x00, 0x28, 0xD2, 0x28, 0xDA,
    0x28, 0xD2, 0x28, 0xD2, 0x28, 0xD2, 0x49, 0xE2, 0x08, 0xD2, 0x28, 0xD2,
    0x28, 0xD2, 0x28, 0xD2, 0x00, 0x00, 0x00, 0x00, 0x00, 0x00, 0x00, 0x00,
    0x00, 0xF8, 0x00, 0x00, 0x00, 0x00, 0x00, 0x00, 0x00, 0x00, 0x00, 0x00,
    0x00, 0x00, 0x00, 0x00, 0x00, 0x00, 0x00, 0x00, 0x00, 0x00, 0x00, 0x00,
    0x00, 0x00, 0x00, 0x00, 0x00, 0x00, 0x00, 0x00, 0x00, 0x00, 0x00, 0x00,
    0x00, 0x00, 0x00, 0x00, 0x00, 0x00, 0x00, 0x00, 0x28, 0xD2, 0x28, 0xD2,
    0x28, 0xD2, 0x28, 0xD2, 0x28, 0xD2, 0x28, 0xD2, 0x28, 0xD2, 0x49, 0xEA,
    0x49, 0xDA, 0x28, 0xD2, 0x69, 0xEA, 0x69, 0xF2, 0x49, 0xE2, 0x8A, 0xFA,
    0x28, 0xD2, 0x28, 0xD2, 0x00, 0x00, 0x28, 0xD2, 0x00, 0x00, 0x86, 0xC9,
    0x00, 0x00, 0x00, 0x00, 0x00, 0x00, 0x00, 0x00, 0x00, 0x00, 0x00, 0x00,
    0x00, 0x00, 0x00, 0x00, 0x00, 0x00, 0x00, 0x00, 0x00, 0x00, 0x00, 0x00,
    0x00, 0x00, 0x00, 0x00, 0x00, 0x00, 0x00, 0x00, 0x00, 0x00, 0x00, 0x00,
    0x28, 0xD2, 0x28, 0xD2, 0x28, 0xDA, 0x28, 0xD2, 0x28, 0xD2, 0x28, 0xD2,
    0x28, 0xD2, 0x28, 0xD2, 0x28, 0xD2, 0x28, 0xD2, 0x28, 0xD2, 0x28, 0xD2,
    0x28, 0xD2, 0x28, 0xD2, 0x28, 0xD2, 0x28, 0xD2, 0x69, 0xEA, 0x28, 0xD2,
    0x28, 0xD2, 0x28, 0xD2, 0x28, 0xD2, 0x00, 0x00, 0x00, 0x00, 0x00, 0x00,
    0x00, 0x00, 0x00, 0x00, 0x00, 0x00, 0x00, 0x00, 0x00, 0x00, 0x00, 0x00,
    0x00, 0x00, 0x00, 0x00, 0x00, 0x00, 0x00, 0x00, 0x00, 0x00, 0x00, 0x00,
    0x00, 0x00, 0x00, 0x00, 0x28, 0xD2, 0x28, 0xD2, 0x49, 0xEA, 0x49, 0xE2,
    0x28, 0xD2, 0x28, 0xD2, 0x28, 0xD2, 0x28, 0xD2, 0x28, 0xD2, 0x28, 0xD2,
    0x28, 0xD2, 0x28, 0xD2, 0x28, 0xD2, 0x28, 0xD2, 0x28, 0xD2, 0x28, 0xD2,
    0x28, 0xD2, 0x28, 0xD2, 0x28, 0xD2, 0x28, 0xD2, 0x28, 0xDA, 0x28, 0xD2,
    0xAA, 0xFA, 0x00, 0xF8, 0x00, 0x00, 0x00, 0x00, 0x00, 0x00, 0x00, 0x00,
    0x00, 0x00, 0x00, 0x00, 0x00, 0x00, 0x00, 0x00, 0x00, 0x00, 0x00, 0x00,
    0x00, 0x00, 0x00, 0x00, 0xE7, 0xB9, 0x00, 0x00, 0xC7, 0xE1, 0x08, 0xD2,
    0x28, 0xD2, 0x49, 0xE2, 0x28, 0xD2, 0x28, 0xD2, 0x28, 0xD2, 0x28, 0xD2,
    0x28, 0xD2, 0x28, 0xD2, 0x28, 0xD2, 0x28, 0xD2, 0x28, 0xD2, 0x28, 0xD2,
    0x28, 0xD2, 0x28, 0xD2, 0x28, 0xD2, 0x28, 0xD2, 0x28, 0xD2, 0x28, 0xD2,
    0x28, 0xD2, 0x28, 0xD2, 0x28, 0xD2, 0x28, 0xD2, 0x69, 0xEA, 0x28, 0xD2,
    0x28, 0xDA, 0x00, 0x00, 0x00, 0x00, 0xE7, 0xB9, 0x00, 0x00, 0x00, 0x00,
    0x00, 0x00, 0x00, 0x00, 0x00, 0x00, 0x00, 0x00, 0x00, 0x00, 0x00, 0x00,
    0x00, 0x00, 0xA6, 0xC9, 0x69, 0xF2, 0x69, 0xF2, 0x69, 0xEA, 0x28, 0xD2,
    0x28, 0xD2, 0x28, 0xD2, 0x28, 0xD2, 0x28, 0xD2, 0x28, 0xD2, 0x28, 0xD2,
    0x28, 0xD2, 0x28, 0xD2, 0x28, 0xD2, 0x28, 0xDA, 0x28, 0xD2, 0x28, 0xD2,
    0x28, 0xD2, 0x28, 0xD2, 0x28, 0xD2, 0x28, 0xD2, 0x28, 0xD2, 0x28, 0xD2,
    0x28, 0xD2, 0x28, 0xD2, 0x28, 0xD2, 0x69, 0xEA, 0x28, 0xDA, 0x28, 0xD2,
    0xA6, 0xC9, 0x00, 0x00, 0x00, 0x00, 0x00, 0x00, 0x00, 0x00, 0x00, 0x00,
    0x00, 0x00, 0x00, 0x00, 0x00, 0x00, 0x00, 0x00, 0x00, 0x00, 0x28, 0xD2,
    0x28, 0xD2, 0x28, 0xD2, 0x28, 0xD2, 0x28, 0xD2, 0x28, 0xD2, 0x28, 0xD2,
    0x28, 0xD2, 0x28, 0xD2, 0x28, 0xD2, 0x28, 0xDA, 0x28, 0xD2, 0x28, 0xD2,
    0x08, 0xCA, 0xE7, 0xB1, 0x89, 0xFA, 0x49, 0xEA, 0x08, 0xCA, 0x49, 0xEA,
    0x08, 0xD2, 0x28, 0xD2, 0x28, 0xD2, 0x28, 0xD2, 0x28, 0xD2, 0x28, 0xD2,
    0x28, 0xD2, 0x28, 0xD2, 0x28, 0xD2, 0x28, 0xD2, 0x69, 0xF2, 0xC7, 0xE1,
    0x00, 0x00, 0x00, 0x00, 0x00, 0x00, 0x00, 0x00, 0x00, 0x00, 0x00, 0x00,
    0x00, 0x00, 0x00, 0x00, 0x28, 0xDA, 0x28, 0xDA, 0x28, 0xD2, 0x28, 0xD2,
    0x28, 0xD2, 0x28, 0xD2, 0x28, 0xD2, 0x28, 0xD2, 0x28, 0xD2, 0x48, 0xE2,
    0x28, 0xD2, 0xE7, 0xB1, 0x49, 0xE2, 0x28, 0xE2, 0x86, 0x91, 0x62, 0x00,
    0x65, 0x71, 0xC3, 0x30, 0xA3, 0x20, 0xC7, 0xA9, 0x69, 0xFA, 0x49, 0xEA,
    0x28, 0xDA, 0x28, 0xD2, 0x28, 0xD2, 0x28, 0xD2, 0x28, 0xD2, 0x28, 0xD2,
    0x28, 0xD2, 0x28, 0xD2, 0x69, 0xF2, 0x08, 0xD2, 0x00, 0x00, 0x00, 0x00,
    0x00, 0x00, 0x00, 0x00, 0x00, 0x00, 0x86, 0xC9, 0x00, 0x00, 0x00, 0xF8,
    0x28, 0xD2, 0x69, 0xEA, 0x28, 0xD2, 0x28, 0xD2, 0x28, 0xD2, 0x28, 0xD2,
    0x28, 0xD2, 0x28, 0xDA, 0x49, 0xF2, 0x08, 0xD2, 0x62, 0x00, 0x82, 0x10,
    0x49, 0xE2, 0x28, 0xD2, 0x08, 0xD2, 0x82, 0x10, 0x62, 0x00, 0x82, 0x08,
    0x82, 0x10, 0x41, 0x00, 0x24, 0x51, 0xA3, 0x18, 0xA6, 0x91, 0x08, 0xCA,
    0x28, 0xDA, 0x28, 0xD2, 0x28, 0xD2, 0x28, 0xD2, 0x28, 0xD2, 0x28, 0xD2,
    0x69, 0xEA, 0x28, 0xD2, 0x28, 0xD2, 0x00, 0x00, 0x00, 0x00, 0x00, 0x00,
    0x00, 0xF8, 0x00, 0x00, 0x28, 0xD2, 0xAA, 0xFA, 0x69, 0xEA, 0x28, 0xD2,
    0x28, 0xD2, 0x28, 0xD2, 0x28, 0xD2, 0x28, 0xD2, 0x28, 0xD2, 0xE7, 0xB1,
    0x86, 0x81, 0x24, 0x51, 0x82, 0x10, 0x62, 0x00, 0xE7, 0xB1, 0x28, 0xDA,
    0x49, 0xF2, 0x04, 0x41, 0x62, 0x00, 0x82, 0x10, 0x82, 0x10, 0xA2, 0x10,
    0x62, 0x00, 0x62, 0x00, 0x42, 0x00, 0x04, 0x51, 0x69, 0xFA, 0x28, 0xD2,
    0x28, 0xD2, 0x28, 0xD2, 0x28, 0xD2, 0x28, 0xD2, 0x28, 0xD2, 0x49, 0xE2,
    0x28, 0xD2, 0x00, 0x00, 0x00, 0x00, 0x00, 0x00, 0x00, 0x00, 0x28, 0xD2,
    0x28, 0xD2, 0x28, 0xD2, 0x28, 0xD2, 0x28, 0xD2, 0x28, 0xD2, 0x28, 0xD2,
    0x28, 0xD2, 0x28, 0xD2, 0x69, 0xFA, 0xC3, 0x28, 0x41, 0x00, 0x62, 0x00,
    0x82, 0x10, 0x42, 0x00, 0x66, 0x81, 0x49, 0xEA, 0x49, 0xEA, 0x65, 0x79,
    0x41, 0x00, 0x82, 0x10, 0x82, 0x10, 0x82, 0x10, 0x82, 0x10, 0x82, 0x10,
    0x82, 0x08, 0x45, 0x69, 0x28, 0xE2, 0x28, 0xD2, 0x28, 0xD2, 0x28, 0xD2,
    0x28, 0xD2, 0x28, 0xD2, 0x28, 0xD2, 0x28, 0xD2, 0x49, 0xEA, 0x28, 0xD2,
    0x00, 0x00, 0x00, 0x00, 0x00, 0x00, 0x00, 0x00, 0x28, 0xD2, 0x28, 0xDA,
    0x28, 0xD2, 0x28, 0xD2, 0x28, 0xD2, 0x28, 0xD2, 0x28, 0xDA, 0x8A, 0xFA,
    0x86, 0x91, 0x41, 0x00, 0x82, 0x10, 0x82, 0x10, 0x82, 0x10, 0x62, 0x00,
    0x24, 0x51, 0xAA, 0xFA, 0x49, 0xEA, 0x86, 0x91, 0x62, 0x00, 0x82, 0x10,
    0x82, 0x10, 0x82, 0x10, 0x82, 0x08, 0x42, 0x00, 0x82, 0x00, 0x49, 0xE2,
    0x49, 0xEA, 0x69, 0xF2, 0x28, 0xD2, 0x28, 0xD2, 0x28, 0xD2, 0x28, 0xD2,
    0x28, 0xD2, 0x28, 0xD2, 0x49, 0xE2, 0x28, 0xD2, 0x00, 0x00, 0x00, 0x00,
    0x00, 0x00, 0x28, 0xD2, 0x28, 0xD2, 0x28, 0xD2, 0x28, 0xD2, 0x28, 0xD2,
    0x28, 0xD2, 0x28, 0xD2, 0x08, 0xCA, 0x25, 0x59, 0xC3, 0x28, 0x82, 0x10,
    0x82, 0x10, 0x82, 0x10, 0x82, 0x10, 0x82, 0x08, 0xA3, 0x18, 0x25, 0x61,
    0xC3, 0x28, 0x62, 0x00, 0x82, 0x08, 0x82, 0x10, 0x82, 0x10, 0x82, 0x10,
    0x82, 0x00, 0x65, 0x71, 0x28, 0xD2, 0x49, 0xEA, 0xA7, 0xA1, 0xC3, 0x20,
    0x86, 0x81, 0x69, 0xF2, 0x28, 0xD2, 0x28, 0xD2, 0x28, 0xD2, 0x28, 0xD2,
    0x28, 0xD2, 0x28, 0xDA, 0x28, 0xD2, 0x00, 0x00, 0x00, 0x00, 0x28, 0xD2,
    0x69, 0xEA, 0x28, 0xD2, 0x28, 0xD2, 0x28, 0xD2, 0x28, 0xD2, 0x28, 0xDA,
    0xA6, 0x91, 0x42, 0x00, 0x82, 0x08, 0x82, 0x10, 0x82, 0x10, 0x82, 0x10,
    0x82, 0x10, 0x82, 0x10, 0x82, 0x10, 0x62, 0x00, 0x82, 0x08, 0x82, 0x10,
    0x82, 0x10, 0x82, 0x10, 0x82, 0x10, 0x82, 0x10, 0x42, 0x00, 0x65, 0x71,
    0x69, 0xFA, 0x08, 0xC2, 0x04, 0x49, 0x21, 0x00, 0x24, 0x51, 0x08, 0xD2,
    0x48, 0xE2, 0x28, 0xD2, 0x28, 0xD2, 0x28, 0xD2, 0x28, 0xD2, 0x28, 0xD2,
    0x28, 0xD2, 0x00, 0x00, 0x28, 0xD2, 0x8A, 0xFA, 0x28, 0xD2, 0x28, 0xD2,
    0x28, 0xD2, 0x28, 0xD2, 0x28, 0xD2, 0x49, 0xEA, 0xA3, 0x10, 0x62, 0x00,
    0x82, 0x10, 0x82, 0x10, 0x82, 0x10, 0x82, 0x10, 0x82, 0x10, 0x82, 0x10,
    0x82, 0x10, 0x82, 0x10, 0x82, 0x10, 0x82, 0x10, 0x82, 0x08, 0x82, 0x10,
    0x82, 0x10, 0x82, 0x10, 0x82, 0x00, 0x04, 0x49, 0x28, 0xDA, 0x41, 0x00,
    0x62, 0x00, 0x82, 0x10, 0x82, 0x10, 0x62, 0x00, 0x28, 0xD2, 0x28, 0xD2,
    0x28, 0xD2, 0x28, 0xD2, 0x28, 0xD2, 0x28, 0xD2, 0x28, 0xD2, 0x00, 0x00,
    0x28, 0xD2, 0x49, 0xE2, 0x28, 0xD2, 0x28, 0xD2, 0x28, 0xD2, 0x28, 0xD2,
    0x28, 0xD2, 0x69, 0xF2, 0x66, 0x81, 0xA3, 0x20, 0x21, 0x00, 0x82, 0x08,
    0x82, 0x08, 0x82, 0x10, 0x82, 0x10, 0x82, 0x10, 0x82, 0x10, 0x62, 0x08,
    0x62, 0x08, 0x82, 0x10, 0xC3, 0x10, 0x62, 0x08, 0x82, 0x10, 0x82, 0x10,
    0x82, 0x10, 0x82, 0x08, 0xC3, 0x30, 0x82, 0x08, 0x82, 0x10, 0x82, 0x10,
    0x82, 0x10, 0x62, 0x00, 0xA7, 0xA1, 0x48, 0xE2, 0x28, 0xD2, 0x28, 0xD2,
    0x28, 0xD2, 0x28, 0xD2, 0x28, 0xD2, 0x00, 0x00, 0x28, 0xD2, 0x69, 0xF2,
    0x28, 0xD2, 0x28, 0xD2, 0x28, 0xD2, 0x28, 0xD2, 0x28, 0xD2, 0x28, 0xD2,
    0x49, 0xEA, 0x08, 0xCA, 0x86, 0x89, 0xA7, 0xA1, 0x62, 0x00, 0x82, 0x10,
    0x82, 0x10, 0x82, 0x10, 0x82, 0x10, 0xE4, 0x18, 0x25, 0x21, 0x66, 0x29,
    0x87, 0x29, 0x25, 0x21, 0x82, 0x10, 0x82, 0x10, 0x82, 0x10, 0x82, 0x10,
    0x82, 0x08, 0x82, 0x10, 0x82, 0x10, 0x82, 0x10, 0x82, 0x10, 0x62, 0x00,
    0x45, 0x69, 0x49, 0xF2, 0x28, 0xD2, 0x28, 0xD2, 0x28, 0xD2, 0x28, 0xD2,
    0x28, 0xD2, 0x28, 0xD2, 0x08, 0xD2, 0x69, 0xEA, 0x28, 0xD2, 0x28, 0xD2,
    0x28, 0xD2, 0x28, 0xD2, 0x28, 0xDA, 0x49, 0xEA, 0xE8, 0xC1, 0x49, 0xE2,
    0x89, 0xFA, 0x49, 0xE2, 0xC3, 0x20, 0x82, 0x08, 0x82, 0x10, 0x82, 0x10,
    0x82, 0x10, 0x66, 0x29, 0x66, 0x29, 0x66, 0x29, 0x66, 0x29, 0x86, 0x29,
    0x66, 0x29, 0xE4, 0x18, 0x62, 0x08, 0x82, 0x10, 0x82, 0x10, 0x82, 0x10,
    0x82, 0x10, 0x82, 0x10, 0x82, 0x10, 0x82, 0x00, 0xE4, 0x38, 0x49, 0xEA,
    0x28, 0xD2, 0x28, 0xD2, 0x28, 0xD2, 0x28, 0xD2, 0x28, 0xD2, 0x28, 0xDA,
    0x49, 0xE2, 0x28, 0xD2, 0x28, 0xD2, 0x28, 0xD2, 0x28, 0xD2, 0x28, 0xD2,
    0x48, 0xE2, 0x04, 0x51, 0x21, 0x00, 0x45, 0x69, 0x04, 0x51, 0x08, 0xCA,
    0x25, 0x59, 0x82, 0x00, 0x82, 0x10, 0x62, 0x08, 0x25, 0x21, 0x86, 0x29,
    0x66, 0x29, 0x66, 0x29, 0x66, 0x29, 0x66, 0x29, 0x66, 0x29, 0x25, 0x21,
    0x62, 0x08, 0x82, 0x10, 0x82, 0x10, 0x82, 0x10, 0x82, 0x10, 0x82, 0x10,
    0x82, 0x10, 0x82, 0x10, 0x62, 0x00, 0x08, 0xC2, 0x28, 0xDA, 0x28, 0xD2,
    0x28, 0xD2, 0x28, 0xD2, 0x28, 0xD2, 0x28, 0xD2, 0x28, 0xD2, 0x49, 0xDA,
    0x28, 0xD2, 0x28, 0xD2, 0x28, 0xD2, 0x28, 0xD2, 0x8A, 0xFA, 0x45, 0x71,
    0x62, 0x00, 0x62, 0x00, 0x41, 0x00, 0xA3, 0x20, 0x82, 0x00, 0xA3, 0x10,
    0x82, 0x08, 0xC3, 0x10, 0x87, 0x29, 0x66, 0x29, 0x66, 0x29, 0x66, 0x29,
    0x66, 0x29, 0x66, 0x29, 0x66, 0x29, 0x66, 0x29, 0x82, 0x10, 0x82, 0x10,
    0x82, 0x10, 0x82, 0x10, 0x82, 0x08, 0x82, 0x10, 0x82, 0x10, 0x82, 0x10,
    0xA3, 0x18, 0xE7, 0xB9, 0x28, 0xDA, 0x28, 0xD2, 0x28, 0xD2, 0x28, 0xD2,
    0x49, 0xEA, 0x28, 0xD2, 0x28, 0xD2, 0x49, 0xEA, 0x28, 0xD2, 0x28, 0xD2,
    0x28, 0xD2, 0x28, 0xDA, 0xE7, 0xB9, 0xA3, 0x18, 0x82, 0x10, 0x82, 0x10,
    0x82, 0x10, 0x82, 0x08, 0x82, 0x10, 0x82, 0x10, 0x82, 0x10, 0x82, 0x10,
    0x66, 0x29, 0x66, 0x29, 0x66, 0x29, 0x66, 0x29, 0x66, 0x29, 0x66, 0x29,
    0x66, 0x29, 0x87, 0x29, 0xC3, 0x10, 0x82, 0x08, 0xA3, 0x10, 0x82, 0x00,
    0xA3, 0x20, 0x41, 0x00, 0x62, 0x00, 0x62, 0x00, 0x45, 0x71, 0x8A, 0xFA,
    0x28, 0xD2, 0x28, 0xD2, 0x28, 0xD2, 0x28, 0xD2, 0x49, 0xDA, 0x28, 0xD2,
    0x28, 0xD2, 0x28, 0xD2, 0x28, 0xD2, 0x28, 0xD2, 0x28, 0xD2, 0x28, 0xDA,
    0x08, 0xC2, 0x62, 0x00, 0x82, 0x10, 0x82, 0x10, 0x82, 0x10, 0x82, 0x10,
    0x82, 0x10, 0x82, 0x10, 0x82, 0x10, 0x62, 0x08, 0x25, 0x21, 0x66, 0x29,
    0x66, 0x29, 0x66, 0x29, 0x66, 0x29, 0x66, 0x29, 0x86, 0x29, 0x25, 0x21,
    0x62, 0x08, 0x82, 0x10, 0x82, 0x00, 0x25, 0x59, 0x08, 0xCA, 0x04, 0x51,
    0x45, 0x69, 0x21, 0x00, 0x04, 0x51, 0x48, 0xE2, 0x28, 0xD2, 0x28, 0xD2,
    0x28, 0xD2, 0x28, 0xD2, 0x28, 0xD2, 0x49, 0xE2, 0x28, 0xDA, 0x28, 0xD2,
    0x28, 0xD2, 0x28, 0xD2, 0x28, 0xD2, 0x28, 0xD2, 0x49, 0xEA, 0xE4, 0x38,
    0x82, 0x00, 0x82, 0x10, 0x82, 0x10, 0x82, 0x10, 0x82, 0x10, 0x82, 0x10,
    0x82, 0x10, 0x62, 0x08, 0xE4, 0x18, 0x66, 0x29, 0x86, 0x29, 0x66, 0x29,
    0x66, 0x29, 0x66, 0x29, 0x66, 0x29, 0x82, 0x10, 0x82, 0x10, 0x82, 0x10,
    0x82, 0x08, 0xC3, 0x20, 0x49, 0xE2, 0x89, 0xFA, 0x49, 0xE2, 0xE8, 0xC1,
    0x49, 0xEA, 0x28, 0xDA, 0x28, 0xD2, 0x28, 0xD2, 0x28, 0xD2, 0x28, 0xD2,
    0x69, 0xEA, 0x08, 0xD2, 0x28, 0xD2, 0x28, 0xD2, 0x28, 0xD2, 0x28, 0xD2,
    0x28, 0xD2, 0x28, 0xD2, 0x49, 0xF2, 0x45, 0x69, 0x62, 0x00, 0x82, 0x10,
    0x82, 0x10, 0x82, 0x10, 0x82, 0x10, 0x82, 0x08, 0x82, 0x10, 0x82, 0x10,
    0x82, 0x10, 0x82, 0x10, 0x25, 0x21, 0x87, 0x29, 0x66, 0x29, 0x25, 0x21,
    0xE4, 0x18, 0x82, 0x10, 0x82, 0x10, 0x82, 0x10, 0x82, 0x10, 0x62, 0x00,
    0xA7, 0xA1, 0x86, 0x89, 0x08, 0xCA, 0x49, 0xEA, 0x28, 0xD2, 0x28, 0xD2,
    0x28, 0xD2, 0x28, 0xD2, 0x28, 0xD2, 0x28, 0xD2, 0x69, 0xF2, 0x28, 0xD2,
    0x00, 0x00, 0x28, 0xD2, 0x28, 0xD2, 0x28, 0xD2, 0x28, 0xD2, 0x28, 0xD2,
    0x48, 0xE2, 0xA7, 0xA1, 0x62, 0x00, 0x82, 0x10, 0x82, 0x10, 0x82, 0x10,
    0x82, 0x08, 0xC3, 0x30, 0x82, 0x08, 0x82, 0x10, 0x82, 0x10, 0x82, 0x10,
    0x62, 0x08, 0xC3, 0x10, 0x82, 0x10, 0x62, 0x08, 0x62, 0x08, 0x82, 0x10,
    0x82, 0x10, 0x82, 0x10, 0x82, 0x10, 0x82, 0x08, 0x82, 0x08, 0x21, 0x00,
    0xA3, 0x20, 0x66, 0x81, 0x69, 0xF2, 0x28, 0xD2, 0x28, 0xD2, 0x28, 0xD2,
    0x28, 0xD2, 0x28, 0xD2, 0x49, 0xE2, 0x28, 0xD2, 0x00, 0x00, 0x28, 0xD2,
    0x28, 0xD2, 0x28, 0xD2, 0x28, 0xD2, 0x28, 0xD2, 0x28, 0xD2, 0x28, 0xD2,
    0x62, 0x00, 0x82, 0x10, 0x82, 0x10, 0x62, 0x00, 0x41, 0x00, 0x28, 0xDA,
    0x04, 0x49, 0x82, 0x00, 0x82, 0x10, 0x82, 0x10, 0x82, 0x10, 0x82, 0x08,
    0x82, 0x10, 0x82, 0x10, 0x82, 0x10, 0x82, 0x10, 0x82, 0x10, 0x82, 0x10,
    0x82, 0x10, 0x82, 0x10, 0x82, 0x10, 0x82, 0x10, 0x62, 0x00, 0xA3, 0x10,
    0x49, 0xEA, 0x28, 0xD2, 0x28, 0xD2, 0x28, 0xD2, 0x28, 0xD2, 0x28, 0xD2,
    0x8A, 0xFA, 0x28, 0xD2, 0x00, 0x00, 0x28, 0xD2, 0x28, 0xD2, 0x28, 0xD2,
    0x28, 0xD2, 0x28, 0xD2, 0x28, 0xD2, 0x48, 0xE2, 0x08, 0xD2, 0x24, 0x51,
    0x21, 0x00, 0x04, 0x49, 0x08, 0xC2, 0x69, 0xFA, 0x65, 0x71, 0x42, 0x00,
    0x82, 0x10, 0x82, 0x10, 0x82, 0x10, 0x82, 0x10, 0x82, 0x10, 0x82, 0x10,
    0x82, 0x10, 0x82, 0x10, 0x82, 0x10, 0x82, 0x10, 0x82, 0x10, 0x82, 0x10,
    0x82, 0x10, 0x82, 0x08, 0x42, 0x00, 0xA6, 0x91, 0x28, 0xDA, 0x28, 0xD2,
    0x28, 0xD2, 0x28, 0xD2, 0x28, 0xD2, 0x69, 0xEA, 0x28, 0xD2, 0x00, 0x00,
    0x00, 0x00, 0x28, 0xD2, 0x28, 0xDA, 0x28, 0xD2, 0x28, 0xD2, 0x28, 0xD2,
    0x28, 0xD2, 0x28, 0xD2, 0x69, 0xF2, 0x86, 0x81, 0xC3, 0x20, 0xA7, 0xA1,
    0x49, 0xEA, 0x28, 0xD2, 0x65, 0x71, 0x82, 0x00, 0x82, 0x10, 0x82, 0x10,
    0x82, 0x10, 0x82, 0x10, 0x82, 0x10, 0x82, 0x08, 0x62, 0x00, 0x41, 0x00,
    0x82, 0x08, 0x82, 0x10, 0x82, 0x10, 0x82, 0x10, 0x82, 0x10, 0xC3, 0x28,
    0x25, 0x59, 0x08, 0xCA, 0x28, 0xD2, 0x28, 0xD2, 0x28, 0xD2, 0x28, 0xD2,
    0x28, 0xD2, 0x28, 0xD2, 0x28, 0xD2, 0x00, 0x00, 0x00, 0x00, 0x00, 0x00,
    0x28, 0xD2, 0x49, 0xE2, 0x28, 0xD2, 0x28, 0xD2, 0x28, 0xD2, 0x28, 0xD2,
    0x28, 0xD2, 0x28, 0xD2, 0x69, 0xF2, 0x49, 0xEA, 0x49, 0xE2, 0x82, 0x00,
    0x42, 0x00, 0x82, 0x08, 0x82, 0x10, 0x82, 0x10, 0x82, 0x10, 0x82, 0x10,
    0x82, 0x10, 0xA3, 0x18, 0x25, 0x59, 0xA6, 0x99, 0x04, 0x49, 0x62, 0x00,
    0x82, 0x10, 0x82, 0x10, 0x41, 0x00, 0x86, 0x91, 0x8A, 0xFA, 0x28, 0xDA,
    0x28, 0xD2, 0x28, 0xD2, 0x28, 0xD2, 0x28, 0xD2, 0x28, 0xDA, 0x28, 0xD2,
    0x00, 0x00, 0x00, 0x00, 0x00, 0x00, 0x00, 0x00, 0x28, 0xD2, 0x49, 0xEA,
    0x28, 0xD2, 0x28, 0xD2, 0x28, 0xD2, 0x28, 0xD2, 0x28, 0xD2, 0x28, 0xD2,
    0x28, 0xD2, 0x28, 0xE2, 0x45, 0x69, 0x82, 0x08, 0x82, 0x10, 0x82, 0x10,
    0x82, 0x10, 0x82, 0x10, 0x82, 0x10, 0x82, 0x10, 0x62, 0x00, 0x65, 0x71,
    0xAA, 0xFA, 0x69, 0xFA, 0x86, 0x89, 0x42, 0x00, 0x62, 0x00, 0x41, 0x00,
    0xC3, 0x28, 0x69, 0xFA, 0x28, 0xD2, 0x28, 0xD2, 0x28, 0xD2, 0x28, 0xD2,
    0x28, 0xD2, 0x28, 0xD2, 0x28, 0xD2, 0x28, 0xD2, 0x28, 0xD2, 0x00, 0x00,
    0x00, 0x00, 0x00, 0x00, 0x00, 0x00, 0x28, 0xD2, 0x49, 0xE2, 0x28, 0xD2,
    0x28, 0xD2, 0x28, 0xD2, 0x28, 0xD2, 0x28, 0xD2, 0x28, 0xD2, 0x69, 0xFA,
    0x04, 0x51, 0x42, 0x00, 0x62, 0x00, 0x62, 0x00, 0xA2, 0x10, 0x82, 0x10,
    0x82, 0x10, 0x82, 0x10, 0x82, 0x00, 0xE4, 0x38, 0x49, 0xEA, 0x28, 0xDA,
    0xE7, 0xB9, 0x62, 0x00, 0x24, 0x51, 0x86, 0x81, 0xE7, 0xB1, 0x28, 0xD2,
    0x28, 0xD2, 0x28, 0xD2, 0x28, 0xD2, 0x28, 0xD2, 0x28, 0xD2, 0x69, 0xEA,
    0xAA, 0xFA, 0x28, 0xD2, 0x00, 0x00, 0x00, 0xF8, 0x00, 0x00, 0x00, 0x00,
    0x00, 0x00, 0x28, 0xD2, 0x28, 0xD2, 0x69, 0xEA, 0x28, 0xD2, 0x28, 0xD2,
    0x28, 0xD2, 0x28, 0xD2, 0x28, 0xD2, 0x28, 0xDA, 0x08, 0xCA, 0xA6, 0x91,
    0xA3, 0x18, 0x24, 0x51, 0x41, 0x00, 0x82, 0x10, 0x82, 0x08, 0x62, 0x00,
    0x82, 0x10, 0x82, 0x08, 0x08, 0xCA, 0x28, 0xD2, 0x49, 0xEA, 0xA3, 0x18,
    0x08, 0xCA, 0x49, 0xF2, 0x28, 0xDA, 0x28, 0xD2, 0x28, 0xD2, 0x28, 0xD2,
    0x28, 0xD2, 0x28, 0xD2, 0x69, 0xEA, 0x28, 0xD2, 0x00, 0xF8, 0x00, 0x00,
    0x86, 0xC9, 0x00, 0x00, 0x00, 0x00, 0x00, 0x00, 0x00, 0x00, 0x00, 0x00,
    0x08, 0xD2, 0x69, 0xF2, 0x28, 0xD2, 0x28, 0xD2, 0x28, 0xD2, 0x28, 0xD2,
    0x28, 0xD2, 0x28, 0xD2, 0x28, 0xD2, 0x28, 0xDA, 0x49, 0xEA, 0x69, 0xFA,
    0xC7, 0xA9, 0xA3, 0x20, 0xC3, 0x30, 0x65, 0x71, 0xA3, 0x18, 0x21, 0x00,
    0xC7, 0xA1, 0x28, 0xDA, 0x28, 0xDA, 0x28, 0xD2, 0x49, 0xE2, 0x28, 0xD2,
    0x28, 0xD2, 0x28, 0xD2, 0x28, 0xD2, 0x28, 0xD2, 0x28, 0xD2, 0x28, 0xD2,
    0x28, 0xDA, 0x28, 0xDA, 0x00, 0x00, 0x00, 0x00, 0x00, 0x00, 0x00, 0x00,
    0x00, 0x00, 0x00, 0x00, 0x00, 0x00, 0x00, 0x00, 0xC7, 0xE1, 0x69, 0xF2,
    0x28, 0xD2, 0x28, 0xD2, 0x28, 0xD2, 0x28, 0xD2, 0x28, 0xD2, 0x28, 0xD2,
    0x28, 0xD2, 0x28, 0xD2, 0x28, 0xD2, 0x08, 0xD2, 0x49, 0xEA, 0x08, 0xCA,
    0x49, 0xEA, 0x89, 0xFA, 0xE7, 0xB9, 0x08, 0xC2, 0x49, 0xE2, 0x28, 0xD2,
    0x28, 0xD2, 0x28, 0xD2, 0x28, 0xD2, 0x28, 0xD2, 0x28, 0xD2, 0x28, 0xD2,
    0x28, 0xD2, 0x28, 0xD2, 0x28, 0xD2, 0x28, 0xD2, 0x28, 0xD2, 0x00, 0x00,
    0x00, 0x00, 0x00, 0x00, 0x00, 0x00, 0x00, 0x00, 0x00, 0x00, 0x00, 0x00,
    0x00, 0x00, 0x00, 0x00, 0x00, 0x00, 0xA6, 0xC9, 0x28, 0xD2, 0x28, 0xDA,
    0x69, 0xEA, 0x28, 0xD2, 0x28, 0xD2, 0x28, 0xD2, 0x28, 0xD2, 0x28, 0xD2,
    0x28, 0xD2, 0x28, 0xD2, 0x28, 0xD2, 0x28, 0xD2, 0x28, 0xD2, 0x28, 0xD2,
    0x28, 0xDA, 0x28, 0xDA, 0x28, 0xD2, 0x28, 0xD2, 0x28, 0xD2, 0x28, 0xD2,
    0x28, 0xD2, 0x28, 0xD2, 0x28, 0xD2, 0x28, 0xD2, 0x28, 0xD2, 0x69, 0xEA,
    0x69, 0xF2, 0x69, 0xF2, 0xA6, 0xC9, 0x00, 0x00, 0x00, 0x00, 0x00, 0x00,
    0x00, 0x00, 0x00, 0x00, 0x00, 0x00, 0x00, 0x00, 0x00, 0x00, 0x00, 0x00,
    0xE7, 0xB9, 0x00, 0x00, 0x00, 0x00, 0x28, 0xDA, 0x28, 0xD2, 0x69, 0xEA,
    0x28, 0xD2, 0x28, 0xD2, 0x28, 0xD2, 0x28, 0xD2, 0x28, 0xD2, 0x28, 0xD2,
    0x28, 0xD2, 0x28, 0xD2, 0x28, 0xD2, 0x28, 0xD2, 0x28, 0xD2, 0x28, 0xD2,
    0x28, 0xD2, 0x28, 0xD2, 0x28, 0xD2, 0x28, 0xD2, 0x28, 0xD2, 0x28, 0xD2,
    0x28, 0xD2, 0x28, 0xD2, 0x49, 0xE2, 0x28, 0xD2, 0x08, 0xD2, 0xC7, 0xE1,
    0x00, 0x00, 0xE7, 0xB9, 0x00, 0x00, 0x00, 0x00, 0x00, 0x00, 0x00, 0x00,
    0x00, 0x00, 0x00, 0x00, 0x00, 0x00, 0x00, 0x00, 0x00, 0x00, 0x00, 0x00,
    0x00, 0x00, 0x00, 0x00, 0x00, 0xF8, 0xAA, 0xFA, 0x28, 0xD2, 0x28, 0xDA,
    0x28, 0xD2, 0x28, 0xD2, 0x28, 0xD2, 0x28, 0xD2, 0x28, 0xD2, 0x28, 0xD2,
    0x28, 0xD2, 0x28, 0xD2, 0x28, 0xD2, 0x28, 0xD2, 0x28, 0xD2, 0x28, 0xD2,
    0x28, 0xD2, 0x28, 0xD2, 0x28, 0xD2, 0x28, 0xD2, 0x49, 0xE2, 0x49, 0xEA,
    0x28, 0xD2, 0x28, 0xD2, 0x00, 0x00, 0x00, 0x00, 0x00, 0x00, 0x00, 0x00,
    0x00, 0x00, 0x00, 0x00, 0x00, 0x00, 0x00, 0x00, 0x00, 0x00, 0x00, 0x00,
    0x00, 0x00, 0x00, 0x00, 0x00, 0x00, 0x00, 0x00, 0x00, 0x00, 0x00, 0x00,
    0x00, 0x00, 0x28, 0xD2, 0x28, 0xD2, 0x28, 0xD2, 0x28, 0xD2, 0x69, 0xEA,
    0x28, 0xD2, 0x28, 0xD2, 0x28, 0xD2, 0x28, 0xD2, 0x28, 0xD2, 0x28, 0xD2,
    0x28, 0xD2, 0x28, 0xD2, 0x28, 0xD2, 0x28, 0xD2, 0x28, 0xD2, 0x28, 0xD2,
    0x28, 0xD2, 0x28, 0xDA, 0x28, 0xD2, 0x28, 0xD2, 0x00, 0x00, 0x00, 0x00,
    0x00, 0x00, 0x00, 0x00, 0x00, 0x00, 0x00, 0x00, 0x00, 0x00, 0x00, 0x00,
    0x00, 0x00, 0x00, 0x00, 0x00, 0x00, 0x00, 0x00, 0x00, 0x00, 0x00, 0x00,
    0x00, 0x00, 0x00, 0x00, 0x00, 0x00, 0x00, 0x00, 0x86, 0xC9, 0x00, 0x00,
    0x28, 0xD2, 0x00, 0x00, 0x28, 0xD2, 0x28, 0xD2, 0x8A, 0xFA, 0x49, 0xE2,
    0x69, 0xF2, 0x69, 0xEA, 0x28, 0xD2, 0x49, 0xDA, 0x49, 0xEA, 0x28, 0xD2,
    0x28, 0xD2, 0x28, 0xD2, 0x28, 0xD2, 0x28, 0xD2, 0x28, 0xD2, 0x28, 0xD2,
    0x00, 0x00, 0x00, 0x00, 0x00, 0x00, 0x00, 0x00, 0x00, 0x00, 0x00, 0x00,
    0x00, 0x00, 0x00, 0x00, 0x00, 0x00, 0x00, 0x00, 0x00, 0x00, 0x00, 0x00,
    0x00, 0x00, 0x00, 0x00, 0x00, 0x00, 0x00, 0x00, 0x00, 0x00, 0x00, 0x00,
    0x00, 0x00, 0x00, 0x00, 0x00, 0x00, 0x00, 0xF8, 0x00, 0x00, 0x00, 0x00,
    0x00, 0x00, 0x00, 0x00, 0x28, 0xD2, 0x28, 0xD2, 0x28, 0xD2, 0x08, 0xD2,
    0x49, 0xE2, 0x28, 0xD2, 0x28, 0xD2, 0x28, 0xD2, 0x28, 0xDA, 0x28, 0xD2,
    0x00, 0x00, 0x00, 0x00, 0x00, 0x00, 0x00, 0x00, 0x00, 0x00, 0x00, 0x00,
    0x00, 0x00, 0x00, 0x00, 0x00, 0x00, 0x00, 0x00, 0x00, 0x00, 0x00, 0x00,
    0x00, 0x00, 0x00, 0x00, 0x00, 0x00, 0x00, 0x00, 0x00, 0x00, 0x00, 0x00,
    0x00, 0x00, 0x00, 0x00, 0x00, 0x00, 0x00, 0x00, 0x00, 0x00, 0x00, 0x00,
    0xFF, 0xFF, 0xEC, 0x81, 0xCA, 0xFF, 0x57, 0x90, 0xE7, 0x3C, 0x00, 0x00,
    0x01, 0x00, 0x01, 0x00, 0x00, 0x00, 0x00, 0x00, 0x00, 0x00, 0x00, 0x00,
    0x00, 0x00, 0x00, 0x00, 0x00, 0x00, 0x00, 0x00, 0x00, 0x00, 0x00, 0x00,
    0xFF, 0xFF, 0xFF, 0xFF, 0xFF, 0xFF, 0xFA, 0xFF, 0xFF, 0xFE, 0xFF, 0xFF,
    0xFF, 0xFF, 0xBD, 0x21, 0x00, 0x0B, 0x00, 0x05, 0x00, 0x00, 0x00, 0x00,
    0x00, 0x00, 0x00, 0x00, 0x00, 0x00, 0x00, 0x00, 0x00, 0x00, 0x00, 0x00,
    0x00, 0x00, 0x0B, 0xE3, 0xFF, 0xFF, 0xFF, 0xFF, 0xFF, 0xFF, 0xFF, 0xFF,
    0xFF, 0xFE, 0xFF, 0xFF, 0xFE, 0xFE, 0xFF, 0xF8, 0xCC, 0xD7, 0x29, 0x00,
    0x00, 0x00, 0x00, 0x00, 0x00, 0x00, 0x00, 0x00, 0x00, 0x00, 0x00, 0x00,
    0x00, 0x00, 0x00, 0x00, 0x56, 0xEC, 0xFF, 0xFF, 0xFC, 0xFF, 0xFF, 0xFF,
    0xFF, 0xFF, 0xFF, 0xFF, 0xFF, 0xFF, 0xFF, 0xFF, 0xFF, 0xFE, 0xFE, 0xFF,
    0xFF, 0xFE, 0xFF, 0x01, 0x00, 0x00, 0x00, 0x00, 0x00, 0x00, 0x00, 0x00,
    0x00, 0x00, 0x00, 0x00, 0x04, 0x00, 0x09, 0x33, 0xC6, 0xFF, 0xFF, 0xFF,
    0xFF, 0xFF, 0xFF, 0xFF, 0xFF, 0xFF, 0xFF, 0xFF, 0xFF, 0xFF, 0xFF, 0xFF,
    0xFF, 0xFF, 0xFF, 0xFF, 0xFF, 0xFE, 0xFF, 0xC8, 0x30, 0x00, 0x00, 0x04,
    0x00, 0x00, 0x00, 0x00, 0x00, 0x00, 0x00, 0x00, 0x00, 0x0E, 0xFF, 0xFF,
    0xFF, 0xFE, 0xFF, 0xFF, 0xFF, 0xFF, 0xFF, 0xFF, 0xFF, 0xFF, 0xFF, 0xFF,
    0xFF, 0xFF, 0xFF, 0xFF, 0xFF, 0xFF, 0xFF, 0xFF, 0xFF, 0xFF, 0xFB, 0xFF,
    0xFF, 0xB0, 0x0E, 0x00, 0x00, 0x00, 0x00, 0x00, 0x00, 0x00, 0x00, 0x00,
    0x00, 0xB0, 0xFF, 0xFE, 0xFF, 0xFF, 0xFF, 0xFF, 0xFF, 0xFF, 0xFF, 0xFF,
    0xFF, 0xFF, 0xFF, 0xFF, 0xFF, 0xFF, 0xFF, 0xFF, 0xFF, 0xFF, 0xFF, 0xFF,
    0xFF, 0xFF, 0xFF, 0xFE, 0xFF, 0xFF, 0xFF, 0x09, 0x00, 0x00, 0x00, 0x00,
    0x00, 0x00, 0x00, 0x00, 0x30, 0xFF, 0xFF, 0xFF, 0xFF, 0xFF, 0xFF, 0xFF,
    0xFF, 0xFF, 0xFF, 0xFF, 0xFF, 0xFF, 0xFF, 0xFF, 0xFF, 0xFF, 0xFF, 0xFF,
    0xFF, 0xFF, 0xFF, 0xFF, 0xFF, 0xFF, 0xFF, 0xFF, 0xFF, 0xFE, 0xFF, 0x33,
    0x00, 0x00, 0x00, 0x00, 0x00, 0x05, 0x00, 0x01, 0xC8, 0xFF, 0xFE, 0xFF,
    0xFF, 0xFF, 0xFF, 0xFF, 0xFF, 0xFF, 0xFF, 0xFF, 0xFF, 0xFF, 0xFF, 0xFF,
    0xFF, 0xFF, 0xFF, 0xFF, 0xFF, 0xFF, 0xFF, 0xFF, 0xFF, 0xFF, 0xFF, 0xFF,
    0xFF, 0xFF, 0xFF, 0xC6, 0x56, 0x00, 0x00, 0x00, 0x01, 0x00, 0x29, 0xFF,
    0xFF, 0xFB, 0xFF, 0xFF, 0xFF, 0xFF, 0xFF, 0xFF, 0xFF, 0xFF, 0xFF, 0xFF,
    0xFF, 0xFF, 0xFF, 0xFF, 0xFF, 0xFF, 0xFF, 0xFF, 0xFF, 0xFF, 0xFF, 0xFF,
    0xFF, 0xFF, 0xFF, 0xFF, 0xFF, 0xFF, 0xFE, 0xFF, 0xEC, 0x00, 0x00, 0x00,
    0x00, 0x0B, 0xD7, 0xFE, 0xFE, 0xFF, 0xFF, 0xFF, 0xFF, 0xFF, 0xFF, 0xFF,
    0xFF, 0xFF, 0xFF, 0xFF, 0xFF, 0xFF, 0xFF, 0xFF, 0xFF, 0xFF, 0xFF, 0xFF,
    0xFF, 0xFF, 0xFF, 0xFF, 0xFF, 0xFF, 0xFF, 0xFF, 0xFF, 0xFF, 0xFF, 0xFF,
    0xFF, 0x0B, 0x00, 0x00, 0x01, 0x00, 0xCC, 0xFF, 0xFF, 0xFF, 0xFF, 0xFF,
    0xFF, 0xFF, 0xFF, 0xFF, 0xFF, 0xFF, 0xFF, 0xFF, 0xFF, 0xFF, 0xFF, 0xFF,
    0xFF, 0xFF, 0xFF, 0xFF, 0xFF, 0xFF, 0xFF, 0xFF, 0xFF, 0xFF, 0xFF, 0xFF,
    0xFF, 0xFF, 0xFF, 0xFF, 0xFF, 0xE3, 0x00, 0x00, 0x00, 0x21, 0xF8, 0xFF,
    0xFF, 0xFF, 0xFF, 0xFF, 0xFF, 0xFF, 0xFF, 0xFF, 0xFF, 0xFF, 0xFF, 0xFF,
    0xFF, 0xFF, 0xFF, 0xFF, 0xFF, 0xFF, 0xFF, 0xFF, 0xFF, 0xFF, 0xFF, 0xFF,
    0xFF, 0xFF, 0xFF, 0xFF, 0xFF, 0xFF, 0xFF, 0xFF, 0xFC, 0xFF, 0xFF, 0x00,
    0x00, 0xBD, 0xFF, 0xFE, 0xFF, 0xFF, 0xFF, 0xFF, 0xFF, 0xFF, 0xFF, 0xFF,
    0xFF, 0xFF, 0xFF, 0xFF, 0xFF, 0xFF, 0xFF, 0xFF, 0xFF, 0xFF, 0xFF, 0xFF,
    0xFF, 0xFF, 0xFF, 0xFF, 0xFF, 0xFF, 0xFF, 0xFF, 0xFF, 0xFF, 0xFF, 0xFF,
    0xFF, 0xFF, 0xFF, 0x00, 0x3C, 0xFF, 0xFE, 0xFE, 0xFF, 0xFF, 0xFF, 0xFF,
    0xFF, 0xFF, 0xFF, 0xFF, 0xFF, 0xFF, 0xFF, 0xFF, 0xFF, 0xFF, 0xFF, 0xFF,
    0xFF, 0xFF, 0xFF, 0xFF, 0xFF, 0xFF, 0xFF, 0xFF, 0xFF, 0xFF, 0xFF, 0xFF,
    0xFF, 0xFF, 0xFF, 0xFF, 0xFF, 0xFF, 0xFF, 0x00, 0xE7, 0xFF, 0xFE, 0xFF,
    0xFF, 0xFF, 0xFF, 0xFF, 0xFF, 0xFF, 0xFF, 0xFF, 0xFF, 0xFF, 0xFF, 0xFF,
    0xFF, 0xFF, 0xFF, 0xFF, 0xFF, 0xFF, 0xFF, 0xFF, 0xFF, 0xFF, 0xFF, 0xFF,
    0xFF, 0xFF, 0xFF, 0xFF, 0xFF, 0xFF, 0xFF, 0xFF, 0xFF, 0xFF, 0xFF, 0x00,
    0x90, 0xFF, 0xFF, 0xFF, 0xFF, 0xFF, 0xFF, 0xFF, 0xFF, 0xFF, 0xFF, 0xFF,
    0xFF, 0xFF, 0xFF, 0xFF, 0xFF, 0xFF, 0xFF, 0xFF, 0xFF, 0xFF, 0xFF, 0xFF,
    0xFF, 0xFF, 0xFF, 0xFF, 0xFF, 0xFF, 0xFF, 0xFF, 0xFF, 0xFF, 0xFF, 0xFF,
    0xFF, 0xFF, 0xFF, 0xFF, 0x57, 0xFF, 0xFF, 0xFF, 0xFF, 0xFF, 0xFF, 0xFF,
    0xFF, 0xFF, 0xFF, 0xFF, 0xFF, 0xFF, 0xFF, 0xFF, 0xFF, 0xFF, 0xFF, 0xFF,
    0xFF, 0xFF, 0xFF, 0xFF, 0xFF, 0xFF, 0xFF, 0xFF, 0xFF, 0xFF, 0xFF, 0xFF,
    0xFF, 0xFF, 0xFF, 0xFF, 0xFF, 0xFF, 0xFF, 0xFF, 0xFF, 0xFE, 0xFE, 0xFF,
    0xFF, 0xFF, 0xFF, 0xFF, 0xFF, 0xFF, 0xFF, 0xFF, 0xFF, 0xFF, 0xFF, 0xFF,
    0xFF, 0xFF, 0xFF, 0xFF, 0xFF, 0xFF, 0xFF, 0xFF, 0xFF, 0xFF, 0xFF, 0xFF,
    0xFF, 0xFF, 0xFF, 0xFF, 0xFF, 0xFF, 0xFF, 0xFF, 0xFF, 0xFF, 0xFA, 0xEC,
    0xCA, 0xFF, 0xFF, 0xFF, 0xFF, 0xFF, 0xFF, 0xFF, 0xFF, 0xFF, 0xFF, 0xFF,
    0xFF, 0xFF, 0xFF, 0xFF, 0xFF, 0xFF, 0xFF, 0xFF, 0xFF, 0xFF, 0xFF, 0xFF,
    0xFF, 0xFF, 0xFF, 0xFF, 0xFF, 0xFF, 0xFF, 0xFF, 0xFF, 0xFF, 0xFF, 0xFF,
    0xFF, 0xFF, 0xFF, 0x81, 0x81, 0xFF, 0xFF, 0xFF, 0xFF, 0xFF, 0xFF, 0xFF,
    0xFF, 0xFF, 0xFF, 0xFF, 0xFF, 0xFF, 0xFF, 0xFF, 0xFF, 0xFF, 0xFF, 0xFF,
    0xFF, 0xFF, 0xFF, 0xFF, 0xFF, 0xFF, 0xFF, 0xFF, 0xFF, 0xFF, 0xFF, 0xFF,
    0xFF, 0xFF, 0xFF, 0xFF, 0xFF, 0xFF, 0xFF, 0xCA, 0xEC, 0xFA, 0xFF, 0xFF,
    0xFF, 0xFF, 0xFF, 0xFF, 0xFF, 0xFF, 0xFF, 0xFF, 0xFF, 0xFF, 0xFF, 0xFF,
    0xFF, 0xFF, 0xFF, 0xFF, 0xFF, 0xFF, 0xFF, 0xFF, 0xFF, 0xFF, 0xFF, 0xFF,
    0xFF, 0xFF, 0xFF, 0xFF, 0xFF, 0xFF, 0xFF, 0xFF, 0xFF, 0xFE, 0xFE, 0xFF,
    0xFF, 0xFF, 0xFF, 0xFF, 0xFF, 0xFF, 0xFF, 0xFF, 0xFF, 0xFF, 0xFF, 0xFF,
    0xFF, 0xFF, 0xFF, 0xFF, 0xFF, 0xFF, 0xFF, 0xFF, 0xFF, 0xFF, 0xFF, 0xFF,
    0xFF, 0xFF, 0xFF, 0xFF, 0xFF, 0xFF, 0xFF, 0xFF, 0xFF, 0xFF, 0xFF, 0xFF,
    0xFF, 0xFF, 0xFF, 0x57, 0xFF, 0xFF, 0xFF, 0xFF, 0xFF, 0xFF, 0xFF, 0xFF,
    0xFF, 0xFF, 0xFF, 0xFF, 0xFF, 0xFF, 0xFF, 0xFF, 0xFF, 0xFF, 0xFF, 0xFF,
    0xFF, 0xFF, 0xFF, 0xFF, 0xFF, 0xFF, 0xFF, 0xFF, 0xFF, 0xFF, 0xFF, 0xFF,
    0xFF, 0xFF, 0xFF, 0xFF, 0xFF, 0xFF, 0xFF, 0x90, 0x00, 0xFF, 0xFF, 0xFF,
    0xFF, 0xFF, 0xFF, 0xFF, 0xFF, 0xFF, 0xFF, 0xFF, 0xFF, 0xFF, 0xFF, 0xFF,
    0xFF, 0xFF, 0xFF, 0xFF, 0xFF, 0xFF, 0xFF, 0xFF, 0xFF, 0xFF, 0xFF, 0xFF,
    0xFF, 0xFF, 0xFF, 0xFF, 0xFF, 0xFF, 0xFF, 0xFF, 0xFF, 0xFE, 0xFF, 0xE7,
    0x00, 0xFF, 0xFF, 0xFF, 0xFF, 0xFF, 0xFF, 0xFF, 0xFF, 0xFF, 0xFF, 0xFF,
    0xFF, 0xFF, 0xFF, 0xFF, 0xFF, 0xFF, 0xFF, 0xFF, 0xFF, 0xFF, 0xFF, 0xFF,
    0xFF, 0xFF, 0xFF, 0xFF, 0xFF, 0xFF, 0xFF, 0xFF, 0xFF, 0xFF, 0xFF, 0xFF,
    0xFE, 0xFE, 0xFF, 0x3C, 0x00, 0xFF, 0xFF, 0xFF, 0xFF, 0xFF, 0xFF, 0xFF,
    0xFF, 0xFF, 0xFF, 0xFF, 0xFF, 0xFF, 0xFF, 0xFF, 0xFF, 0xFF, 0xFF, 0xFF,
    0xFF, 0xFF, 0xFF, 0xFF, 0xFF, 0xFF, 0xFF, 0xFF, 0xFF, 0xFF, 0xFF, 0xFF,
    0xFF, 0xFF, 0xFF, 0xFF, 0xFE, 0xFF, 0xBD, 0x00, 0x00, 0xFF, 0xFF, 0xFC,
    0xFF, 0xFF, 0xFF, 0xFF, 0xFF, 0xFF, 0xFF, 0xFF, 0xFF, 0xFF, 0xFF, 0xFF,
    0xFF, 0xFF, 0xFF, 0xFF, 0xFF, 0xFF, 0xFF, 0xFF, 0xFF, 0xFF, 0xFF, 0xFF,
    0xFF, 0xFF, 0xFF, 0xFF, 0xFF, 0xFF, 0xFF, 0xFF, 0xFF, 0xF8, 0x21, 0x00,
    0x00, 0x00, 0xE3, 0xFF, 0xFF, 0xFF, 0xFF, 0xFF, 0xFF, 0xFF, 0xFF, 0xFF,
    0xFF, 0xFF, 0xFF, 0xFF, 0xFF, 0xFF, 0xFF, 0xFF, 0xFF, 0xFF, 0xFF, 0xFF,
    0xFF, 0xFF, 0xFF, 0xFF, 0xFF, 0xFF, 0xFF, 0xFF, 0xFF, 0xFF, 0xFF, 0xFF,
    0xFF, 0xCC, 0x00, 0x01, 0x00, 0x00, 0x0B, 0xFF, 0xFF, 0xFF, 0xFF, 0xFF,
    0xFF, 0xFF, 0xFF, 0xFF, 0xFF, 0xFF, 0xFF, 0xFF, 0xFF, 0xFF, 0xFF, 0xFF,
    0xFF, 0xFF, 0xFF, 0xFF, 0xFF, 0xFF, 0xFF, 0xFF, 0xFF, 0xFF, 0xFF, 0xFF,
    0xFF, 0xFF, 0xFF, 0xFE, 0xFE, 0xD7, 0x0B, 0x00, 0x00, 0x00, 0x00, 0xEC,
    0xFF, 0xFE, 0xFF, 0xFF, 0xFF, 0xFF, 0xFF, 0xFF, 0xFF, 0xFF, 0xFF, 0xFF,
    0xFF, 0xFF, 0xFF, 0xFF, 0xFF, 0xFF, 0xFF, 0xFF, 0xFF, 0xFF, 0xFF, 0xFF,
    0xFF, 0xFF, 0xFF, 0xFF, 0xFF, 0xFF, 0xFB, 0xFF, 0xFF, 0x29, 0x00, 0x01,
    0x00, 0x00, 0x00, 0x56, 0xC6, 0xFF, 0xFF, 0xFF, 0xFF, 0xFF, 0xFF, 0xFF,
    0xFF, 0xFF, 0xFF, 0xFF, 0xFF, 0xFF, 0xFF, 0xFF, 0xFF, 0xFF, 0xFF, 0xFF,
    0xFF, 0xFF, 0xFF, 0xFF, 0xFF, 0xFF, 0xFF, 0xFF, 0xFF, 0xFE, 0xFF, 0xC8,
    0x01, 0x00, 0x05, 0x00, 0x00, 0x00, 0x00, 0x00, 0x33, 0xFF, 0xFE, 0xFF,
    0xFF, 0xFF, 0xFF, 0xFF, 0xFF, 0xFF, 0xFF, 0xFF, 0xFF, 0xFF, 0xFF, 0xFF,
    0xFF, 0xFF, 0xFF, 0xFF, 0xFF, 0xFF, 0xFF, 0xFF, 0xFF, 0xFF, 0xFF, 0xFF,
    0xFF, 0xFF, 0xFF, 0x30, 0x00, 0x00, 0x00, 0x00, 0x00, 0x00, 0x00, 0x00,
    0x09, 0xFF, 0xFF, 0xFF, 0xFE, 0xFF, 0xFF, 0xFF, 0xFF, 0xFF, 0xFF, 0xFF,
    0xFF, 0xFF, 0xFF, 0xFF, 0xFF, 0xFF, 0xFF, 0xFF, 0xFF, 0xFF, 0xFF, 0xFF,
    0xFF, 0xFF, 0xFF, 0xFF, 0xFE, 0xFF, 0xB0, 0x00, 0x00, 0x00, 0x00, 0x00,
    0x00, 0x00, 0x00, 0x00, 0x00, 0x0E, 0xB0, 0xFF, 0xFF, 0xFB, 0xFF, 0xFF,
    0xFF, 0xFF, 0xFF, 0xFF, 0xFF, 0xFF, 0xFF, 0xFF, 0xFF, 0xFF, 0xFF, 0xFF,
    0xFF, 0xFF, 0xFF, 0xFF, 0xFF, 0xFF, 0xFE, 0xFF, 0xFF, 0xFF, 0x0E, 0x00,
    0x00, 0x00, 0x00, 0x00, 0x00, 0x00, 0x00, 0x00, 0x04, 0x00, 0x00, 0x30,
    0xC8, 0xFF, 0xFE, 0xFF, 0xFF, 0xFF, 0xFF, 0xFF, 0xFF, 0xFF, 0xFF, 0xFF,
    0xFF, 0xFF, 0xFF, 0xFF, 0xFF, 0xFF, 0xFF, 0xFF, 0xFF, 0xFF, 0xFF, 0xC6,
    0x33, 0x09, 0x00, 0x04, 0x00, 0x00, 0x00, 0x00, 0x00, 0x00, 0x00, 0x00,
    0x00, 0x00, 0x00, 0x00, 0x01, 0xFF, 0xFE, 0xFF, 0xFF, 0xFE, 0xFE, 0xFF,
    0xFF, 0xFF, 0xFF, 0xFF, 0xFF, 0xFF, 0xFF, 0xFF, 0xFF, 0xFF, 0xFF, 0xFC,
    0xFF, 0xFF, 0xEC, 0x56, 0x00, 0x00, 0x00, 0x00, 0x00, 0x00, 0x00, 0x00,
    0x00, 0x00, 0x00, 0x00, 0x00, 0x00, 0x00, 0x00, 0x00, 0x29, 0xD7, 0xCC,
    0xF8, 0xFF, 0xFE, 0xFE, 0xFF, 0xFF, 0xFE, 0xFF, 0xFF, 0xFF, 0xFF, 0xFF,
    0xFF, 0xFF, 0xFF, 0xFF, 0xE3, 0x0B, 0x00, 0x00, 0x00, 0x00, 0x00, 0x00,
    0x00, 0x00, 0x00, 0x00, 0x00, 0x00, 0x00, 0x00, 0x00, 0x00, 0x00, 0x00,
    0x05, 0x00, 0x0B, 0x00, 0x21, 0xBD, 0xFF, 0xFF, 0xFF, 0xFF, 0xFE, 0xFF,
    0xFF, 0xFA, 0xFF, 0xFF, 0xFF, 0xFF, 0xFF, 0xFF, 0x00, 0x00, 0x00, 0x00,
    0x00, 0x00, 0x00, 0x00, 0x00, 0x00, 0x00, 0x00, 0x00, 0x00, 0x00, 0x00,
    0x00, 0x00, 0x00, 0x00, 0x00, 0x01, 0x00, 0x01, 0x00, 0x00, 0x3C, 0xE7,
    0x90, 0x57, 0xFF, 0xCA, 0x81, 0xEC, 0xFF, 0xFF, 0x00, 0x00, 0x00, 0x00,
    0x00, 0x00, 0x00, 0x00, 0x00, 0x00, 0x00, 0x00, 0x00, 0x00, 0x00, 0x00,
  },
};
static const lv_img_dsc_t reel_frame_dsc[24] = {
  { .header = { .cf = LV_COLOR_FORMAT_RGB565A8, .w = 40, .h = 40 }, .data_size = sizeof(reel_frame_data[0]), .data = (const uint8_t *)reel_frame_data[0] },
  { .header = { .cf = LV_COLOR_FORMAT_RGB565A8, .w = 40, .h = 40 }, .data_size = sizeof(reel_frame_data[1]), .data = (const uint8_t *)reel_frame_data[1] },
  { .header = { .cf = LV_COLOR_FORMAT_RGB565A8, .w = 40, .h = 40 }, .data_size = sizeof(reel_frame_data[2]), .data = (const uint8_t *)reel_frame_data[2] },
  { .header = { .cf = LV_COLOR_FORMAT_RGB565A8, .w = 40, .h = 40 }, .data_size = sizeof(reel_frame_data[3]), .data = (const uint8_t *)reel_frame_data[3] },
  { .header = { .cf = LV_COLOR_FORMAT_RGB565A8, .w = 40, .h = 40 }, .data_size = sizeof(reel_frame_data[4]), .data = (const uint8_t *)reel_frame_data[4] },
  { .header = { .cf = LV_COLOR_FORMAT_RGB565A8, .w = 40, .h = 40 }, .data_size = sizeof(reel_frame_data[5]), .data = (const uint8_t *)reel_frame_data[5] },
  { .header = { .cf = LV_COLOR_FORMAT_RGB565A8, .w = 40, .h = 40 }, .data_size = sizeof(reel_frame_data[6]), .data = (const uint8_t *)reel_frame_data[6] },
  { .header = { .cf = LV_COLOR_FORMAT_RGB565A8, .w = 40, .h = 40 }, .data_size = sizeof(reel_frame_data[7]), .data = (const uint8_t *)reel_frame_data[7] },
  { .header = { .cf = LV_COLOR_FORMAT_RGB565A8, .w = 40, .h = 40 }, .data_size = sizeof(reel_frame_data[8]), .data = (const uint8_t *)reel_frame_data[8] },
  { .header = { .cf = LV_COLOR_FORMAT_RGB565A8, .w = 40, .h = 40 }, .data_size = sizeof(reel_frame_data[9]), .data = (const uint8_t *)reel_frame_data[9] },
  { .header = { .cf = LV_COLOR_FORMAT_RGB565A8, .w = 40, .h = 40 }, .data_size = sizeof(reel_frame_data[10]), .data = (const uint8_t *)reel_frame_data[10] },
  { .header = { .cf = LV_COLOR_FORMAT_RGB565A8, .w = 40, .h = 40 }, .data_size = sizeof(reel_frame_data[11]), .data = (const uint8_t *)reel_frame_data[11] },
  { .header = { .cf = LV_COLOR_FORMAT_RGB565A8, .w = 40, .h = 40 }, .data_size = sizeof(reel_frame_data[12]), .data = (const uint8_t *)reel_frame_data[12] },
  { .header = { .cf = LV_COLOR_FORMAT_RGB565A8, .w = 40, .h = 40 }, .data_size = sizeof(reel_frame_data[13]), .data = (const uint8_t *)reel_frame_data[13] },
  { .header = { .cf = LV_COLOR_FORMAT_RGB565A8, .w = 40, .h = 40 }, .data_size = sizeof(reel_frame_data[14]), .data = (const uint8_t *)reel_frame_data[14] },
  { .header = { .cf = LV_COLOR_FORMAT_RGB565A8, .w = 40, .h = 40 }, .data_size = sizeof(reel_frame_data[15]), .data = (const uint8_t *)reel_frame_data[15] },
  { .header = { .cf = LV_COLOR_FORMAT_RGB565A8, .w = 40, .h = 40 }, .data_size = sizeof(reel_frame_data[16]), .data = (const uint8_t *)reel_frame_data[16] },
  { .header = { .cf = LV_COLOR_FORMAT_RGB565A8, .w = 40, .h = 40 }, .data_size = sizeof(reel_frame_data[17]), .data = (const uint8_t *)reel_frame_data[17] },
  { .header = { .cf = LV_COLOR_FORMAT_RGB565A8, .w = 40, .h = 40 }, .data_size = sizeof(reel_frame_data[18]), .data = (const uint8_t *)reel_frame_data[18] },
  { .header = { .cf = LV_COLOR_FORMAT_RGB565A8, .w = 40, .h = 40 }, .data_size = sizeof(reel_frame_data[19]), .data = (const uint8_t *)reel_frame_data[19] },
  { .header = { .cf = LV_COLOR_FORMAT_RGB565A8, .w = 40, .h = 40 }, .data_size = sizeof(reel_frame_data[20]), .data = (const uint8_t *)reel_frame_data[20] },
  { .header = { .cf = LV_COLOR_FORMAT_RGB565A8, .w = 40, .h = 40 }, .data_size = sizeof(reel_frame_data[21]), .data = (const uint8_t *)reel_frame_data[21] },
  { .header = { .cf = LV_COLOR_FORMAT_RGB565A8, .w = 40, .h = 40 }, .data_size = sizeof(reel_frame_data[22]), .data = (const uint8_t *)reel_frame_data[22] },
  { .header = { .cf = LV_COLOR_FORMAT_RGB565A8, .w = 40, .h = 40 }, .data_size = sizeof(reel_frame_data[23]), .data = (const uint8_t *)reel_frame_data[23] },
};
