/*******************************************************************************
 * Size: 12 px
 * Bpp: 4
 * Opts: --font C:\Windows\Fonts\simhei.ttf --lv-font-name lv_font_chinese_12 --size 12 --bpp 4 --format lvgl -o d:\zhutao\audio_player\main\ui_font_12.c -r 0x20-0x7E -r 0x00B7 -r 0x2026 -r 0x3001-0x3002 -r 0x4E00-0x4E01 -r 0x4E09-0x4E0B -r 0x4E0D-0x4E0E -r 0x4E13-0x4E14 -r 0x4E22 -r 0x4E24 -r 0x4E2A -r 0x4E2D -r 0x4E32 -r 0x4E34 -r 0x4E3A-0x4E3B -r 0x4E3E -r 0x4E45 -r 0x4E49 -r 0x4E4B -r 0x4E50 -r 0x4E5F -r 0x4E66 -r 0x4E71 -r 0x4E86 -r 0x4E89 -r 0x4E8B-0x4E8C -r 0x4E8E -r 0x4E92 -r 0x4E94 -r 0x4EA4 -r 0x4EAB -r 0x4EAE -r 0x4EBA -r 0x4EC5 -r 0x4ECD-0x4ECE -r 0x4ED6 -r 0x4EE3 -r 0x4EE5 -r 0x4EF6 -r 0x4EFB -r 0x4F11 -r 0x4F18 -r 0x4F1A -r 0x4F20 -r 0x4F30 -r 0x4F46 -r 0x4F4D-0x4F4F -r 0x4F53 -r 0x4F55 -r 0x4F59 -r 0x4F5C -r 0x4F7F -r 0x4F9B -r 0x4F9D -r 0x4FA7 -r 0x4FBF -r 0x4FDD -r 0x4FE1 -r 0x4FEE -r 0x500D -r 0x5012 -r 0x503C -r 0x5047 -r 0x504F -r 0x505A -r 0x505C -r 0x5065 -r 0x507F -r 0x50A8 -r 0x50CF -r 0x5141 -r 0x5143 -r 0x5145 -r 0x5148-0x5149 -r 0x514D -r 0x515C -r 0x5165 -r 0x5168 -r 0x516C -r 0x5171 -r 0x5173 -r 0x5176-0x5178 -r 0x5185 -r 0x518C-0x518D -r 0x5197 -r 0x5199 -r 0x51B2-0x51B3 -r 0x51B5 -r 0x51C6 -r 0x51CF -r 0x51FA-0x51FB -r 0x51FD -r 0x5206-0x5207 -r 0x5217 -r 0x5219-0x521B -r 0x521D -r 0x5220 -r 0x5224 -r 0x5230 -r 0x5236-0x5237 -r 0x523B -r 0x524D -r 0x529B -r 0x529F-0x52A1 -r 0x52A8-0x52A9 -r 0x52FF-0x5300 -r 0x5305 -r 0x5316 -r 0x5339-0x533A -r 0x5347 -r 0x5355 -r 0x5360-0x5361 -r 0x536B -r 0x5373-0x5374 -r 0x5377-0x5378 -r 0x5386 -r 0x538B -r 0x539F -r 0x53BB -r 0x53C2 -r 0x53CA -r 0x53CC-0x53CD -r 0x53D1 -r 0x53D6-0x53D8 -r 0x53E0 -r 0x53E3-0x53E5 -r 0x53EA -r 0x53EF-0x53F0 -r 0x53F2-0x53F3 -r 0x53F6-0x53F7 -r 0x5404 -r 0x5408 -r 0x540C-0x540E -r 0x5411 -r 0x5426 -r 0x542B-0x542C -r 0x542F -r 0x544A -r 0x5468 -r 0x547D -r 0x548C -r 0x54CD -r 0x5524 -r 0x552F -r 0x5582 -r 0x5668 -r 0x56DB -r 0x56DE -r 0x56E0 -r 0x56F4 -r 0x56FA -r 0x56FE -r 0x5706 -r 0x5728 -r 0x5730 -r 0x573A -r 0x5747 -r 0x574F -r 0x5757 -r 0x578B -r 0x57DF -r 0x57FA -r 0x586B -r 0x589E -r 0x58F0 -r 0x5904 -r 0x5907 -r 0x590D -r 0x5916 -r 0x591A -r 0x5927 -r 0x5931 -r 0x5934 -r 0x5939 -r 0x5957 -r 0x597D -r 0x5982 -r 0x59CB -r 0x5B50 -r 0x5B54 -r 0x5B57-0x5B58 -r 0x5B88-0x5B89 -r 0x5B8C -r 0x5B8F -r 0x5B98 -r 0x5B9A -r 0x5B9E -r 0x5BA1 -r 0x5BB9 -r 0x5BBD -r 0x5BBF -r 0x5BF9 -r 0x5BFC -r 0x5C04 -r 0x5C06 -r 0x5C0F -r 0x5C11 -r 0x5C1D -r 0x5C31 -r 0x5C3E -r 0x5C40 -r 0x5C42 -r 0x5C45 -r 0x5C4F -r 0x5C55 -r 0x5C5E -r 0x5D29 -r 0x5D4C -r 0x5DE5-0x5DE6 -r 0x5DEE -r 0x5DF2 -r 0x5E03 -r 0x5E26-0x5E27 -r 0x5E38 -r 0x5E55 -r 0x5E72-0x5E73 -r 0x5E76 -r 0x5E8F -r 0x5E93-0x5E95 -r 0x5EA6-0x5EA7 -r 0x5EB7 -r 0x5EF6 -r 0x5EFA -r 0x5F00 -r 0x5F02-0x5F03 -r 0x5F0F -r 0x5F15 -r 0x5F39-0x5F3A -r 0x5F52-0x5F53 -r 0x5F55 -r 0x5F62 -r 0x5F71 -r 0x5F81 -r 0x5F84-0x5F85 -r 0x5F97 -r 0x5FAA -r 0x5FC3 -r 0x5FC5 -r 0x5FD7 -r 0x5FEB -r 0x5FFD -r 0x6001 -r 0x6027 -r 0x603B -r 0x6062 -r 0x606F -r 0x60AC -r 0x60C5 -r 0x610F -r 0x611F -r 0x6162 -r 0x6210 -r 0x6216 -r 0x622A -r 0x6233 -r 0x6237 -r 0x6240 -r 0x6247 -r 0x624D -r 0x6253 -r 0x6267 -r 0x6269 -r 0x626B-0x626C -r 0x6279 -r 0x627E-0x627F -r 0x628A -r 0x6296 -r 0x62A4-0x62A5 -r 0x62C9 -r 0x62D2 -r 0x62D4 -r 0x62DF -r 0x62E8-0x62E9 -r 0x62F7 -r 0x62FC -r 0x6301-0x6302 -r 0x6307 -r 0x6309 -r 0x633D -r 0x635F -r 0x6362 -r 0x636E -r 0x6389 -r 0x6392 -r 0x63A2 -r 0x63A5 -r 0x63A7-0x63A9 -r 0x63CF-0x63D0 -r 0x63D2 -r 0x6447 -r 0x6458 -r 0x64AD -r 0x64CD-0x64CE -r 0x64E6 -r 0x652F -r 0x6536 -r 0x6539 -r 0x653E -r 0x6548 -r 0x655B -r 0x6570 -r 0x6574 -r 0x6587 -r 0x659C -r 0x65A5 -r 0x65AD -r 0x65B0 -r 0x65B9 -r 0x65CB -r 0x65E0 -r 0x65E5 -r 0x65E7 -r 0x65E9 -r 0x65F6 -r 0x660E -r 0x6613 -r 0x6620 -r 0x662F -r 0x663E -r 0x665F -r 0x666E-0x6670 -r 0x6682 -r 0x66B4 -r 0x66F2 -r 0x66F4 -r 0x66FF-0x6700 -r 0x6709 -r 0x671F -r 0x672A-0x672C -r 0x673A -r 0x6761 -r 0x6765 -r 0x677E-0x677F -r 0x6781 -r 0x6784 -r 0x6790 -r 0x679A -r 0x679C -r 0x67B6 -r 0x67C4 -r 0x67D0 -r 0x67D3 -r 0x67E5 -r 0x67F1 -r 0x6807-0x6808 -r 0x680F -r 0x6811 -r 0x6821 -r 0x6837-0x6839 -r 0x683C -r 0x6846 -r 0x6863 -r 0x6869 -r 0x68AF-0x68B0 -r 0x68C0 -r 0x6A21 -r 0x6A2A -r 0x6A59 -r 0x6B21 -r 0x6B23 -r 0x6B4C -r 0x6B62-0x6B66 -r 0x6B7B -r 0x6B8A-0x6B8B -r 0x6BB5 -r 0x6BC1 -r 0x6BCF -r 0x6BD4 -r 0x6BEB -r 0x6C14 -r 0x6C38 -r 0x6C60-0x6C61 -r 0x6CA1 -r 0x6CBF -r 0x6CC4 -r 0x6CD5 -r 0x6CE8 -r 0x6D3B -r 0x6D3E -r 0x6D41 -r 0x6D4B -r 0x6D4F -r 0x6D88 -r 0x6DE1 -r 0x6DF1 -r 0x6DFB -r 0x6E05 -r 0x6E32 -r 0x6E83 -r 0x6E90 -r 0x6ED1 -r 0x6EDA -r 0x6EE1 -r 0x6F02 -r 0x6F0F -r 0x706D -r 0x706F-0x7070 -r 0x70B9 -r 0x70E7 -r 0x7184 -r 0x7206 -r 0x7247-0x7248 -r 0x7269 -r 0x7279 -r 0x72B6 -r 0x72D7 -r 0x72EC -r 0x7387 -r 0x73AF-0x73B0 -r 0x73E0 -r 0x7406 -r 0x751F -r 0x7528 -r 0x7531 -r 0x7535 -r 0x753B -r 0x754C -r 0x7559 -r 0x7565 -r 0x7591 -r 0x767D-0x767E -r 0x7684 -r 0x76CA -r 0x76D1 -r 0x76D6 -r 0x76D8 -r 0x76EE -r 0x76F4 -r 0x76F8 -r 0x7701 -r 0x770B -r 0x771F-0x7720 -r 0x77AC -r 0x77E2 -r 0x77E5 -r 0x77E9 -r 0x77ED -r 0x7801 -r 0x7816 -r 0x7834 -r 0x786C -r 0x786E -r 0x78C1 -r 0x78E8 -r 0x793A -r 0x7981 -r 0x79BB -r 0x79D2 -r 0x79EF-0x79F0 -r 0x79FB -r 0x7A0B -r 0x7A0D -r 0x7A33 -r 0x7A7A -r 0x7A81 -r 0x7A84 -r 0x7A97 -r 0x7ACB -r 0x7AD6 -r 0x7ADE -r 0x7AEF -r 0x7B26 -r 0x7B2C -r 0x7B49 -r 0x7B56 -r 0x7B7E -r 0x7B80 -r 0x7B97 -r 0x7BA1 -r 0x7BB1 -r 0x7BE1 -r 0x7C7B -r 0x7C97 -r 0x7CBE -r 0x7CFB -r 0x7D20 -r 0x7D22 -r 0x7D2F -r 0x7EA2 -r 0x7EA6-0x7EA7 -r 0x7EAF -r 0x7EBF -r 0x7EC4 -r 0x7EC8 -r 0x7ECF -r 0x7ED1 -r 0x7ED3 -r 0x7ED5 -r 0x7ED8-0x7ED9 -r 0x7EDD -r 0x7EDF -r 0x7EE7 -r 0x7EEA -r 0x7EED -r 0x7EF4 -r 0x7EFF-0x7F00 -r 0x7F13 -r 0x7F16 -r 0x7F29 -r 0x7F3A -r 0x7F51 -r 0x7F6E -r 0x7FFB -r 0x800C -r 0x8010 -r 0x8017 -r 0x8026 -r 0x80CC -r 0x80FD -r 0x8109 -r 0x810F -r 0x811A -r 0x81EA -r 0x81F3-0x81F4 -r 0x820D -r 0x822A -r 0x8272 -r 0x8282 -r 0x82AF -r 0x82E5 -r 0x8303 -r 0x8350 -r 0x83B7 -r 0x83DC -r 0x843D -r 0x84DD -r 0x853D -r 0x85CF -r 0x867D -r 0x884C -r 0x8854 -r 0x8865 -r 0x8868 -r 0x88AB -r 0x88C5 -r 0x8981 -r 0x8986 -r 0x89C1 -r 0x89C4 -r 0x89C6 -r 0x89C8 -r 0x89D2 -r 0x89E3 -r 0x89E6 -r 0x8B66 -r 0x8BA1-0x8BA2 -r 0x8BA4 -r 0x8BA9 -r 0x8BB0 -r 0x8BB8 -r 0x8BBE-0x8BBF -r 0x8BC1 -r 0x8BC4 -r 0x8BC6 -r 0x8BD1 -r 0x8BD5 -r 0x8BE2 -r 0x8BE5-0x8BE6 -r 0x8BED -r 0x8BEF -r 0x8BF4 -r 0x8BF7 -r 0x8BFB -r 0x8C03 -r 0x8C61 -r 0x8D1D -r 0x8D1F -r 0x8D23 -r 0x8D25 -r 0x8D34 -r 0x8D44 -r 0x8D4B -r 0x8D56 -r 0x8D70 -r 0x8D77 -r 0x8D85 -r 0x8DB3 -r 0x8DC3 -r 0x8DDF -r 0x8DE8 -r 0x8DEF -r 0x8DF3 -r 0x8EAB -r 0x8F68 -r 0x8F6C -r 0x8F6E-0x8F6F -r 0x8F74 -r 0x8F7D -r 0x8F83 -r 0x8F85 -r 0x8F91 -r 0x8F93 -r 0x8FB9 -r 0x8FBE -r 0x8FC1 -r 0x8FC7 -r 0x8FD0-0x8FD1 -r 0x8FD4 -r 0x8FD8-0x8FD9 -r 0x8FDB -r 0x8FDE-0x8FDF -r 0x9000-0x9002 -r 0x9009 -r 0x9010 -r 0x9012 -r 0x901A -r 0x901F -r 0x903B -r 0x9053 -r 0x9057 -r 0x907F -r 0x90E8 -r 0x90FD -r 0x914D -r 0x9192 -r 0x91C7 -r 0x91CA -r 0x91CC-0x91CD -r 0x91CF -r 0x9488 -r 0x949F -r 0x94AE -r 0x94B3 -r 0x94FE -r 0x9500-0x9501 -r 0x9519-0x951A -r 0x9525 -r 0x952E -r 0x955C -r 0x957F -r 0x95E8 -r 0x95EA -r 0x95ED-0x95EE -r 0x95F2 -r 0x95F4 -r 0x9605 -r 0x9608 -r 0x9632 -r 0x9636 -r 0x963B -r 0x9645 -r 0x964D -r 0x9650 -r 0x9664 -r 0x9669 -r 0x968F-0x9690 -r 0x9694 -r 0x96C6 -r 0x96F6 -r 0x9700 -r 0x9732 -r 0x9752 -r 0x9759 -r 0x975E -r 0x9760 -r 0x9762 -r 0x97F3 -r 0x9875-0x9876 -r 0x9879-0x987B -r 0x9884 -r 0x9891 -r 0x9897-0x9898 -r 0x989C -r 0x98CE -r 0x9970 -r 0x9996 -r 0x9A71 -r 0x9A8C -r 0x9AD8 -r 0x9ED8 -r 0x9F50 -r 0xFF08-0xFF09 -r 0xFF0C -r 0xFF1A-0xFF1B -r 0xFF1F -r 0xFF5C
 ******************************************************************************/

#include "lvgl.h"

#ifndef LV_FONT_CHINESE_12
#define LV_FONT_CHINESE_12 1
#endif

#if LV_FONT_CHINESE_12

/*-----------------
 *    BITMAPS
 *----------------*/

/*Store the image of the glyphs*/
static LV_ATTRIBUTE_LARGE_CONST const uint8_t glyph_bitmap[] = {
    /* U+0020 " " */

    /* U+0021 "!" */
    0xb8, 0x1f, 0x0, 0x18, 0x88, 0xfc, 0x4d, 0x85,
    0xa7, 0x40,

    /* U+0022 "\"" */
    0x78, 0x96, 0x1e, 0x12, 0x55, 0x63, 0x0,

    /* U+0023 "#" */
    0x2, 0x90, 0xc0, 0x0, 0x88, 0x3, 0x37, 0x83,
    0x85, 0xd4, 0x7a, 0x4d, 0xbe, 0x61, 0xe4, 0x8,
    0x8d, 0xc1, 0x6b, 0xd5, 0x32, 0xb3, 0xf6, 0xd9,
    0x7, 0x2, 0x20, 0x0,

    /* U+0024 "$" */
    0x0, 0x31, 0x80, 0x4f, 0x3a, 0x80, 0x33, 0x13,
    0x20, 0x33, 0xa, 0x58, 0x10, 0xc0, 0x30, 0x3,
    0x17, 0x88, 0x2, 0xd7, 0xc0, 0x5a, 0xe, 0x11,
    0x3a, 0x9, 0x8, 0x89, 0xa2, 0x16, 0x0, 0x89,
    0xd5, 0x0, 0x94, 0x80, 0x0,

    /* U+0025 "%" */
    0x4d, 0x30, 0x50, 0xe9, 0xa0, 0x30, 0x16, 0x6,
    0x60, 0xb, 0x8, 0x5, 0x31, 0xc3, 0x84, 0x78,
    0x19, 0xa, 0x2, 0x60, 0xdc, 0xe, 0xa0, 0x22,
    0x0, 0xbb, 0x96,

    /* U+0026 "&" */
    0x5, 0xec, 0x0, 0xa7, 0x1c, 0xc0, 0x23, 0x72,
    0x0, 0x2e, 0x20, 0x80, 0x8, 0x20, 0x0, 0xe6,
    0xcc, 0x94, 0xdc, 0xa8, 0x75, 0x2d, 0x16, 0x15,
    0x92, 0xe3, 0x92,

    /* U+0027 "'" */
    0xe1, 0x31, 0xa0,

    /* U+0028 "(" */
    0x0, 0xf3, 0x28, 0x16, 0xa8, 0x44, 0x80, 0x4,
    0x80, 0xcc, 0x0, 0x7f, 0x0, 0x3f, 0x80, 0xc,
    0xc0, 0x10, 0x90, 0x2, 0x24, 0x0, 0x5c, 0xa0,

    /* U+0029 ")" */
    0x0, 0xce, 0x80, 0x7, 0x81, 0x0, 0x44, 0x80,
    0x10, 0xc0, 0x21, 0x0, 0x8c, 0x40, 0x6, 0x20,
    0x1, 0x0, 0x26, 0x0, 0xc3, 0x83, 0x78, 0x0,

    /* U+002A "*" */
    0x0, 0x3b, 0x80, 0xe, 0xa2, 0x25, 0x75, 0xeb,
    0xb7, 0x29, 0x61, 0x13, 0xa, 0x3a, 0x21, 0xd1,
    0x9, 0x1, 0x98, 0x0, 0x2a, 0x0, 0x0,

    /* U+002B "+" */
    0x0, 0x29, 0x80, 0x62, 0x60, 0xf, 0xd3, 0xb3,
    0x1b, 0x13, 0xb3, 0x1b, 0x0, 0x1e,

    /* U+002C "," */
    0x1, 0x0, 0x70, 0x83, 0x88, 0x58, 0x0,

    /* U+002D "-" */
    0x9d, 0xdc, 0xe0,

    /* U+002E "." */
    0x1, 0x1, 0xe0,

    /* U+002F "/" */
    0x0, 0xe3, 0x0, 0xca, 0xe0, 0x1b, 0x10, 0x2,
    0x6a, 0x0, 0xde, 0x60, 0x13, 0xd0, 0x6, 0xe3,
    0x0, 0x9e, 0xc0, 0x21, 0xf2, 0x0, 0xa6, 0x80,
    0x35, 0x10, 0x6,

    /* U+0030 "0" */
    0x5, 0xed, 0x30, 0x1b, 0xde, 0xe0, 0x3a, 0x19,
    0x98, 0xfb, 0x0, 0x4, 0xc2, 0x60, 0x18, 0x4c,
    0x3, 0x6e, 0x0, 0x15, 0xd5, 0x10, 0xa2, 0x41,
    0xb1, 0x3e, 0x0, 0x3c, 0xc1, 0x0,

    /* U+0031 "1" */
    0x6, 0x94, 0x90, 0xe8, 0xa, 0x10, 0xf, 0xfe,
    0x20,

    /* U+0032 "2" */
    0x0, 0xfa, 0x3f, 0x98, 0x11, 0x1b, 0x92, 0x2f,
    0xc4, 0x51, 0x98, 0x80, 0x4c, 0x80, 0x2b, 0x90,
    0x9, 0x1d, 0xc0, 0x1, 0xaf, 0x0, 0xb2, 0x8,
    0x0, 0xa5, 0x1d, 0xc4,

    /* U+0033 "3" */
    0x4, 0xbc, 0x40, 0x19, 0x97, 0xd0, 0x1c, 0x91,
    0x98, 0x88, 0x80, 0xa2, 0x40, 0x7, 0xaa, 0x0,
    0x4f, 0xd0, 0x24, 0x60, 0x2a, 0xa6, 0xe1, 0x25,
    0x52, 0x57, 0xfa, 0x84,

    /* U+0034 "4" */
    0x0, 0x9a, 0x80, 0x21, 0x80, 0xd, 0x68, 0x1,
    0x23, 0x70, 0x5, 0x3c, 0x1, 0x45, 0x10, 0x4,
    0x95, 0xb4, 0xb5, 0x9b, 0xaa, 0x5a, 0x0, 0xf0,

    /* U+0035 "5" */
    0xc, 0xee, 0x80, 0x3, 0xdd, 0x1, 0x30, 0x6,
    0x75, 0xee, 0x28, 0x2, 0x3b, 0x2c, 0x15, 0x80,
    0x95, 0x14, 0x40, 0xe, 0xed, 0x90, 0x52, 0x39,
    0x3f, 0x9d, 0x0,

    /* U+0036 "6" */
    0x0, 0xf, 0x8, 0x5, 0x12, 0x20, 0x3, 0x47,
    0x0, 0xbc, 0x2d, 0x40, 0xcd, 0x7d, 0x6a, 0x8c,
    0xc5, 0x8c, 0xe, 0x0, 0x18, 0x25, 0x8, 0x4e,
    0x1d, 0xe7, 0x2a, 0x80,

    /* U+0037 "7" */
    0x7e, 0xeb, 0xe1, 0xfb, 0xa4, 0xb0, 0x8, 0xc0,
    0xc0, 0x29, 0xf0, 0x8, 0x5d, 0x0, 0x27, 0x50,
    0xd, 0x56, 0x1, 0x88, 0xc0, 0x24, 0x50, 0x8,

    /* U+0038 "8" */
    0x8, 0xee, 0x28, 0x19, 0x76, 0x58, 0x31, 0x1,
    0x18, 0xba, 0xa3, 0x8, 0x88, 0x62, 0xe8, 0x1d,
    0x33, 0x68, 0xf7, 0x40, 0x5, 0x6d, 0xe2, 0x47,
    0x73, 0xe, 0xd4, 0x90,

    /* U+0039 "9" */
    0x9, 0xed, 0x40, 0x62, 0xf9, 0xa1, 0xdf, 0x14,
    0x25, 0x1, 0x0, 0x13, 0x6c, 0x2d, 0x19, 0x34,
    0x62, 0xc0, 0x1, 0x68, 0x94, 0x2, 0x88, 0x0,
    0x46, 0xea, 0x0,

    /* U+003A ":" */
    0xa6, 0xb6, 0x10, 0x8, 0x42, 0xd8,

    /* U+003B ";" */
    0xa6, 0xb6, 0x10, 0x8, 0x42, 0xdb, 0xd5, 0x8c,

    /* U+003C "<" */
    0x0, 0xff, 0x4a, 0x0, 0x53, 0x88, 0x0, 0x9c,
    0x50, 0x4, 0xe2, 0x80, 0x14, 0x14, 0x2, 0x51,
    0x60, 0xd, 0x1c, 0xe0, 0x1a, 0x1, 0xc0, 0x33,
    0x82, 0x0, 0x67, 0x40,

    /* U+003D "=" */
    0x9d, 0xdc, 0xf3, 0xbb, 0x9c, 0x3, 0xd3, 0xbb,
    0x9c,

    /* U+003E ">" */
    0x0, 0xf2, 0xc0, 0x6, 0x5e, 0x80, 0xc, 0xdd,
    0x0, 0x19, 0xba, 0x0, 0x33, 0x12, 0x0, 0x4f,
    0xa8, 0x0, 0x81, 0x70, 0x4, 0xf3, 0x0, 0x1b,
    0x18, 0x2, 0x65, 0x0, 0xc0,

    /* U+003F "?" */
    0x6, 0xee, 0x28, 0x14, 0x7d, 0x50, 0x19, 0xc5,
    0x40, 0x52, 0x41, 0x8c, 0x40, 0x7, 0x3c, 0x1,
    0x5d, 0x88, 0x2, 0xa5, 0x0, 0xe1, 0x0, 0xd2,
    0x80, 0x0,

    /* U+0040 "@" */
    0x3, 0x66, 0x28, 0xa, 0xb3, 0x4, 0x99, 0x8b,
    0x2, 0xa0, 0x7b, 0xc2, 0x0, 0xba, 0xf5, 0x0,
    0x11, 0x90, 0x8, 0x75, 0x1c, 0x32, 0x5, 0xc5,
    0x81, 0x8b, 0x34, 0x0,

    /* U+0041 "A" */
    0x0, 0x54, 0x0, 0x64, 0x40, 0x4, 0x44, 0x11,
    0x0, 0x11, 0xe, 0x80, 0xd, 0xcc, 0x80, 0xb,
    0x72, 0x80, 0x65, 0xfe, 0x31, 0x45, 0x0, 0x22,
    0x33, 0x0, 0xd, 0xf0,

    /* U+0042 "B" */
    0x7f, 0xf7, 0x30, 0x1, 0xbf, 0x20, 0x40, 0x22,
    0x35, 0x0, 0x88, 0xd4, 0x1b, 0xf5, 0x84, 0x1b,
    0xf5, 0x50, 0x2, 0x27, 0x30, 0x8, 0x50, 0x81,
    0xbf, 0xce, 0xa0,

    /* U+0043 "C" */
    0x3, 0xde, 0x70, 0x6, 0xcf, 0xd1, 0xa9, 0x20,
    0xa2, 0x35, 0x40, 0x10, 0xc2, 0x20, 0x0, 0x8e,
    0x0, 0x22, 0xf1, 0x0, 0x34, 0x9d, 0x4c, 0x5d,
    0x6, 0xbb, 0xe0, 0xc0,

    /* U+0044 "D" */
    0x7f, 0xf5, 0x90, 0x1, 0xbc, 0xf0, 0x3, 0x40,
    0x20, 0x6, 0x52, 0x0, 0xc2, 0x20, 0xc, 0x22,
    0x0, 0xcc, 0x40, 0x13, 0x82, 0x3, 0x7e, 0x78,
    0x0,

    /* U+0045 "E" */
    0x5f, 0xfc, 0x60, 0x9f, 0xf1, 0x80, 0x7f, 0xf0,
    0x53, 0xfd, 0xc0, 0x4, 0xff, 0x70, 0x7, 0xff,
    0x9, 0x3f, 0xe6,

    /* U+0046 "F" */
    0x7f, 0xfc, 0xe0, 0xbf, 0xf3, 0x80, 0x7f, 0xf0,
    0x57, 0xfd, 0x0, 0x5, 0xff, 0x40, 0x7, 0xff,
    0x1c,

    /* U+0047 "G" */
    0x4, 0xee, 0x20, 0xd, 0x6e, 0x50, 0x22, 0x99,
    0x10, 0xf4, 0x80, 0x12, 0x23, 0x0, 0x14, 0x84,
    0x41, 0xfe, 0x5e, 0x20, 0xf6, 0x7, 0x43, 0x14,
    0x1, 0xbd, 0xc6, 0x0,

    /* U+0048 "H" */
    0x79, 0x0, 0x5a, 0x80, 0x7f, 0xf1, 0xdb, 0xfc,
    0x80, 0x6, 0xff, 0x20, 0x7, 0xff, 0x1c,

    /* U+0049 "I" */
    0x97, 0x0, 0xff, 0xe2, 0x0,

    /* U+004A "J" */
    0x0, 0xda, 0x80, 0x1f, 0xfc, 0xc3, 0x50, 0x9,
    0xdb, 0x80, 0x21, 0x75, 0x24, 0x32, 0x24, 0xe5,
    0x58, 0x0,

    /* U+004B "K" */
    0x79, 0x2, 0xe3, 0x0, 0xba, 0x4c, 0x0, 0xe0,
    0xe0, 0x5, 0x8f, 0x0, 0x8c, 0xac, 0x2, 0x4e,
    0x71, 0x0, 0x11, 0xa3, 0x0, 0x68, 0x90, 0xc,
    0x6a, 0xe0,

    /* U+004C "L" */
    0x7a, 0x0, 0xff, 0xf1, 0xaf, 0xfc, 0xc0,

    /* U+004D "M" */
    0x9f, 0x0, 0x7b, 0x80, 0x8, 0xc0, 0x21, 0x65,
    0x10, 0x2, 0x9f, 0xa8, 0x0, 0xf4, 0x8c, 0x1,
    0xcc, 0xcf, 0x0, 0x18, 0x88, 0x3, 0x3a, 0x80,
    0x62, 0xf0, 0x0,

    /* U+004E "N" */
    0x8d, 0x0, 0x5a, 0x81, 0x18, 0x6, 0x19, 0x0,
    0xce, 0x80, 0x18, 0x5d, 0x80, 0x35, 0x50, 0x3,
    0x18, 0xa8, 0x6, 0xb1, 0x0, 0xce, 0x0,

    /* U+004F "O" */
    0x7, 0xee, 0x28, 0x1c, 0xe6, 0xd0, 0xa3, 0x91,
    0xa2, 0x37, 0x80, 0x2, 0x40, 0x18, 0xfc, 0xc0,
    0x23, 0xfe, 0xe0, 0x0, 0x49, 0x1c, 0x8d, 0x10,
    0x71, 0x9b, 0x42,

    /* U+0050 "P" */
    0x6f, 0xf7, 0x38, 0x1, 0x3f, 0xd2, 0x60, 0x10,
    0xba, 0x0, 0x7f, 0x13, 0xa0, 0x27, 0xe4, 0x98,
    0x27, 0xf3, 0x80, 0x7f, 0xf0, 0x40,

    /* U+0051 "Q" */
    0x7, 0xee, 0x28, 0x1c, 0xe6, 0xd0, 0xa3, 0x91,
    0xa2, 0x37, 0x80, 0x2, 0x40, 0x18, 0xfc, 0xc0,
    0x8, 0x7f, 0xdc, 0xa, 0x72, 0x47, 0x26, 0x24,
    0x38, 0xc6, 0x0, 0x9b, 0xb9, 0x82,

    /* U+0052 "R" */
    0x7f, 0xf7, 0x38, 0x1, 0xbf, 0x24, 0xc0, 0x22,
    0x56, 0x0, 0x89, 0x58, 0x1b, 0xf6, 0x4c, 0x1b,
    0xc5, 0x40, 0x33, 0x50, 0x6, 0xa6, 0x0, 0xc4,
    0xac,

    /* U+0053 "S" */
    0x7, 0xee, 0x28, 0x1c, 0xfe, 0xd8, 0x31, 0x9,
    0xc8, 0xa1, 0x40, 0xb8, 0x8b, 0xf, 0x94, 0x0,
    0x57, 0x6a, 0x37, 0x70, 0x22, 0x14, 0xa8, 0x44,
    0xab, 0x27, 0xfa, 0x4c,

    /* U+0054 "T" */
    0x7f, 0xfc, 0xaf, 0xed, 0x1e, 0xa0, 0x1f, 0xfd,
    0xe0,

    /* U+0055 "U" */
    0x79, 0x0, 0x5b, 0x0, 0x7f, 0xf5, 0xcc, 0xce,
    0x24, 0xae, 0x8d, 0xf9, 0x24,

    /* U+0056 "V" */
    0xc5, 0x0, 0x44, 0xa6, 0x0, 0x13, 0x30, 0xa0,
    0x3, 0x44, 0x18, 0x19, 0x84, 0x11, 0x30, 0x3,
    0x33, 0x0, 0x11, 0xa, 0x80, 0x3, 0x31, 0x0,
    0x64, 0x40, 0x0,

    /* U+0057 "W" */
    0xe1, 0xa7, 0x5b, 0x22, 0x37, 0x19, 0x33, 0x81,
    0xf, 0x11, 0x1c, 0x38, 0xbf, 0x8, 0xd, 0x89,
    0xf8, 0x5c, 0x58, 0x8b, 0xc0, 0xdc, 0x20, 0x20,
    0x45, 0x0,

    /* U+0058 "X" */
    0x5c, 0x0, 0x71, 0x28, 0x92, 0xa8, 0x82, 0xed,
    0x30, 0x0, 0x67, 0x3, 0x0, 0x89, 0x40, 0x22,
    0x17, 0x0, 0xa2, 0xdd, 0xc0, 0x48, 0xd7, 0x21,
    0x6c, 0x4, 0xac,

    /* U+0059 "Y" */
    0x97, 0x0, 0x4b, 0xdc, 0x80, 0xbb, 0x89, 0x54,
    0xcc, 0x0, 0x7c, 0xd5, 0x0, 0x8, 0xe, 0x40,
    0x12, 0xe8, 0x7, 0xff, 0x20,

    /* U+005A "Z" */
    0x4f, 0xfc, 0x88, 0xff, 0x70, 0xa8, 0x5, 0x12,
    0x20, 0x2, 0x77, 0x0, 0x51, 0x0, 0x8, 0xdd,
    0x80, 0x2f, 0x80, 0x9, 0x1, 0x40, 0x2d, 0x3f,
    0xf9, 0x80,

    /* U+005B "[" */
    0x9d, 0xd1, 0x9b, 0xf4, 0xc0, 0x3f, 0xfa, 0x87,
    0xfa, 0x60,

    /* U+005C "\\" */
    0x23, 0x0, 0xc5, 0x0, 0x1c, 0x22, 0x0, 0xdc,
    0xc0, 0x19, 0x30, 0x3, 0x8c, 0xc0, 0x1a, 0xa8,
    0x1, 0x88, 0x80, 0x1d, 0xaa, 0x1, 0x9b, 0x80,
    0x38, 0x44,

    /* U+005D "]" */
    0x5d, 0xd3, 0xae, 0xcf, 0x80, 0x7f, 0xf5, 0x17,
    0x67, 0xc0,

    /* U+005E "^" */
    0x2, 0xed, 0x0, 0xc, 0xe4, 0xd0, 0x0,

    /* U+005F "_" */
    0x99, 0xe8,

    /* U+0060 "`" */
    0x27, 0x0, 0x16, 0x38, 0x2, 0xac, 0x40,

    /* U+0061 "a" */
    0x7, 0xee, 0x30, 0xd, 0xf7, 0xc0, 0xf, 0x3d,
    0x8, 0x1e, 0xc, 0x88, 0x22, 0x19, 0x82, 0xc,
    0xcd, 0xe1, 0x20,

    /* U+0062 "b" */
    0x78, 0x0, 0xff, 0xe2, 0x96, 0xf2, 0x80, 0x13,
    0x31, 0x60, 0x6, 0x12, 0x21, 0x80, 0x7c, 0xa2,
    0x45, 0x3, 0x66, 0x2c, 0x40,

    /* U+0063 "c" */
    0x6, 0xee, 0x30, 0x1d, 0xff, 0xa0, 0x6d, 0x44,
    0x5c, 0x20, 0x19, 0xa, 0xd4, 0x45, 0x40, 0x77,
    0xfe, 0x82,

    /* U+0064 "d" */
    0x0, 0xd8, 0x40, 0x1f, 0xfc, 0x18, 0xeb, 0x10,
    0x45, 0xef, 0x20, 0xc5, 0x4, 0x20, 0x7, 0x80,
    0x6c, 0xb0, 0x22, 0x2, 0x2e, 0xc9, 0x0,

    /* U+0065 "e" */
    0x6, 0xdd, 0x30, 0x1d, 0xee, 0x40, 0xa1, 0xe6,
    0x99, 0x3, 0xe6, 0x46, 0x88, 0x11, 0x79, 0x1d,
    0xff, 0xa0, 0x80,

    /* U+0066 "f" */
    0x0, 0x2f, 0x71, 0x0, 0x11, 0x9c, 0x80, 0x3,
    0x20, 0x3, 0x68, 0xee, 0x3, 0x68, 0xee, 0x0,
    0x7f, 0xf3, 0x40,

    /* U+0067 "g" */
    0x0, 0xf9, 0xb7, 0x2a, 0x2, 0x36, 0xca, 0x0,
    0x3e, 0x5d, 0xc9, 0x3, 0x1d, 0xb1, 0x3, 0x4e,
    0xda, 0x6, 0x9e, 0xd0, 0x54, 0xcb, 0xb0, 0x28,

    /* U+0068 "h" */
    0x59, 0x0, 0xff, 0xe3, 0x56, 0xd0, 0x1, 0xa7,
    0x5c, 0xc1, 0xc, 0x19, 0xc0, 0x80, 0x3f, 0xf8,
    0x80,

    /* U+0069 "i" */
    0x96, 0xb7, 0x21, 0x96, 0x0, 0xff, 0x0,

    /* U+006A "j" */
    0x0, 0x52, 0x80, 0x25, 0x0, 0x6, 0x20, 0xa,
    0x50, 0xf, 0xfe, 0x38, 0x88, 0x19, 0xf3, 0x98,
    0xc0,

    /* U+006B "k" */
    0x4a, 0x0, 0xff, 0xe3, 0xbd, 0x80, 0x4b, 0x76,
    0x0, 0x3d, 0xa8, 0x4, 0x78, 0x84, 0x0, 0x42,
    0x88, 0x0, 0x65, 0x73,

    /* U+006C "l" */
    0x86, 0x0, 0xff, 0xe2, 0x0,

    /* U+006D "m" */
    0xda, 0xe8, 0xe7, 0xf, 0x62, 0xac, 0x7, 0xc,
    0x70, 0xf, 0xfe, 0x38,

    /* U+006E "n" */
    0x5a, 0xa6, 0x50, 0x1, 0x63, 0x1c, 0xc1, 0x8,
    0x19, 0xc0, 0x80, 0x3f, 0xf8, 0x80,

    /* U+006F "o" */
    0x6, 0xed, 0x50, 0x3b, 0xff, 0x59, 0x5a, 0x89,
    0x3a, 0x0, 0x7a, 0xd4, 0x44, 0xe8, 0x77, 0xf9,
    0x64,

    /* U+0070 "p" */
    0x7b, 0xcd, 0x50, 0x3, 0x66, 0x2c, 0x41, 0x40,
    0x48, 0x80, 0x20, 0x1c, 0xe2, 0x64, 0x60, 0x99,
    0xb6, 0x0, 0x2d, 0xe5, 0x0, 0xf8,

    /* U+0071 "q" */
    0x8, 0xeb, 0xd2, 0x44, 0x74, 0x10, 0x62, 0x1,
    0x90, 0x7, 0xd8, 0xa0, 0x84, 0x8, 0xbd, 0xe4,
    0x0, 0x8e, 0xb1, 0x0, 0xf8,

    /* U+0072 "r" */
    0xc4, 0xba, 0x9, 0xfa, 0xb, 0x40, 0x2, 0x0,
    0x7f, 0x80,

    /* U+0073 "s" */
    0x7, 0xde, 0x60, 0x4, 0x6f, 0x60, 0x0, 0xa9,
    0x68, 0x1, 0xbf, 0x9a, 0x5, 0x6b, 0x26, 0x24,
    0x7d, 0xc6, 0x10,

    /* U+0074 "t" */
    0x0, 0x30, 0x6, 0x1b, 0x0, 0xa3, 0xb, 0x68,
    0x23, 0xb, 0x68, 0x3, 0xff, 0x84, 0x26, 0x1,
    0xd3, 0xdc, 0x10,

    /* U+0075 "u" */
    0x59, 0x0, 0x5a, 0x0, 0x7f, 0xf1, 0x1c, 0x4,
    0x80, 0xcc, 0x8, 0x17, 0x48, 0x0,

    /* U+0076 "v" */
    0x68, 0x0, 0x61, 0xba, 0x80, 0x91, 0x88, 0x8d,
    0xdc, 0x0, 0xab, 0xda, 0x0, 0x3a, 0xb1, 0x80,
    0x4, 0x48, 0x0,

    /* U+0077 "w" */
    0xd1, 0xb8, 0x4a, 0x75, 0x2, 0x3d, 0xd1, 0x88,
    0xb8, 0xcd, 0x84, 0x2a, 0xb2, 0x69, 0x10, 0x46,
    0x6e, 0x50,

    /* U+0078 "x" */
    0x2e, 0x2, 0xe0, 0x26, 0x79, 0xb0, 0x4, 0x50,
    0x28, 0x0, 0x4d, 0xc0, 0x2b, 0x86, 0x70, 0x47,
    0x6b, 0x91,

    /* U+0079 "y" */
    0x78, 0x0, 0x62, 0x2a, 0x80, 0x49, 0x8, 0x4d,
    0x1c, 0x1, 0x76, 0xfd, 0x0, 0x2a, 0x9d, 0x0,
    0x4, 0x8, 0x1, 0x9f, 0x40, 0x2f, 0x14, 0x0,
    0x0,

    /* U+007A "z" */
    0x2d, 0xdb, 0xc0, 0xb7, 0x4f, 0x0, 0x13, 0xb,
    0x80, 0xa, 0xe8, 0x2, 0xe9, 0x10, 0x2, 0x9c,
    0xee, 0x88,

    /* U+007B "{" */
    0x4, 0xa1, 0xf, 0x91, 0x0, 0xff, 0xe0, 0xb8,
    0x82, 0x11, 0x1, 0x8, 0x80, 0x7, 0x10, 0xf,
    0xf7, 0x40, 0x80,

    /* U+007C "|" */
    0x86, 0x0, 0xff, 0xe6, 0x0,

    /* U+007D "}" */
    0x2b, 0x20, 0x2d, 0xa0, 0x1, 0x88, 0x7, 0xf8,
    0x40, 0x25, 0x62, 0x4, 0x62, 0x0, 0xfe, 0x30,
    0x1, 0x6d, 0x0,

    /* U+007E "~" */
    0xb, 0xc3, 0x43, 0x2d, 0xfe, 0x93, 0x26, 0x3d,
    0xd0, 0x0,

    /* U+00B7 "·" */
    0xfe, 0x13,

    /* U+2026 "…" */
    0xef, 0x0, 0x7f, 0x0, 0xfd, 0x98, 0x80, 0x4,
    0xc0, 0x30,

    /* U+3001 "、" */
    0x0, 0xc3, 0xa0, 0x1, 0x78, 0x0, 0x4b, 0x90,
    0x1d, 0x90,

    /* U+3002 "。" */
    0x8, 0x70, 0x79, 0x13, 0x34, 0xe1, 0x24, 0xd0,
    0x80,

    /* U+4E00 "一" */
    0x0, 0xff, 0xe0, 0x17, 0xff, 0xfa, 0x4b, 0x75,
    0xdd, 0xf6, 0xc0,

    /* U+4E01 "丁" */
    0x8f, 0xff, 0xf0, 0xc7, 0xfe, 0x3b, 0xff, 0xc2,
    0x1, 0xff, 0xff, 0x24, 0x27, 0x0, 0xfc, 0xb4,
    0xe6, 0x1, 0xf9, 0xfa, 0x40, 0x3c,

    /* U+4E09 "三" */
    0x6, 0xdc, 0xcf, 0x68, 0x80, 0x1f, 0x37, 0x7d,
    0xe2, 0x0, 0x11, 0xfc, 0x40, 0x1f, 0xfc, 0x4c,
    0xff, 0xf2, 0x0, 0x6c, 0xff, 0xf2, 0x0, 0x7f,
    0xf3, 0x9b, 0x77, 0xfb, 0x85, 0xff, 0x33, 0xf8,
    0x40,

    /* U+4E0A "上" */
    0x0, 0xe8, 0x0, 0xff, 0x9c, 0x3, 0xff, 0x98,
    0x20, 0x1, 0x0, 0xfd, 0xfd, 0xcf, 0x70, 0xf,
    0xbb, 0xb3, 0x80, 0x7f, 0xf6, 0x44, 0x8b, 0x1,
    0x91, 0x61, 0x5e, 0x99, 0x92, 0x26, 0x6e, 0x50,

    /* U+4E0B "下" */
    0x4f, 0xee, 0xfd, 0xe4, 0x9f, 0xdd, 0x7, 0xf7,
    0x5e, 0x40, 0x1f, 0xfc, 0x75, 0x0, 0xff, 0x1c,
    0xd0, 0x7, 0xf1, 0xe3, 0x50, 0x7, 0xfb, 0x19,
    0x0, 0x3f, 0xd8, 0x80, 0x1f, 0xfc, 0x73, 0x0,
    0xe0,

    /* U+4E0D "不" */
    0x0, 0xff, 0xe0, 0xf6, 0xee, 0xfd, 0xdc, 0x41,
    0xdb, 0xb5, 0x36, 0xee, 0x20, 0xc, 0x51, 0x40,
    0x1f, 0xdc, 0x21, 0x48, 0x1, 0xc3, 0x94, 0x41,
    0x14, 0xa0, 0x11, 0xe5, 0x30, 0x0, 0xb2, 0xd8,
    0x7, 0xb8, 0xc0, 0x18, 0xb7, 0x0, 0x74, 0xc0,
    0x3c, 0x74, 0x1, 0xff, 0xcd,

    /* U+4E0E "与" */
    0x0, 0x14, 0x0, 0x7f, 0x39, 0x0, 0x7f, 0x1a,
    0x66, 0x7a, 0xc0, 0x1d, 0x19, 0x9e, 0xb0, 0x1,
    0x90, 0x7, 0xf0, 0xc6, 0x67, 0x6c, 0x80, 0x2b,
    0x33, 0xcb, 0xe1, 0x99, 0xf2, 0x91, 0x3, 0xb7,
    0x7c, 0xac, 0xc0, 0x21, 0x1e, 0x33, 0x88, 0x3,
    0xe9, 0xf9, 0x0,

    /* U+4E13 "专" */
    0x0, 0xff, 0xe2, 0xd2, 0x80, 0x7f, 0x9d, 0x0,
    0x3c, 0x7b, 0x9a, 0x5b, 0x98, 0xd1, 0x0, 0x1e,
    0xe5, 0xbe, 0x65, 0xa2, 0x9, 0xdb, 0xa9, 0x6d,
    0xdd, 0xc4, 0x9d, 0xbe, 0x5d, 0xbb, 0xb8, 0x80,
    0x2a, 0x2d, 0xdd, 0x20, 0x1d, 0x1f, 0xba, 0x90,
    0xb0, 0xe, 0x1a, 0x53, 0x9f, 0x20, 0xe, 0x1f,
    0xec, 0x70, 0xf, 0xcb, 0x7c, 0x4a, 0x1, 0x0,

    /* U+4E14 "且" */
    0x0, 0xf, 0xe6, 0x6f, 0x10, 0xc, 0x22, 0xcc,
    0xc4, 0x1, 0xff, 0xc6, 0x1c, 0xcc, 0x40, 0x1e,
    0x1c, 0xcc, 0x40, 0x1f, 0x11, 0x63, 0x0, 0xf0,
    0xc4, 0x61, 0x0, 0xf0, 0xd5, 0x62, 0x0, 0xff,
    0xe1, 0xa6, 0xe1, 0x66, 0x61, 0xdd, 0x28,

    /* U+4E22 "丢" */
    0x0, 0xfc, 0x4c, 0x1, 0xaf, 0x32, 0xdb, 0x8e,
    0x20, 0xa, 0xf3, 0x1e, 0xd7, 0x50, 0x40, 0x16,
    0x5d, 0xbd, 0x6e, 0xd8, 0x60, 0x16, 0x5d, 0xbd,
    0x6e, 0xd8, 0x60, 0x1f, 0xfc, 0x11, 0xdc, 0xcb,
    0x5f, 0x33, 0x38, 0xee, 0x62, 0xb, 0x33, 0x9c,
    0x2, 0x18, 0xe0, 0x4c, 0x0, 0xe2, 0xd8, 0x32,
    0x66, 0x58, 0x6, 0x41, 0x8a, 0x8b, 0x20, 0x80,
    0x9, 0xb7, 0x2e, 0xa6, 0x2e, 0x0,

    /* U+4E24 "两" */
    0x0, 0xff, 0xe0, 0x16, 0x65, 0xf9, 0x8f, 0xcc,
    0x80, 0xb3, 0x22, 0xcc, 0xe, 0x64, 0x0, 0xac,
    0xc1, 0x66, 0x7, 0x31, 0x40, 0x7, 0xde, 0x3c,
    0xf5, 0xcd, 0x70, 0xc, 0x82, 0x24, 0x30, 0xf,
    0xaa, 0xab, 0x5a, 0x0, 0xe6, 0x57, 0xe1, 0xc0,
    0x70, 0xc, 0xb2, 0x1d, 0x21, 0x4e, 0x1, 0x8c,
    0x1, 0x68, 0x2, 0xa2, 0x1, 0xfd, 0x93, 0x20,

    /* U+4E2A "个" */
    0x0, 0xff, 0xe2, 0xea, 0x0, 0x7f, 0x38, 0x40,
    0x7, 0xe4, 0x9c, 0x5a, 0x0, 0xf2, 0xd6, 0xbd,
    0x86, 0x10, 0x0, 0xaa, 0x30, 0xe8, 0x6a, 0xf6,
    0xc4, 0x47, 0xa4, 0xe, 0x0, 0x7d, 0xc1, 0x39,
    0x0, 0xf8, 0x9c, 0x3, 0xff, 0xa4, 0xe0, 0x1f,
    0xfc, 0x60,

    /* U+4E2D "中" */
    0x0, 0xde, 0x20, 0x1f, 0x84, 0x3, 0xfc, 0x60,
    0x1b, 0x31, 0x76, 0x19, 0xbb, 0x78, 0x3, 0xee,
    0xc3, 0x57, 0x60, 0xf, 0xfe, 0xf, 0xe6, 0x7,
    0x73, 0x0, 0x7, 0xfc, 0xc0, 0xee, 0x60, 0x42,
    0xcc, 0x3, 0xdc, 0x1, 0xff, 0xc3, 0x10, 0xe,

    /* U+4E32 "串" */
    0x0, 0xc3, 0xc0, 0x1e, 0x11, 0x18, 0x8, 0xc0,
    0xb, 0xab, 0x81, 0xbb, 0x70, 0x80, 0xfd, 0x59,
    0x55, 0x8, 0x1, 0xbf, 0x74, 0x57, 0x66, 0x0,
    0x3d, 0xda, 0x8a, 0xee, 0x12, 0xfb, 0xb5, 0x15,
    0xdb, 0x5c, 0xe, 0xed, 0x45, 0x76, 0xa0, 0x1,
    0xe6, 0x34, 0xb3, 0x14, 0x7, 0x59, 0x8d, 0x2c,
    0xc7, 0x20, 0xa8, 0x7, 0x8c, 0xc0,

    /* U+4E34 "临" */
    0x0, 0xbc, 0x0, 0xf4, 0x1, 0xc6, 0x2, 0x0,
    0xaf, 0x0, 0xec, 0x0, 0x94, 0xa7, 0x31, 0xa4,
    0x2, 0x0, 0x1b, 0xc5, 0x8c, 0xd2, 0x0, 0xcd,
    0x27, 0x72, 0x60, 0x1e, 0x76, 0x13, 0x96, 0x10,
    0xf, 0x7d, 0xdd, 0xfc, 0x20, 0x1c, 0x77, 0x62,
    0xa1, 0x0, 0xff, 0xe1, 0x20, 0x6, 0xdd, 0x1e,
    0x8, 0x2, 0x80, 0x40, 0xf7, 0x3b, 0x8, 0x0,

    /* U+4E3A "为" */
    0x0, 0xe5, 0x30, 0xf, 0x4a, 0x7, 0xa8, 0x7,
    0xae, 0x90, 0x8, 0x3, 0xc7, 0x4c, 0xc7, 0x11,
    0x80, 0xd, 0xbf, 0x27, 0x15, 0x4d, 0xe0, 0x6c,
    0xb8, 0x3b, 0xbb, 0xc8, 0x3, 0x55, 0xca, 0x83,
    0xb0, 0x4, 0x6e, 0xeb, 0x89, 0x23, 0x0, 0x17,
    0x50, 0x16, 0xdf, 0x70, 0x13, 0x2d, 0x0, 0x2,
    0x68, 0x41, 0xf4, 0xc0, 0x15, 0xfb, 0x28,

    /* U+4E3B "主" */
    0x0, 0xc4, 0x40, 0xf, 0xf3, 0xf8, 0x7, 0xf9,
    0x54, 0x80, 0x1e, 0xdc, 0xc9, 0xe7, 0x32, 0x70,
    0x6, 0xe6, 0x47, 0xd9, 0x93, 0x80, 0x7f, 0xf0,
    0x97, 0x73, 0x7, 0xd9, 0x8b, 0x0, 0x97, 0x73,
    0x7, 0xd9, 0x8b, 0x0, 0xff, 0xe1, 0x8, 0xf0,
    0x38, 0x8e, 0x7, 0xaa, 0xcf, 0xf5, 0x56, 0x88,

    /* U+4E3E "举" */
    0x0, 0x20, 0x3, 0x8, 0x15, 0xc0, 0x21, 0xa5,
    0x5, 0x50, 0x49, 0x80, 0x43, 0x46, 0x16, 0xc6,
    0x8, 0x0, 0x3e, 0x9b, 0xef, 0xcd, 0x2d, 0xe3,
    0x37, 0x6a, 0xbf, 0xf3, 0xb6, 0xf1, 0x80, 0x24,
    0xe5, 0x52, 0x16, 0x44, 0xf, 0x85, 0x76, 0x65,
    0x80, 0xe, 0x33, 0x64, 0x76, 0xc4, 0xee, 0xa7,
    0x8c, 0x13, 0x76, 0x89, 0xdd, 0x98, 0x0, 0xdb,
    0xb4, 0x4e, 0xec, 0xe0, 0x1e, 0x10, 0xf, 0x0,

    /* U+4E45 "久" */
    0x0, 0xff, 0xe2, 0x3c, 0x0, 0x7f, 0xab, 0x0,
    0x3f, 0x98, 0xa3, 0x30, 0xc0, 0x1c, 0x31, 0x7d,
    0xc2, 0x50, 0xe, 0xa6, 0x42, 0x63, 0x30, 0x6,
    0x67, 0x80, 0x4, 0xd0, 0x7, 0x36, 0x0, 0x24,
    0x28, 0x3, 0xf3, 0xa6, 0x3c, 0x80, 0x7a, 0x6b,
    0x6, 0xd2, 0x0, 0x26, 0xe2, 0xc1, 0x1, 0xf6,
    0xb1, 0xd, 0x8b, 0x10, 0x8, 0xbc, 0xc,

    /* U+4E49 "义" */
    0x0, 0xc2, 0xe0, 0x1f, 0x8c, 0x45, 0x44, 0x8,
    0xc0, 0x1a, 0x9c, 0x2a, 0xc3, 0x84, 0x3, 0x55,
    0x1, 0xb4, 0x11, 0x80, 0x31, 0x81, 0x8a, 0x32,
    0x8, 0x7, 0x4f, 0x80, 0x22, 0x0, 0x1e, 0x50,
    0x79, 0x72, 0x0, 0xfb, 0x61, 0x24, 0x3, 0xf4,
    0x19, 0xa4, 0x3, 0x85, 0xf8, 0x73, 0xcf, 0xa0,
    0xc0, 0x7b, 0x72, 0x0, 0x6b, 0x4b, 0x44, 0x5f,
    0x44, 0x1, 0x8e, 0xb8, 0x40,

    /* U+4E4B "之" */
    0x0, 0xcc, 0x60, 0x1f, 0xe5, 0xd1, 0x0, 0xfe,
    0x3a, 0x10, 0xf, 0x66, 0xed, 0x3b, 0xde, 0xa0,
    0x16, 0x6e, 0xee, 0xa, 0x50, 0xf, 0x93, 0x74,
    0xa0, 0x1f, 0x2c, 0xe1, 0x80, 0x7c, 0xd1, 0xe4,
    0x1, 0xf4, 0xcb, 0xc8, 0x3, 0xc3, 0xa0, 0xde,
    0xe6, 0x23, 0x10, 0xd, 0xcc, 0xbf, 0xbf, 0xdd,
    0xcc, 0x0,

    /* U+4E50 "乐" */
    0x0, 0xf1, 0x2b, 0x80, 0x51, 0x99, 0xa7, 0x0,
    0x40, 0x9, 0xf9, 0x84, 0xb9, 0x71, 0x0, 0x11,
    0x0, 0x58, 0x3, 0x84, 0x60, 0xf, 0xce, 0x1b,
    0xac, 0x1d, 0xdc, 0x2d, 0xfe, 0xdc, 0x1d, 0xdc,
    0x20, 0x38, 0xa0, 0x16, 0x30, 0x0, 0x76, 0x54,
    0x2, 0xe8, 0x70, 0xbb, 0x38, 0x6, 0x2c, 0xa1,
    0xa7, 0x8, 0xc5, 0x0, 0x16, 0x88, 0x5, 0x3f,
    0x60, 0x1c,

    /* U+4E5F "也" */
    0x0, 0xec, 0x40, 0xf, 0x90, 0x40, 0xe, 0x1,
    0xf7, 0xa8, 0x6, 0x25, 0x0, 0xfd, 0x1b, 0x9e,
    0x1, 0x13, 0xc6, 0x96, 0xea, 0xc, 0x0, 0x9c,
    0x33, 0xa4, 0xa1, 0xdc, 0x0, 0x26, 0x30, 0x80,
    0x62, 0x20, 0x7, 0xe7, 0xb3, 0x50, 0xf, 0xa5,
    0x6e, 0x4b, 0x40, 0x21, 0x30, 0x51, 0x0, 0x38,
    0x6, 0x9b, 0xdd, 0xe9, 0x80,

    /* U+4E66 "书" */
    0x0, 0xc3, 0xe0, 0x9, 0x40, 0xe, 0x11, 0x0,
    0x2a, 0x86, 0x0, 0x11, 0x10, 0x8, 0x8a, 0xe0,
    0x6, 0xa9, 0x23, 0x54, 0xf3, 0xb0, 0x1b, 0xb8,
    0x6e, 0xc8, 0x40, 0x1f, 0xcc, 0xc0, 0x7, 0x76,
    0x1e, 0xe1, 0x67, 0x7, 0x76, 0x1e, 0xeb, 0x8,
    0x3, 0xf9, 0x98, 0x1, 0xfa, 0x6b, 0x0, 0x31,
    0x8, 0x2, 0x39, 0x80,

    /* U+4E71 "乱" */
    0x0, 0xff, 0xe0, 0xa, 0xbc, 0xdd, 0x7, 0x8,
    0x6, 0x34, 0x7b, 0xa0, 0x31, 0x0, 0xc8, 0x20,
    0x44, 0x10, 0xe, 0x4b, 0xb0, 0xdd, 0x9c, 0x3,
    0x96, 0x64, 0x33, 0x26, 0x0, 0xf5, 0x60, 0xe5,
    0x0, 0x7c, 0xfb, 0xfa, 0x80, 0x1f, 0xfc, 0x43,
    0x0, 0xb7, 0x34, 0x2, 0x10, 0xf4, 0x0, 0x6e,
    0x68, 0x1, 0x7f, 0x41, 0x0,

    /* U+4E86 "了" */
    0x0, 0xff, 0xf, 0x6e, 0xfb, 0xec, 0x7b, 0x77,
    0x78, 0xa4, 0x80, 0x73, 0xe4, 0xd9, 0x0, 0x65,
    0xaf, 0x50, 0xf, 0x8, 0xc0, 0x1f, 0xfd, 0x81,
    0x27, 0x0, 0xfb, 0x27, 0x40, 0x3e, 0xcf, 0x60,
    0xc,

    /* U+4E89 "争" */
    0x0, 0xff, 0xe1, 0xca, 0x80, 0x7f, 0x23, 0x4e,
    0x62, 0xc0, 0x38, 0xa7, 0xb3, 0x1, 0xc0, 0x18,
    0x7d, 0xae, 0xac, 0xbe, 0xa0, 0x0, 0x3b, 0x75,
    0x46, 0xfa, 0x84, 0x0, 0x25, 0xde, 0x2a, 0xb9,
    0x2b, 0x54, 0xbb, 0xc5, 0x57, 0x25, 0x6a, 0x5,
    0x77, 0x15, 0x5c, 0x80, 0x62, 0xbb, 0x8a, 0xae,
    0xd2, 0x1, 0xff, 0x28, 0x7, 0xf, 0x8, 0x80,
    0x3f, 0xf, 0x60, 0x7, 0x80,

    /* U+4E8B "事" */
    0x12, 0x2d, 0xa4, 0x5c, 0xf, 0x11, 0x8a, 0x23,
    0x58, 0x35, 0x18, 0x7, 0x8a, 0x40, 0x24, 0xbb,
    0x15, 0xda, 0x10, 0x3, 0x3e, 0xe8, 0xb7, 0x5c,
    0xa0, 0x13, 0x83, 0x30, 0x59, 0xa1, 0x0, 0x11,
    0x3f, 0xe0, 0xff, 0x98, 0xc5, 0xb7, 0x70, 0x6e,
    0xc3, 0x64, 0x80, 0x89, 0xa, 0x24, 0x30, 0x61,
    0x19, 0x91, 0x66, 0x4e, 0x1, 0xec, 0x0, 0xd2,
    0x1, 0xed, 0xd0, 0x7, 0x80,

    /* U+4E8C "二" */
    0x5, 0xee, 0xfb, 0x0, 0x25, 0xcc, 0xfb, 0x80,
    0x31, 0x17, 0xe0, 0xf, 0xfe, 0xd0, 0x91, 0x7f,
    0x82, 0x73, 0x3f, 0xc2,

    /* U+4E8E "于" */
    0x0, 0xff, 0xe0, 0xbe, 0xed, 0xfd, 0xba, 0xc0,
    0x9, 0xf7, 0x63, 0xdd, 0xb0, 0x3, 0xff, 0x84,
    0x45, 0xc2, 0xc4, 0x51, 0x82, 0xc4, 0x63, 0xe8,
    0x8c, 0x2f, 0x55, 0x8a, 0x2a, 0xab, 0x10, 0xf,
    0xfe, 0x78, 0x98, 0x80, 0x7f, 0xb0, 0x4c, 0x3,
    0x80,

    /* U+4E92 "互" */
    0xc, 0xcf, 0xe9, 0x0, 0x66, 0x21, 0xb3, 0x3a,
    0x40, 0x31, 0xe8, 0x7, 0xfb, 0x2b, 0x31, 0xbc,
    0x1, 0xe5, 0xcc, 0xb9, 0x40, 0x38, 0x40, 0x40,
    0xc, 0x40, 0x1c, 0xa7, 0x99, 0x5f, 0x80, 0x72,
    0x6e, 0x64, 0x84, 0x1, 0x84, 0x7c, 0xec, 0x22,
    0x7, 0xdd, 0xf0, 0xf6, 0xe8, 0x40,

    /* U+4E94 "五" */
    0x3, 0xcc, 0xfd, 0x40, 0x3, 0xcc, 0x8b, 0x33,
    0x50, 0x7, 0x9, 0x80, 0x7e, 0x99, 0x59, 0xcc,
    0xc8, 0x1, 0xae, 0xda, 0xf7, 0x60, 0x20, 0xc,
    0x44, 0xff, 0x11, 0x0, 0xc0, 0x3c, 0x44, 0x0,
    0x18, 0x7, 0xce, 0xc0, 0x10, 0x80, 0xb, 0x32,
    0x2e, 0xcc, 0x24, 0xe1, 0x97, 0x6e, 0xbb, 0x76,
    0xfc, 0xe3,

    /* U+4EA4 "交" */
    0x0, 0xec, 0x40, 0xf, 0xf2, 0x68, 0x7, 0xbb,
    0x32, 0x45, 0xcc, 0xb8, 0x83, 0xb1, 0x67, 0x31,
    0x2d, 0x9c, 0x40, 0xa, 0x54, 0x0, 0x28, 0x69,
    0x80, 0x28, 0x22, 0x40, 0xc, 0x76, 0xc0, 0xa,
    0xa2, 0xb0, 0x8a, 0xec, 0xca, 0x1, 0x86, 0x2b,
    0x6c, 0x80, 0x3e, 0x54, 0x24, 0x0, 0xe1, 0x5a,
    0xfc, 0xbc, 0xa6, 0x30, 0x1f, 0xf7, 0x61, 0xaf,
    0x7e, 0x78, 0xf, 0x52, 0x0, 0x65, 0xac, 0x0,

    /* U+4EAB "享" */
    0x0, 0xe5, 0x50, 0x7, 0x9e, 0x22, 0xf8, 0x8e,
    0x0, 0x1e, 0x65, 0xd3, 0x99, 0x80, 0x8, 0x33,
    0xdd, 0xa4, 0x90, 0x3, 0x36, 0xee, 0x60, 0xe,
    0x48, 0x44, 0xd0, 0xe0, 0x1b, 0x7f, 0xf6, 0xe7,
    0x8, 0x5, 0x99, 0x6b, 0x25, 0xf8, 0x82, 0x66,
    0x6d, 0x46, 0x8c, 0xc3, 0xa6, 0x66, 0x84, 0xcc,
    0xce, 0x1, 0x8e, 0x8, 0x3, 0xf8, 0xfe, 0x0,
    0x38,

    /* U+4EAE "亮" */
    0x0, 0xe9, 0x50, 0xf, 0x56, 0x64, 0x91, 0x99,
    0x68, 0x2, 0xb3, 0xb9, 0xfe, 0xee, 0x66, 0x80,
    0x45, 0x95, 0x5b, 0xd4, 0x3, 0x84, 0x8b, 0x0,
    0x71, 0x8e, 0x4c, 0xee, 0x63, 0x1, 0xcb, 0xbf,
    0xda, 0x60, 0xd1, 0x2, 0x2d, 0x10, 0x91, 0x14,
    0x81, 0x25, 0x51, 0x40, 0xe, 0x40, 0x15, 0x38,
    0x4, 0x21, 0x46, 0xb, 0xc5, 0x20, 0x4, 0xcc,
    0x39, 0x2, 0xfd, 0x0, 0x57, 0xb9, 0xa2,

    /* U+4EBA "人" */
    0x0, 0xe8, 0x30, 0xf, 0xf2, 0x38, 0x7, 0xff,
    0x28, 0x44, 0x1, 0xfe, 0x2d, 0x0, 0xfe, 0x43,
    0x50, 0xf, 0xee, 0xa4, 0x70, 0xf, 0x91, 0xda,
    0x24, 0x80, 0x38, 0xa7, 0x80, 0x63, 0xc8, 0x2,
    0x5c, 0x83, 0x0, 0x35, 0x6b, 0x1, 0xc6, 0xa8,
    0x6, 0x7b, 0xd0, 0x3d, 0x30, 0xf, 0x25, 0x80,

    /* U+4EC5 "仅" */
    0x0, 0xff, 0xe1, 0x1e, 0x0, 0x7f, 0xae, 0xd5,
    0xbb, 0xc6, 0x1, 0x3b, 0x40, 0x6e, 0xc4, 0x60,
    0x8, 0x1, 0x23, 0x10, 0x33, 0x0, 0xd, 0x84,
    0x0, 0x88, 0x4, 0xb0, 0x0, 0xd0, 0x5, 0xfc,
    0x14, 0xc0, 0x2, 0x40, 0x9, 0x5a, 0x9c, 0x40,
    0x3f, 0x52, 0xc8, 0x7, 0xe5, 0x97, 0xd3, 0x0,
    0xe2, 0xa8, 0xc8, 0xac, 0xa1, 0x0, 0xb, 0x9e,
    0x90, 0x27, 0x18, 0x80,

    /* U+4ECD "仍" */
    0x0, 0x9c, 0x3, 0xfc, 0x76, 0xfb, 0xd9, 0x8f,
    0x10, 0xa, 0x20, 0xfe, 0x59, 0xa2, 0x20, 0x1,
    0xa2, 0x80, 0x1c, 0x15, 0x40, 0x17, 0x88, 0x0,
    0x44, 0x6, 0xd4, 0x4d, 0x66, 0x0, 0x62, 0x6,
    0xe4, 0x36, 0x70, 0xb, 0x38, 0x4, 0xc0, 0x40,
    0x39, 0xdc, 0x0, 0x13, 0x0, 0xe6, 0x41, 0x0,
    0x13, 0x0, 0x62, 0x88, 0x0, 0x12, 0x48, 0x3,
    0x35, 0x90, 0x3, 0xa, 0x0,

    /* U+4ECE "从" */
    0x0, 0x84, 0x2, 0x30, 0xf, 0xb8, 0x2, 0xe2,
    0x0, 0xff, 0xe3, 0x8, 0x7, 0xff, 0xc, 0xc4,
    0x3, 0x84, 0x44, 0x0, 0x15, 0x0, 0xe4, 0x3f,
    0x24, 0x3a, 0x0, 0xef, 0x98, 0xee, 0x48, 0x98,
    0x4, 0x6e, 0xaa, 0x97, 0x58, 0xf0, 0x0, 0xef,
    0x0, 0xc4, 0x82, 0x84, 0x81, 0xc1, 0x86, 0xd2,
    0x0, 0x35, 0xc, 0x98, 0x1, 0xce, 0x1, 0xe,
    0x98,

    /* U+4ED6 "他" */
    0x0, 0xff, 0xe1, 0x16, 0x8, 0x3, 0x40, 0x3c,
    0xae, 0x20, 0x1f, 0xd5, 0xe5, 0x0, 0x1f, 0x21,
    0x20, 0x98, 0x1c, 0x71, 0x0, 0x20, 0x0, 0xed,
    0x61, 0xa6, 0x60, 0x47, 0x29, 0x90, 0xd1, 0xa8,
    0x4, 0x94, 0x13, 0xce, 0x20, 0x26, 0x20, 0x1,
    0x0, 0xf3, 0xd0, 0x7, 0xf5, 0xb2, 0x60, 0x80,
    0x61, 0x70, 0x60, 0x22, 0x8, 0x6, 0x26, 0xcc,
    0xba, 0xc0,

    /* U+4EE3 "代" */
    0x0, 0xd, 0x0, 0xc0, 0x8, 0x7, 0x20, 0x0,
    0xd4, 0x31, 0x0, 0x37, 0x70, 0x8, 0xc3, 0x8c,
    0x2, 0x34, 0x50, 0x0, 0x80, 0x92, 0x80, 0x3c,
    0xd, 0x60, 0x36, 0x9, 0x81, 0xd8, 0x83, 0x70,
    0xfa, 0x9c, 0xc1, 0xac, 0xe, 0x12, 0xd0, 0x3,
    0x8, 0x80, 0x32, 0xd0, 0x7, 0xf8, 0x99, 0x80,
    0x80, 0x1f, 0xa6, 0x1a, 0xc4, 0x3, 0xe2, 0xca,
    0x51, 0x0, 0x68, 0x80, 0x62, 0xca, 0x0,

    /* U+4EE5 "以" */
    0x0, 0x88, 0x3, 0x8, 0x4, 0x41, 0x12, 0x1,
    0x71, 0x81, 0xf0, 0x52, 0xb0, 0x4, 0x60, 0x1d,
    0xd6, 0x2, 0x20, 0xf, 0x16, 0x81, 0x10, 0x3,
    0xf9, 0x54, 0x1, 0xcb, 0x20, 0xd, 0xc0, 0xc,
    0xb7, 0x40, 0x88, 0x70, 0x8, 0xe3, 0xc, 0xd4,
    0xd8, 0x40, 0xa5, 0x84, 0xfb, 0x53, 0x1e, 0x2d,
    0x81, 0xf9, 0xe8, 0xc, 0xaa, 0x1, 0x16, 0xd8,
    0x80, 0x50, 0x80,

    /* U+4EF6 "件" */
    0x0, 0xff, 0xe1, 0x26, 0x0, 0x5c, 0x1, 0xee,
    0xa3, 0xa0, 0xf, 0x85, 0x59, 0x48, 0x3, 0xeb,
    0x0, 0x52, 0x60, 0xe6, 0x1c, 0x15, 0x85, 0x3,
    0x30, 0x39, 0x87, 0x7, 0xd0, 0x4e, 0x0, 0xf8,
    0x84, 0x1b, 0xf3, 0x3, 0x98, 0xd3, 0x0, 0x9b,
    0x73, 0x3, 0x98, 0xd3, 0x0, 0xff, 0xed, 0x70,
    0x6, 0xe0, 0xc,

    /* U+4EFB "任" */
    0x0, 0xa8, 0x40, 0x3f, 0x94, 0x4d, 0x1a, 0x2f,
    0x90, 0x2, 0x88, 0x36, 0x8b, 0x47, 0x20, 0x1,
    0x88, 0x89, 0x2e, 0x6, 0x1, 0x1d, 0x88, 0x7,
    0xf0, 0xf1, 0xa6, 0xe6, 0x7, 0x31, 0xa8, 0x46,
    0x9, 0xb9, 0x81, 0xcc, 0x6a, 0x0, 0x7f, 0xf3,
    0x8c, 0x26, 0xec, 0x37, 0x70, 0x7, 0x45, 0x53,
    0xaa, 0xa0,

    /* U+4F11 "休" */
    0x0, 0x44, 0x80, 0x5c, 0x1, 0xe5, 0xf0, 0x8,
    0xc0, 0x38, 0xc9, 0x80, 0x3f, 0xa4, 0x1, 0xb9,
    0xa5, 0xb9, 0xa2, 0x4e, 0x21, 0xb8, 0xc1, 0x59,
    0xa2, 0xf6, 0x1, 0x12, 0x8c, 0x88, 0x1, 0x58,
    0x2, 0x89, 0x37, 0xb0, 0xf, 0x22, 0x18, 0x21,
    0x18, 0x3, 0x1d, 0x50, 0x40, 0x6a, 0x58, 0x2,
    0x3b, 0x40, 0x9, 0x31, 0x80, 0x6, 0xa, 0x2,
    0x60, 0x3, 0x0,

    /* U+4F18 "优" */
    0x0, 0x24, 0x80, 0x2c, 0x50, 0x80, 0x37, 0x78,
    0x1, 0x80, 0x78, 0x2, 0x15, 0x70, 0x8, 0x56,
    0x0, 0x28, 0x4, 0xbb, 0x15, 0xdb, 0xec, 0x4d,
    0x5, 0x6a, 0x81, 0xc3, 0x54, 0x1b, 0xe0, 0x0,
    0x81, 0x1, 0x88, 0x82, 0xc, 0x2, 0x46, 0x0,
    0xff, 0x7e, 0x80, 0x7f, 0x12, 0xb8, 0x4, 0x86,
    0x1, 0xf, 0xb8, 0x89, 0x52, 0x54, 0x2, 0x56,
    0x80, 0x4b, 0xca, 0x60, 0x7, 0x25, 0x80, 0x4f,
    0xe, 0x0,

    /* U+4F1A "会" */
    0x0, 0xe9, 0x40, 0xf, 0xe6, 0x58, 0x0, 0xfc,
    0xd9, 0x89, 0xc1, 0x0, 0xea, 0xca, 0x5, 0x8c,
    0x60, 0x2, 0xee, 0xe, 0x65, 0x10, 0xcd, 0x4,
    0xc6, 0xbc, 0xcc, 0xb5, 0x80, 0x35, 0x77, 0xf6,
    0x28, 0x2, 0xee, 0x2c, 0xbb, 0xb1, 0x0, 0x33,
    0x2b, 0x8e, 0x90, 0x7, 0x3d, 0x60, 0xd, 0xe0,
    0x80, 0x49, 0x1, 0x76, 0xaf, 0x4d, 0x0, 0x93,
    0xf2, 0xed, 0x53, 0x5c, 0x0,

    /* U+4F20 "传" */
    0x0, 0xb, 0x0, 0x19, 0x0, 0x3c, 0xd8, 0x0,
    0xc7, 0x0, 0xf4, 0xca, 0xf1, 0x7f, 0x30, 0xe0,
    0x7, 0x13, 0xbc, 0x2c, 0xc9, 0xc0, 0xa4, 0x5b,
    0x30, 0x59, 0x98, 0x56, 0xc1, 0xb2, 0xa3, 0x33,
    0xb, 0xa8, 0x5, 0xb5, 0x99, 0x0, 0x7d, 0x7b,
    0x96, 0xa0, 0x1f, 0x14, 0x95, 0x58, 0x7, 0xc5,
    0xd8, 0x6, 0x1, 0x84, 0x2, 0x7f, 0x7c, 0x0,
    0xde, 0x1, 0x86, 0xb0, 0x0,

    /* U+4F30 "估" */
    0x0, 0xa, 0x0, 0x5, 0x40, 0x3c, 0xfc, 0x1,
    0x58, 0x7, 0xaf, 0x80, 0x23, 0x0, 0xe5, 0x27,
    0xdc, 0xc1, 0x66, 0x34, 0xc2, 0x0, 0xf7, 0x30,
    0x59, 0x8d, 0x37, 0x41, 0x0, 0xfe, 0x69, 0x0,
    0x5e, 0xe8, 0x73, 0xc0, 0x2, 0x1, 0xbb, 0x32,
    0x10, 0xf, 0x8, 0x7, 0xfc, 0x3d, 0x99, 0x8,
    0x6, 0x10, 0x7, 0x66, 0x42, 0x1, 0xbc, 0x28,
    0xc0, 0x2e, 0x0, 0x0,

    /* U+4F46 "但" */
    0x0, 0x34, 0x0, 0x7f, 0xb7, 0x83, 0x33, 0xa4,
    0x0, 0x48, 0xe0, 0x59, 0x94, 0x10, 0x2, 0x0,
    0x40, 0x3f, 0x23, 0x80, 0x43, 0x99, 0x48, 0x1,
    0xe4, 0x2, 0x1c, 0xca, 0x40, 0x6, 0x80, 0x1f,
    0xfc, 0x31, 0xcc, 0xa4, 0x3, 0xef, 0xcc, 0xb6,
    0xc0, 0x38, 0x8b, 0xe1, 0x0, 0x92, 0x67, 0xf0,

    /* U+4F4D "位" */
    0x0, 0x2c, 0x0, 0x19, 0xc0, 0x3d, 0xde, 0x0,
    0x49, 0x0, 0xe1, 0x46, 0x9c, 0xe2, 0xcc, 0x80,
    0x10, 0x3, 0x39, 0x96, 0xeb, 0x0, 0x9c, 0x40,
    0x6c, 0x0, 0x98, 0x0, 0x48, 0x0, 0xa, 0x90,
    0x6a, 0x80, 0x19, 0x80, 0x13, 0x28, 0x1e, 0x0,
    0x7d, 0x98, 0x5, 0x40, 0xf, 0x90, 0xcc, 0x40,
    0x1e, 0x2c, 0xc2, 0x71, 0x66, 0x14, 0x0, 0x25,
    0xbb, 0x67, 0xee, 0x94,

    /* U+4F4E "低" */
    0x0, 0x12, 0x0, 0x7f, 0xa8, 0x91, 0x5a, 0x73,
    0x84, 0x2, 0x57, 0x93, 0x33, 0xef, 0x8, 0x1,
    0x8, 0x41, 0x94, 0xc4, 0x3, 0x40, 0x4, 0x44,
    0x2, 0x20, 0x82, 0xa8, 0x40, 0x11, 0x3, 0x98,
    0x90, 0x59, 0x0, 0xaa, 0x8f, 0xf5, 0x0, 0x1f,
    0xe, 0x60, 0x3, 0xf3, 0x5a, 0x28, 0x18, 0x7,
    0x1e, 0x18, 0xa4, 0x40, 0x80, 0x35, 0x53, 0xda,
    0x4c, 0x8, 0x1, 0xc0, 0x80, 0xcc, 0xb, 0xb0,
    0x0,

    /* U+4F4F "住" */
    0x0, 0xff, 0xe1, 0x26, 0x0, 0x16, 0x40, 0x3d,
    0xaa, 0x0, 0x40, 0xf, 0xb, 0x5e, 0xf6, 0x3e,
    0xeb, 0x80, 0x12, 0x7, 0xbd, 0x81, 0xba, 0xe0,
    0x36, 0x10, 0xf, 0xe4, 0x83, 0x1, 0x11, 0x80,
    0x88, 0x0, 0xec, 0x0, 0x4d, 0xe1, 0xdd, 0x20,
    0x7, 0x2e, 0x68, 0xe6, 0x10, 0x3, 0xff, 0x9e,
    0x66, 0xdd, 0x61, 0xee, 0xb9, 0x40,

    /* U+4F53 "体" */
    0x0, 0x34, 0x80, 0x5c, 0x1, 0xed, 0xe0, 0x8,
    0xc0, 0x38, 0x51, 0x80, 0x3f, 0x9c, 0x83, 0x31,
    0xe5, 0xd9, 0x83, 0xb, 0x1, 0xcd, 0x22, 0x1e,
    0x60, 0xd5, 0x40, 0x14, 0xd0, 0x2b, 0x0, 0x16,
    0x0, 0x6, 0xcc, 0x8, 0xb3, 0x0, 0xcb, 0xb4,
    0x20, 0xe, 0xd6, 0x0, 0x8e, 0xb7, 0xb, 0x2f,
    0x10, 0x2, 0x64, 0x9c, 0x2c, 0x82, 0x20, 0x7,
    0xc6, 0x1, 0x80,

    /* U+4F55 "何" */
    0x0, 0x2a, 0x80, 0x3f, 0xd2, 0x1b, 0x99, 0xda,
    0x80, 0x62, 0xbb, 0x99, 0x87, 0x50, 0x20, 0x1,
    0x15, 0x49, 0x0, 0xca, 0x40, 0x5, 0x88, 0x20,
    0x6, 0x48, 0x0, 0x88, 0x80, 0x1c, 0x22, 0x0,
    0xff, 0xe1, 0xe6, 0x0, 0x3f, 0xaf, 0x32, 0x0,
    0xfc, 0xc0, 0x1, 0x23, 0x0, 0x84, 0xc0, 0x3b,
    0xd4, 0x2, 0x1e, 0x0, 0xed, 0xb0, 0x0,

    /* U+4F59 "余" */
    0x0, 0xe9, 0x80, 0xf, 0xe4, 0x74, 0x40, 0x7,
    0xc7, 0x5b, 0xa8, 0x80, 0x7, 0x26, 0xd1, 0x8e,
    0xf, 0x49, 0x85, 0x4c, 0xa3, 0x32, 0xd, 0x30,
    0x4, 0x6b, 0xe4, 0x3e, 0x49, 0xd1, 0x81, 0xd5,
    0x5e, 0xb5, 0x51, 0x80, 0x6, 0x7a, 0x74, 0xa7,
    0x24, 0x80, 0x21, 0x97, 0x27, 0x3a, 0x51, 0x0,
    0x2e, 0x5a, 0x10, 0x86, 0xda, 0x80, 0x1b, 0x58,
    0xa3, 0x0, 0x7d, 0x0,

    /* U+4F5C "作" */
    0x0, 0x15, 0x0, 0xe0, 0x7, 0xa8, 0xc1, 0x90,
    0x3, 0xcd, 0x41, 0x2b, 0x99, 0x58, 0x38, 0x93,
    0xb9, 0xbb, 0x31, 0x63, 0x20, 0x73, 0x0, 0x1d,
    0x12, 0x27, 0xe2, 0x1f, 0x9a, 0xb0, 0xe0, 0x1,
    0x0, 0x7e, 0x6a, 0x88, 0x7, 0xff, 0x17, 0xf3,
    0x12, 0x1, 0xf7, 0xe6, 0x24, 0x2, 0x30, 0x3,
    0x80, 0x60,

    /* U+4F7F "使" */
    0x0, 0xff, 0xe1, 0x3a, 0x80, 0x5c, 0x1, 0xea,
    0x16, 0x63, 0x83, 0x31, 0xc4, 0xc, 0xca, 0x66,
    0x20, 0x33, 0x10, 0x2, 0x40, 0x77, 0xfc, 0x3f,
    0xec, 0x13, 0x63, 0x5, 0x8b, 0x2b, 0xb3, 0x80,
    0x24, 0x3, 0xfc, 0x6a, 0x0, 0x48, 0xa3, 0xbb,
    0x38, 0x7, 0x61, 0xca, 0xd5, 0x24, 0x3, 0x94,
    0x3f, 0x0, 0x3f, 0xbc, 0x29, 0x40, 0x38, 0xca,
    0xfb, 0x7f, 0x75, 0xc6, 0x0, 0xe2, 0xb8, 0x2,
    0x8d, 0xe3,

    /* U+4F9B "供" */
    0x0, 0x88, 0x3, 0xfc, 0xb8, 0x5, 0x61, 0xa2,
    0x1, 0xba, 0x80, 0x3f, 0x8d, 0x11, 0x3e, 0xb8,
    0x59, 0x60, 0xf, 0x0, 0x4f, 0xae, 0x16, 0x58,
    0x22, 0x4, 0x3, 0xf9, 0x20, 0x0, 0x4c, 0x4,
    0x64, 0x40, 0xc, 0x3d, 0xe1, 0x2b, 0x1c, 0x40,
    0x10, 0xe7, 0x65, 0xee, 0x60, 0x80, 0x32, 0x5a,
    0x83, 0xd3, 0x0, 0x63, 0x9d, 0x20, 0x1f, 0xd0,
    0xb, 0x8f, 0x4c, 0x2, 0x2b, 0x0,

    /* U+4F9D "依" */
    0x0, 0xc, 0x0, 0x6, 0x0, 0x3c, 0xc0, 0x10,
    0xb0, 0x80, 0x75, 0x66, 0xe6, 0x8e, 0x63, 0x54,
    0x18, 0x97, 0x72, 0x9f, 0x73, 0x54, 0x2c, 0x40,
    0x2a, 0x5, 0x9, 0x7, 0xa3, 0x0, 0x38, 0x67,
    0xd1, 0x83, 0xb8, 0x0, 0x92, 0x8, 0x82, 0xa0,
    0xc, 0xf5, 0x40, 0x3, 0x70, 0x7, 0x26, 0xa8,
    0xd, 0x58, 0x80, 0x63, 0x30, 0x1e, 0xd, 0xe1,
    0x0, 0x72, 0x87, 0x1b, 0x59, 0x80, 0x34, 0x41,
    0x38, 0xc0, 0xc, 0x20,

    /* U+4FA7 "侧" */
    0x0, 0x2a, 0x0, 0x78, 0xcc, 0x0, 0xe3, 0xdc,
    0xc8, 0x0, 0x88, 0x1, 0x55, 0x3e, 0x68, 0x9d,
    0x80, 0x52, 0x40, 0xa, 0x70, 0x11, 0x0, 0x9,
    0x40, 0x23, 0x30, 0x7, 0x1c, 0x80, 0x46, 0x20,
    0x1c, 0x28, 0x2, 0x2, 0xc6, 0x1, 0xf1, 0x7a,
    0x94, 0x0, 0x80, 0x70, 0x82, 0x5a, 0x1f, 0x80,
    0x70, 0xc4, 0x3f, 0xc0, 0x80, 0x18, 0x59, 0x49,
    0x2c, 0xda, 0x90,

    /* U+4FBF "便" */
    0x0, 0xc, 0x0, 0x7f, 0x90, 0x6e, 0xef, 0xbb,
    0x88, 0x1, 0x35, 0x77, 0x15, 0xdc, 0x40, 0x84,
    0x77, 0x98, 0x2c, 0xc7, 0x0, 0x24, 0x2, 0xb9,
    0x19, 0x90, 0x1, 0x2c, 0xc0, 0x2, 0x20, 0x11,
    0x0, 0x11, 0x80, 0x3, 0x50, 0x31, 0x3, 0x0,
    0xef, 0xac, 0x2c, 0xc6, 0x80, 0x72, 0xee, 0x50,
    0x7, 0xe1, 0x10, 0x54, 0x20, 0x80, 0x46, 0xb9,
    0x96, 0xee, 0x20, 0x7, 0x2e, 0xb0, 0x1, 0x67,
    0x8,

    /* U+4FDD "保" */
    0x0, 0xa, 0x0, 0x7f, 0x93, 0x43, 0xf3, 0x2f,
    0x0, 0xd3, 0x0, 0x59, 0x91, 0x0, 0x48, 0x62,
    0x5, 0x77, 0x10, 0x5, 0xe2, 0x0, 0xea, 0x5a,
    0xe0, 0x3, 0x61, 0x80, 0x4, 0x40, 0x22, 0x0,
    0x33, 0x81, 0xee, 0x78, 0xf6, 0x69, 0x80, 0x47,
    0xb2, 0xc2, 0xbb, 0xa3, 0x0, 0xc7, 0x12, 0x11,
    0xa4, 0x1, 0x93, 0xbc, 0x0, 0x71, 0x88, 0x1,
    0x26, 0x10, 0x4, 0x9c, 0x80,

    /* U+4FE1 "信" */
    0x0, 0x12, 0x80, 0x4c, 0x1, 0xeb, 0xd0, 0xb,
    0x4, 0x3, 0x9e, 0x73, 0x26, 0xdc, 0xc3, 0x3,
    0x88, 0xb6, 0x67, 0xa1, 0x86, 0x84, 0x0, 0x60,
    0x18, 0x41, 0x2c, 0xc0, 0xeb, 0xbb, 0x60, 0x2b,
    0x0, 0xb, 0x2e, 0xf4, 0x80, 0x70, 0xf5, 0x55,
    0x74, 0x1, 0xe2, 0xaa, 0xa4, 0x3, 0xe3, 0xcc,
    0xb8, 0x3, 0x18, 0x0, 0xf3, 0x2e, 0x10,

    /* U+4FEE "修" */
    0x0, 0x1a, 0x0, 0x11, 0x80, 0x3d, 0x44, 0x0,
    0xfc, 0x77, 0x18, 0x4, 0xe8, 0x28, 0x82, 0x39,
    0x20, 0x3, 0x9a, 0x34, 0xe2, 0x7d, 0x88, 0xd,
    0x8, 0xf, 0xa8, 0xbf, 0x20, 0x9c, 0x0, 0x3b,
    0x3f, 0xaf, 0xf5, 0x49, 0x40, 0x1d, 0xe3, 0xe4,
    0xf2, 0x80, 0x1e, 0xee, 0x7c, 0x0, 0x7c, 0x7f,
    0xdc, 0x8c, 0x20, 0x9, 0x98, 0x7d, 0x51, 0xf0,
    0x40, 0x1, 0x1, 0xda, 0xfe, 0xc4, 0x0, 0xb4,
    0x7, 0x75, 0x24, 0x1, 0x0,

    /* U+500D "倍" */
    0x0, 0x98, 0x40, 0x98, 0x3, 0xc3, 0x62, 0x7,
    0xa0, 0x1e, 0x88, 0x3d, 0xd0, 0x5d, 0xa8, 0x0,
    0x4e, 0xae, 0x5d, 0x66, 0x54, 0x0, 0xe0, 0xa,
    0xf0, 0x16, 0x0, 0x8, 0x83, 0x2b, 0x92, 0xb6,
    0xab, 0x24, 0x80, 0x2b, 0xaa, 0xeb, 0x20, 0xc,
    0xb9, 0x55, 0x62, 0x80, 0x79, 0x6e, 0xe4, 0x0,
    0xf9, 0xb3, 0x27, 0x0, 0xc6, 0x0, 0x6c, 0xc9,
    0xc0, 0x0,

    /* U+5012 "倒" */
    0x0, 0xff, 0xe1, 0x44, 0x0, 0x3d, 0xc0, 0x12,
    0x7f, 0x7f, 0x38, 0x81, 0x80, 0x8, 0xdf, 0x17,
    0x9e, 0x8c, 0x2, 0xb1, 0xb, 0x9a, 0x20, 0xc,
    0x4e, 0x68, 0xde, 0x90, 0x1, 0x86, 0x1, 0x30,
    0x7a, 0x40, 0x31, 0xb0, 0xa, 0x1b, 0x80, 0x7f,
    0x10, 0x10, 0x80, 0x7c, 0x2a, 0x6e, 0x32, 0x60,
    0x1c, 0x98, 0x72, 0xa6, 0x86, 0x1, 0x1a, 0xf7,
    0x2d, 0x8e, 0x20, 0x0,

    /* U+503C "值" */
    0x0, 0xff, 0xe1, 0x1e, 0x91, 0xf, 0xc8, 0xa0,
    0xa, 0x6e, 0xa2, 0x42, 0x22, 0x0, 0x22, 0xbc,
    0x69, 0xe, 0xea, 0x80, 0x64, 0x40, 0x13, 0x58,
    0xb4, 0x0, 0x5a, 0x30, 0x0, 0xcc, 0xc4, 0x0,
    0x47, 0x0, 0x87, 0x76, 0x10, 0xf, 0xc4, 0x50,
    0x7, 0xe1, 0xff, 0x84, 0x3, 0x8c, 0x45, 0x55,
    0x10, 0x80, 0x67, 0xa4, 0xbb, 0x9e, 0xd0,

    /* U+5047 "假" */
    0x0, 0x11, 0x0, 0x3f, 0xd6, 0x9d, 0x9e, 0x57,
    0x6d, 0x0, 0x9d, 0x8b, 0xc, 0xae, 0xc0, 0x13,
    0x18, 0x15, 0x99, 0xae, 0xc0, 0x15, 0x0, 0xa,
    0xfc, 0xee, 0xda, 0x5, 0x22, 0x5, 0x75, 0x3b,
    0x98, 0x2, 0x50, 0x1, 0x5d, 0x51, 0x75, 0x80,
    0x3c, 0x44, 0x33, 0x26, 0x0, 0x71, 0x45, 0x81,
    0x4b, 0x80, 0x71, 0x54, 0x81, 0x89, 0x80, 0x42,
    0x1, 0x2e, 0xff, 0xc8, 0x0, 0xd0, 0xc0, 0x5d,
    0x52, 0xd4,

    /* U+504F "偏" */
    0x0, 0x94, 0x2, 0xb0, 0xf, 0x1c, 0x1d, 0xd9,
    0x6e, 0xca, 0x1, 0x4d, 0x81, 0x5f, 0x5e, 0x90,
    0x0, 0xd5, 0x81, 0xee, 0xf0, 0x5, 0xc2, 0xc,
    0xf7, 0x76, 0xb8, 0x25, 0x18, 0x1b, 0xe6, 0x36,
    0xf8, 0x11, 0xc0, 0x18, 0x71, 0x4d, 0x64, 0x1,
    0x85, 0x8b, 0xe9, 0x68, 0x80, 0x34, 0x49, 0x7d,
    0x2d, 0x10, 0x6, 0xa5, 0x0, 0xb, 0x80, 0x78,
    0xc0, 0x8, 0xf9, 0x0, 0x1b, 0x40, 0x1a, 0x1,
    0x46, 0x0,

    /* U+505A "做" */
    0x0, 0x8c, 0x3, 0x10, 0x7, 0x24, 0x7, 0x0,
    0x30, 0x40, 0x34, 0x40, 0xc, 0x11, 0x0, 0x20,
    0x5, 0x30, 0xc2, 0xcd, 0xc, 0xb1, 0x14, 0x9,
    0xe1, 0x6b, 0xdb, 0xc0, 0x9c, 0x18, 0x49, 0xc2,
    0x20, 0x4c, 0x9, 0x40, 0x57, 0x17, 0xb5, 0x84,
    0x3, 0xc4, 0xa, 0xa6, 0x0, 0xf1, 0x59, 0x8,
    0x8c, 0x3, 0xcd, 0x7b, 0xa, 0xa7, 0x0, 0xc3,
    0x1, 0x65, 0x3f, 0x80, 0x16, 0x80, 0x51, 0x40,
    0x56, 0x0,

    /* U+505C "停" */
    0x0, 0x3a, 0x0, 0x58, 0x1, 0xea, 0x6c, 0xbb,
    0x15, 0xdc, 0x60, 0x86, 0x5b, 0xdc, 0xbe, 0xe5,
    0x98, 0x79, 0x81, 0x71, 0x9d, 0x2, 0xa, 0xe2,
    0x0, 0x6d, 0xd8, 0xc0, 0xf, 0xe0, 0x6b, 0x7b,
    0xb4, 0x39, 0x10, 0xc1, 0x38, 0x8b, 0xb9, 0x0,
    0x26, 0xb8, 0xf8, 0xf8, 0xc6, 0x0, 0x84, 0xf2,
    0xc2, 0xb1, 0x0, 0x21, 0x0, 0xff, 0xe1, 0xe1,
    0x8, 0x7, 0x68, 0x5, 0xbc, 0x1, 0x80,

    /* U+5065 "健" */
    0x0, 0x39, 0x0, 0x6d, 0x0, 0xea, 0x7b, 0x66,
    0x59, 0x5c, 0x0, 0xc, 0x57, 0x1, 0xec, 0xec,
    0xc0, 0x14, 0x0, 0xc7, 0xab, 0x3b, 0x54, 0x15,
    0x1, 0x60, 0xa9, 0x28, 0x54, 0x39, 0x5, 0x6d,
    0x4a, 0x3b, 0xd0, 0x25, 0x6, 0xa7, 0x0, 0xdc,
    0x1, 0xa9, 0x8d, 0xec, 0xea, 0xc0, 0x34, 0xc6,
    0x5c, 0x14, 0xc1, 0x0, 0x62, 0x8d, 0xb3, 0xbb,
    0x10, 0x8, 0x57, 0x6e, 0x60, 0x77, 0x48, 0x3,
    0x96, 0x63, 0x19, 0xbb, 0x20,

    /* U+507F "偿" */
    0x0, 0xff, 0xe1, 0x35, 0x18, 0x25, 0x2, 0x8,
    0x5, 0x9d, 0x4e, 0x1, 0x49, 0x0, 0x5, 0x52,
    0x34, 0x0, 0x8a, 0x60, 0x6, 0x5, 0xa1, 0x84,
    0xf3, 0xb1, 0x14, 0x89, 0x75, 0xe7, 0x5d, 0x98,
    0x12, 0xd, 0x1b, 0x33, 0x54, 0xa, 0xb0, 0x19,
    0xb3, 0x35, 0x28, 0x6, 0x5b, 0xb7, 0xdd, 0xe2,
    0x0, 0x96, 0xf9, 0x6c, 0xe6, 0xc8, 0x3, 0x14,
    0xd8, 0x6f, 0x88, 0x4, 0x61, 0xf, 0x54, 0xf6,
    0x80, 0xb, 0x82, 0xae, 0xd5, 0x4b, 0x90,

    /* U+50A8 "储" */
    0x0, 0x39, 0x80, 0x45, 0x40, 0x1d, 0x41, 0x20,
    0x22, 0x0, 0x28, 0x0, 0xce, 0x15, 0x79, 0x78,
    0x90, 0x4, 0x90, 0x53, 0xb5, 0xa1, 0xc0, 0x1b,
    0x85, 0x60, 0xdd, 0x3b, 0x7b, 0xf, 0x5, 0x11,
    0xdf, 0x1c, 0xc3, 0x11, 0x80, 0x43, 0x17, 0x62,
    0xe0, 0xf, 0x17, 0x7, 0xf8, 0x40, 0x38, 0x61,
    0x8e, 0x20, 0x1, 0xe6, 0x90, 0x3a, 0xa0, 0x4,
    0x22, 0xb, 0x21, 0x2b, 0xb0, 0x80,

    /* U+50CF "像" */
    0x0, 0x32, 0x83, 0x40, 0x7, 0xd4, 0xc5, 0x29,
    0x54, 0x20, 0x8, 0x88, 0x39, 0x10, 0xf4, 0x63,
    0x0, 0x41, 0xb9, 0x81, 0xdc, 0x17, 0x2, 0xb0,
    0xab, 0x65, 0x9e, 0x60, 0x0, 0x9c, 0x0, 0xa2,
    0x3f, 0xac, 0xf0, 0x12, 0x4, 0xcc, 0x1f, 0x66,
    0x98, 0x6, 0x49, 0x94, 0xd, 0x80, 0x80, 0x64,
    0xd8, 0x82, 0x79, 0xc0, 0x4, 0x2a, 0x7f, 0xbe,
    0x10, 0x24, 0x1, 0xf, 0x5c, 0x42, 0x82, 0x48,
    0x1, 0xa0, 0x81, 0x7c, 0x40, 0x10,

    /* U+5141 "允" */
    0x0, 0xc6, 0x60, 0xf, 0xf7, 0xa0, 0x7, 0xf2,
    0xbb, 0x81, 0x18, 0x3, 0x86, 0x28, 0x0, 0x94,
    0xa0, 0x11, 0x63, 0xb4, 0x4d, 0x5, 0x18, 0x0,
    0x93, 0x62, 0xf0, 0x72, 0xc0, 0x34, 0xb8, 0x9b,
    0x0, 0x10, 0xc0, 0x31, 0x90, 0x7, 0xfa, 0x6c,
    0x3, 0x84, 0x2, 0x77, 0x80, 0xe, 0x0, 0xa5,
    0xb, 0xcc, 0x0, 0xc, 0x77, 0x4c, 0x81, 0x56,
    0x20, 0x16, 0xee, 0x10,

    /* U+5143 "元" */
    0x0, 0x66, 0x7b, 0x58, 0x3, 0x66, 0x7b, 0x58,
    0x3, 0xff, 0x87, 0x9d, 0xcf, 0xee, 0xe9, 0x0,
    0x67, 0x61, 0xf4, 0xcb, 0xb9, 0x20, 0x18, 0x5c,
    0x3, 0xfc, 0x86, 0x1, 0xfe, 0xab, 0x0, 0xe2,
    0x0, 0xad, 0xc, 0x1, 0xc0, 0xc, 0x40, 0xd2,
    0x90, 0x2, 0x2e, 0xe9, 0xd0, 0x32, 0x40, 0x23,
    0xcd, 0xd4, 0x80,

    /* U+5145 "充" */
    0x0, 0xe5, 0x30, 0xf, 0xf6, 0xd0, 0x7, 0xb3,
    0x75, 0xca, 0x9b, 0xb5, 0x80, 0x33, 0x70, 0xef,
    0x66, 0x5b, 0x60, 0x12, 0x6c, 0xb0, 0x3d, 0x30,
    0x6, 0xb3, 0xbc, 0xc7, 0x34, 0x20, 0x5, 0xbe,
    0x39, 0xcd, 0x18, 0x80, 0x11, 0x9, 0x0, 0x62,
    0x0, 0xe9, 0x40, 0xe, 0x20, 0x9, 0x5a, 0x40,
    0x3b, 0xd0, 0x2e, 0x34, 0x40, 0x97, 0x74, 0x28,
    0x11, 0xa6, 0x1, 0x76, 0xeb, 0x0,

    /* U+5148 "先" */
    0x0, 0x9, 0x82, 0xb8, 0x7, 0xcd, 0x20, 0x5c,
    0x1, 0xf5, 0xb5, 0x51, 0x2a, 0xa0, 0x9, 0x43,
    0xa1, 0x5e, 0x21, 0x20, 0x10, 0xc1, 0x13, 0xcc,
    0x88, 0x60, 0x5, 0xa9, 0xde, 0x97, 0xed, 0xd7,
    0x32, 0xf6, 0xe0, 0x77, 0x7, 0x75, 0xcc, 0x1,
    0x22, 0x80, 0x7f, 0xa7, 0x80, 0x38, 0x80, 0x2a,
    0x65, 0x0, 0xed, 0x41, 0xd0, 0xa0, 0x8, 0xfb,
    0x88, 0x81, 0xca, 0x0, 0xd9, 0xdc, 0xb0,

    /* U+5149 "光" */
    0x0, 0xe7, 0xc0, 0xf, 0x90, 0x2, 0x70, 0x4,
    0x10, 0x5, 0x10, 0x0, 0xc8, 0xc6, 0x1, 0x7b,
    0x88, 0x5, 0x36, 0x20, 0x11, 0xe0, 0x80, 0x5e,
    0xa0, 0x3, 0xcc, 0x7f, 0xa9, 0xbf, 0xb3, 0xe,
    0x79, 0x91, 0xff, 0x8b, 0x32, 0x70, 0xc, 0x64,
    0x1, 0xfd, 0xc, 0x1, 0xc4, 0x0, 0x2a, 0x58,
    0x3, 0x30, 0x2, 0x5d, 0x34, 0xf4, 0x40, 0x53,
    0x30, 0xc, 0x9f, 0x20, 0x1a, 0xb3, 0x16, 0x20,

    /* U+514D "免" */
    0x0, 0xff, 0xe1, 0x8e, 0x88, 0x7, 0xf6, 0x9d,
    0xd5, 0x10, 0x3, 0xad, 0x3a, 0xb9, 0xd0, 0x2,
    0x2e, 0x52, 0xaa, 0x48, 0xd4, 0x80, 0xb, 0x4e,
    0x2c, 0x2f, 0x6d, 0xc0, 0x23, 0x3, 0x11, 0x20,
    0x88, 0x3, 0xd5, 0x69, 0xd7, 0x60, 0xe, 0xeb,
    0xe6, 0x2b, 0xb7, 0x0, 0x63, 0x34, 0x40, 0x3,
    0x8, 0x4, 0xfd, 0xe2, 0x1, 0xb4, 0xc3, 0x3b,
    0x8, 0x13, 0xb3, 0x40, 0xc3, 0x24, 0x40, 0x15,
    0xd9, 0xb8, 0x0,

    /* U+515C "兜" */
    0x0, 0xe9, 0x10, 0xf, 0x5e, 0x23, 0x23, 0x96,
    0x68, 0x80, 0x1b, 0x52, 0xe7, 0x1b, 0x0, 0x3e,
    0x2f, 0x70, 0xf, 0x8c, 0x4e, 0xd4, 0x3, 0x88,
    0x98, 0xa1, 0x68, 0x58, 0x40, 0x2, 0xae, 0x4d,
    0xbe, 0x6c, 0xf1, 0x0, 0x28, 0xf, 0x4, 0x90,
    0x7, 0xca, 0x40, 0x1c, 0x80, 0x12, 0xcc, 0x0,
    0xb0, 0x1d, 0x82, 0xff, 0x71, 0x43, 0xbf, 0x22,
    0x41, 0x7a, 0xcc, 0x0, 0x97, 0x96, 0xc0,

    /* U+5165 "入" */
    0x0, 0x89, 0x0, 0x3f, 0xcd, 0x4c, 0x1, 0xfc,
    0x99, 0x8, 0x1, 0xfc, 0x4d, 0x20, 0x1f, 0xe6,
    0x4, 0x0, 0xfc, 0xee, 0x8f, 0x0, 0xf8, 0x66,
    0xd5, 0x46, 0x1, 0xea, 0x92, 0x8, 0xe0, 0xe,
    0xa0, 0x70, 0x3, 0xe, 0x8, 0x16, 0x35, 0x80,
    0x6c, 0xe, 0x23, 0x5c, 0x0, 0xf6, 0x49, 0x0,

    /* U+5168 "全" */
    0x0, 0xe7, 0x90, 0xf, 0xe2, 0x92, 0x50, 0xf,
    0x8b, 0x36, 0xa1, 0x40, 0x39, 0xb2, 0x8c, 0x72,
    0x6d, 0x0, 0x1b, 0xa3, 0xfb, 0xb5, 0x3b, 0xa9,
    0xc3, 0xaf, 0x2a, 0x1e, 0xa9, 0xbc, 0xe0, 0x60,
    0x23, 0x0, 0x8c, 0x1, 0x9f, 0x31, 0xc7, 0x99,
    0x10, 0x4, 0xf9, 0x8e, 0x3c, 0xc8, 0x80, 0x3f,
    0xf8, 0x4f, 0x99, 0x71, 0x66, 0x60, 0x3, 0xe6,
    0x6e, 0xcc, 0xc0,

    /* U+516C "公" */
    0x0, 0xc4, 0x4, 0xe0, 0x1f, 0x1f, 0x81, 0x48,
    0x80, 0x7a, 0x20, 0x0, 0x99, 0x0, 0x72, 0x3a,
    0x80, 0x1d, 0x4c, 0x2, 0x2a, 0xe0, 0x40, 0x7,
    0x69, 0x0, 0xfc, 0x11, 0x28, 0x0, 0x71, 0x84,
    0x36, 0xc1, 0x10, 0x0, 0x9b, 0x8, 0x18, 0xd,
    0x98, 0xc, 0xe0, 0x40, 0x1b, 0xe0, 0x0, 0xd4,
    0x40, 0x1a, 0x8b, 0xaf, 0x74, 0x12, 0x1, 0x8a,
    0x7a, 0x77, 0x67, 0x20, 0xa, 0x1d, 0x8, 0x2,
    0xc2, 0x0,

    /* U+5171 "共" */
    0x0, 0xff, 0xe1, 0x9e, 0x80, 0x31, 0x0, 0x3e,
    0x10, 0x9, 0xc0, 0x34, 0x67, 0x9e, 0x60, 0xff,
    0x20, 0x1, 0x19, 0xe7, 0x98, 0x3f, 0xc8, 0x0,
    0xff, 0xe0, 0xa5, 0xdb, 0xca, 0xec, 0x5f, 0x76,
    0x24, 0xaa, 0x6e, 0xaa, 0x9b, 0xaa, 0xa1, 0x0,
    0x8a, 0xf8, 0x7, 0xa8, 0xc4, 0x0, 0xba, 0x1a,
    0x21, 0xb9, 0xac, 0x0, 0xd9, 0xa0, 0xc, 0xf8,
    0x0,

    /* U+5173 "关" */
    0x0, 0x8c, 0x2, 0x30, 0xf, 0xa1, 0xc0, 0x1a,
    0x80, 0x1e, 0x9d, 0x4, 0x48, 0x3, 0x3e, 0xf3,
    0x7c, 0xb6, 0x69, 0x0, 0x1f, 0x73, 0x9, 0xf9,
    0x8d, 0x20, 0xf, 0xfe, 0x8, 0xe6, 0x64, 0xcc,
    0xd4, 0x3, 0x99, 0x78, 0x9e, 0x65, 0x40, 0x18,
    0x7a, 0xa9, 0x82, 0x1, 0xcd, 0x90, 0x8f, 0x7d,
    0x28, 0x0, 0xdc, 0xc2, 0x80, 0x1f, 0xb, 0x40,
    0x1b, 0x42, 0x1, 0x8e, 0xe4, 0x0,

    /* U+5176 "其" */
    0x0, 0xb8, 0x80, 0x3, 0xc0, 0x1f, 0x18, 0x7,
    0xe8, 0xb1, 0xab, 0xb5, 0xd, 0xc0, 0x2, 0x2c,
    0x7b, 0xfd, 0xc3, 0x70, 0x1, 0xff, 0xc5, 0xee,
    0xc0, 0x1f, 0xaa, 0xb0, 0x6, 0x4a, 0xa0, 0x5d,
    0x52, 0xc2, 0xad, 0x11, 0x54, 0x89, 0xaa, 0x7d,
    0xd5, 0xa0, 0x2, 0x68, 0x80, 0xf, 0x34, 0x20,
    0xb, 0x1c, 0x10, 0x1, 0x61, 0x48, 0x2, 0xe0,
    0x3, 0xd1, 0x0,

    /* U+5177 "具" */
    0x0, 0x17, 0xe6, 0x6d, 0xc0, 0xc, 0x63, 0x55,
    0xc0, 0x1f, 0x19, 0xe1, 0x0, 0xf0, 0xcc, 0xea,
    0x0, 0xf1, 0x7f, 0xe9, 0x0, 0xf1, 0xaa, 0xed,
    0x0, 0xd9, 0x43, 0xbb, 0x90, 0xae, 0x43, 0x2f,
    0x46, 0xaf, 0x13, 0xee, 0x40, 0x63, 0x34, 0x41,
    0x87, 0xdc, 0x0, 0xe5, 0x8e, 0x0, 0x19, 0xcf,
    0x0,

    /* U+5178 "典" */
    0x0, 0xff, 0xe2, 0x69, 0xf, 0x0, 0x7f, 0x18,
    0x98, 0x7, 0xbf, 0xb, 0x30, 0x59, 0xe0, 0x1d,
    0x85, 0x98, 0x2c, 0x0, 0xf6, 0x16, 0x60, 0xb0,
    0x3, 0xd8, 0x59, 0x82, 0xc0, 0xf, 0xfe, 0x1a,
    0x68, 0xe1, 0xee, 0x1e, 0xe, 0xb2, 0x6f, 0x6e,
    0xb3, 0x15, 0x3d, 0xac, 0x0, 0x4f, 0xb0, 0x3,
    0xce, 0x18, 0x2, 0x63, 0x20, 0x0, 0x79, 0x52,
    0x0, 0x9c, 0x20, 0xe, 0x6a, 0x0,

    /* U+5185 "内" */
    0x0, 0xff, 0xe1, 0x53, 0x0, 0x7f, 0x10, 0x6,
    0xcc, 0xc9, 0x39, 0x95, 0x96, 0xe6, 0xb, 0xf3,
    0x1e, 0xe0, 0x18, 0xc0, 0x3f, 0x39, 0xfa, 0x80,
    0x72, 0x4e, 0xfc, 0x48, 0x4, 0xb5, 0x41, 0x2c,
    0x7, 0x0, 0x2f, 0x20, 0x0, 0x65, 0xc0, 0x3f,
    0x9c, 0x3, 0xf5, 0xd5, 0xf0, 0x80, 0x75, 0xf3,
    0x80,

    /* U+518C "册" */
    0x0, 0x7e, 0xf8, 0x9f, 0xef, 0x80, 0x61, 0xd2,
    0x0, 0x26, 0x88, 0x7, 0xff, 0x39, 0xb4, 0x70,
    0xb3, 0x97, 0x7, 0x55, 0xb0, 0xb0, 0xb2, 0x5f,
    0x7, 0x54, 0xc, 0x40, 0x22, 0x10, 0xe, 0x45,
    0x0, 0xbf, 0x40, 0x3b, 0x70, 0x0, 0x6e, 0x80,
    0x18, 0x99, 0x61, 0x91, 0x47, 0x10, 0x0, 0x5a,
    0x11, 0x6d, 0x61, 0x94, 0x0,

    /* U+518D "再" */
    0x0, 0xff, 0xe0, 0x16, 0xe6, 0x5f, 0xb9, 0x93,
    0x81, 0x6e, 0x64, 0x7d, 0x99, 0x38, 0x5, 0xb7,
    0x62, 0xfb, 0xb6, 0x80, 0x75, 0x59, 0x7d, 0xd0,
    0x7, 0xaa, 0xcb, 0xee, 0x80, 0x3d, 0x56, 0x5f,
    0x74, 0x1, 0x34, 0x95, 0xc9, 0x4c, 0xac, 0xa5,
    0xdd, 0x63, 0x37, 0x91, 0x72, 0x36, 0xa2, 0x46,
    0x45, 0xc2, 0x64, 0x40, 0x1, 0x80, 0x64, 0xd4,
    0x0, 0xdc, 0x20, 0x12, 0x7c, 0x80, 0x0,

    /* U+5197 "冗" */
    0xc, 0xdd, 0xfc, 0x60, 0x39, 0xbb, 0xe6, 0x0,
    0x58, 0x80, 0x7b, 0xc8, 0x18, 0x13, 0xfb, 0xa0,
    0x41, 0x0, 0xcb, 0xdc, 0x0, 0xf8, 0x4c, 0x3,
    0xf8, 0xbc, 0x3, 0xfa, 0x90, 0x3, 0x10, 0x80,
    0x29, 0x8, 0x2, 0x1a, 0x82, 0xd2, 0x90, 0x9,
    0xa8, 0xac, 0xb2, 0x0, 0x34, 0x5d, 0x10,

    /* U+5199 "写" */
    0xfc, 0xcf, 0xdc, 0x39, 0x7d, 0x99, 0xc1, 0x61,
    0x62, 0x1, 0xde, 0xa0, 0x51, 0x77, 0x94, 0x40,
    0x2b, 0xbe, 0x50, 0x8, 0xb3, 0x3b, 0x8c, 0x1,
    0x99, 0xe2, 0x1b, 0xdc, 0xcb, 0x70, 0x4, 0xef,
    0x73, 0x2d, 0xc1, 0x31, 0x0, 0xf6, 0x7c, 0x80,
    0x7d, 0x9c, 0xe0,

    /* U+51B2 "冲" */
    0x0, 0xfb, 0x80, 0x21, 0x80, 0xf, 0xe1, 0x4b,
    0xa, 0xbb, 0xd, 0xda, 0x83, 0x1c, 0x9e, 0x68,
    0x6a, 0x88, 0x0, 0xc2, 0x3, 0x10, 0x11, 0x0,
    0x46, 0x40, 0x1f, 0xde, 0x81, 0x98, 0x1c, 0xc0,
    0x1, 0x5, 0x87, 0x30, 0x39, 0x85, 0x9, 0x80,
    0xc1, 0x0, 0xd6, 0xa0, 0xa0, 0x1f, 0x97, 0x0,
    0x3f, 0x80,

    /* U+51B3 "决" */
    0x0, 0xf5, 0x88, 0x6, 0x49, 0x0, 0xcc, 0x1,
    0xca, 0x8c, 0x1b, 0x85, 0x99, 0x0, 0x7, 0xec,
    0x37, 0xb, 0x34, 0x40, 0x22, 0xd0, 0x8, 0xc4,
    0x3, 0xc6, 0x2, 0x20, 0x13, 0x1, 0x0, 0x16,
    0xb5, 0x50, 0x72, 0x5a, 0x88, 0x2e, 0x5a, 0xf4,
    0x86, 0xee, 0x23, 0x77, 0x0, 0xc7, 0xbc, 0x80,
    0x4d, 0x20, 0x39, 0x5, 0x49, 0x64, 0xa, 0xe9,
    0xf4, 0xc0, 0x3a, 0x5a, 0x40, 0x4, 0xd7, 0x0,
    0xd3, 0xe4,

    /* U+51B5 "况" */
    0x0, 0xff, 0xe0, 0xe9, 0x6, 0xe6, 0x6f, 0x0,
    0xaf, 0xc0, 0x1d, 0x99, 0x0, 0x66, 0xa0, 0xf,
    0xf9, 0xc0, 0x3f, 0xe2, 0x17, 0xcc, 0x7e, 0x20,
    0x6, 0x94, 0xa5, 0xd3, 0xeb, 0x0, 0x91, 0xd4,
    0x18, 0x40, 0x3d, 0x3e, 0x8, 0xe0, 0x18, 0x81,
    0x9c, 0xcd, 0x30, 0xe, 0x0, 0xf2, 0x6a, 0x7d,
    0x92, 0xc, 0xfd, 0x72, 0x0, 0x37, 0x20, 0x1,
    0xf7, 0x54, 0x0,

    /* U+51C6 "准" */
    0x0, 0xe7, 0x44, 0x40, 0x6, 0xc2, 0x0, 0x4b,
    0x21, 0x90, 0x5, 0x18, 0x4a, 0x3d, 0x8f, 0xd8,
    0xa0, 0x90, 0x12, 0x79, 0xa3, 0x98, 0x50, 0x3,
    0x21, 0x1, 0x10, 0xc8, 0x80, 0x18, 0xa0, 0xa2,
    0x46, 0x20, 0x1, 0x5b, 0x29, 0x55, 0x95, 0x50,
    0x0, 0x4c, 0x40, 0x57, 0x45, 0x76, 0x0, 0x4d,
    0x80, 0xa, 0xe8, 0xae, 0xc0, 0x2e, 0xc0, 0x3,
    0xdc, 0x2d, 0xea, 0x1c, 0x0, 0x8f, 0x75, 0xfb,
    0xd4,

    /* U+51CF "减" */
    0x0, 0xff, 0xe3, 0xf1, 0xd8, 0x4, 0xa0, 0x1c,
    0x66, 0x22, 0x1, 0x58, 0xe6, 0xec, 0x5a, 0x92,
    0x4, 0xd0, 0x1b, 0xb1, 0xe6, 0xd8, 0x2, 0x60,
    0x1b, 0x29, 0xc1, 0x98, 0x0, 0x11, 0x9b, 0x6c,
    0x89, 0xaa, 0x0, 0x2c, 0x8, 0xac, 0xfb, 0x3,
    0x0, 0x5d, 0x83, 0xfc, 0xc8, 0xfe, 0x0, 0x34,
    0x36, 0xf, 0x77, 0x3, 0x8, 0x3c, 0xee, 0x3d,
    0xc4, 0x2a, 0x64, 0xc8, 0x87, 0x60, 0x29, 0xf5,
    0xc5, 0x60, 0x7, 0x8, 0x16, 0x90, 0x3e, 0x80,

    /* U+51FA "出" */
    0x0, 0xdc, 0x1, 0xc8, 0xc0, 0x1e, 0xa0, 0x21,
    0x0, 0xf2, 0x0, 0x7f, 0xf0, 0x2b, 0x30, 0x39,
    0x90, 0x1, 0xb7, 0x30, 0x39, 0x97, 0x6, 0x0,
    0x7d, 0x8, 0x40, 0x1f, 0x8, 0x80, 0x3f, 0xea,
    0xa8, 0x6a, 0xa4, 0xc, 0x88, 0xb6, 0x22, 0x70,

    /* U+51FB "击" */
    0x0, 0xeb, 0x30, 0xf, 0xfe, 0x34, 0x6e, 0x61,
    0x7b, 0x31, 0xa2, 0x0, 0x8d, 0xcc, 0x2f, 0x66,
    0x34, 0x40, 0x3f, 0xf8, 0x33, 0x99, 0x97, 0xf3,
    0x32, 0x4e, 0x46, 0x61, 0x7f, 0x31, 0x38, 0x80,
    0xb, 0x0, 0xf5, 0x0, 0x7f, 0xf1, 0x66, 0x4d,
    0x33, 0x0, 0x76, 0xdd, 0xbe, 0x2e, 0xc0, 0x10,

    /* U+51FD "函" */
    0x0, 0xff, 0x1e, 0xe6, 0x77, 0xf8, 0xcd, 0xb9,
    0x8f, 0x46, 0x8e, 0x30, 0x39, 0xf, 0xbb, 0x78,
    0x86, 0x17, 0x33, 0x86, 0x72, 0x50, 0x83, 0xb0,
    0xf, 0xb3, 0x88, 0x1, 0xa0, 0x17, 0xc8, 0x2,
    0x9c, 0x80, 0x5b, 0xc6, 0x0, 0x55, 0x1d, 0x49,
    0xa9, 0x80, 0x2, 0x43, 0x44, 0x46, 0x60, 0x2c,
    0xc6, 0x74, 0x45, 0xc0,

    /* U+5206 "分" */
    0x0, 0xc4, 0x4, 0x80, 0x1f, 0x27, 0x80, 0x24,
    0x3, 0xe8, 0x90, 0x24, 0x90, 0xe, 0x77, 0x20,
    0x2, 0x52, 0x0, 0x24, 0x99, 0x0, 0x6c, 0x5c,
    0x20, 0x98, 0xcf, 0xf7, 0x75, 0x6a, 0x0, 0xd6,
    0xe7, 0x9e, 0xe2, 0x2c, 0x90, 0x6, 0x45, 0x0,
    0x30, 0x80, 0x72, 0x1, 0x80, 0xc, 0x80, 0x32,
    0x57, 0x80, 0xc, 0x3, 0xa6, 0x5a, 0x60, 0xfd,
    0x60, 0x1a, 0x74, 0xc0, 0xf, 0xaa, 0x1, 0x0,

    /* U+5207 "切" */
    0x0, 0x68, 0x3, 0x33, 0xc0, 0x1e, 0xcc, 0x16,
    0x60, 0x80, 0x4, 0x6d, 0x0, 0x1f, 0x34, 0x88,
    0x68, 0x9, 0x80, 0x66, 0xb2, 0x65, 0x2, 0x70,
    0x1, 0x80, 0x71, 0x5, 0xe8, 0x8, 0x80, 0x33,
    0xf9, 0x2a, 0x80, 0xdc, 0x0, 0x25, 0xdb, 0x4e,
    0x40, 0x20, 0x10, 0xe4, 0xba, 0xd0, 0x34, 0x90,
    0x4, 0x65, 0xb8, 0x0, 0xf3, 0x80,

    /* U+5217 "列" */
    0x3b, 0xb7, 0xdd, 0xc4, 0x0, 0xe2, 0x3b, 0x82,
    0xbb, 0x9b, 0x0, 0xcc, 0x0, 0xb0, 0x99, 0x1b,
    0x80, 0x79, 0xa6, 0x89, 0xc0, 0x3d, 0x28, 0xc6,
    0xca, 0x1, 0xc4, 0x93, 0x8e, 0x22, 0x0, 0xe2,
    0xd3, 0xc8, 0xa0, 0x70, 0xf, 0x90, 0x98, 0x16,
    0x40, 0x30, 0xc4, 0x3c, 0x0, 0x2a, 0x6, 0x0,
    0xd3, 0xf2, 0x0, 0x87, 0xcc, 0x43, 0x6c, 0x40,
    0x30, 0xf6, 0x80,

    /* U+5219 "则" */
    0x0, 0xfe, 0x1e, 0xe, 0xdc, 0xc7, 0x88, 0x8,
    0x18, 0x3, 0x32, 0x20, 0x3d, 0x0, 0xee, 0x20,
    0xf, 0xe3, 0x30, 0x7, 0xf1, 0x88, 0x7, 0xf0,
    0x80, 0x7e, 0x42, 0x20, 0x20, 0x7, 0xaa, 0xd5,
    0xe0, 0x44, 0xa0, 0x12, 0xb4, 0x86, 0x11, 0x24,
    0x0, 0x97, 0xa2, 0xf6, 0x20, 0x34, 0x29, 0xc6,
    0x0, 0x63, 0x1, 0xde,

    /* U+521A "刚" */
    0x0, 0xff, 0x70, 0x3, 0xf3, 0x37, 0x0, 0x81,
    0x80, 0xb, 0x33, 0x0, 0xe0, 0x7, 0x30, 0xbb,
    0x80, 0x2, 0x1, 0xc5, 0x58, 0xa0, 0x1f, 0x90,
    0x40, 0x80, 0x3f, 0x99, 0x80, 0x1f, 0xd0, 0x95,
    0x0, 0x1f, 0xba, 0x1a, 0x40, 0x8, 0x1, 0xcc,
    0x2, 0x0, 0x18, 0x3, 0x0, 0x8, 0x0, 0x7d,
    0x80, 0x75, 0x40, 0x18, 0x0, 0x1e, 0x80, 0x1d,
    0xb0,

    /* U+521B "创" */
    0x0, 0x84, 0x3, 0xfd, 0x10, 0x0, 0xee, 0x0,
    0x13, 0xa9, 0x80, 0x63, 0x0, 0x74, 0x7f, 0x26,
    0x10, 0x5, 0x4c, 0xc2, 0xfd, 0x3, 0x0, 0x20,
    0xa6, 0xeb, 0x24, 0x3, 0x25, 0x9e, 0xe8, 0x3,
    0xff, 0x90, 0x36, 0xa0, 0x1f, 0x87, 0xec, 0x6c,
    0x3, 0x8c, 0x10, 0xb5, 0xc4, 0x3, 0x36, 0x63,
    0xa0, 0x13, 0xdc, 0x1, 0x19, 0x92, 0x2, 0x75,
    0x0,

    /* U+521D "初" */
    0x0, 0xa, 0x80, 0x7f, 0x86, 0xc5, 0x1d, 0xf8,
    0x40, 0x45, 0x40, 0xe3, 0x7e, 0x34, 0x61, 0x1b,
    0x3a, 0x6c, 0xcb, 0x61, 0x0, 0x4e, 0x34, 0x8,
    0x8, 0x80, 0x4c, 0x0, 0xea, 0x5a, 0xc, 0x40,
    0x1, 0x7, 0xa0, 0x9e, 0x0, 0xc6, 0x5, 0x9c,
    0xb5, 0x6c, 0x80, 0x18, 0xac, 0x41, 0x66, 0xe8,
    0x3, 0xfa, 0x50, 0xc9, 0x88, 0x3, 0x39, 0x94,
    0x85, 0xd4, 0x0,

    /* U+5220 "删" */
    0x0, 0xff, 0x70, 0x2, 0x73, 0xcb, 0xae, 0x95,
    0xc, 0x2, 0xf3, 0x31, 0x48, 0x0, 0x40, 0x3f,
    0xf8, 0x48, 0x88, 0x2b, 0x29, 0x4c, 0x0, 0x91,
    0xfc, 0xe0, 0xa1, 0x7c, 0x3, 0x1b, 0x9, 0x80,
    0x88, 0xc0, 0x31, 0x18, 0x1b, 0x80, 0xc, 0xc0,
    0x13, 0x88, 0x30, 0x80, 0x19, 0x80, 0x4, 0x52,
    0x1e, 0xc1, 0x0, 0x8, 0x0, 0x69, 0x16, 0x5e,
    0x3c, 0x2d, 0xc0,

    /* U+5224 "判" */
    0x0, 0xff, 0xe1, 0x78, 0x7, 0xb8, 0xa0, 0x4,
    0x1c, 0xc0, 0x31, 0x30, 0x80, 0xd1, 0xe8, 0x80,
    0x5a, 0x20, 0x3e, 0x2, 0x1, 0x1f, 0xe0, 0xe7,
    0x0, 0x71, 0xe6, 0x7, 0x30, 0x1, 0xcf, 0x32,
    0x19, 0x92, 0x0, 0x65, 0xba, 0x2b, 0xb2, 0x88,
    0x4, 0x44, 0x54, 0x22, 0xd, 0x80, 0x63, 0xb8,
    0x0, 0x98, 0x40, 0xd7, 0x78, 0x40, 0x34, 0xf3,
    0xaf, 0x18, 0x7, 0x47, 0xd0,

    /* U+5230 "到" */
    0x0, 0xff, 0x78, 0x8b, 0x73, 0xb3, 0x16, 0x1,
    0x84, 0x5b, 0x1, 0x9b, 0x69, 0x40, 0x1d, 0x14,
    0x5e, 0x40, 0x60, 0x1b, 0x0, 0xe8, 0xf8, 0x3,
    0xc9, 0x54, 0xfe, 0xb1, 0x0, 0xe9, 0x76, 0x22,
    0x38, 0x80, 0x75, 0x5a, 0xcd, 0x30, 0x7, 0xae,
    0x96, 0x2d, 0x9c, 0x40, 0x21, 0x56, 0x67, 0xe6,
    0x9c, 0x0, 0x69, 0xfb, 0x8d, 0xd0, 0x26, 0x10,
    0xe, 0x4b, 0x18, 0x80, 0x16, 0x34, 0x0,

    /* U+5236 "制" */
    0x0, 0xb4, 0x80, 0x3b, 0x80, 0x18, 0x60, 0x1f,
    0x8, 0x9, 0xc1, 0x75, 0xd1, 0x60, 0x4, 0x91,
    0x65, 0xd7, 0x46, 0x1, 0xdd, 0x25, 0x13, 0x46,
    0x1, 0x92, 0xec, 0x5d, 0x70, 0x60, 0x18, 0x6e,
    0xc7, 0xd7, 0x60, 0xf, 0x3d, 0x9f, 0x5b, 0x0,
    0x7c, 0x40, 0xc4, 0x21, 0x60, 0x1f, 0xb5, 0x5,
    0xc0, 0x37, 0x0, 0x5b, 0x40, 0x3e, 0xc0, 0x1b,
    0x48, 0x2, 0x1f, 0x90,

    /* U+5237 "刷" */
    0x0, 0xff, 0x68, 0x0, 0x7f, 0x32, 0xe2, 0x20,
    0x8, 0x0, 0x4f, 0x32, 0x70, 0xf0, 0xc, 0x25,
    0x55, 0x10, 0x8, 0x6, 0x35, 0xa8, 0xdb, 0x20,
    0xe, 0x11, 0x3d, 0xd9, 0xc8, 0x3, 0x98, 0xab,
    0x9f, 0x9c, 0x3, 0xb7, 0x85, 0xb, 0x80, 0x3c,
    0xa8, 0x1, 0xce, 0x1, 0x1b, 0x18, 0x0, 0xed,
    0xac, 0x2, 0x3b, 0x1e, 0x70, 0xc3, 0xa, 0x50,

    /* U+523B "刻" */
    0x0, 0x88, 0x3, 0xfe, 0xe5, 0x0, 0xee, 0x21,
    0x1a, 0x8c, 0x48, 0x3, 0x1b, 0x6e, 0xae, 0xb7,
    0x8f, 0x0, 0x27, 0xc5, 0x7c, 0xec, 0x10, 0xe,
    0x83, 0xa5, 0xf0, 0xf, 0xb, 0x33, 0x2f, 0xc8,
    0x3, 0x87, 0xa0, 0x72, 0xa4, 0x3, 0x86, 0x65,
    0xee, 0xb4, 0x2, 0x1, 0x18, 0x62, 0xc0, 0x11,
    0xd8, 0x4, 0x57, 0x5b, 0xae, 0xd2, 0x61, 0x0,
    0xf, 0xf5, 0x1, 0xe1, 0x87, 0xa8, 0x8b, 0x54,
    0x2, 0x20, 0x7, 0x58, 0x0,

    /* U+524D "前" */
    0x0, 0x8e, 0x40, 0x2a, 0x30, 0xe, 0x32, 0x10,
    0x36, 0x30, 0x2, 0x6e, 0x61, 0xf7, 0x3c, 0x33,
    0x14, 0x9b, 0xdd, 0xb3, 0x2e, 0xfa, 0x3, 0xfa,
    0xa6, 0x14, 0x1b, 0xd0, 0x4, 0x37, 0x62, 0x2,
    0x0, 0xf0, 0xdd, 0x88, 0x3, 0xf0, 0xee, 0x8c,
    0x3, 0xf0, 0x99, 0x80, 0x3f, 0x99, 0xa1, 0xa,
    0x30, 0xc, 0xe0, 0x9, 0x72, 0x5, 0x8c, 0x0,

    /* U+529B "力" */
    0x0, 0xea, 0x20, 0xf, 0xe4, 0x0, 0xff, 0x8c,
    0x3, 0xaf, 0xb7, 0x43, 0x9b, 0xb7, 0x5, 0xf6,
    0xe8, 0x37, 0x6f, 0x0, 0xe2, 0x10, 0x8, 0x48,
    0x3, 0x22, 0x0, 0x27, 0x70, 0x6, 0xb9, 0x0,
    0x84, 0x40, 0x14, 0xb1, 0x80, 0x44, 0x60, 0x9,
    0x4a, 0x0, 0x12, 0x5f, 0x86, 0x16, 0x8, 0x2,
    0xe9, 0x98, 0x1b, 0x62, 0x1, 0x4f, 0x50, 0x0,

    /* U+529F "功" */
    0x0, 0xf9, 0xc8, 0x3, 0x10, 0x8c, 0x0, 0xc1,
    0x0, 0xd1, 0xbf, 0x46, 0x1, 0xf5, 0x7a, 0xda,
    0x6a, 0x76, 0x71, 0x80, 0x73, 0xea, 0x7e, 0x28,
    0x80, 0x7c, 0xc4, 0xe, 0x60, 0x1f, 0x18, 0x0,
    0x44, 0x1, 0x3b, 0x99, 0x50, 0x0, 0x60, 0xc,
    0xd6, 0x14, 0x89, 0x0, 0xef, 0xea, 0x6b, 0x43,
    0x25, 0x20, 0x1, 0x80, 0x20, 0xa4, 0x2b, 0xbc,
    0x3, 0xa2, 0xc0, 0x11, 0x66, 0x0,

    /* U+52A0 "加" */
    0x0, 0x8c, 0x3, 0xf8, 0x74, 0x3, 0xfc, 0x60,
    0x14, 0xcc, 0xe1, 0x98, 0x2c, 0xf4, 0x7d, 0xd5,
    0x6, 0x72, 0x62, 0x39, 0xa2, 0x0, 0x26, 0x20,
    0x71, 0x0, 0xf1, 0x70, 0x9, 0x80, 0x7b, 0x10,
    0x0, 0x20, 0x1c, 0x2a, 0x60, 0x18, 0x88, 0x0,
    0xb6, 0x3, 0x0, 0x17, 0x70, 0x9, 0x24, 0xfa,
    0xc4, 0xb3, 0x8, 0x5c, 0x27, 0xac, 0x3a, 0x0,
    0x90,

    /* U+52A1 "务" */
    0x0, 0xd8, 0x20, 0x1f, 0xd2, 0x75, 0x77, 0x38,
    0x6, 0x65, 0x29, 0xb8, 0x55, 0x0, 0x49, 0x7b,
    0x3e, 0xbd, 0xa4, 0x1, 0x26, 0x8b, 0x8d, 0x29,
    0x80, 0x42, 0xf5, 0xde, 0xb8, 0x1d, 0xb6, 0x62,
    0x1f, 0xec, 0x27, 0x8e, 0xfe, 0x30, 0x79, 0xab,
    0x4f, 0xbb, 0x6a, 0x80, 0x59, 0x7c, 0x77, 0x6a,
    0x20, 0xe, 0x6b, 0xf0, 0x1, 0x8, 0x5, 0x1d,
    0x98, 0x30, 0xdd, 0x50, 0x5, 0x5f, 0x44, 0x0,
    0xde, 0x60, 0x0,

    /* U+52A8 "动" */
    0x0, 0xf8, 0x50, 0x3, 0x8, 0xf0, 0x17, 0x80,
    0x68, 0xaa, 0x9c, 0x3, 0xe9, 0xbb, 0x92, 0xa1,
    0x6b, 0x49, 0xb3, 0x37, 0x54, 0x25, 0x9, 0xb6,
    0x34, 0xe6, 0x1, 0xcc, 0x4, 0x40, 0x7, 0x59,
    0x20, 0x3f, 0x3, 0x0, 0x3d, 0x7, 0xc0, 0x6a,
    0x0, 0x43, 0x15, 0x9a, 0x88, 0x62, 0x0, 0x87,
    0x37, 0x2f, 0x22, 0x0, 0x66, 0x0, 0x18, 0x5,
    0x76, 0x46, 0xf8, 0x0, 0xf4, 0xb8, 0x36, 0x28,
    0x0,

    /* U+52A9 "助" */
    0x0, 0xff, 0xe3, 0xe2, 0x80, 0x6a, 0xcc, 0x80,
    0x26, 0x0, 0xcf, 0xb8, 0x60, 0x1f, 0xfc, 0x3,
    0xd3, 0xed, 0xf0, 0xa, 0xac, 0xf, 0x4f, 0xf4,
    0x40, 0x2a, 0xb0, 0x8, 0x4c, 0x3, 0xb7, 0x0,
    0x23, 0x11, 0x18, 0x5, 0xb8, 0x0, 0x35, 0x3,
    0x10, 0x8, 0xd0, 0x1a, 0x74, 0x5, 0xc2, 0xb,
    0xb2, 0xc1, 0xd9, 0x92, 0x41, 0x5d, 0x90, 0x99,
    0xe0, 0x25, 0x60,

    /* U+52FF "勿" */
    0x0, 0x9d, 0x0, 0x3f, 0x86, 0x54, 0x3, 0xfa,
    0x47, 0x37, 0x7b, 0x0, 0x8, 0xbd, 0x2d, 0xad,
    0x3e, 0x20, 0x55, 0xc3, 0xdc, 0x6, 0x51, 0x10,
    0x16, 0x1a, 0x32, 0x90, 0xb, 0xb0, 0x0, 0x96,
    0x78, 0x2e, 0x80, 0x8c, 0x0, 0xfd, 0x84, 0x68,
    0xe0, 0x3c, 0x0, 0x7b, 0x12, 0xee, 0x0, 0x38,
    0x80, 0x33, 0x67, 0x18, 0x89, 0x58, 0x2, 0x2c,
    0xf3, 0x7, 0xf6, 0x30,

    /* U+5300 "匀" */
    0x0, 0x98, 0x80, 0x3f, 0xa0, 0xc0, 0x3f, 0x40,
    0x6e, 0x66, 0xe6, 0x2, 0x5e, 0xcc, 0xe6, 0x31,
    0xf9, 0x2c, 0x50, 0x8, 0x44, 0x16, 0x85, 0xdf,
    0x60, 0x3, 0x71, 0x60, 0x1, 0x55, 0xc, 0x4,
    0x40, 0x18, 0xe7, 0x28, 0x1c, 0xc0, 0x6b, 0xa7,
    0x75, 0x20, 0x22, 0x1, 0xfe, 0xa4, 0x0, 0x11,
    0x80, 0x4a, 0x1, 0xab, 0x24, 0x3, 0xf5, 0x73,
    0x80,

    /* U+5305 "包" */
    0x0, 0x9c, 0x80, 0x3f, 0x8e, 0x0, 0x3f, 0xde,
    0x73, 0x77, 0xbc, 0x2, 0x96, 0xcb, 0xbe, 0x0,
    0xa0, 0x93, 0x73, 0x1e, 0x20, 0x1a, 0x2c, 0xf3,
    0x22, 0x0, 0x8, 0x7, 0x55, 0xd8, 0x80, 0x3f,
    0x4d, 0x53, 0x81, 0x4c, 0x3, 0x8c, 0x46, 0xa9,
    0x83, 0x0, 0xc4, 0x1, 0x5e, 0x2e, 0xa0, 0x2,
    0xfb, 0x33, 0xb5, 0x10, 0x0, 0x6d, 0xcc, 0xed,
    0xa0,

    /* U+5316 "化" */
    0x0, 0xff, 0xe1, 0xf, 0x8, 0x70, 0x80, 0x7a,
    0x58, 0x40, 0xc0, 0x6, 0x80, 0x2, 0x7b, 0x0,
    0xc3, 0xc2, 0x0, 0xe1, 0x0, 0xc5, 0x90, 0xa0,
    0xea, 0xa0, 0xd, 0xd2, 0xa0, 0x7, 0x90, 0xa,
    0xb, 0x90, 0x3, 0xcd, 0xc0, 0x24, 0x1, 0xf3,
    0x64, 0x18, 0x4, 0x60, 0x1c, 0x40, 0x2, 0x1,
    0xc2, 0x0, 0xf2, 0xf6, 0xe3, 0x10,

    /* U+5339 "匹" */
    0xac, 0xcf, 0xd0, 0xdb, 0x9e, 0xd8, 0x59, 0x88,
    0x0, 0xff, 0xe0, 0xb9, 0x80, 0x7e, 0xce, 0x0,
    0xfc, 0xca, 0x1, 0x16, 0x1, 0xdb, 0x10, 0x27,
    0x62, 0x0, 0x36, 0x0, 0x15, 0xdc, 0x80, 0x36,
    0x0, 0xf9, 0xb7, 0x33, 0xf0,

    /* U+533A "区" */
    0xed, 0xcc, 0xfa, 0xc0, 0xf3, 0x3d, 0xb9, 0x60,
    0x11, 0x58, 0x80, 0x36, 0x0, 0x31, 0x67, 0xa3,
    0x84, 0x0, 0x73, 0xed, 0x46, 0x80, 0x7c, 0x20,
    0x56, 0x1, 0xe3, 0xfd, 0xd0, 0xd8, 0x6, 0x8e,
    0xf3, 0xb, 0x2, 0x0, 0xab, 0x48, 0x2, 0xb2,
    0x3, 0xde, 0xcc, 0xf8, 0xbb, 0x33, 0xf8, 0x80,

    /* U+5347 "升" */
    0x0, 0xff, 0xe2, 0x26, 0x30, 0xf0, 0x6, 0x49,
    0xeb, 0x44, 0x0, 0x7c, 0x3a, 0x10, 0x40, 0x1e,
    0x48, 0x30, 0xf, 0xc2, 0x3f, 0x18, 0x8, 0xcd,
    0xbb, 0xe, 0xeb, 0x87, 0x75, 0x6f, 0x98, 0x83,
    0xcc, 0x68, 0xe6, 0x28, 0x2, 0xeb, 0x0, 0xfe,
    0x67, 0x70, 0x7, 0xe7, 0x8f, 0x0, 0xfc, 0x5b,
    0xe4, 0x1, 0x18, 0x6,

    /* U+5355 "单" */
    0x0, 0xa0, 0x80, 0x14, 0xa0, 0x1e, 0xb8, 0x2,
    0x44, 0x0, 0x75, 0xfb, 0x66, 0x3, 0x6c, 0x3,
    0x36, 0x61, 0xf3, 0xb1, 0x40, 0x3b, 0x30, 0xbd,
    0x98, 0x0, 0xf6, 0x61, 0x7b, 0x30, 0x1, 0xec,
    0xc2, 0xf6, 0x60, 0x3, 0xb7, 0x30, 0xbd, 0x98,
    0xe0, 0x3, 0x6e, 0xe4, 0xfd, 0xdb, 0x81, 0xb7,
    0x72, 0x7e, 0xed, 0xc0, 0x1e, 0x70, 0xf, 0x0,

    /* U+5360 "占" */
    0x0, 0xd6, 0x60, 0x1f, 0xca, 0xe0, 0x1f, 0xe8,
    0xbb, 0xcc, 0x1, 0xd3, 0x3c, 0xe0, 0x1c, 0x24,
    0x58, 0x40, 0x8a, 0x1, 0x22, 0x80, 0x5, 0xb3,
    0x25, 0xe9, 0x96, 0x90, 0x0, 0x6e, 0xfc, 0x26,
    0x1, 0xff, 0xc1, 0x1d, 0xdf, 0x8, 0x4, 0x3b,
    0xbe, 0x13, 0x0,

    /* U+5361 "卡" */
    0x0, 0xee, 0x40, 0xf, 0xf9, 0xc0, 0x3f, 0xed,
    0xdc, 0x60, 0x1f, 0x6e, 0xe3, 0x1, 0x22, 0xc0,
    0xc4, 0x58, 0x52, 0x23, 0xf, 0x44, 0x64, 0x5a,
    0xac, 0x3f, 0x15, 0x52, 0x80, 0x78, 0xbe, 0x44,
    0x3, 0xf2, 0xe8, 0xe0, 0x7, 0xfa, 0x34, 0x3,
    0xf3, 0x80, 0x70,

    /* U+536B "卫" */
    0x5, 0xee, 0xfc, 0x40, 0x5, 0xee, 0x61, 0xf7,
    0x40, 0x1f, 0xfc, 0xd3, 0x0, 0xff, 0xe4, 0x12,
    0x8, 0x80, 0x3f, 0x24, 0x40, 0x3, 0xf9, 0xb1,
    0xc0, 0x21, 0x1c, 0x2, 0x3e, 0x4f, 0xcc, 0x70,
    0x66, 0x6f, 0x90,

    /* U+5373 "即" */
    0xe, 0xbb, 0xb8, 0x3a, 0xed, 0xa0, 0x75, 0x74,
    0x60, 0x77, 0x63, 0x0, 0x55, 0xd0, 0x7, 0xea,
    0xba, 0x0, 0xfd, 0x55, 0x18, 0x7, 0xd3, 0x7d,
    0xe0, 0x1f, 0x18, 0xda, 0x80, 0x63, 0x3, 0x4a,
    0x2a, 0x10, 0x2e, 0x72, 0x1e, 0x9c, 0x44, 0x1,
    0x65, 0x16, 0x59, 0x85, 0x20, 0x0, 0x80,

    /* U+5374 "却" */
    0x0, 0xbc, 0x3, 0xff, 0x87, 0x99, 0x70, 0x85,
    0xd8, 0x2e, 0xc0, 0x3b, 0x86, 0x0, 0xbb, 0x5,
    0xd8, 0x3, 0xc2, 0x44, 0x2, 0x20, 0x80, 0x73,
    0xdc, 0x35, 0xd9, 0x40, 0x39, 0xa4, 0x3a, 0x64,
    0x80, 0x1e, 0x26, 0x78, 0x70, 0xf, 0x17, 0x42,
    0x7c, 0x10, 0x2, 0x8c, 0x44, 0xe6, 0x2b, 0x6e,
    0x0, 0x8f, 0x3, 0xb7, 0x52, 0x45, 0x30, 0x21,
    0x0,

    /* U+5377 "卷" */
    0x0, 0xe4, 0x40, 0x7, 0xd1, 0x0, 0xd2, 0x6,
    0x90, 0xd, 0x40, 0x2a, 0x43, 0x94, 0x20, 0x3,
    0x82, 0xb3, 0xeb, 0x8, 0x90, 0x3, 0x7f, 0x88,
    0xff, 0xee, 0xd2, 0x0, 0xb1, 0x24, 0xa, 0xc0,
    0x32, 0x9b, 0x84, 0xca, 0xc2, 0x34, 0x45, 0xba,
    0x9b, 0xcc, 0x71, 0x72, 0x30, 0xf5, 0x80, 0x4d,
    0x2a, 0x78, 0xa0, 0x60, 0x19, 0x62, 0x68, 0x80,
    0x32, 0x4e, 0x7f, 0xb1, 0x88, 0x0,

    /* U+5378 "卸" */
    0x0, 0x21, 0x0, 0x7f, 0xa5, 0x88, 0x80, 0x2a,
    0xb0, 0x1, 0x87, 0xbe, 0xcc, 0xd2, 0x16, 0x0,
    0xad, 0x87, 0x93, 0x6, 0x53, 0x3, 0xd, 0xe4,
    0xc8, 0x0, 0xe3, 0xcc, 0x72, 0x64, 0x0, 0x78,
    0x74, 0x12, 0xd0, 0x3, 0xc2, 0x20, 0x4b, 0x40,
    0xf, 0xc2, 0xce, 0xa0, 0x9, 0x30, 0x2d, 0x19,
    0xb3, 0x41, 0xa, 0xf0, 0x2c, 0xda, 0x74, 0x17,
    0x3, 0x10,

    /* U+5386 "历" */
    0x0, 0xff, 0xe0, 0xf, 0xe6, 0x7d, 0x40, 0x22,
    0xcc, 0x9a, 0x33, 0x14, 0x1, 0xe1, 0x70, 0xf,
    0x1d, 0xd9, 0x7e, 0xec, 0xe0, 0x11, 0xd5, 0x3,
    0xab, 0x38, 0x8, 0xc0, 0x40, 0xc8, 0x40, 0x40,
    0x44, 0x0, 0x75, 0x0, 0x7f, 0x81, 0x14, 0x6,
    0x28, 0x0, 0x42, 0x15, 0x85, 0x92, 0x42, 0xc8,
    0x46, 0xb, 0x4a, 0xe0, 0x3a, 0xc8, 0x7a, 0x11,
    0x0, 0xa, 0xe0, 0x0,

    /* U+538B "压" */
    0x0, 0xff, 0xe0, 0xf, 0xee, 0xfe, 0x1, 0x16,
    0xec, 0x99, 0xbb, 0x0, 0x79, 0x0, 0x3f, 0xf8,
    0xd1, 0xfe, 0x2e, 0xff, 0x18, 0x0, 0xe3, 0xfc,
    0x5d, 0xbe, 0x60, 0x42, 0x1, 0xde, 0x60, 0x7,
    0x50, 0xe, 0x8b, 0x0, 0x77, 0x91, 0x40, 0x4f,
    0x44, 0x6a, 0x5d, 0xd0, 0xff, 0x72, 0x4f, 0x13,
    0x33, 0xeb,

    /* U+539F "原" */
    0x0, 0xff, 0xe1, 0x7e, 0x67, 0xd6, 0x1, 0xb3,
    0x27, 0x8c, 0xc5, 0x80, 0x76, 0xdb, 0xfd, 0xf0,
    0x80, 0x71, 0xfc, 0x7f, 0x80, 0x38, 0x40, 0x2,
    0x38, 0x3, 0x8c, 0x1, 0xdd, 0x84, 0x2, 0x31,
    0xf, 0xba, 0x6b, 0xf1, 0x0, 0x22, 0x2, 0xdc,
    0x0, 0x98, 0x20, 0xa, 0xba, 0x7, 0x20, 0x4a,
    0xc0, 0x24, 0x3e, 0xa2, 0xd5, 0x6, 0xf0,

    /* U+53BB "去" */
    0x0, 0xe3, 0xd0, 0xf, 0xf8, 0x40, 0x3e, 0xaa,
    0xa0, 0xaa, 0xa4, 0x0, 0xa2, 0x2f, 0x28, 0x89,
    0x40, 0x22, 0x29, 0xc0, 0x8a, 0x10, 0x3b, 0xaa,
    0xa0, 0xaa, 0xab, 0x93, 0xab, 0xb4, 0x2e, 0xdd,
    0xd5, 0x0, 0x23, 0x5a, 0x1b, 0xb0, 0x8c, 0x1,
    0x39, 0x50, 0x3d, 0x28, 0x6, 0x89, 0xd7, 0x9b,
    0x1a, 0x40, 0x8, 0x9c, 0xe, 0x2b, 0x2b, 0x0,

    /* U+53C2 "参" */
    0x0, 0xc3, 0x0, 0x1f, 0xed, 0xf0, 0xb2, 0x0,
    0xe3, 0xd6, 0x16, 0xd, 0x50, 0xc, 0x34, 0x56,
    0x51, 0x7a, 0x0, 0x3c, 0xeb, 0x60, 0x8e, 0x84,
    0xc2, 0x3c, 0xd7, 0x8d, 0xbb, 0x3e, 0xe1, 0xc,
    0x6e, 0x76, 0x81, 0x76, 0x40, 0x8b, 0x75, 0xdb,
    0xdb, 0xd, 0xfe, 0x10, 0x55, 0x4, 0xcb, 0xbf,
    0xd0, 0xe0, 0x12, 0xee, 0xbf, 0xd1, 0xa, 0x0,
    0xdb, 0x34, 0x53, 0x68, 0x1, 0xd9, 0xb6, 0xe4,
    0x1, 0xc0,

    /* U+53CA "及" */
    0x0, 0xff, 0xe0, 0x9e, 0x63, 0xb3, 0x2f, 0x60,
    0x8, 0xf3, 0xd3, 0x31, 0xc4, 0xc0, 0x1c, 0xe6,
    0x0, 0xb8, 0x0, 0xf1, 0x90, 0x13, 0xce, 0x88,
    0x6, 0xd7, 0x42, 0xef, 0x11, 0x0, 0x67, 0xd9,
    0x10, 0x88, 0x0, 0x67, 0xa1, 0x9d, 0x60, 0x40,
    0x8, 0xa9, 0xc1, 0x1a, 0x60, 0x2, 0x2f, 0x90,
    0x4b, 0x1a, 0xea, 0x50, 0x4, 0x36, 0xea, 0x2d,
    0x77, 0x24, 0x88, 0xa5, 0xb2, 0x60, 0x13, 0x61,
    0x0,

    /* U+53CC "双" */
    0x0, 0xff, 0xe0, 0xf, 0x6e, 0xba, 0x3f, 0x75,
    0xd0, 0x3, 0xdb, 0xa2, 0xb3, 0xfd, 0x6e, 0x0,
    0x40, 0x80, 0x93, 0x8, 0x1a, 0x80, 0x37, 0x8,
    0x4, 0x94, 0x14, 0xc0, 0xb, 0x78, 0x81, 0x98,
    0x35, 0x0, 0xcc, 0xa, 0x8, 0x89, 0xd0, 0xc,
    0xaa, 0x69, 0x4, 0x43, 0x0, 0x68, 0x9b, 0x22,
    0x20, 0x20, 0x5, 0x94, 0x43, 0x1f, 0x5b, 0x4c,
    0x0, 0x97, 0x6, 0xee, 0x21, 0xe5, 0x18, 0x28,
    0x1, 0xb4, 0xc0, 0x5, 0x86,

    /* U+53CD "反" */
    0x0, 0xf8, 0x51, 0x80, 0x34, 0x66, 0x6d, 0xef,
    0x10, 0x8, 0xff, 0x33, 0x54, 0x88, 0x7, 0xff,
    0x13, 0x7f, 0x76, 0xed, 0x0, 0xcf, 0x85, 0x9b,
    0xa7, 0xa0, 0xc, 0x44, 0x59, 0x1, 0x77, 0x0,
    0x44, 0x0, 0x85, 0x3a, 0x80, 0xc, 0xae, 0x0,
    0xec, 0x6, 0x0, 0xd5, 0x40, 0x4f, 0x45, 0x82,
    0x0, 0x13, 0xaf, 0x7f, 0xaf, 0xc3, 0x2c, 0xa,
    0x9f, 0xec, 0xc0, 0x63, 0xa8, 0x0,

    /* U+53D1 "发" */
    0x0, 0x8, 0x1, 0x8c, 0x54, 0x3, 0xad, 0x42,
    0x80, 0x10, 0x80, 0x19, 0xd4, 0x8, 0xc7, 0x88,
    0x2, 0x62, 0xdd, 0xe, 0x63, 0xeb, 0x0, 0xd,
    0xfa, 0x95, 0x99, 0xc0, 0x18, 0x5b, 0xae, 0xe8,
    0x0, 0xea, 0x2e, 0xbb, 0xe, 0x0, 0x69, 0x1c,
    0x82, 0x50, 0x40, 0x0, 0xd9, 0xd0, 0xf7, 0xcd,
    0x0, 0x43, 0xb4, 0x2d, 0xce, 0x32, 0x60, 0x13,
    0x3e, 0x77, 0xd6, 0xfc, 0x60, 0x4, 0xfb, 0x4,
    0x0, 0x6b, 0xc0,

    /* U+53D6 "取" */
    0x0, 0xff, 0xe0, 0xdf, 0xdd, 0xbe, 0x33, 0x30,
    0x85, 0x9d, 0xd8, 0xa1, 0xfb, 0x4, 0x40, 0x2,
    0xbb, 0x18, 0x8, 0x80, 0xc0, 0x22, 0xbb, 0x18,
    0x13, 0x92, 0x80, 0x7e, 0xd3, 0x43, 0x0, 0x8f,
    0x30, 0x60, 0x97, 0x54, 0x0, 0x8f, 0x30, 0x68,
    0x2e, 0xe2, 0x0, 0x21, 0x4d, 0x19, 0x89, 0x98,
    0x40, 0xe, 0x8b, 0xa3, 0x4f, 0x9e, 0xc6, 0xa,
    0x62, 0x3, 0x9, 0x43, 0xc2,

    /* U+53D7 "受" */
    0x0, 0x84, 0x8d, 0x1a, 0x44, 0x23, 0xb6, 0xa6,
    0xb3, 0xbc, 0xc2, 0x2e, 0xe0, 0xd8, 0x2c, 0x20,
    0x3, 0xe8, 0x79, 0x1b, 0xd0, 0x3, 0x3d, 0xb6,
    0x6f, 0x4f, 0x70, 0xb, 0x77, 0xbb, 0x9a, 0x41,
    0x65, 0xdb, 0xba, 0x82, 0x81, 0x4b, 0x3, 0x74,
    0x3c, 0x8, 0x1, 0x15, 0x4c, 0x2a, 0x0, 0x78,
    0x99, 0xfc, 0x40, 0x27, 0xdd, 0xdc, 0x3b, 0xd6,
    0xd, 0xba, 0x82, 0x17, 0xce, 0xb0,

    /* U+53D8 "变" */
    0x0, 0xe7, 0x20, 0xf, 0x19, 0x15, 0xb0, 0x45,
    0x18, 0x9c, 0xc4, 0x34, 0x1, 0xb1, 0x9, 0x23,
    0xa1, 0xb2, 0xbb, 0xc, 0x15, 0x18, 0x48, 0x88,
    0x3, 0x1a, 0x48, 0x9, 0xd0, 0x18, 0x4, 0x3a,
    0x62, 0x28, 0xcc, 0x6, 0xe8, 0x31, 0xa8, 0x40,
    0xb1, 0x1b, 0x31, 0x62, 0xc0, 0x1d, 0x3, 0x4f,
    0x18, 0x20, 0x1c, 0x5c, 0x92, 0x8a, 0x20, 0x1,
    0xce, 0x91, 0xee, 0x67, 0x7f, 0x84, 0x5b, 0xd6,
    0xc0, 0x5, 0xae, 0xf1,

    /* U+53E0 "叠" */
    0x0, 0xff, 0xe1, 0x3e, 0x6d, 0x4d, 0xf3, 0x0,
    0x65, 0x46, 0x67, 0x8b, 0x88, 0x4, 0xf0, 0x63,
    0x46, 0x7, 0x32, 0x0, 0x39, 0xb, 0x22, 0x98,
    0x16, 0x80, 0x42, 0x51, 0x4, 0x2d, 0x9f, 0x10,
    0xe3, 0x2e, 0xe, 0x1d, 0xf1, 0xa0, 0x8a, 0x63,
    0x3e, 0xa, 0xc0, 0x60, 0x10, 0xf, 0x9c, 0x3,
    0xff, 0x83, 0x14, 0x67, 0xe7, 0xa7,

    /* U+53E3 "口" */
    0x1f, 0xcc, 0xf7, 0x88, 0xd9, 0x9e, 0x20, 0xf,
    0xff, 0x40, 0xe6, 0x78, 0x80, 0x45, 0x99, 0xe2,
    0x0,

    /* U+53E4 "古" */
    0x0, 0xe4, 0xd0, 0xf, 0xf3, 0x88, 0x7, 0x88,
    0x46, 0x70, 0x11, 0xc4, 0x9d, 0xbb, 0x41, 0xee,
    0xe8, 0x4c, 0xcd, 0xe7, 0x99, 0xa8, 0x3, 0xff,
    0x85, 0xdb, 0x9e, 0x19, 0xbe, 0x1, 0xdf, 0x99,
    0xc2, 0x1, 0xff, 0xc5, 0xfd, 0xdd, 0x80, 0x1e,
    0xfd, 0xdd, 0x82, 0x0,

    /* U+53E5 "句" */
    0x0, 0xac, 0x80, 0x3f, 0x33, 0x90, 0x7, 0xc5,
    0x3, 0x99, 0xdb, 0x85, 0xf3, 0xb9, 0x9d, 0x2e,
    0x8b, 0xf7, 0x78, 0x40, 0x44, 0xd0, 0x7d, 0x32,
    0x50, 0xf, 0x84, 0x88, 0x1, 0x19, 0x80, 0x3f,
    0xb8, 0x40, 0x29, 0xdd, 0x9, 0x80, 0xf8, 0x2,
    0x33, 0x75, 0xc2, 0x48, 0x20, 0x3, 0x10, 0x0,
    0xc6, 0xb3, 0x80, 0x7d, 0x7f, 0x62,

    /* U+53EA "只" */
    0x0, 0x76, 0xe6, 0x6f, 0x30, 0xd, 0x99, 0xc4,
    0x20, 0x1f, 0xfc, 0xe2, 0x2e, 0x1, 0x0, 0x92,
    0x26, 0x73, 0x8, 0x5, 0x5b, 0x37, 0x59, 0x64,
    0x1, 0x24, 0x0, 0x6, 0xe4, 0x2, 0x3a, 0xd2,
    0x0, 0x62, 0xc8, 0x1e, 0xd1, 0x80, 0x6d, 0x46,
    0x3d, 0x40, 0xe, 0x1c, 0x60,

    /* U+53EF "可" */
    0x9d, 0xcc, 0xf6, 0xec, 0x13, 0xb9, 0x9e, 0xe,
    0xd0, 0xa, 0xf3, 0x2a, 0x0, 0xf9, 0x73, 0x1a,
    0xe0, 0x1f, 0xfd, 0x4c, 0xc8, 0x3, 0xf3, 0xe6,
    0x37, 0x80, 0x3e, 0x90, 0x8, 0xc4, 0xc0, 0x3f,
    0x87, 0x94, 0xc0, 0x3f, 0xf, 0xd8, 0x4,

    /* U+53F0 "台" */
    0x0, 0x96, 0x40, 0x3f, 0xd, 0xe0, 0x11, 0x0,
    0x3b, 0x61, 0x41, 0xf0, 0x80, 0x3, 0x96, 0xc0,
    0x2c, 0xf8, 0x21, 0x7, 0x3b, 0x95, 0x20, 0x98,
    0x11, 0xdc, 0xdc, 0xba, 0x9a, 0xe0, 0x1d, 0xee,
    0xf6, 0x98, 0x0, 0xbf, 0xbb, 0x79, 0x80, 0x7f,
    0xf0, 0xf6, 0xef, 0x68, 0x7, 0x7c, 0xce, 0xf0,
    0xd, 0xc6, 0x45, 0x8f, 0x80, 0x0,

    /* U+53F2 "史" */
    0x0, 0xe2, 0xb0, 0xf, 0xf9, 0x80, 0x3c, 0x3d,
    0x98, 0xf2, 0xcc, 0x72, 0x0, 0x6c, 0xc7, 0x96,
    0x61, 0x40, 0x3f, 0xf8, 0x83, 0x98, 0xf2, 0xcc,
    0x28, 0x4, 0x3b, 0x79, 0x2b, 0x98, 0xe4, 0x0,
    0x8a, 0x9f, 0x34, 0x3, 0xf6, 0x4b, 0xa0, 0x7,
    0xe4, 0x34, 0xd6, 0x20, 0xd, 0x7d, 0xfe, 0xbc,
    0xee, 0xbc, 0xc2, 0x7a, 0x88, 0xa, 0x33, 0xbc,
    0xc0,

    /* U+53F3 "右" */
    0x0, 0xeb, 0x30, 0xf, 0xf2, 0x18, 0x7, 0x1d,
    0xdd, 0x81, 0x77, 0xc2, 0x73, 0x33, 0xc4, 0xcf,
    0x8, 0x11, 0x1, 0x18, 0x8b, 0x80, 0x34, 0xa1,
    0x91, 0x60, 0xc, 0xe8, 0xf3, 0x3b, 0x40, 0x26,
    0x81, 0xeb, 0xbc, 0x1, 0x24, 0x61, 0x0, 0x7e,
    0x4e, 0x30, 0x9a, 0xac, 0x1, 0xf7, 0x4c, 0xe0,
    0x8,

    /* U+53F6 "叶" */
    0x0, 0xfd, 0xe0, 0x10, 0xee, 0xd6, 0x1, 0xfd,
    0xbe, 0xe0, 0x1f, 0xfc, 0xcc, 0xdd, 0x6, 0xea,
    0xc0, 0x3b, 0x37, 0x41, 0xba, 0xb0, 0xf, 0xfe,
    0x9, 0x6f, 0x80, 0x7f, 0x16, 0xfb, 0x80, 0x7e,
    0xa0, 0x2b, 0x0, 0xf8, 0x5c, 0x3, 0xfc,

    /* U+53F7 "号" */
    0x0, 0x17, 0xe6, 0x6d, 0x90, 0xc, 0x66, 0xcc,
    0xd2, 0x1, 0xc6, 0x6c, 0xcd, 0x26, 0x1, 0x8b,
    0xf3, 0x36, 0xd0, 0x0, 0x77, 0x31, 0xd9, 0x9e,
    0x61, 0xdc, 0x97, 0xcc, 0xf3, 0x0, 0x5e, 0xf9,
    0x9a, 0x80, 0x3a, 0xbb, 0x32, 0x81, 0x0, 0xff,
    0x69, 0x80, 0x7e, 0xef, 0x5a, 0x0, 0xfd, 0xdf,
    0x84, 0x0,

    /* U+5404 "各" */
    0x0, 0xcc, 0x1, 0xfe, 0x5d, 0x11, 0xc0, 0x1e,
    0x85, 0xbb, 0x6f, 0x88, 0x6, 0x95, 0x49, 0xb0,
    0xa1, 0x0, 0x88, 0xe2, 0xff, 0x65, 0x0, 0x31,
    0x51, 0x48, 0x3e, 0x20, 0x4, 0x51, 0x93, 0x98,
    0xba, 0xdd, 0x60, 0x16, 0xe9, 0x23, 0x31, 0xed,
    0x98, 0x0, 0x28, 0x96, 0x66, 0x20, 0xf, 0x19,
    0x16, 0x0, 0xf8, 0x62, 0x31, 0x80, 0x7b, 0xaa,
    0xb7, 0x8, 0x0,

    /* U+5408 "合" */
    0x0, 0xff, 0xe2, 0xe0, 0x80, 0x7f, 0x4b, 0xd8,
    0x7, 0xe6, 0x2b, 0xd9, 0x0, 0xf3, 0xd5, 0x83,
    0x8e, 0x10, 0x0, 0xb3, 0x56, 0x22, 0x4, 0xca,
    0x1, 0xaa, 0x6e, 0x66, 0x9e, 0x90, 0x36, 0x8d,
    0xde, 0x81, 0x30, 0x9, 0x6a, 0xef, 0x38, 0x7,
    0x88, 0xb8, 0xc0, 0x3d, 0xb9, 0x98, 0x80, 0x3d,
    0xb9, 0x98, 0x80, 0x20,

    /* U+540C "同" */
    0xee, 0xff, 0x7, 0xf7, 0x7b, 0xcc, 0x1, 0xbb,
    0xe0, 0xd, 0xbb, 0xe0, 0xe, 0xcc, 0xc0, 0x1e,
    0x1c, 0xc0, 0x80, 0x7f, 0xf1, 0x7, 0x30, 0x22,
    0x0, 0xec, 0xcc, 0x20, 0x1, 0x0, 0xf2, 0xfa,
    0x78, 0x80, 0x72, 0xf4, 0x80,

    /* U+540D "名" */
    0x0, 0xce, 0x1, 0xfc, 0xf6, 0x45, 0x84, 0x2,
    0x39, 0x68, 0x8b, 0x50, 0x0, 0x7d, 0x79, 0x54,
    0x27, 0x50, 0x5, 0xf2, 0x65, 0x40, 0xc0, 0x5,
    0x6, 0x32, 0x9f, 0x20, 0x1c, 0x97, 0x81, 0x79,
    0x90, 0x2f, 0x6a, 0xff, 0x66, 0x44, 0xb, 0xd2,
    0x1, 0xff, 0xc0, 0xcc, 0xe1, 0x0, 0xec, 0xce,
    0x11, 0x0, 0x5c, 0x1, 0xdc, 0x20,

    /* U+540E "后" */
    0x0, 0xf0, 0x9b, 0x38, 0x6, 0xcc, 0xb6, 0xa7,
    0x84, 0x3, 0x1e, 0x63, 0x6e, 0xa1, 0x80, 0x38,
    0x47, 0xe2, 0x0, 0xd5, 0x5f, 0x71, 0x0, 0x8a,
    0xef, 0xec, 0x20, 0x22, 0x1f, 0x66, 0x6f, 0x0,
    0x99, 0x41, 0x33, 0x30, 0x80, 0x5f, 0xe0, 0xf,
    0xe3, 0x57, 0x4, 0xcc, 0xc2, 0x0, 0x2b, 0x10,
    0x4c, 0xcc, 0x20, 0x1, 0x40, 0x3b, 0x0, 0xdc,
    0x0,

    /* U+5411 "向" */
    0x0, 0xa0, 0x80, 0x3f, 0x31, 0x80, 0x75, 0xee,
    0x87, 0x37, 0x76, 0x37, 0xef, 0xee, 0xec, 0x10,
    0x8, 0x47, 0x0, 0x71, 0x7d, 0xdb, 0x84, 0x3,
    0x8a, 0xa8, 0x20, 0x1e, 0x2a, 0xa0, 0x80, 0x71,
    0x7d, 0xdb, 0x84, 0x3, 0x84, 0x70, 0x18, 0x0,
    0xc0, 0x3a, 0x72, 0x80,

    /* U+5426 "否" */
    0x7, 0xdc, 0xc6, 0xfe, 0x66, 0x0, 0x3e, 0xe6,
    0x83, 0xe6, 0x60, 0xc, 0xbe, 0x7c, 0xf6, 0x60,
    0x12, 0xec, 0xeb, 0x83, 0xee, 0xb0, 0xc7, 0xe7,
    0xc, 0x2, 0x6e, 0xb0, 0x1a, 0x3c, 0xc3, 0xde,
    0x62, 0x9c, 0xc0, 0x1d, 0x7b, 0xf9, 0xbe, 0xe0,
    0x1c, 0x23, 0xe0, 0xf, 0x46, 0xee, 0xf0, 0xf,
    0x46, 0xee, 0xf0, 0xe, 0x96, 0x0, 0xc5, 0xa0,
    0x0,

    /* U+542B "含" */
    0x0, 0xff, 0xe2, 0x17, 0x8, 0x7, 0xf7, 0x3e,
    0x88, 0x7, 0x8b, 0x2f, 0x63, 0x1c, 0x2, 0x18,
    0xf8, 0x78, 0x4f, 0xdf, 0x90, 0x5f, 0xad, 0x95,
    0x9b, 0x9c, 0xc0, 0x23, 0xb4, 0x45, 0xe4, 0x66,
    0x50, 0x8, 0x47, 0x55, 0x0, 0x3d, 0x19, 0x90,
    0x6e, 0x8, 0x6, 0x38, 0xcc, 0xc2, 0x1, 0xef,
    0x99, 0xc4, 0x1, 0xee, 0xbb, 0xc6, 0x1, 0x0,

    /* U+542C "听" */
    0x0, 0xf8, 0x49, 0x1c, 0x1, 0x99, 0x50, 0x7d,
    0xc6, 0x0, 0x81, 0x67, 0x30, 0x15, 0x52, 0x1c,
    0x40, 0x3f, 0xf8, 0xc5, 0x98, 0xdc, 0x80, 0xe,
    0x13, 0xcd, 0x1c, 0x80, 0xe, 0x37, 0x0, 0xf0,
    0xe7, 0x3, 0x98, 0x7, 0x87, 0x36, 0xa7, 0x0,
    0x3d, 0xc0, 0x20, 0x4, 0x0, 0xfc, 0x37, 0xc0,
    0x3, 0x10, 0xe, 0x1d, 0x20, 0x1, 0x68, 0x0,

    /* U+542F "启" */
    0x0, 0xe4, 0x40, 0x7, 0xc2, 0x35, 0x8, 0xc0,
    0x16, 0x5d, 0xbd, 0x2e, 0xdc, 0x1, 0xaa, 0xbc,
    0x1, 0xd9, 0x9e, 0x0, 0xc3, 0x99, 0xef, 0x0,
    0xcf, 0x77, 0xe2, 0x3, 0x6d, 0xd5, 0x56, 0x60,
    0x5, 0x68, 0x18, 0x8e, 0x0, 0x13, 0xb8, 0x23,
    0x33, 0x10, 0xc, 0x88, 0x46, 0x66, 0x21,

    /* U+544A "告" */
    0x0, 0x19, 0x80, 0xf4, 0x3, 0xe9, 0xb0, 0x0,
    0x80, 0x78, 0x55, 0x33, 0xcf, 0x32, 0x40, 0x4,
    0xc6, 0x63, 0xcf, 0x32, 0x40, 0x1e, 0x25, 0x52,
    0xa, 0xae, 0x20, 0x30, 0x8, 0xa0, 0x3, 0x85,
    0x7f, 0xbb, 0xde, 0xa4, 0x0, 0x48, 0xaa, 0xd0,
    0x80, 0x1c, 0x42, 0x38, 0x80, 0x3d, 0xb9, 0x9b,
    0x40, 0x3d, 0xb9, 0x9b, 0x40, 0x3b, 0x84, 0x3,
    0xf, 0x0, 0x0,

    /* U+5468 "周" */
    0x1, 0xfc, 0xcf, 0xac, 0x0, 0x79, 0x8a, 0xa6,
    0x63, 0xc4, 0x2, 0x3d, 0x88, 0x62, 0x80, 0x7a,
    0x59, 0x90, 0x20, 0x1c, 0xa7, 0xfe, 0x3c, 0x0,
    0x8d, 0xda, 0xef, 0x40, 0x4, 0xe6, 0x5, 0x98,
    0x20, 0xd, 0x9c, 0x0, 0x22, 0x0, 0x73, 0xa0,
    0x3d, 0xd9, 0xc0, 0x23, 0x42, 0x9, 0x9a, 0xbb,
    0x70, 0xe8, 0x3, 0x8f, 0xb8, 0xc0,

    /* U+547D "命" */
    0x0, 0xe6, 0x80, 0xf, 0xe3, 0xb4, 0x20, 0xf,
    0x8f, 0xba, 0xf4, 0x0, 0xc3, 0x1f, 0x6e, 0xd7,
    0x36, 0x80, 0x5f, 0xd8, 0x26, 0x61, 0xce, 0xf1,
    0x2e, 0xab, 0xce, 0x3b, 0xa9, 0xb1, 0x0, 0xd,
    0xc9, 0xd, 0xd8, 0x40, 0x3f, 0xf8, 0x87, 0x72,
    0x1, 0x19, 0x80, 0x31, 0x5d, 0xa0, 0x1, 0x50,
    0x1, 0xb0, 0x0, 0x60, 0x9, 0x60, 0x0,

    /* U+548C "和" */
    0x0, 0xe3, 0x0, 0xf4, 0xde, 0xea, 0x40, 0x3d,
    0x74, 0x1b, 0x41, 0xb9, 0x90, 0x10, 0x80, 0x76,
    0x60, 0x93, 0x30, 0x59, 0x85, 0x0, 0xc9, 0x92,
    0x1f, 0xaa, 0x1, 0xe8, 0x4, 0xd0, 0xf, 0x42,
    0x93, 0xb9, 0x0, 0x32, 0xa4, 0x0, 0x2d, 0xb,
    0x30, 0x9, 0xc0, 0x1c, 0x59, 0x80, 0x12, 0x3,
    0x0, 0xb0, 0x1, 0xc0,

    /* U+54CD "响" */
    0x0, 0xe6, 0x40, 0xc, 0xaa, 0x40, 0x5, 0x38,
    0x6, 0xb3, 0x96, 0xd7, 0x8b, 0xb7, 0x89, 0x30,
    0x85, 0x5d, 0xe1, 0x10, 0x4, 0x61, 0x39, 0x80,
    0xf, 0xc5, 0xa0, 0x1f, 0xfc, 0x32, 0xa1, 0x0,
    0xac, 0x80, 0x23, 0xa7, 0x0, 0x55, 0xf8, 0x5,
    0x61, 0x40, 0x1, 0x1e, 0x6, 0x0, 0x18, 0x4,
    0x78, 0xe0,

    /* U+5524 "唤" */
    0x0, 0xff, 0xe2, 0x4a, 0x0, 0x6b, 0xcc, 0x1,
    0xb4, 0x65, 0x88, 0x36, 0x9, 0xf6, 0xe2, 0x98,
    0x80, 0x80, 0x5, 0xa2, 0x98, 0xe0, 0x3, 0x13,
    0x58, 0xed, 0x28, 0x7, 0x84, 0xc, 0x40, 0x21,
    0x1, 0x1, 0x0, 0x8, 0x9, 0x59, 0x43, 0xda,
    0x7d, 0xbc, 0x9d, 0x5c, 0xd7, 0xb1, 0xcd, 0x47,
    0x82, 0x3, 0x4c, 0x76, 0xc1, 0x10, 0x1, 0x7d,
    0x82, 0x7e, 0x2e, 0x1, 0x5c, 0x0, 0x43, 0x2a,

    /* U+552F "唯" */
    0x0, 0xc9, 0x21, 0x40, 0x14, 0xd5, 0x3, 0x38,
    0x0, 0x60, 0x7, 0x87, 0x5, 0xbb, 0x34, 0x61,
    0x98, 0x81, 0xb, 0x6c, 0x6f, 0xc, 0x2, 0xf2,
    0xab, 0x2b, 0xb0, 0x6, 0x81, 0xab, 0x2b, 0xa0,
    0xc, 0x60, 0xa6, 0x72, 0x81, 0xe1, 0x0, 0x31,
    0x1, 0x30, 0xf, 0x8, 0x1, 0x2e, 0x6f, 0x0,
    0x16, 0x80, 0x37, 0xf, 0x31, 0x3a, 0x1, 0xb7,
    0x3b, 0x31, 0x20,

    /* U+5582 "喂" */
    0x55, 0x87, 0xef, 0x3a, 0xfc, 0x2d, 0x20, 0x4,
    0x4e, 0x2, 0x0, 0x31, 0x1, 0x2a, 0x84, 0xa2,
    0x0, 0xc2, 0x77, 0xe9, 0x64, 0x1, 0xdd, 0x5b,
    0xf5, 0xa0, 0x1a, 0x7e, 0xb3, 0x6a, 0x50, 0xf0,
    0xa0, 0xaa, 0xd6, 0x4d, 0xf, 0x8, 0x2, 0x67,
    0x9a, 0x6, 0xd, 0x0, 0x44, 0x29, 0x84, 0x2c,
    0x2, 0x21, 0x84, 0x9e, 0x40, 0xd, 0xd0, 0x0,
    0x4d, 0x40,

    /* U+5668 "器" */
    0x5, 0xda, 0xd4, 0xab, 0xad, 0x30, 0xf, 0xfe,
    0x12, 0xed, 0x6e, 0xa6, 0x8b, 0x4c, 0x1, 0x77,
    0x9b, 0xe9, 0x6f, 0x0, 0x17, 0x69, 0x8, 0x52,
    0xeb, 0xc0, 0x3c, 0xd8, 0x83, 0xce, 0x47, 0xf1,
    0x1d, 0x30, 0xc1, 0xb7, 0x2, 0x51, 0x1, 0xe5,
    0x9b, 0xfc, 0xd9, 0x38, 0x5, 0x54, 0x50, 0x4,
    0xd2, 0x0, 0x6a, 0xa2, 0x80, 0x26, 0x90, 0x2,
    0x57, 0x8, 0x49, 0x20, 0x93, 0x0,

    /* U+56DB "四" */
    0xdc, 0xc6, 0xe6, 0xe6, 0x63, 0xdc, 0x7f, 0x6e,
    0xcd, 0x23, 0x0, 0x30, 0x80, 0x63, 0x0, 0x88,
    0x80, 0x1f, 0x33, 0x80, 0x7c, 0x91, 0x0, 0x3c,
    0xd4, 0x0, 0x36, 0x88, 0x47, 0x6a, 0x0, 0x8,
    0xc0, 0x3e, 0x3c, 0xcf, 0xc6, 0x19, 0x9f, 0x83,
    0xc4, 0x3, 0xc3, 0xc0,

    /* U+56DE "回" */
    0xec, 0xcf, 0xbc, 0x8f, 0x33, 0xe3, 0x0, 0x8b,
    0x32, 0xb0, 0xf, 0x3e, 0x61, 0x40, 0x3f, 0xf8,
    0x8b, 0x54, 0x0, 0xf1, 0x64, 0x43, 0x0, 0x3c,
    0x45, 0x80, 0x36, 0x67, 0xc6, 0xd, 0x99, 0xf3,
    0x0,

    /* U+56E0 "因" */
    0xdc, 0xcf, 0xdc, 0x1b, 0x98, 0x4f, 0xcc, 0x80,
    0x21, 0x11, 0x38, 0x88, 0x2, 0x4d, 0xa5, 0x8a,
    0xd0, 0x9, 0x32, 0xc7, 0xaf, 0x0, 0x3a, 0x13,
    0x98, 0x3, 0x1c, 0x95, 0x66, 0xc8, 0x6, 0xca,
    0x0, 0x5d, 0x80, 0x2f, 0x9c, 0xcd, 0xd8, 0x0,
    0xcc, 0xfc, 0x18, 0x20, 0x1f, 0x70,

    /* U+56F4 "围" */
    0xdb, 0xbf, 0xdc, 0x15, 0x34, 0xd3, 0x54, 0xb0,
    0xa, 0x98, 0xd5, 0xa4, 0x80, 0x36, 0x86, 0xe8,
    0x8, 0x2, 0x8a, 0x2a, 0xa4, 0x0, 0x49, 0x76,
    0x3b, 0xb7, 0x10, 0x1, 0x2e, 0xc7, 0x7a, 0x4,
    0x1, 0xc2, 0x1d, 0x40, 0x15, 0xd5, 0xe, 0x8b,
    0xa8, 0x1, 0x17, 0x6f, 0xbb, 0xc0,

    /* U+56FA "固" */
    0xed, 0xdf, 0xdc, 0x1b, 0xb7, 0xae, 0xec, 0x1,
    0x5d, 0xb9, 0xae, 0xc6, 0x1, 0x55, 0x3c, 0xaa,
    0x86, 0x1, 0x9, 0xb8, 0x18, 0x7, 0x1e, 0x73,
    0x4e, 0x80, 0x61, 0x4a, 0xa4, 0x80, 0x79, 0xb3,
    0x1c, 0xa0, 0x11, 0x7, 0x76, 0xb2, 0x0, 0x4c,
    0xfe, 0xf, 0xbb, 0xfd, 0xc0,

    /* U+56FE "图" */
    0xdc, 0xcf, 0xdc, 0x1b, 0x90, 0x1d, 0xcd, 0xc0,
    0x8, 0xa9, 0x6f, 0x50, 0x3, 0x7b, 0x9f, 0x32,
    0x80, 0x6c, 0xa7, 0x9c, 0x0, 0xc5, 0x94, 0xb7,
    0xba, 0x40, 0x1, 0x6c, 0xe7, 0x7e, 0xa0, 0x6,
    0x79, 0x24, 0x0, 0xc6, 0x2d, 0x9e, 0xc2, 0x20,
    0x4, 0xd5, 0x5b, 0xd5, 0x40, 0xcb, 0xbf, 0xdc,

    /* U+5706 "圆" */
    0xeb, 0xbf, 0xdc, 0x77, 0xae, 0x0, 0x6b, 0xb1,
    0x80, 0x5, 0xb7, 0x46, 0x1, 0xcb, 0xc4, 0x4a,
    0x0, 0xee, 0xff, 0xa5, 0x80, 0x30, 0xde, 0xfd,
    0x0, 0x73, 0x86, 0x81, 0x10, 0x3, 0x4c, 0x8c,
    0x20, 0x80, 0x23, 0x9d, 0x84, 0xce, 0x0, 0x1f,
    0xb4, 0x66, 0x35, 0x30, 0xfb, 0x33, 0xf7, 0x0,

    /* U+5728 "在" */
    0x0, 0xeb, 0x10, 0xf, 0xe4, 0x71, 0x0, 0xf6,
    0x6e, 0x51, 0x66, 0x6d, 0x10, 0xcd, 0xd0, 0x7e,
    0x76, 0x63, 0x44, 0x0, 0x9a, 0xc2, 0x2c, 0x0,
    0xf6, 0x94, 0x80, 0x7e, 0x46, 0x96, 0xdd, 0xe,
    0x6b, 0x2, 0xd2, 0xb, 0xee, 0x87, 0x35, 0x81,
    0x7c, 0xc0, 0x3f, 0xc2, 0x0, 0x11, 0x18, 0x8,
    0xc0, 0x18, 0x6a, 0xe1, 0x2e, 0xd4, 0x20,

    /* U+5730 "地" */
    0x0, 0x50, 0x6, 0xd1, 0x0, 0xe4, 0x0, 0x30,
    0x7, 0xfd, 0x60, 0x10, 0xa8, 0x1d, 0xd, 0x20,
    0x19, 0xb2, 0xac, 0xa, 0x6, 0x78, 0xa4, 0x32,
    0xc0, 0x2, 0x40, 0x7c, 0x54, 0x60, 0x1f, 0x90,
    0x2, 0x34, 0x30, 0xc, 0x46, 0x1, 0x3c, 0x48,
    0x14, 0xf, 0xb8, 0x1, 0x53, 0x19, 0x5, 0x2f,
    0x50, 0xa, 0x4, 0x2b, 0xf, 0x10, 0x1, 0x7d,
    0x99, 0x1c, 0x80,

    /* U+573A "场" */
    0x0, 0x30, 0x7, 0xfd, 0x62, 0x1b, 0x98, 0xef,
    0x60, 0xf, 0x6e, 0x79, 0x63, 0x1, 0xb1, 0xb9,
    0x83, 0x46, 0x98, 0x0, 0x48, 0xcc, 0x3b, 0x2d,
    0xb9, 0x81, 0x24, 0x4, 0x2f, 0x59, 0x7f, 0x10,
    0xf, 0x1a, 0x2a, 0x8c, 0x4, 0x2, 0x98, 0xa8,
    0x44, 0x1, 0x82, 0x58, 0xf1, 0x99, 0xe2, 0x40,
    0x26, 0xfc, 0x6b, 0xad, 0x53, 0x23, 0x2, 0x40,
    0xb, 0xae, 0x17, 0x28, 0x3, 0xd8, 0xe0, 0xbc,
    0xe0,

    /* U+5747 "均" */
    0x0, 0xff, 0xe0, 0xf0, 0x80, 0x31, 0x0, 0x38,
    0xc0, 0x22, 0x40, 0xf, 0xca, 0x3d, 0xd9, 0xb4,
    0xb1, 0xe6, 0xfb, 0xa1, 0x6d, 0x2c, 0x30, 0x25,
    0x0, 0x8, 0x6, 0x5e, 0x78, 0x10, 0xf, 0x9,
    0xe, 0x59, 0x18, 0x4, 0x88, 0x5, 0xcf, 0x30,
    0x5b, 0xd, 0x68, 0x9c, 0x50, 0x16, 0xfd, 0x82,
    0x9c, 0x12, 0x47, 0x34, 0x0, 0x84, 0x1, 0x93,
    0xe0,

    /* U+574F "坏" */
    0x0, 0x68, 0xd6, 0xe6, 0xeb, 0x34, 0x40, 0x35,
    0x6e, 0x24, 0x66, 0x8a, 0xe1, 0x6c, 0x0, 0x1d,
    0xc0, 0x12, 0xe1, 0x6c, 0x2, 0xb, 0xa8, 0x7,
    0xe8, 0x16, 0xb1, 0x0, 0xc4, 0x6c, 0xa4, 0x31,
    0x60, 0x5, 0x3e, 0xba, 0x90, 0x3, 0x38, 0xb4,
    0xd6, 0x26, 0x80, 0x6d, 0x16, 0xc4, 0x1c, 0x10,
    0xf, 0xfe, 0x30,

    /* U+5757 "块" */
    0x0, 0xf8, 0x40, 0x3d, 0xc0, 0x11, 0x68, 0x7,
    0x8c, 0xa, 0x6c, 0xa2, 0x0, 0x4, 0xb2, 0xb7,
    0x9b, 0x28, 0x60, 0x2, 0x59, 0x5a, 0x80, 0x7f,
    0xf2, 0xee, 0xdc, 0x78, 0xb6, 0x60, 0x12, 0xed,
    0xd8, 0xee, 0xe3, 0x4c, 0x2, 0x71, 0xad, 0xc2,
    0x0, 0x37, 0xeb, 0x86, 0x48, 0xc7, 0x8, 0x11,
    0x82, 0x7c, 0x20, 0x1c, 0xf9, 0x0, 0x49, 0x8a,
    0x1, 0x2e, 0x10,

    /* U+578B "型" */
    0x0, 0xff, 0x70, 0x1, 0x73, 0xb3, 0xf0, 0x34,
    0xc, 0x0, 0xbc, 0xb8, 0x5a, 0x1, 0xe6, 0x57,
    0x63, 0x62, 0x0, 0xf7, 0x38, 0x6, 0x30, 0xc,
    0xc5, 0xcc, 0x6c, 0x50, 0x1, 0xac, 0x14, 0x10,
    0x0, 0xd2, 0x1, 0x45, 0x0, 0x2f, 0x40, 0x15,
    0x80, 0x3, 0xad, 0xcf, 0x3c, 0xc7, 0x18, 0x5,
    0x7b, 0x9e, 0x99, 0x8d, 0x20, 0x6, 0xe6, 0x5e,
    0xb9, 0x96, 0xb0,

    /* U+57DF "域" */
    0x0, 0xf8, 0x40, 0x3d, 0xa0, 0x1a, 0x1e, 0x4c,
    0x3, 0xf7, 0xd, 0x38, 0x6, 0x4d, 0xcc, 0x4c,
    0x7c, 0x90, 0xa1, 0x86, 0xe6, 0x2e, 0x73, 0x48,
    0xf0, 0xe, 0xaf, 0xf, 0xda, 0x0, 0xa0, 0xdd,
    0xd4, 0x4, 0x3d, 0xc0, 0xf, 0xcc, 0xa6, 0x80,
    0x18, 0x9a, 0x80, 0xc5, 0xc8, 0x0, 0xa5, 0x37,
    0x68, 0x16, 0x41, 0x1, 0xfd, 0x9a, 0xdc, 0x57,
    0x58, 0x61, 0xa2, 0x27, 0xee, 0x46, 0xc1, 0x30,
    0x6, 0x50, 0x4d, 0x15, 0xb0,

    /* U+57FA "基" */
    0x0, 0xb8, 0x40, 0x1a, 0x20, 0x1a, 0x28, 0x6e,
    0xa8, 0x77, 0x42, 0x0, 0x9b, 0x28, 0xbb, 0x1c,
    0xc0, 0x80, 0x4, 0x41, 0xdb, 0xa2, 0x28, 0x3,
    0xca, 0xb0, 0x80, 0x7e, 0xab, 0xb1, 0x80, 0x65,
    0xbb, 0x1f, 0xcc, 0x8b, 0x6e, 0x81, 0x6f, 0x17,
    0x1e, 0x6c, 0x22, 0x81, 0x78, 0x1, 0x87, 0xd1,
    0xf, 0xb0, 0x4f, 0x7b, 0xc2, 0xdc, 0x4c, 0x90,
    0x19, 0xcc, 0x8f, 0x73, 0x22, 0x0,

    /* U+586B "填" */
    0x0, 0xf9, 0x80, 0x3d, 0xc1, 0x17, 0x69, 0xbb,
    0x80, 0x23, 0x8, 0xed, 0x2e, 0xe5, 0x81, 0xd9,
    0x58, 0xd8, 0x59, 0xc1, 0x1, 0xd9, 0x58, 0x9f,
    0x74, 0x1, 0xfc, 0x45, 0x18, 0x7, 0xec, 0xc8,
    0xc0, 0x39, 0x40, 0x4, 0x50, 0x80, 0xa, 0x4f,
    0x65, 0xbf, 0xe7, 0x94, 0x3c, 0xe8, 0x90, 0xeb,
    0x97, 0x94, 0x15, 0x3, 0xdd, 0x28, 0x14, 0x60,
    0x80, 0x47, 0x8c, 0x1, 0x27, 0x88,

    /* U+589E "增" */
    0x0, 0xf1, 0x0, 0x14, 0x3, 0x70, 0x0, 0x60,
    0x16, 0x4, 0x3, 0x87, 0x3, 0x79, 0xb5, 0x4,
    0x40, 0x26, 0x3c, 0x14, 0x4a, 0x29, 0x63, 0x6c,
    0x1e, 0xc, 0x40, 0x5, 0xa1, 0xa5, 0x1d, 0x31,
    0xc2, 0x0, 0xe1, 0x92, 0xa2, 0x3f, 0x40, 0xe,
    0xdf, 0xfd, 0x42, 0x26, 0x1c, 0x80, 0x3c, 0xc8,
    0x0, 0x9d, 0x98, 0x80, 0xd4, 0x48, 0x0, 0xb0,
    0x60, 0x17, 0x44, 0x40, 0x0,

    /* U+58F0 "声" */
    0x0, 0xe1, 0xe0, 0xf, 0x46, 0x65, 0xa3, 0x99,
    0x90, 0x23, 0x32, 0xd2, 0xcc, 0xc8, 0x0, 0xbc,
    0xc6, 0x9e, 0x65, 0x0, 0x15, 0xe6, 0x5d, 0x99,
    0x40, 0x5, 0xd9, 0x97, 0xe6, 0x3c, 0x80, 0x37,
    0x66, 0x96, 0x60, 0x8c, 0x2, 0x1e, 0xcd, 0x2c,
    0xc1, 0x0, 0x42, 0x59, 0x97, 0xe6, 0xc, 0x2,
    0x64, 0x0, 0xf6, 0x8, 0xc, 0x58, 0x7, 0xf0,
    0xe9, 0x0, 0x7f, 0x0,

    /* U+5904 "处" */
    0x0, 0xff, 0xe1, 0x35, 0x0, 0x58, 0x60, 0x1d,
    0xf8, 0x1, 0x38, 0x80, 0x73, 0xde, 0x60, 0x40,
    0x3c, 0x85, 0xb8, 0x42, 0x15, 0x40, 0xa, 0x4,
    0x4, 0xc0, 0x14, 0x12, 0xc, 0xc4, 0x49, 0x40,
    0x2a, 0x21, 0x7b, 0xb4, 0xca, 0xc0, 0x35, 0x88,
    0xc4, 0x82, 0x60, 0x1, 0x0, 0xe2, 0x56, 0x70,
    0x31, 0x0, 0xcb, 0xfd, 0x7b, 0x9c, 0x23, 0x3,
    0xf6, 0x10, 0x57, 0xff, 0xb, 0xd8, 0x80, 0x47,
    0x39, 0xdc, 0x10,

    /* U+5907 "备" */
    0x0, 0xff, 0xe1, 0x34, 0x0, 0x7e, 0x18, 0x3a,
    0xaa, 0x0, 0x36, 0x9c, 0xd5, 0x1a, 0xc0, 0x28,
    0xbf, 0xf2, 0x55, 0xc, 0x2, 0x87, 0x25, 0xb6,
    0x40, 0x9, 0x27, 0x31, 0xfd, 0x53, 0xd9, 0x2d,
    0x8c, 0xf9, 0xba, 0x5, 0xdb, 0x25, 0x19, 0xb1,
    0xbb, 0x30, 0x90, 0x5, 0x36, 0x57, 0x63, 0x0,
    0xe9, 0xb2, 0xbb, 0x18, 0x7, 0x76, 0xe, 0x60,
    0xc0, 0x0,

    /* U+590D "复" */
    0x0, 0x91, 0xc0, 0x3f, 0x86, 0xae, 0xfd, 0x80,
    0x2, 0xd7, 0x9e, 0xee, 0xc0, 0x7, 0x43, 0x91,
    0x75, 0x80, 0x58, 0x83, 0x99, 0xc0, 0x1e, 0x1e,
    0xee, 0x0, 0xf4, 0x59, 0x80, 0x56, 0x1, 0xda,
    0x7b, 0xdc, 0xb2, 0x0, 0x87, 0x35, 0xb2, 0xf5,
    0x1c, 0x2, 0x1e, 0x6b, 0xce, 0xbb, 0x0, 0x67,
    0x9c, 0xbc, 0xda, 0xa6, 0xe9, 0x81, 0xa7, 0x2d,
    0xcd, 0xef, 0x71, 0x80,

    /* U+5916 "外" */
    0x0, 0x15, 0x0, 0x7, 0x80, 0x3c, 0x86, 0x0,
    0x10, 0xf, 0xa9, 0x6a, 0x82, 0x1, 0xe3, 0xe,
    0x85, 0x10, 0x61, 0x0, 0xbe, 0x8, 0x50, 0x2,
    0xd0, 0x2, 0xab, 0x26, 0xb0, 0x0, 0xcb, 0x20,
    0xb3, 0x6, 0xcc, 0x0, 0xa5, 0xc, 0x2, 0x38,
    0x10, 0xd, 0x86, 0x0, 0x72, 0x70, 0xe, 0x10,
    0x19, 0xbb, 0x0, 0x7e, 0x31, 0xc0, 0x8, 0x44,
    0x1, 0x80,

    /* U+591A "多" */
    0x0, 0x9d, 0x40, 0x3f, 0x34, 0x75, 0xdc, 0xc0,
    0x1, 0x9c, 0xc5, 0xda, 0x19, 0xc0, 0xf, 0xf5,
    0xec, 0x7d, 0xe2, 0x0, 0x66, 0x7, 0x4f, 0xc1,
    0x0, 0x44, 0xb5, 0xf2, 0xde, 0x1, 0x93, 0x67,
    0x35, 0x82, 0xb3, 0x41, 0xa5, 0x33, 0x11, 0x54,
    0x9, 0x0, 0x20, 0x6b, 0x4a, 0xdd, 0x90, 0x0,
    0xae, 0x0, 0x5a, 0xd7, 0x0, 0x2c, 0x56, 0xeb,
    0xbd, 0x80, 0x27, 0xee, 0x6e, 0x30, 0x7, 0x0,

    /* U+5927 "大" */
    0x0, 0xe4, 0x20, 0xf, 0xf7, 0xb8, 0x7, 0xf8,
    0x44, 0x1, 0xe3, 0x22, 0x84, 0x44, 0x43, 0x30,
    0xf, 0xcc, 0xc9, 0x13, 0x28, 0x80, 0xe, 0x5d,
    0xc2, 0xb7, 0x78, 0x3, 0x91, 0x54, 0x20, 0x1f,
    0xa6, 0x2e, 0xc0, 0x1f, 0x52, 0x9b, 0xc, 0x0,
    0x63, 0xc0, 0x80, 0x5, 0xa5, 0x90, 0x36, 0x55,
    0x0, 0x36, 0x17, 0x83, 0x73, 0x0, 0x7a, 0x70,
    0x0,

    /* U+5931 "失" */
    0x0, 0xe4, 0x30, 0xf, 0x8d, 0x80, 0xd0, 0x3,
    0xea, 0x0, 0x84, 0x3, 0xc2, 0xf5, 0x93, 0x19,
    0x8d, 0x20, 0x5, 0xc6, 0x61, 0xa3, 0x31, 0xa4,
    0x0, 0xf6, 0x0, 0x9, 0x80, 0x71, 0x46, 0x64,
    0xd5, 0x99, 0x68, 0x16, 0xe6, 0x38, 0x89, 0xf9,
    0x8d, 0x0, 0xc3, 0xf3, 0xdc, 0x40, 0xe, 0x4c,
    0xb4, 0x3e, 0xab, 0x40, 0x6, 0x47, 0x30, 0x0,
    0xfb, 0x24, 0x1, 0xd8, 0x60, 0x1c, 0xfa, 0x0,

    /* U+5934 "头" */
    0x0, 0xf0, 0xc8, 0x7, 0xda, 0xc0, 0x6a, 0x1,
    0xf6, 0x6c, 0xb, 0x80, 0x71, 0xc0, 0x5c, 0x0,
    0x80, 0x71, 0x87, 0x98, 0x39, 0x80, 0x7a, 0x34,
    0xc0, 0x44, 0x1, 0x87, 0xb9, 0xbd, 0xca, 0x6e,
    0xea, 0x47, 0xbb, 0x79, 0x7f, 0x75, 0x20, 0x18,
    0x76, 0x1a, 0xc4, 0x3, 0x9b, 0x25, 0x5f, 0x7d,
    0x80, 0xb, 0xd9, 0xea, 0x0, 0x6c, 0xa2, 0x5,
    0xca, 0x20, 0xc, 0x58, 0x40,

    /* U+5939 "夹" */
    0x0, 0xea, 0x50, 0xf, 0xf1, 0x88, 0x7, 0x9f,
    0x32, 0x79, 0xcc, 0x90, 0x0, 0xeb, 0xd8, 0x93,
    0x9e, 0xa8, 0x1, 0x7c, 0x80, 0x1c, 0x23, 0x40,
    0x33, 0x18, 0x8, 0x10, 0xa0, 0x0, 0xb7, 0x13,
    0x13, 0x39, 0xb3, 0x0, 0x5b, 0x98, 0xe2, 0x69,
    0xcc, 0x80, 0x30, 0xf4, 0xc4, 0x98, 0x7, 0x2e,
    0x4a, 0xe, 0xf3, 0x80, 0x7, 0x7b, 0xd4, 0x0,
    0x39, 0x8b, 0x1, 0xfb, 0x20, 0xc, 0x37, 0x40,

    /* U+5957 "套" */
    0x0, 0xff, 0xe2, 0xe1, 0x80, 0x7a, 0xaa, 0xb3,
    0x9a, 0xac, 0x0, 0x8b, 0x85, 0xcb, 0x6c, 0xb8,
    0x0, 0x10, 0x71, 0xd4, 0x3c, 0xa1, 0x0, 0x13,
    0x6, 0x2e, 0xd3, 0x93, 0xa6, 0x3d, 0xef, 0x33,
    0xbf, 0x38, 0xc6, 0x88, 0x14, 0xce, 0x40, 0x30,
    0xe, 0xec, 0xcb, 0x40, 0x36, 0x61, 0xa2, 0x35,
    0xe6, 0x8, 0x33, 0x9, 0x19, 0x8f, 0x9, 0xc2,
    0x0, 0x53, 0xd6, 0x5c, 0xbd, 0xa0, 0x5, 0x7f,
    0xb9, 0x75, 0x3e, 0x80,

    /* U+597D "好" */
    0x0, 0x1a, 0x80, 0x7f, 0x90, 0x80, 0xa2, 0x38,
    0x2, 0xd4, 0x3, 0xbb, 0x8c, 0xc0, 0x78, 0xbf,
    0xc8, 0x66, 0x83, 0xb0, 0x3f, 0x4c, 0x27, 0x0,
    0x34, 0x0, 0x55, 0xc0, 0x35, 0x98, 0x2c, 0xc3,
    0x1, 0x63, 0xac, 0x66, 0x96, 0x61, 0x82, 0xc6,
    0x2c, 0x0, 0x20, 0x1e, 0x36, 0xe2, 0x0, 0xf0,
    0xde, 0x4c, 0x20, 0xa8, 0x6, 0x2d, 0x70, 0x56,
    0x59, 0x80, 0x8,

    /* U+5982 "如" */
    0x0, 0x9c, 0x40, 0x3f, 0xd2, 0x20, 0x1f, 0x84,
    0xc8, 0x2, 0x99, 0xc0, 0x35, 0xc3, 0x7c, 0xf,
    0x54, 0x70, 0x1b, 0x6e, 0xa2, 0x3, 0x38, 0x3,
    0x31, 0xaa, 0x80, 0x3e, 0x66, 0x6, 0x60, 0x3,
    0xe7, 0x3c, 0x64, 0x0, 0xf8, 0x61, 0x97, 0x4c,
    0xb3, 0x2, 0x0, 0x2c, 0x2b, 0x81, 0x2c, 0xc0,
    0x80, 0xfc, 0xc0, 0x21, 0x38, 0x2, 0xc0, 0x75,
    0x40, 0x35, 0x0, 0x14, 0x0,

    /* U+59CB "始" */
    0x0, 0x31, 0x80, 0x4e, 0x40, 0x1d, 0x82, 0x0,
    0x19, 0x30, 0xc, 0x8e, 0xc8, 0x11, 0x63, 0x42,
    0x3, 0xa7, 0xb4, 0x64, 0xa1, 0x94, 0x3, 0x69,
    0x5, 0xb, 0x97, 0x8e, 0xe0, 0x4c, 0x55, 0x57,
    0x65, 0xd6, 0x38, 0x69, 0x66, 0xb, 0x77, 0x60,
    0x3, 0xe1, 0x94, 0x1b, 0x76, 0x20, 0x2, 0x20,
    0xe8, 0x3, 0xf2, 0x2e, 0xe3, 0xae, 0x64, 0x0,
    0x18, 0xf0, 0x67, 0x5c, 0xc8, 0x0, 0x38, 0x40,
    0x3, 0xb0, 0xb, 0x80,

    /* U+5B50 "子" */
    0x0, 0xff, 0xe0, 0x8e, 0x67, 0xbf, 0xc2, 0x0,
    0x1c, 0xcd, 0xce, 0xba, 0x20, 0x1e, 0x5f, 0x8a,
    0x20, 0xf, 0x8a, 0x8c, 0x3, 0x26, 0x66, 0xaa,
    0x66, 0x65, 0x4c, 0xcd, 0x54, 0xcc, 0xca, 0x1,
    0xff, 0xd1, 0xe0, 0xf, 0xf7, 0x22, 0x0, 0x3f,
    0xbb, 0x4c, 0x3, 0x80,

    /* U+5B54 "孔" */
    0x0, 0xfa, 0xd0, 0x2, 0x1e, 0xdd, 0xb9, 0xc1,
    0xc0, 0x21, 0xed, 0xd3, 0x23, 0x80, 0x7e, 0xb3,
    0xa0, 0xf, 0xe5, 0x80, 0xf, 0xf0, 0xc6, 0x80,
    0x78, 0xa7, 0x83, 0x34, 0x3, 0xc5, 0xd8, 0x28,
    0x1, 0xf9, 0xc8, 0x3, 0xfe, 0x10, 0xe, 0x70,
    0xb4, 0x1, 0xe7, 0x0, 0xb2, 0xf9, 0x94, 0x7,
    0xa4, 0x2, 0x7f, 0xed, 0x10,

    /* U+5B57 "字" */
    0x0, 0xcc, 0x1, 0xe1, 0x22, 0xa9, 0xc8, 0xa1,
    0xf, 0x88, 0x9b, 0x62, 0x2f, 0x3, 0xaa, 0xfc,
    0x41, 0xab, 0x99, 0xb7, 0xd7, 0x0, 0xb, 0x99,
    0x48, 0x52, 0x80, 0x79, 0x23, 0x14, 0x2, 0xdc,
    0xca, 0x4b, 0x73, 0x25, 0xdc, 0xca, 0x53, 0x33,
    0x28, 0x7, 0xff, 0xa, 0x3c, 0x40, 0x3f, 0x67,
    0x50, 0x7, 0x0,

    /* U+5B58 "存" */
    0x0, 0xe8, 0x10, 0xf, 0xe5, 0x31, 0x0, 0xf4,
    0xee, 0x53, 0x66, 0x70, 0x2, 0x76, 0x53, 0x73,
    0x38, 0x2, 0x5b, 0xad, 0xcc, 0xba, 0x0, 0x3,
    0xc, 0x3b, 0x9a, 0xc9, 0x20, 0x3a, 0xc0, 0x1a,
    0x4a, 0x84, 0x6, 0x7c, 0x2b, 0x30, 0xcc, 0xcd,
    0x40, 0x50, 0x5, 0x66, 0x26, 0x33, 0x50, 0x3,
    0xef, 0x0, 0xf0, 0x88, 0x1, 0x2a, 0x80, 0x10,

    /* U+5B88 "守" */
    0x0, 0xe9, 0x0, 0xff, 0x1a, 0x0, 0x76, 0xee,
    0x79, 0xdd, 0x75, 0x80, 0x3f, 0x77, 0x56, 0xd0,
    0x2, 0x8, 0x3, 0x48, 0x24, 0xa5, 0xee, 0xf0,
    0xee, 0xa5, 0x3a, 0x77, 0x70, 0xee, 0xac, 0x1,
    0xc, 0x1, 0xfd, 0x94, 0x20, 0x1f, 0xd8, 0x20,
    0x20, 0x1f, 0xd7, 0xec, 0x1, 0xfa, 0xfa, 0x0,
    0x20,

    /* U+5B89 "安" */
    0x0, 0xe9, 0x10, 0xf, 0xf7, 0x48, 0x7, 0x9f,
    0xb3, 0x16, 0x99, 0x8e, 0x60, 0x0, 0xb6, 0x7a,
    0xe6, 0x4c, 0x1, 0x34, 0x5, 0x78, 0x5, 0x2e,
    0x0, 0xcc, 0x9a, 0xb3, 0x2d, 0xd1, 0x6, 0x61,
    0x67, 0x31, 0x2f, 0x98, 0x20, 0x1, 0x37, 0xa0,
    0xc4, 0x80, 0x71, 0x7d, 0x7f, 0x0, 0x80, 0x79,
    0x25, 0xae, 0x3b, 0xc, 0x1, 0x3d, 0xd6, 0xa2,
    0xed, 0x40, 0x2, 0x7a, 0x90, 0x3, 0x35, 0x80,

    /* U+5B8C "完" */
    0x0, 0xff, 0xe2, 0xe2, 0x80, 0x70, 0xd5, 0x61,
    0xba, 0xac, 0x20, 0xb1, 0x17, 0xe4, 0x44, 0x82,
    0x26, 0x20, 0x33, 0xc0, 0x4c, 0x21, 0x27, 0xd5,
    0x5b, 0x86, 0x4, 0x0, 0x79, 0x77, 0xb0, 0x40,
    0x7, 0xb9, 0xbf, 0x9b, 0xf9, 0x8d, 0x73, 0xdc,
    0xf1, 0xcf, 0x2c, 0xc6, 0xb8, 0x4, 0xa8, 0x1,
    0xfc, 0x93, 0x0, 0x1d, 0xaa, 0x57, 0x5a, 0x40,
    0x41, 0xbc, 0x8, 0x5d, 0xc3, 0x0, 0xb7, 0x5d,
    0xa2,

    /* U+5B8F "宏" */
    0x0, 0xea, 0x10, 0xf, 0xe2, 0x60, 0xe, 0x6e,
    0xcc, 0x25, 0xe6, 0x36, 0x0, 0xdb, 0x34, 0xb7,
    0x31, 0x7e, 0xb, 0x0, 0xea, 0x20, 0x6, 0x70,
    0xde, 0xd9, 0x6d, 0xde, 0xd, 0xe8, 0x3d, 0x8d,
    0xdc, 0x0, 0x18, 0xf3, 0xb1, 0x10, 0x6, 0xda,
    0x3f, 0xa1, 0xa7, 0x1, 0xc5, 0x78, 0x44, 0x4,
    0xc0, 0x8a, 0xa5, 0x5d, 0x7b, 0x78, 0xa0, 0x18,
    0x17, 0x31, 0xdb, 0x98, 0xb0,

    /* U+5B98 "官" */
    0x0, 0xc3, 0x0, 0x1f, 0xc2, 0x86, 0x1, 0xdf,
    0x99, 0x7, 0xe6, 0x5a, 0x7, 0x9d, 0xdf, 0x30,
    0x62, 0xe4, 0x46, 0xd3, 0xb0, 0x0, 0x97, 0xfe,
    0x10, 0xf, 0xf5, 0x88, 0x6, 0x2e, 0xee, 0x70,
    0xc, 0x97, 0x7b, 0xb0, 0x3, 0x9, 0x16, 0x30,
    0xc, 0x2b, 0x11, 0xa8, 0x0,

    /* U+5B9A "定" */
    0x0, 0xc5, 0x20, 0x1f, 0xe2, 0x20, 0x80, 0x7b,
    0xb3, 0x27, 0xdc, 0xcc, 0x0, 0x2d, 0xcc, 0xf7,
    0x30, 0x3, 0x27, 0x73, 0x73, 0x1a, 0x34, 0x1,
    0x46, 0xe3, 0x7e, 0x69, 0x80, 0x66, 0x60, 0x7,
    0xfa, 0x88, 0x1, 0xd9, 0x88, 0x0, 0x8c, 0xc4,
    0x0, 0xec, 0xc4, 0x0, 0x5f, 0x5f, 0x2e, 0x1,
    0xe9, 0x65, 0x9d, 0x6d, 0xfe, 0xff, 0xc, 0xd0,
    0x1, 0x2b, 0xbf, 0xbf, 0xc2,

    /* U+5B9E "实" */
    0x0, 0xe6, 0x20, 0xf, 0xf7, 0xd0, 0x7, 0xaf,
    0x73, 0xa, 0x99, 0x8d, 0xc0, 0xa, 0x7b, 0x31,
    0x13, 0x92, 0x1, 0x52, 0x23, 0x54, 0xb0, 0x13,
    0x0, 0x2c, 0x3c, 0x11, 0x70, 0x7, 0xe, 0xf9,
    0xa7, 0x18, 0x6, 0x2d, 0xd3, 0x76, 0x34, 0xe6,
    0x34, 0x89, 0xb9, 0x92, 0x34, 0x6e, 0x69, 0x0,
    0x49, 0x85, 0x3b, 0xee, 0x1, 0x47, 0x7c, 0x50,
    0x47, 0xee, 0x0, 0x27, 0xad, 0x0, 0x21, 0xac,
    0x0,

    /* U+5BA1 "审" */
    0x0, 0xe6, 0x40, 0xf, 0x11, 0x6e, 0xf2, 0x2c,
    0x3, 0xb1, 0x11, 0x4, 0x45, 0xa0, 0x2, 0xaa,
    0xcb, 0x55, 0x18, 0xe, 0x56, 0x64, 0x39, 0x8e,
    0xc0, 0x0, 0x8b, 0xf3, 0x5, 0x98, 0x30, 0xe,
    0xec, 0xc1, 0x66, 0x8, 0x3, 0xbb, 0x30, 0x59,
    0x82, 0x0, 0xee, 0xcc, 0x16, 0x60, 0x80, 0x37,
    0xe6, 0x45, 0x98, 0xb0, 0xc, 0x82, 0x0, 0x30,
    0x2, 0x0, 0x0,

    /* U+5BB9 "容" */
    0x0, 0xe8, 0x0, 0xff, 0x88, 0xc0, 0x3d, 0xd5,
    0x50, 0x4d, 0x53, 0x20, 0x0, 0xb5, 0xdf, 0x54,
    0x8, 0x87, 0x0, 0x22, 0xf9, 0x28, 0xe7, 0xb8,
    0xc0, 0x14, 0xd4, 0xc, 0x16, 0x48, 0x4, 0x63,
    0x7f, 0x71, 0xb0, 0x20, 0x5, 0xdf, 0x7d, 0xb8,
    0x76, 0xed, 0x7, 0xff, 0x35, 0xde, 0x3c, 0xd0,
    0x22, 0x0, 0x4, 0x70, 0x7, 0xcf, 0x77, 0x8c,
    0x2,

    /* U+5BBD "宽" */
    0x0, 0xff, 0xe2, 0xbe, 0x0, 0x7b, 0x33, 0x59,
    0xe6, 0x61, 0x2, 0xcc, 0x4e, 0xfd, 0xe6, 0x4,
    0x1, 0xf, 0x97, 0xb9, 0x18, 0xf2, 0x20, 0xcc,
    0xc5, 0xec, 0x3c, 0x74, 0x0, 0x96, 0xd6, 0x6c,
    0xed, 0x0, 0x31, 0x1f, 0x64, 0x7f, 0x10, 0x7,
    0xd2, 0xc8, 0x1, 0xe5, 0xc4, 0x6, 0x87, 0x40,
    0xc, 0x63, 0x56, 0x0, 0x22, 0x42, 0x86, 0x7f,
    0x6a, 0x98, 0xe6, 0xa2, 0x3, 0xbe, 0xcc, 0x1,
    0xb9, 0xb8, 0x20,

    /* U+5BBF "宿" */
    0x0, 0xff, 0xe2, 0xc4, 0x0, 0x3d, 0x99, 0x95,
    0xf3, 0x30, 0x81, 0x67, 0xe6, 0xfe, 0x64, 0x6,
    0x16, 0x3a, 0x20, 0x1d, 0xa4, 0xb, 0x2c, 0x97,
    0x6f, 0xbb, 0x80, 0x4, 0xf8, 0xb7, 0x45, 0x76,
    0xa0, 0x7, 0x10, 0x17, 0x53, 0x5e, 0x48, 0x1d,
    0xa0, 0x1, 0x6e, 0xe9, 0x10, 0x37, 0x0, 0x96,
    0xaa, 0x90, 0xf, 0x96, 0xaa, 0x80, 0xf, 0x96,
    0xee, 0x81, 0x0,

    /* U+5BF9 "对" */
    0x0, 0xfe, 0xf0, 0x8, 0x47, 0x0, 0x7e, 0xcd,
    0xd7, 0x18, 0x7, 0xdb, 0x98, 0x34, 0xcc, 0x83,
    0x18, 0x28, 0xc0, 0xf, 0x99, 0x6, 0x30, 0x47,
    0x42, 0xe, 0x0, 0x78, 0xb9, 0xec, 0x59, 0x0,
    0x3c, 0xe5, 0x21, 0xd8, 0x1, 0xc3, 0x38, 0x2a,
    0x90, 0x1, 0x8b, 0x24, 0x64, 0x80, 0x3c, 0x32,
    0x80, 0x4e, 0x7, 0xc8, 0x0, 0x34, 0x0, 0xe3,
    0xfb, 0x0, 0x0,

    /* U+5BFC "导" */
    0x0, 0x7e, 0x67, 0x6d, 0x0, 0x76, 0x67, 0x49,
    0x80, 0x75, 0x57, 0x41, 0x80, 0x74, 0x47, 0x75,
    0xb0, 0x4, 0x2c, 0x1, 0xcb, 0x0, 0x14, 0x74,
    0x46, 0xee, 0x58, 0x4, 0xd5, 0x5a, 0xca, 0x94,
    0xf, 0x2e, 0xfb, 0x46, 0xec, 0xa7, 0x9d, 0xb7,
    0x76, 0x95, 0xd9, 0x40, 0xf, 0x4, 0x1, 0xfc,
    0x54, 0x60, 0xd8, 0xe0, 0x1e, 0x41, 0x4, 0xea,
    0x0, 0x80,

    /* U+5C04 "射" */
    0x0, 0xff, 0xe1, 0x34, 0x80, 0x61, 0xd0, 0x9,
    0xed, 0x6a, 0x40, 0x2, 0x1, 0xb3, 0xb6, 0xd0,
    0x3, 0xf7, 0x6e, 0x82, 0xb3, 0x5, 0xaa, 0x0,
    0xfc, 0xc0, 0x56, 0x60, 0xb5, 0x40, 0x1d, 0x98,
    0x4, 0x60, 0xf, 0x76, 0x60, 0x1a, 0x80, 0x34,
    0xbf, 0x74, 0x5, 0x60, 0x1a, 0x73, 0x4f, 0x0,
    0xe, 0x1, 0xc7, 0x92, 0x40, 0x1f, 0x3f, 0xf9,
    0x6c, 0x40, 0xf1, 0xc0, 0xf, 0x84, 0x3d, 0x80,
    0x7f, 0x40, 0x0,

    /* U+5C06 "将" */
    0x0, 0xf1, 0x10, 0x3, 0x84, 0x38, 0x1, 0xd9,
    0x95, 0x8a, 0x60, 0x80, 0xdc, 0xfe, 0x21, 0xa,
    0x22, 0xc0, 0xf9, 0xf1, 0xd2, 0x40, 0x11, 0x20,
    0x48, 0xe1, 0x90, 0x1, 0x8, 0x5, 0x5f, 0xd7,
    0x60, 0x8, 0x78, 0x11, 0x99, 0xf8, 0x1a, 0xe5,
    0x90, 0x9, 0x97, 0x98, 0xd, 0x73, 0x85, 0x0,
    0xd, 0x20, 0x6, 0x15, 0x0, 0xdc, 0xa2, 0x1,
    0xfc, 0x63, 0xec, 0x1, 0xdc, 0x1, 0xba, 0x40,
    0x0,

    /* U+5C0F "小" */
    0x0, 0xc7, 0x80, 0x1f, 0xe7, 0x0, 0xff, 0xe2,
    0x8e, 0x80, 0x6a, 0x40, 0x9, 0xdc, 0x1, 0xba,
    0x40, 0x2a, 0xe0, 0xc, 0x82, 0xa0, 0x64, 0x80,
    0x1d, 0x10, 0xa, 0x60, 0xf, 0x23, 0xc, 0xc0,
    0x7, 0xd6, 0x20, 0x11, 0xd8, 0x7, 0xf3, 0x14,
    0x0, 0x70,

    /* U+5C11 "少" */
    0x0, 0xed, 0x20, 0xf, 0xf0, 0x80, 0x4, 0x3,
    0x93, 0x0, 0x25, 0xc2, 0x0, 0xd3, 0xe0, 0x12,
    0xc6, 0x18, 0x2, 0xa8, 0x60, 0x19, 0x6a, 0x1,
    0x45, 0xc0, 0x38, 0x9a, 0xc1, 0x6c, 0x3, 0x87,
    0xd4, 0x3, 0xed, 0xc, 0xa7, 0x0, 0xf0, 0xce,
    0x43, 0x80, 0x66, 0x8c, 0xf0, 0xf5, 0x0, 0xe1,
    0xef, 0xe8, 0x10, 0xe,

    /* U+5C1D "尝" */
    0x0, 0x28, 0x1, 0xdc, 0x4, 0x60, 0x1b, 0xe8,
    0x4, 0x41, 0x74, 0x1, 0xa8, 0x80, 0x21, 0x49,
    0x0, 0xbf, 0x13, 0x2a, 0x9a, 0x39, 0xe2, 0x5,
    0x99, 0xf8, 0xc0, 0x16, 0x59, 0x9e, 0x49, 0x10,
    0x62, 0xcc, 0xf2, 0x28, 0x3, 0x32, 0xdf, 0xcc,
    0xe0, 0x6, 0x63, 0x47, 0x31, 0x17, 0x98, 0x0,
    0x8b, 0x60, 0xc1, 0xa5, 0xc0, 0x34, 0x9c, 0x65,
    0xc3, 0xd2, 0x80, 0x55, 0xf9, 0x8b, 0xa9, 0xf5,
    0x0,

    /* U+5C31 "就" */
    0x0, 0x13, 0x80, 0x6b, 0x0, 0xe2, 0xc2, 0x0,
    0xa, 0xa2, 0x0, 0x72, 0xc2, 0x6e, 0x40, 0xb,
    0x0, 0x39, 0x55, 0x5c, 0x18, 0x3, 0xc0, 0xd,
    0xb7, 0x74, 0x48, 0xd4, 0x10, 0x2, 0xa9, 0x61,
    0x32, 0x2d, 0xb2, 0x3, 0xdd, 0x51, 0x83, 0x32,
    0xc0, 0x27, 0xd4, 0xce, 0xc, 0x30, 0xd, 0x24,
    0x9, 0x62, 0xb4, 0x1, 0x9, 0x20, 0xf, 0xc2,
    0x90, 0x1b, 0x8c, 0xc9, 0xca, 0x8e, 0x0, 0x7d,
    0x0, 0x11, 0xc1, 0x34, 0x0, 0xcc, 0x18,

    /* U+5C3E "尾" */
    0x4, 0xec, 0xcf, 0x79, 0x0, 0x1c, 0x19, 0xbc,
    0x20, 0x18, 0xa2, 0x34, 0xe5, 0x10, 0x4, 0xeb,
    0x3d, 0x9f, 0x82, 0x1, 0x38, 0xad, 0x60, 0x77,
    0x0, 0x30, 0x82, 0xee, 0xc, 0x61, 0x0, 0x46,
    0x4f, 0xbe, 0x39, 0xfc, 0xe0, 0xf, 0xf7, 0x6c,
    0x88, 0x1d, 0x30, 0x1, 0x17, 0xb2, 0x85, 0x90,
    0xec, 0xce, 0x20, 0x9, 0x37, 0x30, 0xe4, 0x7e,
    0x1, 0xab, 0x73, 0x1a, 0x20,

    /* U+5C40 "局" */
    0x0, 0x76, 0xe6, 0x77, 0x88, 0x5, 0x99, 0xe3,
    0x0, 0x8f, 0x73, 0x38, 0x3, 0xbf, 0xbb, 0xc6,
    0x0, 0x3b, 0xaa, 0xf6, 0x80, 0x52, 0x67, 0xa6,
    0x4, 0xc, 0x8c, 0x2a, 0x8e, 0x62, 0x60, 0x88,
    0x0, 0x8, 0x9c, 0x3, 0x4d, 0x3, 0xe6, 0x1c,
    0xc8, 0x51, 0x88, 0x99, 0x99, 0xb6, 0x40,

    /* U+5C42 "层" */
    0x0, 0x7e, 0x67, 0xb9, 0x0, 0x22, 0xcc, 0xf3,
    0x0, 0x62, 0xcc, 0xf2, 0x38, 0x4, 0x59, 0x9f,
    0x18, 0x7, 0x6e, 0x66, 0xd3, 0x0, 0x8, 0x83,
    0x73, 0x36, 0x98, 0x0, 0x9b, 0x31, 0xbd, 0x99,
    0x69, 0x2, 0xee, 0x61, 0xab, 0x27, 0xb4, 0x83,
    0x50, 0x1c, 0xd0, 0x1, 0x84, 0x4, 0xe6, 0x30,
    0xb9, 0x7e, 0x9e, 0x5, 0x80, 0x3f, 0xb9, 0x75,
    0x4c, 0x0,

    /* U+5C45 "居" */
    0x1, 0xfc, 0xcf, 0x79, 0x0, 0x43, 0xbb, 0xe3,
    0x0, 0xc3, 0x55, 0x75, 0x51, 0xcc, 0x2, 0x1b,
    0xb8, 0xe6, 0xec, 0x20, 0x10, 0xe6, 0x47, 0xf9,
    0x8d, 0x20, 0x33, 0x66, 0x47, 0xf9, 0x8d, 0x20,
    0x76, 0x4c, 0xc1, 0x76, 0x60, 0x80, 0x19, 0x81,
    0xbc, 0xec, 0xc0, 0x4, 0x4e, 0xe0, 0xab, 0xbc,
    0x40, 0x3, 0x91, 0x3a, 0xbb, 0xc4, 0x0, 0x17,
    0x6, 0x70, 0xd, 0x84, 0x0,

    /* U+5C4F "屏" */
    0x0, 0x7d, 0xdf, 0xb5, 0x80, 0x21, 0x1f, 0x80,
    0x38, 0xea, 0x32, 0xa9, 0x9e, 0xc0, 0x1c, 0x54,
    0x0, 0xb3, 0x0, 0xe8, 0xc2, 0xcc, 0x16, 0xd8,
    0x0, 0x5a, 0x30, 0xb3, 0x5, 0x96, 0x0, 0x51,
    0xbb, 0x1d, 0xd8, 0xae, 0xc6, 0x1b, 0x97, 0x62,
    0xbb, 0x15, 0xd8, 0xc5, 0xdc, 0x10, 0x80, 0x1e,
    0x1a, 0x16, 0x49, 0x0, 0x18, 0x6, 0x40, 0x6c,
    0x0, 0xb8, 0x2,

    /* U+5C55 "展" */
    0x2, 0xfc, 0xcf, 0x6d, 0x0, 0xc, 0x59, 0xbe,
    0x0, 0xc5, 0x7c, 0xd7, 0xc1, 0x54, 0x0, 0xd5,
    0x5, 0xb0, 0x9a, 0xe0, 0x1a, 0xfd, 0x73, 0xd3,
    0x1c, 0x2, 0x2c, 0xe5, 0xcf, 0x4c, 0xc3, 0x1,
    0x26, 0x7, 0x4b, 0x75, 0x43, 0x2, 0xe8, 0x4,
    0x8f, 0x1a, 0x80, 0xd, 0x40, 0x3a, 0x8f, 0x51,
    0x20, 0x3, 0x98, 0x86, 0xc9, 0x6e, 0xbd, 0x83,
    0x0, 0x79, 0xc0, 0x27, 0xd6,

    /* U+5C5E "属" */
    0x0, 0x7e, 0x67, 0xb9, 0x0, 0x2, 0xcd, 0xe3,
    0x0, 0x8e, 0x3b, 0xfd, 0x84, 0xe8, 0x1, 0x9,
    0x9a, 0xf, 0x24, 0x40, 0x21, 0xaf, 0x3f, 0xdd,
    0x8, 0x0, 0x40, 0x40, 0x6, 0x6, 0x0, 0x36,
    0x75, 0x0, 0xc9, 0x1, 0x79, 0x8a, 0x85, 0xd2,
    0xb5, 0x6, 0x70, 0x5c, 0xd, 0x17, 0x2, 0x91,
    0x4, 0xdb, 0x9a, 0x91, 0x27, 0x9, 0x20, 0xd,
    0xb8,

    /* U+5D29 "崩" */
    0x0, 0xf6, 0x0, 0x7d, 0xe0, 0x1f, 0x70, 0x4,
    0x95, 0x53, 0xd5, 0x48, 0x0, 0x11, 0x0, 0x36,
    0xc0, 0x3c, 0x6d, 0x1f, 0x80, 0x91, 0x4, 0x0,
    0xc6, 0x20, 0x3, 0x38, 0x3, 0x15, 0xf8, 0x0,
    0xae, 0xc0, 0x10, 0xad, 0xf8, 0x11, 0x2e, 0xc0,
    0x13, 0x32, 0xfc, 0x4, 0xee, 0xc0, 0x17, 0xdd,
    0x40, 0xa4, 0xd5, 0x0, 0x4, 0x8e, 0x9b, 0x94,
    0xa1, 0x20, 0x2, 0xd1, 0x4e, 0x6e, 0x20, 0xdf,
    0x0,

    /* U+5D4C "嵌" */
    0x0, 0xf6, 0x80, 0x78, 0x70, 0x3, 0xc9, 0x20,
    0x10, 0xdd, 0xc7, 0x76, 0x81, 0x0, 0xc, 0x5d,
    0xb3, 0xa3, 0x31, 0x0, 0x1, 0x90, 0x4, 0x85,
    0x63, 0xb8, 0xd2, 0x8a, 0xec, 0x32, 0xb0, 0x96,
    0x29, 0x45, 0x76, 0x1a, 0x9b, 0x19, 0x20, 0x1,
    0x5d, 0x80, 0xd5, 0x42, 0xa0, 0x11, 0x5d, 0x80,
    0x6, 0x12, 0x1, 0x8a, 0xec, 0x0, 0xfe, 0x7,
    0x0, 0x19, 0x5d, 0x9a, 0x50, 0xeb, 0x1c, 0xb,
    0x0, 0x11, 0x30, 0x0, 0xb7,

    /* U+5DE5 "工" */
    0xb, 0xdd, 0xbb, 0x76, 0xe3, 0x0, 0x5e, 0xec,
    0x53, 0xba, 0xe3, 0x0, 0xff, 0xfe, 0xc5, 0xde,
    0x38, 0xbb, 0xb0, 0xe6, 0xab, 0x76, 0xd5, 0x5c,
    0x60,

    /* U+5DE6 "左" */
    0x0, 0xff, 0xe2, 0x1e, 0x80, 0x7f, 0x99, 0xc0,
    0x3e, 0xad, 0xcb, 0x4c, 0xcb, 0x78, 0x1, 0x5b,
    0x85, 0xb9, 0x96, 0xf0, 0x6, 0x12, 0x30, 0xf,
    0xe9, 0x53, 0x3e, 0x10, 0x8, 0x58, 0x67, 0xbe,
    0x64, 0x40, 0x15, 0x4d, 0x51, 0xe6, 0xa8, 0x60,
    0x8, 0x7, 0x0, 0xfc, 0x88, 0xb0, 0xf, 0xe4,
    0xc7, 0xdd, 0x92, 0xf7, 0x5c, 0x80,

    /* U+5DEE "差" */
    0x0, 0x8d, 0x80, 0x8, 0xc0, 0x1e, 0x2a, 0x0,
    0x41, 0x0, 0x67, 0xcd, 0xf, 0xc0, 0x8c, 0xb0,
    0x3, 0xe6, 0x43, 0x99, 0xac, 0x2, 0xcc, 0x68,
    0x66, 0x64, 0x0, 0x17, 0x71, 0x5b, 0xbb, 0x30,
    0x84, 0x5c, 0x38, 0xdd, 0xf2, 0x5, 0x48, 0xb5,
    0xde, 0xa9, 0x50, 0x5, 0x10, 0x5f, 0xcd, 0xd0,
    0x0, 0x74, 0xa6, 0x64, 0xe9, 0x90, 0x0, 0x67,
    0x75, 0x98, 0x78, 0xcc, 0x68, 0x0,

    /* U+5DF2 "已" */
    0x8e, 0xdd, 0xf7, 0x8, 0x47, 0x6e, 0xf8, 0x3,
    0x20, 0x7, 0xf0, 0xd8, 0x7, 0xfd, 0x99, 0xe1,
    0x0, 0x87, 0x33, 0xd4, 0x20, 0x1f, 0xca, 0x1,
    0xff, 0x41, 0x0, 0x88, 0x3, 0x85, 0xc4, 0x49,
    0xfd, 0xdd, 0xec, 0x60,

    /* U+5E03 "布" */
    0x0, 0xea, 0x30, 0xf, 0xe2, 0x43, 0x0, 0xe1,
    0xdd, 0x66, 0x3, 0x33, 0x98, 0x77, 0x5e, 0x7d,
    0x7d, 0x99, 0x30, 0x5, 0xd2, 0x18, 0x20, 0x1e,
    0xb2, 0x9c, 0x5e, 0xce, 0x70, 0x1c, 0x23, 0xcc,
    0x2f, 0x64, 0x80, 0x6, 0xa4, 0x3, 0xfc, 0xc0,
    0x1f, 0x78, 0x80, 0x61, 0x0, 0xd6, 0xa8, 0x1,
    0xb4, 0x40, 0x2b, 0xd2, 0x0,

    /* U+5E26 "带" */
    0x0, 0xb8, 0x7, 0x43, 0x0, 0x31, 0x90, 0x11,
    0x0, 0x84, 0x8c, 0x1, 0x30, 0x31, 0x27, 0x5,
    0x12, 0x0, 0xaa, 0x15, 0x5a, 0xd2, 0x55, 0x0,
    0x19, 0x81, 0xcd, 0x7c, 0x7c, 0xc0, 0x0, 0x73,
    0x2f, 0x7c, 0xc8, 0x40, 0x13, 0x17, 0x6f, 0x4b,
    0xb4, 0x48, 0x1, 0xb, 0xeb, 0xce, 0xa0, 0xd0,
    0x3, 0x84, 0x40, 0x20, 0x20, 0x18, 0x40, 0x31,
    0xf9, 0x0, 0x6b, 0x40, 0x10, 0x38, 0x80, 0x0,

    /* U+5E27 "帧" */
    0x0, 0x3b, 0x0, 0x47, 0x60, 0x1e, 0x10, 0xe,
    0x5b, 0xb4, 0x80, 0x2a, 0xb0, 0x4, 0xb7, 0x69,
    0x0, 0x35, 0x51, 0xd2, 0xa1, 0x6a, 0x80, 0x1f,
    0x10, 0x55, 0x48, 0x1, 0xfc, 0x72, 0x1, 0xff,
    0xc0, 0x10, 0xf, 0xbc, 0xc0, 0x2, 0xc0, 0x1f,
    0xa1, 0xee, 0xd9, 0x3a, 0x1, 0x60, 0x7b, 0xb,
    0x23, 0xe, 0x98, 0x4, 0x20, 0xd, 0xec, 0x8,
    0x98, 0x0, 0x9d, 0x83, 0x64, 0x2, 0x7b, 0x0,

    /* U+5E38 "常" */
    0x0, 0x22, 0x0, 0xec, 0x1c, 0xc0, 0x33, 0xd0,
    0x6, 0xa2, 0x0, 0xae, 0xe, 0xfd, 0x70, 0xea,
    0xc0, 0xb, 0x59, 0x5b, 0xfb, 0xf4, 0xa0, 0x4,
    0x5f, 0xdd, 0xde, 0x6e, 0x0, 0xa0, 0x58, 0x8c,
    0x41, 0x20, 0x13, 0x69, 0x64, 0x95, 0x18, 0x4,
    0x7d, 0x54, 0x43, 0xaa, 0x69, 0x80, 0x1d, 0xd9,
    0x8f, 0x5c, 0xc3, 0xb8, 0x3, 0xf0, 0xb3, 0x1c,
    0x0, 0xb0, 0x1, 0x87, 0xa4, 0xc0,

    /* U+5E55 "幕" */
    0x0, 0x8e, 0xc0, 0x1c, 0x1, 0xd3, 0x32, 0xcc,
    0x86, 0x65, 0x0, 0x9, 0xac, 0x2c, 0xc0, 0xe5,
    0xc0, 0x5, 0x23, 0x2, 0x2a, 0xc5, 0x0, 0xed,
    0xde, 0x51, 0x0, 0xd8, 0x46, 0x42, 0x24, 0x20,
    0x1, 0x57, 0x9a, 0x8, 0x94, 0xb6, 0x80, 0xaf,
    0x9a, 0xbf, 0x21, 0xfe, 0x1, 0x37, 0xc0, 0xfb,
    0x84, 0xd9, 0x26, 0x99, 0x6c, 0xfb, 0xa7, 0x2f,
    0xb3, 0x0, 0xe, 0x80, 0x89, 0xd, 0x0, 0x0,

    /* U+5E72 "干" */
    0x7, 0xed, 0xd7, 0x73, 0x75, 0xc2, 0x0, 0x7e,
    0xdd, 0x2d, 0x6e, 0xb8, 0x40, 0x3f, 0xf9, 0xad,
    0xbb, 0x92, 0xb7, 0x70, 0x36, 0xee, 0x4a, 0xdd,
    0xc0, 0x1f, 0xfd, 0xf1, 0x0, 0xe0,

    /* U+5E73 "平" */
    0x0, 0xff, 0xe0, 0xbe, 0x65, 0xdb, 0x98, 0xd0,
    0x9, 0xe3, 0x30, 0xb3, 0x9d, 0x0, 0x1a, 0x54,
    0x3, 0x49, 0x0, 0x6f, 0xb2, 0x0, 0x33, 0xb8,
    0x3, 0x15, 0x10, 0x0, 0xf4, 0x2, 0x7d, 0xc8,
    0xc5, 0x99, 0x6e, 0xc2, 0xfb, 0x99, 0x2c, 0xe6,
    0x37, 0x42, 0x1, 0xff, 0xd2, 0x10, 0xe,

    /* U+5E76 "并" */
    0x0, 0x8c, 0x3, 0x30, 0x80, 0x74, 0xd0, 0x0,
    0xa4, 0xc0, 0x21, 0x29, 0x43, 0x25, 0x40, 0x20,
    0x2, 0x4c, 0xc, 0x4d, 0xac, 0xc8, 0x0, 0xb7,
    0x62, 0xbb, 0x7a, 0xdd, 0x80, 0x3f, 0xf8, 0x25,
    0xdb, 0xa2, 0xdd, 0x93, 0x75, 0x65, 0xdb, 0x2b,
    0xbb, 0x26, 0xea, 0xc0, 0x2f, 0xc0, 0xf, 0xe9,
    0x76, 0x0, 0xfd, 0xb, 0xa0, 0x1f, 0xd1, 0x82,
    0x1, 0x1d, 0x80, 0x40,

    /* U+5E8F "序" */
    0x0, 0xf4, 0x28, 0x7, 0xb, 0xbe, 0x39, 0x77,
    0x41, 0x81, 0xd2, 0x25, 0x1e, 0x88, 0xb2, 0x0,
    0x8f, 0xff, 0xb5, 0x84, 0x3, 0x66, 0xac, 0x4,
    0x28, 0x0, 0x44, 0x0, 0x11, 0x5f, 0x30, 0x4,
    0xef, 0x5d, 0x8c, 0x26, 0xf4, 0xc0, 0x88, 0xf7,
    0x70, 0xdd, 0x1, 0x86, 0x78, 0x7, 0x87, 0x40,
    0x55, 0xc0, 0x21, 0x0, 0xf5, 0x8, 0x1, 0x79,
    0x80, 0x30,

    /* U+5E93 "库" */
    0x0, 0xff, 0xe3, 0x69, 0x0, 0x71, 0x4c, 0xe3,
    0xe9, 0x99, 0x40, 0x4a, 0x22, 0x7e, 0x88, 0x90,
    0x2, 0x11, 0x12, 0x90, 0x8e, 0x0, 0xc, 0x5e,
    0x3d, 0xde, 0x0, 0xd1, 0xcd, 0x61, 0x77, 0x0,
    0x1c, 0xc6, 0x97, 0x13, 0x31, 0x0, 0x2, 0xe1,
    0xec, 0xc0, 0xe6, 0x20, 0x1, 0xe3, 0xba, 0xcc,
    0xe, 0x64, 0xe0, 0x8f, 0xb9, 0x90, 0xe6, 0x4e,
    0x4c, 0x20, 0x1f, 0xc0,

    /* U+5E94 "应" */
    0x0, 0xe2, 0x60, 0xf, 0xf1, 0xc8, 0x80, 0x4,
    0x0, 0x5d, 0x76, 0xa4, 0xab, 0xb5, 0x0, 0x45,
    0x77, 0xf8, 0x3, 0xcb, 0x0, 0xa, 0x50, 0x9,
    0xe5, 0x15, 0x42, 0x8, 0x80, 0x0, 0x8a, 0xe4,
    0x2a, 0x51, 0x2, 0x0, 0x62, 0x23, 0xb3, 0x2f,
    0xb8, 0x1, 0x6f, 0x4, 0x18, 0x93, 0xa0, 0x4,
    0xaa, 0x31, 0x63, 0x94, 0x33, 0x1, 0x80, 0x22,
    0x31, 0x94, 0x40, 0x4f, 0xce, 0xef, 0xf0, 0x80,

    /* U+5E95 "底" */
    0x0, 0xff, 0xe2, 0xa6, 0x80, 0x7d, 0x99, 0x41,
    0x66, 0x61, 0x0, 0x1e, 0x65, 0xf9, 0xb3, 0xa2,
    0x1, 0xae, 0xed, 0xc9, 0x20, 0x8, 0x41, 0x6e,
    0xc5, 0xb8, 0x60, 0x1f, 0x84, 0x3, 0x84, 0x80,
    0x73, 0x3, 0xb9, 0xa0, 0x5, 0x60, 0x1c, 0xc3,
    0x46, 0x68, 0x3, 0x34, 0x0, 0xb1, 0x5c, 0x1,
    0x99, 0x44, 0x52, 0x6, 0xf, 0x68, 0x85, 0x21,
    0x8c, 0x44, 0x56, 0x32, 0x22, 0xc0, 0xe, 0x18,
    0x83, 0x7a, 0x0,

    /* U+5EA6 "度" */
    0x0, 0xff, 0xe2, 0x8e, 0x80, 0x78, 0xae, 0xea,
    0x2c, 0xbb, 0x48, 0x0, 0x42, 0xea, 0x7f, 0x22,
    0xa0, 0x3, 0x8a, 0x40, 0x1c, 0x2, 0x1, 0xd,
    0x7a, 0xdd, 0x8a, 0xa8, 0x0, 0x70, 0xaf, 0x2f,
    0xf1, 0x55, 0x0, 0x23, 0x2, 0xb3, 0x35, 0x8,
    0x4, 0x5c, 0xdb, 0x39, 0x89, 0x80, 0xb, 0xc9,
    0xb0, 0xa2, 0x5, 0x0, 0x12, 0x20, 0x1, 0xdb,
    0xae, 0x0, 0x8d, 0xca, 0x6e, 0x64, 0xdd, 0x96,
    0x66, 0xa3, 0xda, 0xb7, 0x8c, 0xc4, 0x18,

    /* U+5EA7 "座" */
    0x0, 0xe1, 0x70, 0xf, 0x88, 0xa3, 0x83, 0x22,
    0x80, 0x7, 0x97, 0x72, 0x6d, 0xdc, 0x1, 0x2c,
    0x87, 0x42, 0xc9, 0x68, 0x6, 0x16, 0x30, 0x0,
    0xa2, 0x80, 0x68, 0x59, 0x40, 0xb5, 0xc2, 0x7,
    0x0, 0x5f, 0x88, 0x2, 0xb8, 0xc0, 0x4f, 0x75,
    0x34, 0xa3, 0x72, 0x21, 0xbc, 0x99, 0x7e, 0xb7,
    0x6a, 0x0, 0x2a, 0x0, 0x7f, 0x10, 0x9e, 0xdd,
    0xbd, 0x6e, 0xe8, 0x2c, 0x1d, 0xbb, 0x67, 0x5d,
    0xd0,

    /* U+5EB7 "康" */
    0x0, 0xe3, 0xa0, 0xf, 0xd, 0x55, 0x2b, 0x55,
    0x48, 0x4, 0xf5, 0x50, 0xd5, 0x52, 0x1, 0x96,
    0xec, 0x37, 0x6f, 0x0, 0x84, 0x34, 0xcc, 0x6,
    0x60, 0x81, 0x1, 0xb, 0xb8, 0x6e, 0xc3, 0x82,
    0x6, 0x2d, 0x32, 0x1e, 0x94, 0x40, 0x1, 0xd7,
    0xfd, 0x62, 0x28, 0x61, 0x0, 0x7e, 0x57, 0x50,
    0xc6, 0xc8, 0x82, 0x25, 0x65, 0x42, 0x95, 0x6e,
    0x2f, 0x63, 0x10, 0xf7, 0x5, 0xcf, 0x10,

    /* U+5EF6 "延" */
    0x0, 0xfc, 0xb0, 0x0, 0x6c, 0xd9, 0x2a, 0xcf,
    0xef, 0x10, 0x6c, 0x1b, 0x2e, 0xc4, 0x87, 0x10,
    0x2, 0x31, 0x0, 0x80, 0x7d, 0x43, 0x21, 0x62,
    0x11, 0x46, 0x0, 0xc8, 0x40, 0xd, 0x14, 0x60,
    0x4e, 0xe4, 0x0, 0x8, 0x7, 0x1c, 0x6e, 0x0,
    0x4, 0x3, 0x86, 0xd9, 0x1, 0x75, 0xff, 0x14,
    0x1, 0xa9, 0xad, 0x39, 0x99, 0x41, 0xc6, 0xf4,
    0x67, 0x76, 0xee, 0xb, 0xd0, 0xb, 0xde, 0xed,
    0xdc, 0x10,

    /* U+5EFA "建" */
    0x0, 0xfb, 0x40, 0x3a, 0x6a, 0x47, 0x2c, 0xaf,
    0x4, 0x1, 0x1e, 0x22, 0xcb, 0x2b, 0x73, 0x0,
    0xf, 0x54, 0x5d, 0x8a, 0xd7, 0x8c, 0x15, 0xc6,
    0xf, 0x7, 0xf, 0x8c, 0x1, 0x7a, 0x36, 0xa6,
    0xbe, 0x40, 0xd, 0x73, 0x28, 0x92, 0x99, 0x0,
    0x43, 0xe, 0x53, 0x22, 0x99, 0x10, 0x2, 0x1f,
    0x1e, 0x20, 0x51, 0xb, 0x0, 0x29, 0x50, 0xc5,
    0x15, 0x52, 0x40, 0x67, 0x30, 0x13, 0xa7, 0xdd,
    0x20, 0xe8, 0x83, 0xde, 0xf7, 0x64,

    /* U+5F00 "开" */
    0x0, 0xff, 0xe0, 0xbf, 0x6f, 0xee, 0xbf, 0xb5,
    0xc0, 0xf, 0xda, 0x39, 0xa7, 0xba, 0x70, 0xf,
    0xfe, 0x6a, 0xf6, 0xe0, 0xe6, 0xf, 0xb7, 0x85,
    0x7b, 0x70, 0x37, 0xf, 0xb7, 0x84, 0x2, 0x54,
    0x0, 0xff, 0x47, 0x0, 0x7e, 0x1c, 0x75, 0x0,
    0xfd, 0x2b, 0x40, 0x19, 0xc0, 0x20,

    /* U+5F02 "异" */
    0x0, 0x75, 0xdf, 0xb4, 0x3, 0x18, 0x8, 0xe0,
    0x10, 0xe, 0xaa, 0xd7, 0x5a, 0x60, 0x19, 0x44,
    0x60, 0x1, 0xe8, 0x5, 0x7d, 0x77, 0xaa, 0x2c,
    0x2, 0x6a, 0x5a, 0xa4, 0x35, 0x28, 0xe, 0xe6,
    0x3, 0x31, 0xe5, 0x9a, 0xe3, 0xb9, 0x2d, 0x98,
    0xf3, 0xcd, 0x70, 0x2, 0xc5, 0x80, 0x7e, 0xaf,
    0xf1, 0x0, 0x42, 0x1, 0xaa, 0x84, 0x1, 0x16,
    0x80, 0x40,

    /* U+5F03 "弃" */
    0x0, 0xe4, 0x30, 0xf, 0x8, 0xec, 0xa1, 0x1c,
    0x5, 0x57, 0x6c, 0x53, 0xbb, 0xa8, 0x4a, 0xeb,
    0x87, 0x2b, 0xca, 0xac, 0x40, 0x13, 0x6d, 0x75,
    0xeb, 0x20, 0x1a, 0xaf, 0x2a, 0x91, 0xda, 0x1,
    0x8d, 0xac, 0x0, 0x96, 0x80, 0x5, 0xdc, 0xf3,
    0xcc, 0x43, 0x66, 0xa2, 0xee, 0x5b, 0x66, 0x22,
    0x73, 0x50, 0x0, 0x57, 0x40, 0x1f, 0x97, 0xf8,
    0x80, 0x3, 0xe0, 0x19, 0x74, 0xc0, 0x27, 0x80,
    0x8,

    /* U+5F0F "式" */
    0x0, 0xff, 0xe3, 0x79, 0x38, 0x80, 0x7e, 0x10,
    0xdb, 0x0, 0x84, 0x78, 0x6, 0x34, 0x41, 0x37,
    0x78, 0x3f, 0xae, 0x81, 0x33, 0x39, 0x27, 0x31,
    0x60, 0xa, 0xcd, 0xd5, 0xee, 0x80, 0x3a, 0xb0,
    0x32, 0xd5, 0x40, 0x1f, 0xe2, 0x3, 0x0, 0xf9,
    0x5c, 0xee, 0x1, 0x88, 0x22, 0xc3, 0x48, 0x8c,
    0xc8, 0xb7, 0x0, 0x46, 0xca, 0x88, 0x62, 0x1a,
    0x84, 0x18, 0x7, 0xe, 0x70, 0x0,

    /* U+5F15 "引" */
    0x0, 0xfc, 0xe2, 0x7b, 0x98, 0xde, 0x0, 0x59,
    0x1e, 0xe6, 0x46, 0x1, 0x8, 0xae, 0xea, 0x30,
    0xe, 0x6a, 0xab, 0x80, 0x31, 0x88, 0xe0, 0xf,
    0xe, 0x65, 0xa0, 0x18, 0xb7, 0x31, 0xc2, 0x1,
    0xf9, 0x98, 0x1, 0xe1, 0x16, 0x90, 0x7, 0xbf,
    0x96, 0x80, 0x21, 0x0, 0x77, 0xe1, 0x0, 0x30,
    0xc0,

    /* U+5F39 "弹" */
    0x0, 0xe2, 0x60, 0x37, 0x0, 0x26, 0x63, 0xc0,
    0xec, 0x27, 0xc0, 0x9, 0x98, 0x22, 0x6b, 0x62,
    0x1d, 0x0, 0x26, 0x46, 0x2d, 0x63, 0xd6, 0xe0,
    0x29, 0x78, 0x9, 0x85, 0x98, 0x0, 0x18, 0x8,
    0x81, 0x30, 0xb3, 0x0, 0x3, 0x5b, 0xc0, 0x4c,
    0x2c, 0xc0, 0x0, 0x62, 0x4, 0x7d, 0x85, 0x98,
    0xd0, 0x8, 0x45, 0x57, 0x62, 0xbb, 0x88, 0x1a,
    0xda, 0xae, 0xc5, 0x77, 0x10, 0x3, 0x6c, 0x2,
    0x30, 0xc,

    /* U+5F3A "强" */
    0x0, 0xff, 0xe0, 0x15, 0xdb, 0x92, 0x32, 0xed,
    0xc2, 0x5, 0x76, 0x40, 0x5, 0x44, 0x8, 0x2,
    0xa9, 0x67, 0xb0, 0xd5, 0xa1, 0x0, 0x24, 0xe1,
    0xd7, 0x87, 0xf9, 0x40, 0x2, 0xaa, 0x4, 0x83,
    0x8f, 0xd0, 0x4, 0x15, 0x80, 0x4, 0x4, 0x3,
    0x3b, 0x8c, 0xe, 0xca, 0xf7, 0x80, 0x3d, 0xd6,
    0x57, 0x86, 0x0, 0x26, 0x12, 0x68, 0x3b, 0xd8,
    0x0, 0x56, 0x78, 0x7e, 0xfd, 0xd5, 0x88,

    /* U+5F52 "归" */
    0x0, 0x8b, 0x40, 0x3e, 0x90, 0xa, 0xb7, 0x33,
    0x3, 0x81, 0x8d, 0x6e, 0x63, 0x48, 0x2, 0x30,
    0xf, 0xf0, 0xb8, 0x7, 0xf3, 0x89, 0x6e, 0x63,
    0x40, 0x36, 0x69, 0x6e, 0x63, 0x40, 0xc, 0xa,
    0xc0, 0x1f, 0x44, 0x10, 0x2e, 0xab, 0x0, 0x21,
    0x64, 0x66, 0x22, 0x91, 0x1b, 0x0, 0x4, 0x5d,
    0x40,

    /* U+5F53 "当" */
    0x1, 0x0, 0x1e, 0x80, 0x46, 0x0, 0xa8, 0x1,
    0x0, 0xa3, 0xc0, 0x12, 0xe6, 0x1, 0x2b, 0x70,
    0x0, 0xa8, 0x80, 0x21, 0xa2, 0x4, 0xbe, 0xa9,
    0x2b, 0xff, 0x50, 0x25, 0x56, 0xea, 0xa4, 0xa0,
    0x0, 0x47, 0xe3, 0x0, 0xb3, 0x77, 0xd8, 0x1,
    0x66, 0xef, 0xb0, 0x0, 0x99, 0x9f, 0x68, 0x1,
    0x33, 0x3e, 0xd0, 0x0,

    /* U+5F55 "录" */
    0x0, 0x8, 0x7, 0xfd, 0x59, 0x9e, 0xe0, 0xd,
    0x33, 0xea, 0x30, 0xe, 0x33, 0xee, 0x60, 0x0,
    0xdc, 0xee, 0xf2, 0x2d, 0xb0, 0xd7, 0xdd, 0xa1,
    0xef, 0x36, 0x98, 0x7, 0x68, 0x0, 0x64, 0xfc,
    0x60, 0x14, 0xe3, 0xd0, 0xe6, 0xe8, 0x80, 0x26,
    0xaf, 0xd2, 0xd7, 0x50, 0xb, 0x7f, 0x60, 0x40,
    0xf3, 0xf9, 0x3, 0x64, 0x4e, 0xe8, 0x6, 0xb5,
    0x0, 0x31, 0xf3, 0x0, 0x46, 0x0,

    /* U+5F62 "形" */
    0x0, 0xfe, 0x22, 0x0, 0x2b, 0xb3, 0x1f, 0x82,
    0x1c, 0xa0, 0xa, 0x5e, 0xd3, 0xc1, 0x86, 0x70,
    0xf, 0xd0, 0x94, 0x1, 0xfd, 0x78, 0x7a, 0x5,
    0xa9, 0xf8, 0x78, 0x25, 0xdc, 0x2, 0xd2, 0xdc,
    0x3c, 0x7c, 0xe3, 0x0, 0xfd, 0xf8, 0x74, 0xa0,
    0x6c, 0x1, 0xa8, 0xac, 0x14, 0x23, 0x80, 0x31,
    0xee, 0x50, 0x10, 0x28, 0x1, 0xb, 0xa5, 0xc0,
    0x5, 0x60, 0x1, 0x82, 0xd4, 0x0, 0x80,

    /* U+5F71 "影" */
    0x0, 0xff, 0xe0, 0xae, 0xd5, 0x5a, 0x0, 0xa9,
    0x0, 0xc2, 0x30, 0x2, 0x4a, 0x40, 0xc, 0xa4,
    0x6, 0xa7, 0x90, 0xa0, 0x52, 0x24, 0xa2, 0x2b,
    0x54, 0x90, 0x29, 0xec, 0x9e, 0xf9, 0x28, 0xd0,
    0x3, 0x58, 0x5, 0x6b, 0xfc, 0x20, 0x1, 0x16,
    0x5e, 0xa, 0x61, 0x4c, 0x2, 0x4d, 0xc, 0x70,
    0xc, 0x14, 0x4, 0xe0, 0x5, 0x3, 0x65, 0x60,
    0xc, 0x8c, 0x43, 0x8f, 0xda, 0x0, 0x94, 0x36,
    0x40, 0xb9, 0x80, 0x20,

    /* U+5F81 "征" */
    0x0, 0xff, 0xe1, 0x2d, 0x0, 0x7f, 0xd, 0xcb,
    0x6e, 0xbb, 0x75, 0xc0, 0x3b, 0x6, 0xdb, 0xa3,
    0xfd, 0xe0, 0x25, 0x4d, 0x0, 0xfc, 0x73, 0x25,
    0x4, 0x0, 0xf9, 0x92, 0x2, 0x80, 0x1f, 0xb6,
    0x9, 0x62, 0x1, 0xdf, 0xb6, 0xd, 0xe0, 0x1f,
    0xe2, 0x20, 0x7, 0xff, 0x4, 0x8c, 0x8, 0xd8,
    0x88, 0x1, 0x92, 0x52, 0x13, 0xa2, 0x4,

    /* U+5F84 "径" */
    0x0, 0x9c, 0x3, 0xfd, 0x40, 0x79, 0x9c, 0x20,
    0xb, 0x25, 0x3c, 0xc9, 0xe4, 0x40, 0xb6, 0x3c,
    0xc0, 0xb1, 0xd4, 0x0, 0x4d, 0x50, 0x31, 0xdf,
    0x5a, 0xa0, 0xb, 0x55, 0x5e, 0xe1, 0xb7, 0xe8,
    0x37, 0x10, 0x6c, 0xdd, 0xd3, 0xa0, 0xca, 0x0,
    0x4d, 0xa5, 0xaa, 0x28, 0x7, 0x84, 0x40, 0x22,
    0x0, 0xff, 0xe2, 0xae, 0xe6, 0xb, 0x31, 0xa4,

    /* U+5F85 "待" */
    0x0, 0x15, 0x0, 0xe, 0xc0, 0x3d, 0xde, 0x0,
    0x10, 0xf, 0x5d, 0x95, 0x59, 0xcb, 0x98, 0x20,
    0x23, 0x7d, 0x4c, 0xe5, 0xcc, 0x10, 0x14, 0x55,
    0x37, 0x39, 0x73, 0x25, 0x7, 0x56, 0xcc, 0xba,
    0xeb, 0x15, 0xb4, 0x83, 0x73, 0x29, 0x8d, 0x36,
    0xa0, 0x6, 0xa6, 0x62, 0x63, 0x4c, 0x3, 0x8a,
    0x40, 0x3f, 0xd7, 0x63, 0xd0, 0xf, 0xc2, 0x56,
    0xe, 0x0,

    /* U+5F97 "得" */
    0x0, 0x88, 0x3, 0xfd, 0x32, 0xf, 0xbb, 0xb5,
    0xc0, 0x12, 0xb4, 0x2, 0x1, 0xf0, 0xf6, 0x89,
    0xdd, 0xe0, 0xa, 0x20, 0xc2, 0xd9, 0x95, 0x10,
    0x2, 0x56, 0x94, 0xd1, 0x36, 0x82, 0x28, 0x82,
    0x55, 0x65, 0xa0, 0x4c, 0x33, 0x6f, 0x76, 0x2e,
    0x50, 0x8, 0xf1, 0xf3, 0x22, 0xc5, 0x0, 0xe2,
    0x60, 0x10, 0xe, 0x30, 0x4, 0xb2, 0xf5, 0x0,
    0x6e, 0x0, 0xcb, 0xee, 0x0,

    /* U+5FAA "循" */
    0x0, 0x21, 0x80, 0x4, 0x91, 0xdc, 0x1, 0x48,
    0xdd, 0xaa, 0x6b, 0xc4, 0x1, 0x54, 0x20, 0xab,
    0x92, 0x86, 0x1, 0x5, 0xb0, 0x9a, 0xe2, 0xaa,
    0x30, 0xd7, 0x78, 0x44, 0x29, 0x22, 0xd8, 0x24,
    0x90, 0x1, 0x9c, 0x55, 0x80, 0x46, 0x60, 0x8,
    0xc4, 0x70, 0x15, 0x0, 0x1c, 0x1, 0x77, 0x0,
    0x71, 0x38, 0x1, 0x12, 0x0, 0xea, 0xc0, 0x3d,
    0xd8, 0x3, 0x1d, 0xa8, 0x1d, 0xdc, 0x20, 0x17,
    0x99, 0x6, 0x0, 0x5a, 0x0,

    /* U+5FC3 "心" */
    0x0, 0xe6, 0x0, 0xff, 0xa9, 0xc0, 0x3f, 0xdd,
    0x4, 0x1, 0xf8, 0xcb, 0x8, 0x3, 0x95, 0x83,
    0x0, 0xc0, 0x6c, 0x2, 0xf1, 0x0, 0xe1, 0x8,
    0x0, 0x39, 0x80, 0x7a, 0x9c, 0xc4, 0x90, 0x3,
    0xc3, 0x44, 0x6c, 0x1, 0xe2, 0x35, 0x12, 0x90,
    0x8, 0x40, 0xb, 0x20, 0x1e, 0x3e, 0xff, 0x47,
    0x0, 0x7b, 0x3f, 0xf2, 0x0, 0x0,

    /* U+5FC5 "必" */
    0x0, 0xc2, 0x40, 0x1f, 0xe4, 0xf0, 0x2, 0x88,
    0x7, 0x95, 0xe0, 0x29, 0x40, 0x38, 0x56, 0xa1,
    0x91, 0x0, 0x12, 0x21, 0x64, 0x1, 0x7f, 0x0,
    0x17, 0x93, 0x80, 0x21, 0xd1, 0x60, 0x0, 0x8e,
    0x0, 0x46, 0xb0, 0xf7, 0x44, 0x84, 0xa, 0xb4,
    0x40, 0xa9, 0x92, 0xc6, 0x43, 0x4c, 0x15, 0x14,
    0x86, 0xbc, 0xc, 0x84, 0x5c, 0x60, 0x1, 0xcf,
    0xa7, 0xcc, 0x81, 0x80, 0x0,

    /* U+5FD7 "志" */
    0x0, 0xe5, 0xa0, 0xf, 0xfe, 0x29, 0x6e, 0x65,
    0x9, 0x99, 0x68, 0x16, 0xe6, 0x50, 0x99, 0x96,
    0x80, 0x7f, 0xf0, 0x87, 0x73, 0x12, 0xd9, 0x8d,
    0x20, 0x0, 0xee, 0x63, 0xa7, 0x31, 0xa4, 0x0,
    0x1a, 0x28, 0x3b, 0x20, 0xc2, 0x0, 0x41, 0xa,
    0xd, 0x80, 0x27, 0xc4, 0xda, 0x40, 0x25, 0x2c,
    0x7a, 0x23, 0xb1, 0x22, 0x6e, 0xb8, 0x9, 0xcc,
    0x10, 0x7, 0xb7, 0x5d, 0x80, 0x10,

    /* U+5FEB "快" */
    0x0, 0xff, 0xe1, 0x70, 0x4, 0x58, 0x1, 0xe3,
    0x0, 0xff, 0x18, 0x31, 0xe7, 0x15, 0xd8, 0x0,
    0x50, 0x0, 0xac, 0xe5, 0xb6, 0x0, 0x31, 0x3,
    0x20, 0x7, 0xc7, 0xc0, 0xc, 0x0, 0xf9, 0x58,
    0x0, 0xd7, 0xc9, 0x8d, 0x66, 0x42, 0x0, 0x7b,
    0x47, 0x5b, 0xb1, 0x80, 0x71, 0x24, 0x2, 0x80,
    0x78, 0xff, 0x82, 0x64, 0xe0, 0x11, 0x97, 0xf1,
    0x0, 0x37, 0x8,

    /* U+5FFD "忽" */
    0x0, 0xac, 0x40, 0x3f, 0x99, 0x2e, 0xab, 0x38,
    0x4, 0x57, 0xad, 0xe6, 0x5f, 0x80, 0x17, 0x4b,
    0x2, 0xa5, 0x8, 0x80, 0x2d, 0x69, 0xe5, 0x72,
    0x13, 0x0, 0x8b, 0xe4, 0x2e, 0x3, 0x78, 0x2,
    0x3f, 0x6c, 0xa2, 0xc5, 0x50, 0x4, 0x46, 0x59,
    0xe9, 0x9a, 0xe0, 0x14, 0xae, 0x84, 0x60, 0x2,
    0x50, 0x9, 0x90, 0x0, 0x70, 0x37, 0xd2, 0x7,
    0x20, 0xff, 0x99, 0x8b, 0x40,

    /* U+6001 "态" */
    0x0, 0xe9, 0x10, 0xf, 0xe1, 0x71, 0x0, 0xe2,
    0xdd, 0xbc, 0x3b, 0x9b, 0xac, 0x2, 0xdd, 0x8f,
    0x70, 0xb7, 0x58, 0x1, 0xa9, 0x9c, 0x92, 0x40,
    0x31, 0xe1, 0xc4, 0xa4, 0xe, 0x30, 0x8b, 0xa6,
    0x47, 0xea, 0x11, 0xfe, 0x11, 0x7b, 0x92, 0xd,
    0x0, 0x2e, 0x40, 0x16, 0x8f, 0xe6, 0x40, 0x15,
    0x0, 0x1d, 0xc2, 0x0, 0x90, 0xda, 0x62, 0x24,
    0xb, 0x2e, 0xeb, 0x98, 0xb0, 0x80,

    /* U+6027 "性" */
    0x0, 0x8, 0x7, 0xfd, 0x82, 0x1, 0x59, 0x80,
    0x7e, 0xa2, 0x0, 0xfc, 0xe0, 0x84, 0x1, 0xc5,
    0x41, 0xec, 0x38, 0xbd, 0x8e, 0xe, 0x41, 0x5a,
    0xf8, 0xbd, 0x8e, 0x7, 0x80, 0x5b, 0x40, 0x1e,
    0x64, 0x0, 0x34, 0x62, 0xf6, 0xb0, 0x7, 0xab,
    0x17, 0xb5, 0x80, 0x3f, 0xfa, 0x2f, 0x98, 0x7f,
    0xcc, 0x0,

    /* U+603B "总" */
    0x0, 0xf8, 0x80, 0x3d, 0xa2, 0x3, 0x80, 0x1c,
    0x34, 0xc2, 0xcc, 0x10, 0xd, 0xfd, 0xc8, 0xe1,
    0xf3, 0x0, 0x8e, 0x67, 0x94, 0x3, 0x1e, 0x67,
    0x28, 0x6, 0xec, 0xc7, 0x66, 0x38, 0xc0, 0x8,
    0x4c, 0x3e, 0x40, 0xaa, 0x0, 0x78, 0x50, 0x4d,
    0x2, 0x42, 0xb, 0x13, 0x82, 0x41, 0x4f, 0x68,
    0x48, 0x16, 0xdd, 0xbf, 0xc7, 0x22, 0x81, 0x39,
    0x76, 0xd7, 0x0, 0x0,

    /* U+6062 "恢" */
    0x0, 0xf1, 0x0, 0x7d, 0xa0, 0x17, 0x80, 0x7f,
    0x56, 0x9e, 0x66, 0x4, 0xa0, 0xae, 0x5b, 0xe8,
    0xcc, 0x1, 0x68, 0x76, 0x23, 0xbb, 0x80, 0xc3,
    0xcc, 0x12, 0xdb, 0xc8, 0x8d, 0x41, 0x68, 0x0,
    0xfc, 0x1f, 0x1a, 0xb0, 0x20, 0x3, 0xb3, 0xfa,
    0xab, 0x88, 0x3, 0x7d, 0x8a, 0x24, 0xa0, 0x1d,
    0x3, 0x17, 0x31, 0x4e, 0x1, 0x18, 0x60, 0xe0,
    0x3, 0x34, 0x40, 0x1c, 0x19, 0x20, 0x10, 0xd0,
    0x80,

    /* U+606F "息" */
    0x0, 0xca, 0xc0, 0x1f, 0x99, 0xe7, 0x1d, 0xf0,
    0x6, 0xb4, 0xe8, 0x55, 0xa4, 0x3, 0xa6, 0x23,
    0x80, 0x3c, 0x5b, 0xbc, 0x1, 0xeb, 0x55, 0xe0,
    0xe, 0x49, 0x88, 0xe7, 0x0, 0xd3, 0x28, 0x87,
    0x55, 0x40, 0x15, 0x1d, 0x38, 0x50, 0x2, 0xa4,
    0x5, 0xcc, 0x0, 0x5e, 0x13, 0x8, 0x66, 0x80,
    0xf8, 0xba, 0xb5, 0x1d, 0x30,

    /* U+60AC "悬" */
    0x0, 0x66, 0x7b, 0xc0, 0x39, 0xf7, 0x33, 0x10,
    0x7, 0xaa, 0xef, 0x10, 0x7, 0x88, 0xcf, 0x8,
    0x7, 0xb6, 0xef, 0x0, 0x69, 0xb0, 0x8d, 0x88,
    0x79, 0x5e, 0xc, 0xdd, 0x5, 0x52, 0x5c, 0x2b,
    0x4, 0x1, 0x8f, 0xd1, 0x58, 0x90, 0x1, 0x37,
    0x9c, 0x7f, 0x9e, 0x78, 0x0, 0x30, 0x48, 0x2e,
    0x48, 0xb8, 0xe0, 0x8c, 0xd, 0xdb, 0x34, 0x14,
    0x20,

    /* U+60C5 "情" */
    0x0, 0x70, 0x8, 0xdc, 0x23, 0x0, 0x46, 0xd,
    0x76, 0x1b, 0xb4, 0x80, 0x1c, 0x20, 0xc4, 0x40,
    0x22, 0xd0, 0x2d, 0x0, 0xc, 0x40, 0x62, 0xc,
    0xf, 0xa1, 0x1b, 0x54, 0x7a, 0xa8, 0x81, 0x0,
    0x10, 0x64, 0x5a, 0xc9, 0x4c, 0x2, 0x78, 0x89,
    0xc0, 0x3f, 0x22, 0x42, 0x1, 0xf1, 0xe6, 0x46,
    0x1, 0xf1, 0xdd, 0xc8, 0x1, 0xfe, 0x47, 0x20,

    /* U+610F "意" */
    0x0, 0xe2, 0xb0, 0xf, 0x3d, 0xdd, 0x29, 0x77,
    0x50, 0x1, 0xee, 0x82, 0xff, 0x72, 0xe8, 0xa,
    0xea, 0xc6, 0xa9, 0xba, 0xab, 0x72, 0xbf, 0x0,
    0xc2, 0x7, 0x6e, 0x0, 0xd2, 0x99, 0xe7, 0x0,
    0xde, 0x95, 0x5c, 0x1, 0xde, 0x24, 0x5c, 0x1,
    0x86, 0x7e, 0x68, 0xee, 0xde, 0x80, 0x8, 0x74,
    0xa1, 0x21, 0x83, 0x93, 0x4, 0x62, 0x5b, 0x1a,
    0x52, 0xe6, 0xd, 0x4, 0xdb, 0xbb, 0x40, 0xd4,

    /* U+611F "感" */
    0x0, 0xf1, 0x92, 0x80, 0x71, 0x16, 0xb5, 0x27,
    0x20, 0x1, 0xfc, 0x44, 0x97, 0xba, 0x80, 0x9,
    0x8, 0xcd, 0xd, 0x4d, 0x40, 0x18, 0x40, 0xa,
    0xee, 0x40, 0x9, 0x78, 0xa4, 0xcc, 0xb1, 0x20,
    0x16, 0x1b, 0x53, 0x81, 0xa, 0x51, 0x8b, 0x26,
    0xd7, 0x2e, 0xe7, 0x39, 0x8f, 0x2a, 0x2c, 0x8b,
    0x97, 0xe0, 0x1, 0x48, 0xab, 0x50, 0x81, 0xd0,
    0x7, 0xb2, 0xd6, 0xfe, 0x92, 0xd8, 0x80,

    /* U+6162 "慢" */
    0x0, 0x70, 0x7, 0xfc, 0x60, 0x3d, 0x55, 0x71,
    0x0, 0x66, 0x10, 0xf, 0x8b, 0x3, 0xd5, 0x46,
    0x72, 0x80, 0x1d, 0x2, 0x38, 0x54, 0xd4, 0x78,
    0x1, 0x60, 0x2f, 0x61, 0x61, 0x62, 0xa, 0x60,
    0x4, 0x85, 0x85, 0x84, 0x0, 0xed, 0x45, 0x33,
    0x3e, 0x0, 0x72, 0xf8, 0x49, 0xb2, 0x80, 0x7c,
    0xba, 0x98, 0x1, 0x8c, 0xb6, 0x37, 0xbf, 0x30,
    0x40,

    /* U+6210 "成" */
    0x0, 0xff, 0xe3, 0x25, 0x24, 0x0, 0x7e, 0x70,
    0x42, 0x40, 0x1, 0x5d, 0xef, 0x4b, 0x18, 0x0,
    0x8, 0x55, 0x5c, 0x55, 0x4d, 0x0, 0xc2, 0x31,
    0x8, 0xa5, 0x0, 0x24, 0xdd, 0x70, 0x4, 0xae,
    0x0, 0x75, 0xdd, 0x18, 0x33, 0xb8, 0x80, 0x2,
    0x60, 0x22, 0xc, 0x88, 0x0, 0x5b, 0xc0, 0x8c,
    0x1a, 0x44, 0x31, 0x5, 0x49, 0x8f, 0xa3, 0x58,
    0xa7, 0x41, 0x39, 0xc8, 0xd9, 0x84, 0x64, 0x46,
    0x0, 0x7, 0x1c, 0x1, 0x9c, 0x40,

    /* U+6216 "或" */
    0x0, 0xff, 0xe3, 0x69, 0x60, 0x80, 0x7f, 0x1c,
    0xc8, 0x0, 0xb9, 0x9c, 0x5b, 0x29, 0x20, 0xb9,
    0x9c, 0x9d, 0x98, 0x90, 0x4, 0x66, 0x40, 0x2c,
    0xe, 0x20, 0x2, 0xfc, 0x10, 0x22, 0xa8, 0x40,
    0x3e, 0xde, 0xbb, 0x0, 0x5b, 0xf8, 0x20, 0x8c,
    0xac, 0x1, 0x3e, 0x7d, 0x38, 0x2, 0x80, 0x24,
    0xcd, 0x90, 0x2d, 0x9b, 0xc, 0x5, 0xfd, 0xa1,
    0x8f, 0x7a, 0xe0, 0x0, 0x98, 0x1, 0x74, 0xc1,
    0xf7, 0x0,

    /* U+622A "截" */
    0x0, 0xa8, 0xc0, 0x74, 0x64, 0x2, 0xad, 0x4e,
    0xd2, 0x1, 0x54, 0x0, 0x5e, 0xa7, 0x69, 0x80,
    0x35, 0x1, 0xaa, 0xc6, 0x2e, 0xc5, 0x75, 0x62,
    0xdc, 0x1e, 0xf3, 0x22, 0xb8, 0x80, 0x95, 0x96,
    0x8d, 0x20, 0x8a, 0x94, 0x28, 0x95, 0x46, 0x60,
    0x55, 0x23, 0x4, 0x35, 0x5a, 0xf2, 0x64, 0xa8,
    0x6, 0x10, 0x73, 0x17, 0x2a, 0x0, 0xd7, 0x61,
    0xab, 0xe6, 0x9a, 0x40, 0x7, 0x66, 0xfb, 0x4c,
    0xb1, 0x58, 0x28, 0x80, 0x7, 0xea, 0xf, 0xe4,

    /* U+6233 "戳" */
    0x0, 0xfd, 0x0, 0x10, 0xdd, 0x64, 0x56, 0x2,
    0xb3, 0x80, 0x9f, 0xb8, 0x4b, 0x80, 0x1b, 0xc0,
    0x15, 0xaf, 0x96, 0xe0, 0x7, 0x34, 0x8, 0xeb,
    0x3b, 0x6b, 0x33, 0x52, 0x5, 0xc0, 0xdb, 0xcd,
    0x92, 0x4a, 0x85, 0x91, 0x0, 0xe, 0xe, 0x4a,
    0xa4, 0x1, 0xd2, 0xd2, 0x3, 0xea, 0x4, 0x80,
    0x1, 0x81, 0x86, 0x93, 0x80, 0x4d, 0x63, 0x4e,
    0x52, 0x66, 0x70, 0x2, 0xc3, 0x4d, 0x4f, 0x73,
    0x74, 0x5, 0xd5, 0x54, 0x59, 0x1f, 0xd8,

    /* U+6237 "户" */
    0x0, 0xff, 0xe2, 0x34, 0x80, 0x7f, 0x3a, 0x80,
    0x7a, 0xf7, 0x58, 0x3b, 0xb5, 0x80, 0x1b, 0x37,
    0x7b, 0x98, 0x3, 0xff, 0x84, 0x45, 0xe7, 0x0,
    0x8e, 0x26, 0x7b, 0xc0, 0x2, 0x2b, 0xbf, 0xb4,
    0x1d, 0x0, 0x3f, 0xc, 0x78, 0x7, 0xe4, 0x74,
    0x0, 0xfc,

    /* U+6240 "所" */
    0x0, 0xc6, 0x1, 0x84, 0xc0, 0x3, 0x98, 0x93,
    0x9c, 0xc5, 0x50, 0x0, 0x61, 0x94, 0x65, 0xd9,
    0x72, 0x0, 0x32, 0x77, 0x0, 0x7f, 0x19, 0xa8,
    0x43, 0xb3, 0x25, 0x0, 0xa, 0x30, 0x3e, 0xe1,
    0x62, 0x81, 0x80, 0xb8, 0x8, 0x80, 0x38, 0x4a,
    0x9c, 0x3, 0xf3, 0x3d, 0xd9, 0x50, 0x3, 0xdf,
    0x80, 0x8, 0xa0, 0xf, 0x32, 0x83, 0x29, 0x80,
    0x4, 0x2, 0xc0, 0x3, 0x48, 0x5, 0xe0, 0x0,

    /* U+6247 "扇" */
    0x0, 0xff, 0xe2, 0x8e, 0x80, 0x78, 0xb3, 0x2d,
    0x2c, 0xca, 0x80, 0x2, 0xf9, 0x97, 0xe6, 0x35,
    0xc0, 0x25, 0xbb, 0xf6, 0x98, 0x4, 0xb5, 0x5e,
    0xdf, 0x0, 0x38, 0xa5, 0x53, 0xde, 0xa9, 0xc2,
    0x2, 0x6f, 0xb6, 0x9, 0x96, 0x20, 0x2, 0xe2,
    0xf2, 0x2, 0xf4, 0x10, 0x5, 0x99, 0x7, 0x0,
    0x8b, 0xc4, 0x4, 0xdb, 0xfd, 0x80, 0xff, 0x60,
    0x7, 0x32, 0xd4, 0xb2, 0x66, 0x59, 0x8b, 0x68,
    0x0, 0xa3, 0x0, 0x13, 0xa0,

    /* U+624D "才" */
    0x0, 0xfb, 0xc0, 0x3f, 0xf9, 0x62, 0x1, 0xd9,
    0xbb, 0xb8, 0x77, 0x5c, 0x61, 0x9b, 0xb9, 0x47,
    0x75, 0xc6, 0x1, 0xd0, 0x20, 0x1f, 0xd0, 0x74,
    0x1, 0xfa, 0x8e, 0xc0, 0x3e, 0x6d, 0xd5, 0x80,
    0x7e, 0x1e, 0x70, 0x1, 0x0, 0x79, 0xcc, 0x1,
    0x1a, 0xc0, 0x1f, 0xd1, 0xf0, 0x1, 0x80,

    /* U+6253 "打" */
    0x0, 0x1e, 0x80, 0x7f, 0x84, 0x40, 0xb1, 0x1c,
    0x80, 0x1c, 0x3f, 0xe6, 0xf, 0x70, 0xdf, 0x3c,
    0x17, 0x71, 0xd3, 0x98, 0x6f, 0x9e, 0x28, 0x7,
    0xf0, 0xb9, 0x80, 0x78, 0x5a, 0x4c, 0xc, 0x3,
    0xc3, 0xdc, 0x27, 0x0, 0xfd, 0xe, 0x1, 0xff,
    0xc5, 0x30, 0xc, 0xbe, 0xa0, 0x2, 0xc0, 0x20,
    0x9, 0x3e, 0x40, 0x5, 0x1e, 0x1, 0x0,

    /* U+6267 "执" */
    0x0, 0xff, 0xe1, 0x68, 0x5, 0x6a, 0x1, 0xfe,
    0x11, 0x0, 0x7e, 0x16, 0x66, 0x29, 0x80, 0x1f,
    0x4b, 0x48, 0x46, 0xca, 0x0, 0x3e, 0x96, 0x9b,
    0xb5, 0x50, 0x3, 0xd4, 0x52, 0xc4, 0x2, 0x0,
    0x6d, 0x29, 0x2e, 0x22, 0x0, 0x65, 0xe2, 0x30,
    0x42, 0xd6, 0x10, 0x1, 0x98, 0x2, 0x89, 0xf4,
    0x50, 0xf, 0x48, 0xa0, 0x88, 0x21, 0x43, 0x45,
    0x55, 0x40, 0x14, 0xbb, 0x83, 0x30, 0xb8, 0x1,
    0x97, 0x88,

    /* U+6269 "扩" */
    0x0, 0xff, 0xe1, 0x69, 0x0, 0x4f, 0x0, 0x1c,
    0x20, 0x19, 0x50, 0x3, 0xf5, 0xfe, 0x9f, 0xf8,
    0xdb, 0xf, 0x8c, 0x33, 0xff, 0x1b, 0x61, 0xf1,
    0x80, 0x7f, 0x94, 0x80, 0x3e, 0x5b, 0x3f, 0x30,
    0xf, 0x87, 0xce, 0x85, 0xc4, 0x3, 0x91, 0x0,
    0x11, 0x10, 0x3, 0xf9, 0x54, 0x1, 0xf6, 0x11,
    0xc7, 0x80, 0x7d, 0xdc, 0x1f, 0x40, 0xf, 0x0,

    /* U+626B "扫" */
    0x0, 0x1e, 0x0, 0x4, 0x78, 0x3, 0xd1, 0xdd,
    0xc2, 0x6, 0xc0, 0x53, 0xff, 0x88, 0xa, 0x24,
    0xa5, 0x0, 0x3c, 0x57, 0xe5, 0x6a, 0x1, 0xfc,
    0x58, 0x39, 0x98, 0x80, 0x5f, 0x8f, 0x47, 0x33,
    0x10, 0x8, 0x70, 0x88, 0x3, 0xf3, 0x80, 0x7f,
    0xf0, 0xef, 0x77, 0x10, 0x1, 0xf9, 0x2, 0xf7,
    0x71, 0x0, 0x1b, 0x60, 0x3, 0xda, 0x20,

    /* U+626C "扬" */
    0x0, 0x68, 0x80, 0x7f, 0xc2, 0x1b, 0xb7, 0x7c,
    0x0, 0x7b, 0x75, 0x25, 0x70, 0xf, 0x45, 0x46,
    0x11, 0xfa, 0x80, 0x7, 0xa2, 0xa3, 0xd7, 0x6c,
    0xdd, 0x10, 0x5, 0x65, 0xaf, 0x69, 0x22, 0xf,
    0xa5, 0x4, 0x2a, 0xe8, 0xa2, 0x6d, 0xa4, 0x63,
    0x90, 0x42, 0x23, 0x11, 0x0, 0x7, 0x2d, 0x3a,
    0x0, 0x30, 0x98, 0xea, 0x6d, 0x21, 0x98, 0x1,
    0x4e, 0x5, 0x92, 0xf1, 0xb0, 0x0, 0xb9, 0x2,
    0xe5, 0x8, 0xe5, 0x0,

    /* U+6279 "批" */
    0x0, 0xff, 0xe1, 0x70, 0x80, 0x6e, 0x0, 0xf0,
    0x87, 0x0, 0x7f, 0x8, 0x18, 0x7, 0x96, 0x86,
    0x88, 0x3, 0xa4, 0x56, 0x86, 0xc8, 0x98, 0xa1,
    0x9e, 0x20, 0x13, 0x89, 0x62, 0x87, 0xb0, 0x1d,
    0x8, 0xc0, 0x18, 0xc0, 0xf, 0xe2, 0xc0, 0x1f,
    0x91, 0x40, 0x3f, 0xf8, 0x67, 0x68, 0x0, 0x93,
    0xa, 0x0, 0x11, 0xc2, 0x15, 0x21, 0x84, 0xf0,
    0x16, 0x98, 0x65, 0x68, 0x0,

    /* U+627E "找" */
    0x0, 0xf0, 0x80, 0x7d, 0xa4, 0x0, 0xe1, 0x70,
    0xe, 0x13, 0x0, 0x87, 0x20, 0x3, 0xf0, 0x85,
    0x80, 0x49, 0x87, 0xaa, 0x6, 0xae, 0x4c, 0x9,
    0x87, 0xbb, 0x17, 0x8c, 0xb0, 0x6, 0xbc, 0xd5,
    0xe7, 0xf0, 0x2, 0x59, 0xf2, 0x6, 0x9d, 0xd8,
    0x0, 0xd2, 0x6a, 0x0, 0x48, 0x7, 0x0, 0x11,
    0x0, 0x35, 0x87, 0x1, 0x80, 0x42, 0x9, 0x83,
    0x72, 0xbc, 0x0, 0xe1, 0x11, 0x44, 0xa5, 0xd5,
    0x80, 0x3b, 0x1, 0x90, 0x0, 0xde, 0xc0,

    /* U+627F "承" */
    0x0, 0xff, 0xe1, 0x56, 0x66, 0xef, 0x10, 0xd,
    0x59, 0x95, 0x96, 0x88, 0x7, 0xcd, 0x9a, 0x1,
    0x86, 0xaf, 0x66, 0xda, 0xa6, 0x28, 0x6, 0xbd,
    0xe6, 0xed, 0x48, 0x14, 0x1, 0x19, 0x4d, 0xd9,
    0xca, 0x0, 0x35, 0xe4, 0x55, 0x1d, 0x18, 0x2,
    0x50, 0x6b, 0xbd, 0x50, 0x40, 0x77, 0xe5, 0x55,
    0x8e, 0x3c, 0x4a, 0x8c, 0x1e, 0xc8, 0x0, 0xd8,
    0x22, 0x40, 0x2, 0x72, 0x0, 0x42, 0x0,

    /* U+628A "把" */
    0x0, 0x61, 0x0, 0x7f, 0x9c, 0xc3, 0x3b, 0xb5,
    0x0, 0x5, 0xcc, 0x7, 0x8f, 0xb4, 0x41, 0xac,
    0xa6, 0x0, 0x3e, 0x6a, 0x5a, 0x80, 0xf, 0xf4,
    0xc0, 0x7, 0xc7, 0x29, 0xf0, 0x16, 0xd7, 0xe0,
    0x15, 0xa3, 0x0, 0x2e, 0xec, 0x90, 0x32, 0x0,
    0xfc, 0x60, 0x13, 0x80, 0x7d, 0xc, 0x38, 0x22,
    0x4, 0xcb, 0xb9, 0x1c, 0x77, 0x40, 0x9, 0xcb,
    0xbb, 0x44,

    /* U+6296 "抖" */
    0x0, 0x1e, 0x0, 0x77, 0x80, 0x7e, 0xa4, 0x1,
    0x0, 0xe7, 0x0, 0x74, 0x80, 0x76, 0xf2, 0x6a,
    0xa4, 0x0, 0x76, 0xf2, 0x6a, 0xac, 0x1, 0xf3,
    0x41, 0x74, 0x0, 0x61, 0xbd, 0xc, 0x2a, 0xc0,
    0xc, 0x3f, 0xac, 0x84, 0xa5, 0x23, 0x92, 0x8,
    0x1, 0x4e, 0x86, 0x8e, 0x48, 0x1, 0x80, 0x17,
    0x2c, 0x82, 0x1, 0x2c, 0xf8, 0x7, 0xe0,

    /* U+62A4 "护" */
    0x0, 0xff, 0xe0, 0xd9, 0x80, 0x4f, 0x0, 0x1f,
    0xcc, 0x20, 0x1f, 0x16, 0x6a, 0xe5, 0xb6, 0x2f,
    0xd8, 0xbe, 0xec, 0xad, 0x8b, 0xf6, 0x0, 0x11,
    0x8c, 0x9, 0xe6, 0x81, 0x73, 0x20, 0x78, 0x1f,
    0xa7, 0x76, 0x64, 0x8f, 0x4c, 0xc0, 0x2e, 0x0,
    0xa4, 0x3, 0xb5, 0x0, 0x38, 0x9c, 0xd, 0x8c,
    0x3, 0xa1, 0x4f, 0xe4, 0x3, 0xd5, 0x21, 0x88,
    0x1, 0xc0,

    /* U+62A5 "报" */
    0x0, 0x16, 0x0, 0x7f, 0x8d, 0xc0, 0x7f, 0x31,
    0xb4, 0x1, 0xf1, 0xe6, 0x24, 0xc0, 0x77, 0x13,
    0x50, 0x0, 0xbc, 0x20, 0x3b, 0x89, 0xa8, 0x0,
    0x3d, 0x90, 0xc, 0xee, 0x23, 0xfa, 0xa7, 0x1,
    0x57, 0x89, 0x10, 0xdb, 0xe5, 0x40, 0xbb, 0x19,
    0x40, 0x15, 0x1f, 0xc0, 0x4, 0x30, 0xc, 0x60,
    0xc8, 0x1, 0x18, 0x6, 0x26, 0x64, 0x80, 0x13,
    0x34, 0x2, 0xef, 0xb0, 0xa0, 0x4e, 0x60, 0x1c,
    0xc1, 0x4, 0xd0,

    /* U+62C9 "拉" */
    0x0, 0xff, 0xe1, 0x61, 0x0, 0x12, 0x40, 0x3c,
    0xe0, 0x12, 0xb8, 0x6, 0x11, 0x38, 0x88, 0x8d,
    0x8c, 0x88, 0xf, 0x65, 0xf, 0x16, 0x35, 0x74,
    0xd, 0x4b, 0x2d, 0x33, 0x86, 0x80, 0x34, 0x2c,
    0xa8, 0x1, 0xcc, 0x12, 0xd3, 0xd7, 0xf8, 0xd,
    0x4, 0x1, 0x8, 0xe0, 0xa8, 0x29, 0xa0, 0x4,
    0x30, 0xc, 0x8b, 0x68, 0x1, 0x9c, 0x8, 0x92,
    0xe2, 0x4, 0x3, 0x64, 0x77, 0x10, 0x97, 0x88,
    0x18, 0xc7, 0xc, 0xd5, 0x78, 0xc0,

    /* U+62D2 "拒" */
    0x0, 0x71, 0x0, 0x7f, 0x8c, 0xc1, 0x9d, 0xdb,
    0x0, 0x3e, 0xfe, 0xeb, 0x1, 0xf0, 0xb5, 0x80,
    0xc4, 0x60, 0x3, 0xe1, 0x6b, 0x7, 0x55, 0x3c,
    0xc0, 0x32, 0x98, 0x6d, 0xd9, 0x40, 0x9, 0x45,
    0xc2, 0x6, 0x22, 0x0, 0xdc, 0x56, 0x41, 0xd5,
    0x40, 0x10, 0x44, 0x0, 0x6d, 0xbb, 0x88, 0x3,
    0xc2, 0x62, 0x38, 0x1, 0x46, 0x20, 0xfd, 0xbb,
    0x80, 0x1d, 0xe0, 0xa, 0xcc, 0xe0,

    /* U+62D4 "拔" */
    0x0, 0x68, 0x80, 0x14, 0x3, 0xe1, 0x0, 0xac,
    0x59, 0x80, 0x10, 0x81, 0x80, 0xc, 0x5b, 0x80,
    0x9, 0x65, 0x15, 0x85, 0x98, 0x49, 0x4, 0xa2,
    0xba, 0xf5, 0xcc, 0xa4, 0x3, 0x42, 0x25, 0x98,
    0xf0, 0x2, 0xe1, 0xe2, 0x59, 0xe7, 0x20, 0x1,
    0xf4, 0xd1, 0xd, 0x6d, 0x5c, 0x0, 0x21, 0x0,
    0x44, 0xb5, 0x22, 0x80, 0x61, 0x44, 0x1a, 0x0,
    0xa0, 0x0, 0x79, 0x96, 0xb3, 0xb7, 0xe6, 0x80,
    0x7a, 0xc0, 0xba, 0x84, 0xb6, 0x0,

    /* U+62DF "拟" */
    0x0, 0x70, 0x80, 0x14, 0xc2, 0x4, 0x2, 0x31,
    0x7, 0x18, 0x5, 0x0, 0x2d, 0x15, 0x14, 0xa3,
    0x18, 0x4, 0x90, 0x50, 0x46, 0x12, 0x40, 0x10,
    0x90, 0x18, 0x80, 0x10, 0x40, 0x32, 0x9d, 0x0,
    0x42, 0x6, 0x20, 0xf8, 0x16, 0x20, 0x7a, 0x1,
    0x9e, 0x4c, 0x0, 0x7f, 0xca, 0x60, 0x1e, 0x20,
    0xe0, 0x87, 0x80, 0x2, 0x18, 0x17, 0x3e, 0x4d,
    0x29, 0x86, 0x58, 0x0, 0xe7, 0x50, 0x38, 0xc0,

    /* U+62E8 "拨" */
    0x0, 0xf8, 0x40, 0x3d, 0xc0, 0x5, 0xe, 0x36,
    0x0, 0xc6, 0x5, 0x0, 0x3, 0xb5, 0x0, 0xe7,
    0x51, 0x20, 0xe3, 0x6, 0xd2, 0xde, 0x6f, 0x3c,
    0xfb, 0x6, 0xd2, 0xdb, 0xe4, 0xac, 0xc6, 0x80,
    0x68, 0x32, 0x58, 0xcd, 0x40, 0x4c, 0x2e, 0x39,
    0xf, 0xc3, 0x40, 0x4, 0x13, 0x31, 0xea, 0x59,
    0xc0, 0x8, 0x80, 0x3b, 0xd5, 0x68, 0x80, 0x7,
    0x1e, 0x84, 0x11, 0xc0, 0x80, 0x30, 0x0, 0xde,
    0x1d, 0x81, 0xe4, 0x1b, 0xa0, 0x6e, 0x80, 0x19,
    0xe2,

    /* U+62E9 "择" */
    0x0, 0x70, 0x80, 0x7f, 0xc2, 0x1b, 0xd9, 0x8f,
    0x40, 0x4c, 0x1c, 0x5d, 0x2f, 0x47, 0x40, 0x4c,
    0x1d, 0x50, 0xac, 0x49, 0x0, 0xe2, 0x5d, 0xd5,
    0xdb, 0xf4, 0xc1, 0x47, 0xd3, 0xee, 0x97, 0xb8,
    0x6d, 0xc3, 0x87, 0xd8, 0x3d, 0x8e, 0xd, 0x60,
    0x2, 0xcc, 0x16, 0xe2, 0x0, 0x62, 0xcc, 0x8b,
    0x73, 0x4c, 0x1c, 0xb, 0x32, 0x2d, 0xcd, 0x30,
    0xfb, 0x0, 0xe3, 0x0, 0x80,

    /* U+62F7 "拷" */
    0x0, 0x60, 0x80, 0x7, 0x0, 0x6, 0x1, 0x8,
    0x80, 0x38, 0x70, 0x80, 0x3a, 0xb4, 0xf3, 0x60,
    0x9a, 0xca, 0xda, 0xb4, 0xe5, 0xdc, 0xd, 0x65,
    0x67, 0x74, 0x36, 0x16, 0xe0, 0x27, 0x67, 0x7a,
    0x1b, 0x32, 0x76, 0xa0, 0xb5, 0xbc, 0x3b, 0xaa,
    0x3, 0x59, 0x9b, 0xe3, 0x4c, 0x45, 0xe0, 0x18,
    0xf0, 0xd7, 0xe3, 0x34, 0x2, 0x30, 0x8, 0x88,
    0x3b, 0x80, 0x3c, 0xe0, 0x19, 0x78, 0x98, 0x0,

    /* U+62FC "拼" */
    0x0, 0x70, 0x1, 0x58, 0x1, 0x66, 0x1, 0xe4,
    0x80, 0x25, 0x30, 0xf, 0x25, 0xac, 0x2a, 0x89,
    0x6c, 0x6d, 0xa, 0xcb, 0x54, 0x85, 0x6c, 0x6d,
    0x1c, 0xd9, 0xcd, 0xcc, 0x2, 0xa2, 0x0, 0xf9,
    0x74, 0x61, 0xec, 0xaa, 0xca, 0xe1, 0x30, 0x49,
    0x6c, 0x6e, 0xc5, 0x70, 0x22, 0x0, 0x91, 0x40,
    0x3c, 0x60, 0x2, 0xa8, 0x0, 0xf5, 0xc0, 0x4d,
    0x98, 0x9, 0x80, 0x0,

    /* U+6301 "持" */
    0x0, 0x60, 0x80, 0x5c, 0x1, 0xe1, 0x0, 0xfe,
    0x12, 0x2, 0x25, 0xd8, 0x6e, 0xc8, 0x9, 0x67,
    0x4d, 0x76, 0x1b, 0xb2, 0x2, 0xc9, 0xc1, 0xe6,
    0x7, 0x32, 0x50, 0xa, 0x93, 0x31, 0xf7, 0x6c,
    0x57, 0xe2, 0x90, 0xbb, 0xaa, 0x96, 0x69, 0xe4,
    0x66, 0xda, 0xae, 0x33, 0x8, 0x5, 0xac, 0x20,
    0x1, 0x0, 0x9, 0x88, 0x48, 0x87, 0x88, 0x5,
    0x8e, 0x0, 0x26, 0xa5, 0x50, 0x0,

    /* U+6302 "挂" */
    0x0, 0x70, 0x6, 0xd0, 0xf, 0xfe, 0x43, 0x5d,
    0x8a, 0xec, 0xe0, 0xb2, 0x32, 0x97, 0x62, 0xbb,
    0x38, 0x2c, 0x8c, 0xde, 0x60, 0xf3, 0x21, 0x0,
    0xaa, 0xf3, 0x15, 0x99, 0xa, 0xe8, 0xc9, 0x0,
    0x24, 0x3, 0x26, 0x9, 0xb5, 0xd8, 0xae, 0xce,
    0x2, 0x20, 0x3, 0x5d, 0x8a, 0xec, 0xe0, 0x1f,
    0xfc, 0x2b, 0x31, 0xbb, 0x9a, 0xee, 0x30, 0x8d,
    0x1b, 0xbf, 0x8c,

    /* U+6307 "指" */
    0x0, 0x68, 0x80, 0x7f, 0xf0, 0x38, 0x0, 0x68,
    0x1, 0xf4, 0xd5, 0x80, 0x13, 0xb, 0x50, 0x26,
    0xa1, 0x59, 0x30, 0xb5, 0x1, 0xd9, 0x97, 0xe0,
    0x13, 0x96, 0x88, 0x3, 0xe0, 0xe4, 0xb8, 0xf2,
    0xab, 0x3, 0xd1, 0x48, 0x8a, 0x66, 0x10, 0x43,
    0x0, 0xc2, 0x30, 0x0, 0x4c, 0xc2, 0x0, 0xff,
    0x84, 0x1, 0x88, 0x1, 0x5d, 0xc4, 0x0,

    /* U+6309 "按" */
    0x0, 0xf8, 0x40, 0x3d, 0xa0, 0x12, 0x50, 0x7,
    0xf9, 0x0, 0x40, 0x3e, 0x6e, 0xe2, 0xff, 0x50,
    0x35, 0x95, 0x8c, 0x7d, 0x76, 0x8, 0x35, 0x95,
    0xab, 0xb6, 0x1, 0x48, 0x6, 0x9b, 0xa9, 0x3b,
    0xb4, 0x82, 0x61, 0x54, 0xeb, 0x5f, 0x15, 0x83,
    0x71, 0x18, 0x45, 0x84, 0xd0, 0x0, 0x88, 0x1,
    0x6c, 0xe3, 0x18, 0x6, 0x30, 0x8, 0x59, 0x94,
    0x20, 0xd, 0x40, 0xd9, 0x8a, 0xcd, 0xb0, 0x6,
    0xd0, 0x6d, 0x18, 0x1, 0xe8, 0x0,

    /* U+633D "挽" */
    0x0, 0xff, 0xe1, 0x68, 0x5, 0xa4, 0x1, 0xfc,
    0xc7, 0x73, 0x0, 0x1, 0x43, 0x42, 0xbc, 0xb0,
    0xf0, 0x2, 0xf8, 0xfa, 0xd9, 0x11, 0x18, 0x0,
    0x96, 0x56, 0xf3, 0x9c, 0x1b, 0xa0, 0x8, 0xe8,
    0xf, 0x17, 0xf0, 0x0, 0x98, 0x10, 0x0, 0xc4,
    0xdc, 0x70, 0x7e, 0x32, 0xc, 0x86, 0x2c, 0xa0,
    0x32, 0x0, 0xd3, 0x60, 0x1f, 0x8b, 0x28, 0x80,
    0xc, 0xc0, 0xc7, 0x3c, 0x97, 0x6, 0xb8, 0x50,
    0xca, 0x3f, 0x50, 0x5, 0xdb, 0x8c,

    /* U+635F "损" */
    0x0, 0x70, 0x7, 0xff, 0xa, 0x72, 0xed, 0xc2,
    0xd, 0x83, 0xa6, 0xe, 0x44, 0x0, 0x9b, 0x7,
    0x4e, 0xe2, 0xa9, 0xa2, 0x1, 0xc3, 0xdf, 0xf9,
    0x80, 0x6, 0x18, 0x63, 0x9d, 0x94, 0x21, 0x10,
    0x1c, 0x20, 0x4, 0x18, 0x5, 0x16, 0x20, 0x18,
    0x4c, 0x3, 0xf4, 0x8, 0x1a, 0x28, 0x0, 0x40,
    0x21, 0xc8, 0x4f, 0x60, 0x1c, 0x60, 0xcf, 0xf1,
    0xbf, 0xc0, 0x8b, 0x60, 0x32, 0xc8, 0x0, 0x58,
    0x20,

    /* U+6362 "换" */
    0x0, 0x68, 0x80, 0x2c, 0x40, 0x3c, 0x22, 0x4,
    0x58, 0x98, 0x0, 0x9, 0x9, 0x8c, 0x6c, 0x2f,
    0x0, 0x1e, 0x4b, 0xf5, 0xc, 0x85, 0x80, 0xd,
    0x67, 0x90, 0xd7, 0xad, 0x74, 0x1, 0x9d, 0x4a,
    0xca, 0xa4, 0x0, 0x52, 0x64, 0x20, 0x1, 0x10,
    0x4, 0x3a, 0x6b, 0x6f, 0x65, 0xb2, 0x2e, 0x68,
    0x0, 0xbb, 0x62, 0x8d, 0xd9, 0xc0, 0x39, 0xee,
    0xa9, 0x84, 0x0, 0xb0, 0x2d, 0xfc, 0x6, 0x9c,
    0x40, 0xac, 0x2c, 0x80, 0x9, 0x7d, 0x0,

    /* U+636E "据" */
    0x0, 0x38, 0x7, 0xfd, 0x40, 0xe, 0xbb, 0xe0,
    0x11, 0x0, 0x81, 0x5d, 0xd4, 0x0, 0x4b, 0x3b,
    0x42, 0xbb, 0xa8, 0x41, 0x68, 0xed, 0x4a, 0xec,
    0xf7, 0x40, 0x1b, 0x54, 0xf3, 0x7, 0x98, 0x55,
    0x69, 0x62, 0xa6, 0x60, 0xf3, 0xa, 0xf8, 0x40,
    0x44, 0xaa, 0x15, 0x40, 0x10, 0x80, 0x13, 0x1a,
    0xba, 0x90, 0x3, 0xad, 0x40, 0x46, 0x0, 0xa5,
    0x11, 0x60, 0x57, 0x70, 0x5, 0x32, 0x47, 0xe,
    0xaa, 0xb0, 0x0,

    /* U+6389 "掉" */
    0x0, 0x70, 0x6, 0xe0, 0xf, 0xf8, 0x77, 0x5c,
    0x2, 0x40, 0x40, 0x10, 0xee, 0xb8, 0x1e, 0x46,
    0x53, 0xf0, 0xb3, 0x14, 0xd, 0x63, 0x6a, 0x33,
    0x35, 0x80, 0x46, 0x18, 0x40, 0x1f, 0x44, 0x3,
    0x8, 0x66, 0x6a, 0x10, 0x8b, 0x0, 0xf, 0xe0,
    0xee, 0xac, 0x3, 0xb3, 0x22, 0xdc, 0xc2, 0x8a,
    0x0, 0x33, 0x22, 0xdc, 0xc2, 0x87, 0x58, 0x7,
    0x18, 0x4,

    /* U+6392 "排" */
    0x0, 0x70, 0x5, 0xa3, 0x64, 0x1, 0xfc, 0x20,
    0x1f, 0x95, 0x8c, 0x0, 0xae, 0x29, 0x83, 0x84,
    0x1, 0xbc, 0x41, 0x30, 0x71, 0xd8, 0xc0, 0x14,
    0xc2, 0x1, 0x34, 0xe9, 0x0, 0x3f, 0x1, 0x2c,
    0x42, 0x74, 0x80, 0x1f, 0x80, 0xd0, 0x2c, 0x1,
    0xf8, 0x8c, 0x7, 0x70, 0x80, 0x1f, 0xa6, 0x1,
    0xe, 0xe1, 0x0, 0x3f, 0x4c, 0x30, 0x80, 0x3f,
    0xd9, 0x80, 0xb, 0x42, 0xc8, 0x0,

    /* U+63A2 "探" */
    0x0, 0x70, 0x7, 0xfc, 0x61, 0xb9, 0x9d, 0xe0,
    0x1e, 0xcf, 0xcf, 0xc2, 0x4, 0xc2, 0xcc, 0x55,
    0x2, 0xf3, 0xc1, 0x30, 0xb1, 0xce, 0x65, 0x16,
    0xe0, 0x11, 0xb3, 0xc0, 0xa0, 0xb2, 0x1, 0xd0,
    0x94, 0xc7, 0x97, 0xc5, 0x88, 0x79, 0x24, 0x59,
    0x11, 0x6e, 0x84, 0xd4, 0x2, 0xef, 0xf, 0xe1,
    0x0, 0x8, 0x16, 0x51, 0x82, 0x4f, 0x90, 0x65,
    0x17, 0xb0, 0x18, 0x2f, 0x10,

    /* U+63A5 "接" */
    0x0, 0xf8, 0x80, 0x3d, 0xc0, 0x1b, 0x40, 0x3c,
    0x60, 0xd7, 0x60, 0xbb, 0x50, 0x11, 0x81, 0xaf,
    0xf5, 0xe6, 0xf0, 0x3d, 0x14, 0x91, 0x31, 0x3c,
    0x50, 0x16, 0x4a, 0x90, 0x49, 0xdb, 0xdc, 0x3,
    0x53, 0x21, 0x86, 0xda, 0x2, 0xe9, 0x5c, 0x7b,
    0x57, 0xfc, 0x69, 0xa4, 0x37, 0x2f, 0xa9, 0x38,
    0x62, 0x1, 0x8d, 0x25, 0x14, 0x2, 0x13, 0x0,
    0x3d, 0x28, 0x51, 0x0, 0x31, 0xc2, 0xb4, 0x73,
    0x29, 0x0, 0x6c, 0x85, 0x63, 0x0, 0x1a, 0xc0,

    /* U+63A7 "控" */
    0x0, 0xff, 0xe1, 0x78, 0x4, 0x5c, 0x1, 0xe1,
    0x6, 0x8a, 0x19, 0x88, 0x0, 0x76, 0x87, 0x4f,
    0xf3, 0xa, 0x60, 0xe1, 0xd6, 0x30, 0x2b, 0x82,
    0x60, 0xe4, 0x49, 0x2, 0x75, 0x88, 0x5, 0x2c,
    0x50, 0x5, 0x34, 0x9, 0xa3, 0xa4, 0xb9, 0x94,
    0x68, 0x37, 0xa, 0x23, 0x30, 0x39, 0x85, 0x2,
    0x30, 0xf, 0xfe, 0x5d, 0x90, 0x5e, 0x60, 0x73,
    0x23, 0x9, 0xc0, 0xbc, 0xcf, 0x18,

    /* U+63A8 "推" */
    0x0, 0xff, 0xe1, 0x70, 0x1, 0x30, 0x74, 0x3,
    0x8c, 0x1, 0xb4, 0x2a, 0x40, 0x1f, 0x3e, 0xd1,
    0x45, 0x9a, 0x61, 0x64, 0x8c, 0x4a, 0x4f, 0x92,
    0x61, 0x62, 0x8, 0xc0, 0x2c, 0x20, 0x12, 0x71,
    0xdd, 0x86, 0xe8, 0x12, 0x88, 0xcc, 0x13, 0x21,
    0x98, 0x6, 0x92, 0x70, 0x6, 0x60, 0x72, 0x80,
    0x8c, 0x3, 0x66, 0x7, 0x28, 0x0, 0x46, 0x1,
    0x66, 0x3, 0x30, 0xe1, 0xee, 0x1, 0x66, 0x3b,
    0x30, 0xe0,

    /* U+63A9 "掩" */
    0x0, 0xf8, 0x80, 0x3d, 0xc0, 0x11, 0x78, 0x7,
    0x88, 0x16, 0xa4, 0x26, 0x54, 0x1, 0xc9, 0x2d,
    0x25, 0x92, 0x7, 0x45, 0x46, 0x8a, 0xaf, 0x93,
    0x3, 0xa2, 0xa5, 0xc8, 0xc4, 0xbd, 0x30, 0x0,
    0xb9, 0x2d, 0x1d, 0x4d, 0x9a, 0x61, 0x92, 0x9e,
    0x6, 0x12, 0x2, 0xf1, 0x28, 0x0, 0x8c, 0x9c,
    0x0, 0x24, 0x1, 0x1f, 0x97, 0xb8, 0x7, 0xc9,
    0x67, 0x78, 0xe0, 0xc, 0x70, 0x5, 0x3, 0x65,
    0xc8, 0x3, 0x2c, 0x3, 0x56, 0x5e, 0x0,

    /* U+63CF "描" */
    0x0, 0x70, 0x5, 0x41, 0x12, 0x1, 0xe1, 0x21,
    0x21, 0x2, 0x10, 0xc, 0xd2, 0xb2, 0x8f, 0x2c,
    0xcc, 0x1c, 0x5b, 0x4b, 0x57, 0xb7, 0x6c, 0x1c,
    0x20, 0xb0, 0x98, 0x0, 0xe8, 0x2f, 0xbf, 0xbb,
    0x70, 0x2e, 0x8d, 0x91, 0x28, 0xaa, 0x80, 0x4,
    0xd1, 0x30, 0x2c, 0x2c, 0xc0, 0x0, 0x40, 0x31,
    0x61, 0x66, 0x0, 0x3f, 0x8, 0x8, 0x80, 0x2a,
    0x70, 0x12, 0xb7, 0xbb, 0x0, 0x55, 0x20, 0x3f,
    0x55, 0xb8, 0x0,

    /* U+63D0 "提" */
    0x0, 0x70, 0x7, 0xff, 0xb, 0xb3, 0x2d, 0xb0,
    0xf, 0x1a, 0x26, 0x10, 0x4c, 0x1c, 0x50, 0xbb,
    0xb0, 0x0, 0x98, 0x38, 0xa9, 0x55, 0x66, 0x80,
    0x6b, 0xa3, 0x3e, 0xc1, 0x5e, 0x1a, 0xb8, 0xb7,
    0xbb, 0x50, 0xb6, 0x88, 0xde, 0x20, 0x46, 0x60,
    0x33, 0x0, 0x8, 0xc0, 0x15, 0x6a, 0x1, 0xd4,
    0x10, 0x73, 0x27, 0x0, 0x61, 0xaa, 0xbf, 0x8f,
    0xb9, 0xe4, 0x1d, 0xab, 0x82, 0xdb, 0xdc, 0xf2,

    /* U+63D2 "插" */
    0x0, 0xff, 0xe1, 0x70, 0x6, 0x36, 0xb7, 0x0,
    0x88, 0xb, 0xb7, 0x30, 0x66, 0x1, 0x31, 0x42,
    0xed, 0x2a, 0x84, 0x2, 0xa3, 0xdb, 0xcc, 0x16,
    0x64, 0x66, 0x92, 0x9b, 0xce, 0x2c, 0xc8, 0xc0,
    0x3, 0x43, 0xb4, 0x5, 0x7c, 0x9, 0xa7, 0x0,
    0xd0, 0x5, 0x66, 0x9, 0xa4, 0x40, 0x5c, 0x1,
    0xc3, 0x0, 0xf2, 0xe0, 0xe, 0x18, 0x0, 0xc4,
    0x0, 0xb6, 0x57, 0x63, 0x0, 0x7a, 0x81, 0xad,
    0xfd, 0xd8, 0xc0, 0x19, 0x0, 0x54, 0x1, 0xb4,
    0x0,

    /* U+6447 "摇" */
    0x0, 0x28, 0x7, 0x1b, 0x30, 0x2, 0x80, 0x7c,
    0xc5, 0xd8, 0x14, 0x3, 0x9f, 0xfb, 0x90, 0xf0,
    0x9, 0x65, 0x67, 0xe7, 0x21, 0x7c, 0x9, 0x65,
    0x67, 0xc9, 0x81, 0xaa, 0x1, 0xb0, 0x63, 0xb9,
    0x79, 0x40, 0x9c, 0x5a, 0x66, 0xb0, 0xbb, 0x50,
    0x2f, 0x91, 0xf1, 0x58, 0xdd, 0xc6, 0x22, 0x2,
    0xc2, 0xb1, 0xbb, 0x9, 0x80, 0x72, 0x80, 0x67,
    0x0, 0x58, 0x80, 0xf, 0x7, 0x30, 0x1, 0x5e,
    0x0, 0x3f, 0x3f, 0x31, 0xa0,

    /* U+6458 "摘" */
    0x0, 0xf8, 0x80, 0x3d, 0xa0, 0x1b, 0x44, 0x3,
    0xea, 0xbb, 0x6, 0xdd, 0x88, 0x48, 0xa, 0xa9,
    0x9f, 0xe3, 0xb2, 0x7e, 0x2e, 0x11, 0x58, 0x28,
    0x4, 0xd8, 0x59, 0x7a, 0xfd, 0xa7, 0xc0, 0x19,
    0xc2, 0xf8, 0xb2, 0x4c, 0x17, 0x9, 0xc, 0x4,
    0x4, 0x2, 0x4c, 0x23, 0x0, 0x68, 0x50, 0x4,
    0x20, 0x1c, 0x7c, 0xa2, 0x1, 0x11, 0x80, 0x5b,
    0x6, 0x20, 0x17, 0xa0, 0x18, 0x3d, 0x52, 0x50,
    0x0,

    /* U+64AD "播" */
    0x0, 0x68, 0x4, 0x26, 0xd4, 0x40, 0x10, 0x82,
    0xed, 0x67, 0x80, 0x81, 0x28, 0xaa, 0x92, 0x6,
    0x5c, 0xc0, 0x4c, 0xe, 0x57, 0xc7, 0x2, 0xc8,
    0xd8, 0x5a, 0x7c, 0x5, 0xae, 0xc4, 0x2, 0x2d,
    0x4e, 0xe0, 0x45, 0xc0, 0x2e, 0x1c, 0x51, 0xf1,
    0x70, 0x20, 0xa6, 0x92, 0xf1, 0xe0, 0x63, 0x70,
    0x88, 0x3, 0x1e, 0x1e, 0x28, 0x7, 0xc7, 0xa5,
    0xaa, 0x1, 0x4a, 0x80, 0xa, 0xde, 0xd4, 0x0,

    /* U+64CD "操" */
    0x0, 0x60, 0x85, 0x5d, 0x53, 0x0, 0x38, 0x40,
    0x15, 0x50, 0x4, 0x2a, 0x2a, 0x27, 0x57, 0x67,
    0x0, 0x16, 0x1f, 0x94, 0x55, 0xda, 0x84, 0xe,
    0x4a, 0xa2, 0xfc, 0x76, 0xfc, 0x3, 0x53, 0x79,
    0x0, 0xf9, 0x82, 0x69, 0x47, 0x8c, 0x5c, 0x8c,
    0x82, 0xe1, 0x12, 0x62, 0xb, 0x11, 0x30, 0x88,
    0x1, 0x70, 0xe2, 0xd5, 0x8c, 0x4, 0x20, 0xd1,
    0x41, 0x3b, 0x64, 0x12, 0xa1, 0xd8, 0x20, 0xb,
    0xd3,

    /* U+64CE "擎" */
    0x0, 0xff, 0xe1, 0x15, 0x23, 0x81, 0xd8, 0x4,
    0x55, 0x2f, 0xf5, 0x44, 0x6a, 0xa3, 0x94, 0x3c,
    0xc4, 0xdd, 0x4c, 0x3, 0x8f, 0xae, 0x5e, 0xdd,
    0x7d, 0x78, 0x1d, 0x38, 0x25, 0x13, 0x9b, 0xb8,
    0x9, 0xd4, 0x1a, 0x3f, 0x2, 0xf9, 0x40, 0x4,
    0x40, 0x1c, 0x62, 0xdc, 0x50, 0x7, 0x7f, 0xb9,
    0x7b, 0x9a, 0x60, 0x10, 0x80, 0x4, 0x4, 0x60,
    0x1, 0x57, 0xe6, 0x43, 0x99, 0x53, 0x15, 0x4c,
    0xc6, 0x93, 0x39, 0x80,

    /* U+64E6 "擦" */
    0x0, 0xf8, 0x40, 0x3d, 0xc0, 0x11, 0x60, 0x7,
    0x8c, 0x2b, 0x38, 0xf3, 0x20, 0x14, 0x34, 0x1a,
    0xea, 0xfc, 0x50, 0x2c, 0xc, 0xa8, 0x9d, 0xec,
    0x10, 0x38, 0x38, 0xa7, 0x1b, 0x65, 0xb0, 0x2,
    0x15, 0xf0, 0x0, 0xf5, 0xc8, 0x13, 0x4a, 0xf4,
    0xf6, 0x3e, 0xf0, 0x52, 0x40, 0x26, 0xc2, 0x27,
    0x48, 0x80, 0x68, 0xaa, 0x3c, 0xf2, 0x0, 0xc,
    0x1, 0x3e, 0x20, 0x72, 0xe0, 0x9, 0xb0, 0xa9,
    0x87, 0x1c, 0x30,

    /* U+652F "支" */
    0x0, 0xeb, 0x20, 0xe, 0x1d, 0xcc, 0x97, 0xf3,
    0x1b, 0x20, 0x3b, 0x99, 0x2f, 0xe6, 0x36, 0x40,
    0x3f, 0xf8, 0x77, 0xf6, 0x13, 0x9a, 0x1, 0xd7,
    0x19, 0x76, 0x58, 0x0, 0xf3, 0xd1, 0x21, 0x28,
    0x7, 0xdd, 0xf3, 0x40, 0x1f, 0x2c, 0x23, 0x42,
    0x0, 0x43, 0x98, 0xd9, 0x95, 0xef, 0x72, 0xc0,
    0x73, 0x10, 0x40, 0x4, 0xae, 0xb0,

    /* U+6536 "收" */
    0x0, 0xff, 0xe1, 0xe1, 0x2, 0xe8, 0x7, 0x20,
    0x39, 0x87, 0x58, 0x7, 0x50, 0x4, 0x29, 0x79,
    0x8d, 0x80, 0xe, 0x87, 0xdc, 0x1d, 0x80, 0xc,
    0xae, 0xa6, 0x1, 0xf9, 0xe9, 0x50, 0xdc, 0x3,
    0x1b, 0x12, 0x55, 0xdb, 0x0, 0x6, 0x14, 0x1,
    0x10, 0x33, 0x80, 0xf, 0xa5, 0x80, 0x2, 0x20,
    0xf, 0xe4, 0xc5, 0xbc, 0x60, 0xc, 0xed, 0x53,
    0xb, 0xd4, 0xa0, 0x16, 0x3f, 0x20, 0x0, 0xf1,
    0x40,

    /* U+6539 "改" */
    0x0, 0xf9, 0x80, 0x30, 0xb2, 0xac, 0x5, 0x60,
    0x1e, 0x33, 0x40, 0x55, 0x80, 0x61, 0x66, 0x80,
    0x5a, 0xb3, 0xf0, 0x80, 0x3a, 0x27, 0x30, 0x58,
    0x41, 0xb9, 0x87, 0xfa, 0x12, 0x70, 0xd, 0xb9,
    0x4d, 0x6c, 0xb8, 0x1, 0xf9, 0xae, 0x9c, 0x3,
    0x9b, 0x0, 0xe, 0x2, 0x1, 0x1e, 0x7e, 0xa6,
    0x6d, 0x61, 0x0, 0x13, 0xa7, 0x7f, 0xcc, 0xf3,
    0x88, 0x14, 0x61, 0xb6, 0x60, 0x5, 0xf4,

    /* U+653E "放" */
    0x0, 0x30, 0x80, 0x4a, 0x40, 0x1c, 0x30, 0x1,
    0x58, 0x80, 0x42, 0x49, 0xc4, 0x51, 0x90, 0x88,
    0x16, 0x33, 0x62, 0xe8, 0x6b, 0xf5, 0x11, 0x45,
    0x54, 0x86, 0x9b, 0x5f, 0x40, 0xb, 0x31, 0x73,
    0xc0, 0xc4, 0x1, 0xb3, 0xcd, 0xd8, 0x40, 0x40,
    0x2, 0x20, 0x0, 0x82, 0xea, 0x0, 0x4e, 0x80,
    0xde, 0x14, 0x74, 0x1, 0x5d, 0x16, 0x9, 0x73,
    0x71, 0x82, 0xa1, 0x51, 0x87, 0xfa, 0x65, 0xa8,
    0xb2, 0x11, 0x4d, 0xa6, 0x9, 0xc8,

    /* U+6548 "效" */
    0x0, 0xff, 0xe1, 0x24, 0x80, 0x4f, 0x20, 0x1c,
    0xa6, 0x1, 0x65, 0x0, 0x4b, 0x56, 0x15, 0x41,
    0x48, 0xbb, 0x32, 0xc0, 0x50, 0x5c, 0xc5, 0x8c,
    0x30, 0x4f, 0x86, 0xd2, 0x80, 0x18, 0x81, 0x1,
    0x0, 0x1d, 0x96, 0x4, 0x20, 0x93, 0x8d, 0x8a,
    0x20, 0x84, 0x1, 0x17, 0xce, 0x0, 0x2a, 0xa0,
    0xd, 0x6b, 0x48, 0x0, 0x15, 0x0, 0x15, 0x9d,
    0x7b, 0x4d, 0x5f, 0x28, 0x1e, 0xd0, 0x1e, 0x76,
    0x27, 0x49, 0x8b, 0x0, 0x7, 0x9c, 0x0, 0x78,
    0x60,

    /* U+655B "敛" */
    0x0, 0x98, 0x40, 0x6, 0x20, 0x1c, 0x72, 0x80,
    0x8, 0x30, 0xc, 0x3d, 0x7d, 0x22, 0xae, 0xaa,
    0x0, 0x6a, 0xaa, 0x81, 0x94, 0xac, 0x82, 0x10,
    0xaa, 0x99, 0x50, 0xe4, 0xe1, 0x10, 0xaf, 0xbc,
    0x65, 0x7, 0x0, 0xb4, 0x64, 0x89, 0x5a, 0x86,
    0x1, 0x22, 0x8a, 0x60, 0x87, 0x60, 0x5, 0xa1,
    0x9e, 0x63, 0xca, 0x80, 0x11, 0x65, 0xa7, 0xac,
    0xad, 0x88, 0x0, 0x72, 0xb7, 0xaa, 0x6b, 0x3c,
    0x41, 0xd0, 0x41, 0x31, 0x41, 0xfc, 0x40,

    /* U+6570 "数" */
    0x7, 0xe, 0x8, 0xb, 0x20, 0xd, 0xcc, 0x64,
    0x60, 0x84, 0x1, 0xf, 0x81, 0xa1, 0xa9, 0x80,
    0x63, 0xeb, 0x1e, 0xe, 0x1c, 0xec, 0x2, 0x4,
    0x20, 0xe5, 0x8c, 0x2d, 0x3, 0xca, 0x78, 0xe3,
    0xd0, 0x11, 0x3, 0xc6, 0xbe, 0x16, 0x20, 0xb0,
    0x1, 0x38, 0xb6, 0xf4, 0x57, 0x70, 0x2, 0x16,
    0xb9, 0x30, 0xd3, 0x50, 0x8, 0xfd, 0xef, 0x56,
    0x21, 0xe4, 0x3, 0x85, 0x8b, 0xdf, 0xaf, 0x10,
    0x1, 0xc7, 0x0, 0x3d, 0x8, 0x2d, 0x0,

    /* U+6574 "整" */
    0x0, 0xff, 0xe1, 0xe8, 0x80, 0x16, 0x0, 0x22,
    0x88, 0x1c, 0x40, 0xfb, 0x82, 0x20, 0x3e, 0xe0,
    0x7f, 0x3a, 0xfe, 0xe9, 0x6, 0x4, 0x6, 0x34,
    0xa1, 0xfd, 0x1, 0x6c, 0x69, 0x67, 0xb0, 0x8c,
    0x1, 0xc0, 0x22, 0xe3, 0x94, 0x59, 0x14, 0xfe,
    0x9e, 0x70, 0xf8, 0xec, 0x14, 0x88, 0x6c, 0x7f,
    0xba, 0xe1, 0xc0, 0x5, 0x7b, 0x4a, 0x1, 0x88,
    0x3, 0x58, 0x2, 0x6a, 0xa0, 0x1, 0xdd, 0x15,
    0x24, 0xd5, 0x56, 0x60,

    /* U+6587 "文" */
    0x0, 0xc6, 0x60, 0xf, 0xf3, 0xf8, 0x7, 0x84,
    0x72, 0xb1, 0x88, 0xe0, 0x6d, 0xcf, 0xd6, 0xff,
    0xb7, 0x5, 0xf3, 0x97, 0x32, 0x5a, 0xcd, 0x10,
    0x1, 0xb0, 0x80, 0x15, 0x0, 0x3d, 0x52, 0xe,
    0xe0, 0xf, 0x9d, 0x55, 0x30, 0x1, 0xfa, 0x29,
    0x84, 0x3, 0xe7, 0x9a, 0x3a, 0x30, 0x8, 0xef,
    0x7f, 0x16, 0xff, 0xdd, 0x40, 0x7f, 0xb0, 0x1,
    0x2e, 0x62, 0x0,

    /* U+659C "斜" */
    0x0, 0xff, 0xe1, 0xf, 0x10, 0x6, 0xe0, 0xd,
    0x69, 0xc6, 0x56, 0x6, 0x1, 0x30, 0xd7, 0x68,
    0x89, 0xc0, 0x25, 0xb7, 0xb9, 0x83, 0xa7, 0x0,
    0x97, 0xf1, 0xe9, 0x98, 0x60, 0x1c, 0x62, 0x6,
    0x2b, 0xc0, 0x1d, 0x76, 0x29, 0xb3, 0xb1, 0x0,
    0xdd, 0x25, 0x32, 0x5f, 0xa2, 0xc5, 0x9, 0x20,
    0x1e, 0x6a, 0xa1, 0x62, 0x95, 0x8, 0x8a, 0xc8,
    0xc4, 0x2, 0x27, 0xa7, 0x16, 0x10, 0x1, 0x80,
    0x0,

    /* U+65A5 "斥" */
    0x0, 0xfc, 0x4a, 0x1, 0xa2, 0x6a, 0xf3, 0xbf,
    0x8c, 0x2, 0x7d, 0x99, 0x67, 0x6d, 0x98, 0x6,
    0x43, 0x20, 0xf, 0xed, 0xdd, 0xdb, 0xae, 0x20,
    0xb, 0x76, 0xf3, 0xdd, 0x71, 0x0, 0x4, 0x1f,
    0x68, 0x3, 0xc6, 0xa0, 0xfc, 0x44, 0x81, 0x0,
    0x90, 0xc0, 0x7, 0x4, 0x1f, 0x0, 0xa, 0xb0,
    0xe, 0x8c, 0xd0, 0x24, 0x30, 0xf, 0x12, 0x80,

    /* U+65AD "断" */
    0x0, 0xdc, 0x1, 0xc4, 0x0, 0xa9, 0x43, 0x48,
    0x9c, 0xd8, 0x0, 0x27, 0x10, 0x75, 0xae, 0x6d,
    0x0, 0x4a, 0x81, 0x26, 0x1, 0xf2, 0xf1, 0x4a,
    0x86, 0x64, 0x40, 0x7, 0x70, 0x92, 0x86, 0x3e,
    0x90, 0x1, 0x0, 0xc1, 0x80, 0x3e, 0xf9, 0x39,
    0x31, 0x0, 0xf5, 0x92, 0xb, 0xb0, 0x7, 0x1e,
    0x61, 0xb2, 0x74, 0x3, 0xb7, 0x32, 0xd7, 0x60,
    0x73, 0x0, 0xf0, 0xe0, 0x3, 0x8, 0x0,

    /* U+65B0 "新" */
    0x0, 0xa4, 0x40, 0x21, 0x47, 0x1, 0xcc, 0x36,
    0x60, 0xf9, 0x5d, 0x0, 0x7e, 0x7a, 0xe0, 0xcc,
    0x86, 0x60, 0x1, 0x48, 0xd2, 0x80, 0x79, 0x28,
    0x28, 0xe9, 0x4f, 0x3f, 0x51, 0x13, 0xaf, 0xb2,
    0x87, 0x89, 0xc8, 0x59, 0x82, 0xfc, 0x41, 0x0,
    0xc5, 0xb6, 0x53, 0xa8, 0xe0, 0x1d, 0xe6, 0x0,
    0xe7, 0x30, 0xc, 0x89, 0x2, 0xf6, 0xe0, 0x6,
    0x48, 0xb7, 0x12, 0x74, 0x0, 0xf5, 0x50, 0x7,
    0x0, 0x16, 0x60,

    /* U+65B9 "方" */
    0x0, 0xe6, 0x10, 0xf, 0xf7, 0xc0, 0x7, 0x8c,
    0xf6, 0xf1, 0x9e, 0x10, 0x99, 0xb3, 0xb6, 0x67,
    0x28, 0x55, 0x43, 0x55, 0xe4, 0x0, 0x84, 0x5b,
    0xbc, 0x20, 0x18, 0x93, 0x77, 0x10, 0x80, 0x64,
    0xc0, 0x8, 0x44, 0x1, 0x86, 0x58, 0x2, 0x32,
    0x0, 0xdb, 0x2, 0x0, 0x1a, 0x60, 0xa, 0xec,
    0xc0, 0x5, 0xf3, 0x80, 0xa, 0xdc, 0x2, 0x5e,
    0xb2, 0x0, 0x0,

    /* U+65CB "旋" */
    0x0, 0xff, 0xe1, 0xe, 0x0, 0x16, 0xc0, 0x3c,
    0x2a, 0x0, 0xe0, 0x77, 0x94, 0xaf, 0x4b, 0x1d,
    0xa1, 0x12, 0x72, 0xb3, 0xbc, 0xb6, 0xaa, 0xcc,
    0x1, 0x32, 0xd4, 0xda, 0x5a, 0x30, 0x0, 0xcd,
    0x2d, 0x44, 0x5, 0x24, 0x4, 0xc8, 0x2, 0x80,
    0x55, 0xc0, 0x4, 0x33, 0x39, 0x0, 0xa, 0xe0,
    0x1, 0xb6, 0x22, 0x43, 0x20, 0x12, 0x3, 0x67,
    0xdc, 0xac, 0xe3, 0x21, 0x1, 0xe4, 0xcf, 0x53,
    0xd6, 0xef, 0x62, 0x30, 0x29, 0x80, 0x18, 0xce,
    0x60,

    /* U+65E0 "无" */
    0x0, 0x6e, 0xb3, 0x73, 0x30, 0x6, 0xdd, 0x61,
    0xe6, 0x60, 0xf, 0xfe, 0x7d, 0xe6, 0x41, 0xba,
    0xcc, 0x80, 0x17, 0x98, 0x97, 0xab, 0xcc, 0x80,
    0x3b, 0xb4, 0x3, 0xf9, 0x9d, 0x0, 0x31, 0x0,
    0x4f, 0x1c, 0x3, 0xc0, 0xc, 0x30, 0xcb, 0xc2,
    0x4, 0x46, 0xe9, 0xc, 0x3b, 0x8, 0x0, 0x59,
    0xba, 0xa0,

    /* U+65E5 "日" */
    0xdd, 0xfb, 0xc3, 0xf7, 0x76, 0x0, 0x7e, 0x10,
    0xf, 0x18, 0x3, 0xb3, 0x37, 0x0, 0x3b, 0x33,
    0x68, 0x7, 0xff, 0x1b, 0xf3, 0x38, 0x43, 0xf3,
    0x38, 0x0,

    /* U+65E7 "旧" */
    0xd3, 0xc, 0xdd, 0xe4, 0x0, 0x8b, 0xb7, 0x66,
    0x0, 0xff, 0xe6, 0xf6, 0x64, 0x80, 0x1d, 0xd9,
    0x92, 0x0, 0x7f, 0xf3, 0x7b, 0x32, 0x40, 0xe,
    0xec, 0xc9, 0x7, 0x4c, 0x38, 0xc0, 0x2b, 0x50,

    /* U+65E9 "早" */
    0x0, 0x77, 0x7e, 0x0, 0x8f, 0x3f, 0xf6, 0x18,
    0x6, 0x9a, 0xad, 0x20, 0x1d, 0x57, 0x7a, 0x80,
    0x30, 0xe6, 0xfe, 0xeb, 0x4, 0x2, 0xcd, 0xd1,
    0xf6, 0xeb, 0x1, 0xbf, 0xf1, 0xe7, 0xfd, 0xcd,
    0xff, 0x8f, 0x3f, 0xee, 0x0, 0xff, 0xe2, 0x8,
    0x7, 0x0,

    /* U+65F6 "时" */
    0x0, 0xfe, 0xe1, 0x0, 0x66, 0x56, 0x1, 0xf0,
    0x96, 0x6a, 0xa9, 0x9a, 0x6, 0x31, 0x0, 0x8c,
    0x3, 0xce, 0x3, 0x98, 0x5, 0x46, 0x61, 0xb2,
    0x0, 0xe6, 0x0, 0x18, 0x40, 0x1f, 0xe9, 0xb0,
    0xe, 0x1a, 0xb0, 0x3, 0xc8, 0x6, 0x11, 0x44,
    0x98, 0x7, 0xc2, 0xe4, 0x7c, 0x0, 0x12, 0x30,
    0xa, 0x40, 0x3d, 0xcc, 0x20,

    /* U+660E "明" */
    0xec, 0xc6, 0x87, 0xe6, 0x37, 0x83, 0x30, 0x1,
    0x66, 0x46, 0x1, 0xe8, 0x88, 0x1, 0x98, 0x0,
    0xb3, 0x20, 0x6, 0x60, 0x2, 0x44, 0x80, 0x3e,
    0xcc, 0x68, 0x3, 0x74, 0x2, 0x59, 0x8d, 0x0,
    0x6e, 0xa9, 0x50, 0x3, 0x60, 0x1, 0xfb, 0x0,
    0x6, 0x4, 0x0, 0x37, 0x50, 0x4d, 0x50, 0x8,
    0xf0, 0x0, 0x9f, 0x0,

    /* U+6613 "易" */
    0x0, 0x6e, 0x67, 0xc0, 0x1f, 0xfc, 0x3f, 0xee,
    0xde, 0x1, 0xab, 0xfa, 0xaa, 0xba, 0x0, 0x88,
    0xd8, 0x47, 0x7a, 0x8d, 0x76, 0x91, 0xda, 0x6f,
    0x68, 0xfd, 0xa9, 0xd2, 0x3a, 0x7f, 0x80, 0x19,
    0xf6, 0xb7, 0x60, 0x22, 0x2, 0x6c, 0xcd, 0xe2,
    0x4e, 0xc0, 0x33, 0x59, 0x82, 0x5c, 0x43, 0x0,
    0x45, 0xa8, 0x1, 0x7a, 0x40,

    /* U+6620 "映" */
    0x0, 0xf9, 0xd0, 0x2, 0x18, 0x88, 0x40, 0x1c,
    0xe0, 0x19, 0x6d, 0x8f, 0x30, 0xfd, 0x96, 0x1,
    0x19, 0xec, 0x4e, 0xd6, 0x0, 0x1b, 0x98, 0x7,
    0xf1, 0x90, 0x6, 0x11, 0x0, 0x72, 0x9c, 0x1e,
    0x26, 0x68, 0xd0, 0x6, 0x8c, 0xe2, 0x26, 0x62,
    0x80, 0xac, 0x80, 0x13, 0xc, 0xe0, 0x13, 0xde,
    0x8c, 0x82, 0xdc, 0xb8, 0xc, 0x1, 0x59, 0x58,
    0xe, 0x53, 0x80, 0x6a, 0xb0, 0x8, 0xb5, 0xc0,

    /* U+662F "是" */
    0x3, 0xec, 0xce, 0xe0, 0xc, 0x77, 0x7c, 0x60,
    0x18, 0x4c, 0xf8, 0x3, 0x86, 0x23, 0x84, 0x0,
    0x27, 0xb9, 0x9e, 0x0, 0x45, 0xde, 0xfb, 0xbc,
    0xf3, 0x61, 0x56, 0x33, 0x35, 0x38, 0x1a, 0x0,
    0x6, 0x22, 0x40, 0x7, 0xb6, 0x38, 0xd5, 0x4a,
    0x12, 0xd3, 0x80, 0xbd, 0xcf, 0xf5, 0xc5, 0x0,
    0xbd, 0xf7, 0x3f, 0xd6,

    /* U+663E "显" */
    0x0, 0x76, 0xe6, 0x6d, 0xe0, 0xc, 0x79, 0x9e,
    0x30, 0xe, 0xcd, 0xdd, 0x80, 0x1e, 0xef, 0xfd,
    0xc6, 0x1, 0x9e, 0x3a, 0x65, 0xd0, 0x80, 0x10,
    0xd5, 0x9d, 0xd8, 0xae, 0xc0, 0x14, 0x40, 0x3,
    0xd3, 0x20, 0x4, 0x30, 0x80, 0x62, 0x68, 0x0,
    0xc, 0x18, 0x6, 0x6b, 0x10, 0x4d, 0xae, 0xc,
    0xc0, 0xc4, 0xeb, 0x0,

    /* U+665F "晟" */
    0x0, 0x5e, 0xe6, 0x77, 0x88, 0x7, 0x3a, 0x27,
    0x8, 0x7, 0x98, 0xcf, 0x84, 0x3, 0xaf, 0x2e,
    0xc3, 0x3b, 0x62, 0x1, 0x15, 0xde, 0x4e, 0xaf,
    0xb3, 0x0, 0xb, 0x5d, 0xf6, 0x45, 0x98, 0x4,
    0x57, 0x6a, 0x4b, 0x4d, 0x20, 0x9, 0x55, 0x74,
    0xe2, 0xb5, 0xa4, 0x1, 0x66, 0x12, 0x98, 0x90,
    0xd8, 0xb4, 0x5, 0xd9, 0x7a, 0xbb, 0x99, 0xda,
    0xa0, 0x3a, 0x2, 0xa3, 0x86, 0x37, 0xb0, 0x0,

    /* U+666E "普" */
    0x0, 0x98, 0x40, 0xc, 0xa0, 0x18, 0x44, 0x10,
    0x25, 0x2, 0x20, 0xa, 0xed, 0x8f, 0x78, 0xbd,
    0x48, 0x0, 0xa6, 0xb2, 0xa4, 0x98, 0x74, 0x0,
    0xa5, 0x40, 0x35, 0x40, 0x1, 0xef, 0xbd, 0xec,
    0x64, 0xfe, 0xc5, 0xef, 0xb3, 0x3d, 0xd6, 0x20,
    0x8, 0x23, 0x3c, 0x50, 0x1, 0xd1, 0x1e, 0x0,
    0xf6, 0x67, 0x80, 0x3d, 0xb9, 0x9b, 0x40, 0x20,

    /* U+666F "景" */
    0x0, 0x46, 0xe6, 0x77, 0x80, 0x72, 0x4c, 0xf0,
    0x80, 0x71, 0x6e, 0xf0, 0x7, 0x9c, 0xcf, 0x80,
    0x3a, 0x32, 0xf4, 0xae, 0xdc, 0x0, 0x1b, 0xbd,
    0xa5, 0x77, 0x98, 0x6e, 0x0, 0x8b, 0x86, 0xd8,
    0x2, 0x60, 0xe, 0x60, 0xc, 0x73, 0xb6, 0x91,
    0xdc, 0x0, 0xcf, 0x42, 0x60, 0x3f, 0x90, 0x0,
    0x2e, 0xf4, 0xe4, 0x8, 0xff, 0x0,

    /* U+6670 "晰" */
    0x0, 0xe6, 0x10, 0x8, 0x80, 0x6e, 0xd2, 0x1a,
    0x0, 0xbb, 0x49, 0x98, 0x6d, 0x0, 0x6, 0xb,
    0x76, 0x30, 0x8, 0x61, 0x20, 0x8c, 0xe2, 0x4,
    0xb0, 0x80, 0xb2, 0x4, 0xe6, 0x4, 0xb0, 0x30,
    0xa1, 0x7, 0x64, 0x0, 0xd6, 0x64, 0xc0, 0x1f,
    0x9, 0xbc, 0x2b, 0x0, 0x64, 0xb0, 0xa0, 0x2,
    0x60, 0x6, 0x4b, 0x91, 0x3, 0x85, 0x0, 0x8a,
    0x81, 0x0, 0xe, 0xc4, 0xe, 0x1, 0xeb, 0x58,
    0x0, 0x60, 0x0,

    /* U+6682 "暂" */
    0x0, 0xa4, 0x3, 0xa, 0x18, 0x2, 0x6d, 0x26,
    0x4b, 0xb2, 0x6e, 0x0, 0x87, 0xec, 0x91, 0x16,
    0x90, 0x80, 0x20, 0x7e, 0x28, 0x9f, 0x60, 0x80,
    0x15, 0xc8, 0xd9, 0xfb, 0x4c, 0xe0, 0x4, 0x51,
    0x25, 0x53, 0x0, 0x73, 0x9f, 0x71, 0x2d, 0xd7,
    0x80, 0x37, 0x1, 0x16, 0x19, 0x0, 0xed, 0xcc,
    0xe0, 0xf, 0x4c, 0xf5, 0x80, 0x7a, 0x67, 0xac,
    0x40, 0x0,

    /* U+66B4 "暴" */
    0x0, 0x6c, 0xcf, 0xb0, 0x3, 0xf, 0x77, 0x80,
    0x39, 0x36, 0xfb, 0x93, 0xc8, 0x1, 0x18, 0x18,
    0x8, 0xe0, 0x30, 0x1, 0x5e, 0x35, 0x50, 0x6a,
    0xc8, 0x1, 0x73, 0x6d, 0x10, 0x3f, 0x9b, 0x10,
    0x83, 0x5c, 0x3e, 0xf3, 0x28, 0x12, 0x8a, 0x16,
    0x5e, 0x86, 0xc8, 0x12, 0xa6, 0x1c, 0x7d, 0x12,
    0x7a, 0x10, 0x2d, 0xae, 0x65, 0xb9, 0xf2, 0x0,
    0x14, 0xa, 0xf1, 0x1, 0xe1, 0x0,

    /* U+66F2 "曲" */
    0x0, 0xff, 0xe0, 0xf8, 0xf, 0x80, 0x7f, 0x8,
    0x4, 0x23, 0x0, 0x98, 0x8, 0xdf, 0x70, 0x11,
    0x1, 0x8b, 0xe0, 0x89, 0x9, 0xb1, 0x9b, 0x10,
    0xf, 0xfa, 0x6c, 0x2e, 0x86, 0xe8, 0x1, 0x36,
    0x17, 0x43, 0x74, 0x1, 0xff, 0xc0, 0x9b, 0xb,
    0xa1, 0xba, 0x0, 0x4d, 0xfd, 0xdb, 0xee, 0x84,

    /* U+66F4 "更" */
    0x8, 0xcc, 0xdb, 0x99, 0x84, 0x23, 0x32, 0xe6,
    0xcc, 0xc2, 0x0, 0xeb, 0xb4, 0xad, 0xdb, 0x80,
    0x3b, 0x75, 0x87, 0xba, 0x0, 0xf1, 0x10, 0x44,
    0x44, 0x0, 0xf4, 0x42, 0xce, 0x20, 0x1, 0xde,
    0x1b, 0x51, 0x98, 0xe0, 0xc, 0x31, 0x92, 0xa0,
    0x1f, 0xc2, 0x9f, 0x8, 0x20, 0x16, 0x6e, 0xba,
    0xb3, 0x76, 0xe2, 0xc, 0xd9, 0x20, 0x15, 0x9c,
    0xe2,

    /* U+66FF "替" */
    0x0, 0x98, 0x40, 0x2, 0xc0, 0x19, 0x5e, 0xe5,
    0x16, 0x2d, 0xd4, 0x0, 0xe6, 0x18, 0xcc, 0xe6,
    0x36, 0x0, 0x74, 0x14, 0x5c, 0x4a, 0x47, 0x90,
    0x62, 0x9b, 0x4d, 0x1b, 0x26, 0x10, 0x39, 0x66,
    0x7, 0x22, 0x47, 0x4, 0x5f, 0x5b, 0x5a, 0x33,
    0x9f, 0xc2, 0x28, 0x1, 0xcc, 0xd4, 0x24, 0x1,
    0x8f, 0x33, 0x40, 0x7, 0x8f, 0x77, 0x40, 0x7,
    0x8a, 0xab, 0x80, 0x20,

    /* U+6700 "最" */
    0x0, 0x4d, 0xcc, 0xea, 0xc0, 0xf, 0xf9, 0xc0,
    0x30, 0x80, 0x7f, 0x86, 0x6a, 0x23, 0x5d, 0x8,
    0x15, 0xfd, 0xdb, 0xee, 0xf8, 0x89, 0x46, 0x44,
    0x3d, 0x2, 0xb, 0x20, 0x1, 0x88, 0x81, 0x86,
    0x18, 0x40, 0x22, 0x8a, 0x35, 0x3b, 0xa0, 0xa,
    0xca, 0xac, 0xd7, 0x9f, 0x8, 0x1, 0x3d, 0x70,
    0xf, 0xf9, 0xd2, 0x0, 0x20, 0xb, 0x5a, 0x41,
    0x2c, 0x0,

    /* U+6709 "有" */
    0x0, 0xe8, 0x0, 0xff, 0x13, 0x0, 0x7d, 0x99,
    0x83, 0x33, 0x69, 0x6, 0x63, 0x43, 0xf3, 0x36,
    0x90, 0x5, 0x47, 0xb9, 0x97, 0x90, 0x5, 0x29,
    0x19, 0x98, 0x80, 0x3, 0x66, 0xb1, 0x99, 0x88,
    0x0, 0x65, 0x41, 0x19, 0x98, 0x80, 0x5, 0x20,
    0x8, 0xcc, 0xc4, 0x1, 0xe8, 0xcc, 0xc4, 0x60,
    0x18, 0x40, 0x37, 0x30, 0x80, 0x6b, 0x50, 0xb,
    0xac, 0x0,

    /* U+671F "期" */
    0x1, 0xe0, 0x7, 0x80, 0x7c, 0x26, 0x0, 0x10,
    0xdb, 0xb7, 0x88, 0x59, 0x5d, 0x86, 0x2, 0x6c,
    0x80, 0x16, 0x3d, 0xc1, 0x80, 0x45, 0x30, 0xe,
    0x30, 0x8, 0x40, 0x38, 0x7b, 0x40, 0x25, 0x51,
    0x80, 0x45, 0x76, 0x0, 0xa6, 0xc8, 0xe, 0xc6,
    0xec, 0x52, 0x75, 0x64, 0x7, 0x4d, 0x7d, 0x56,
    0x62, 0x1, 0xab, 0xc1, 0x6e, 0x68, 0x3, 0xe,
    0xa8, 0x3, 0xd9, 0x81, 0x20, 0x22, 0x60, 0x8,
    0xb4, 0x42, 0x74, 0x0,

    /* U+672A "未" */
    0x0, 0xed, 0x20, 0xf, 0xf8, 0xc0, 0x3d, 0x19,
    0x91, 0x6e, 0x62, 0xc0, 0x28, 0xcc, 0x8b, 0x73,
    0x16, 0x1, 0xff, 0xc2, 0x6c, 0xcb, 0x8b, 0xb3,
    0x2a, 0x6, 0xcc, 0x71, 0x89, 0x46, 0x62, 0x80,
    0x22, 0xfe, 0x3e, 0xa3, 0x0, 0xc9, 0x92, 0x60,
    0x5b, 0xa8, 0x10, 0x69, 0xd4, 0x0, 0x8f, 0xcb,
    0x5, 0xb4, 0xc0, 0x6, 0x60, 0x1a, 0xd1,

    /* U+672B "末" */
    0x0, 0xe2, 0xd0, 0xf, 0xf1, 0x88, 0x7, 0xa7,
    0x73, 0x23, 0xcc, 0xb4, 0x42, 0x77, 0x32, 0x3c,
    0xcb, 0x44, 0x3, 0xff, 0x85, 0xb9, 0x8e, 0x3e,
    0xcd, 0x60, 0xb, 0x72, 0xd0, 0x8f, 0x74, 0xc0,
    0x19, 0x6a, 0x46, 0xf4, 0x40, 0x34, 0x43, 0xc,
    0x1a, 0xf1, 0x40, 0x1a, 0x58, 0x20, 0x13, 0xc5,
    0xa8, 0x65, 0x8, 0x18, 0x80, 0x17, 0x94,

    /* U+672C "本" */
    0x0, 0xe4, 0xb0, 0xf, 0xfe, 0x30, 0x91, 0x42,
    0x4, 0x58, 0x0, 0xd1, 0x9, 0xa4, 0xf8, 0x84,
    0x90, 0x3d, 0x53, 0x4c, 0xc3, 0x54, 0xb2, 0x0,
    0xd7, 0x2e, 0xc8, 0x1, 0xe9, 0xa1, 0x8, 0xa1,
    0x0, 0xce, 0x4e, 0x0, 0x2b, 0xc2, 0x0, 0x55,
    0xee, 0xa5, 0x77, 0xa3, 0x10, 0x3f, 0x1b, 0x65,
    0x76, 0xd7, 0x10, 0x14, 0x3, 0xf1, 0x0,

    /* U+673A "机" */
    0x0, 0x69, 0x80, 0x7f, 0x84, 0x40, 0x3d, 0x9c,
    0x20, 0x1f, 0x8b, 0xc, 0x2, 0x6c, 0x3e, 0xc0,
    0xf, 0x9b, 0x83, 0xb0, 0x3, 0xf2, 0x84, 0x19,
    0x9c, 0x3, 0xd4, 0x59, 0xc2, 0x20, 0xe, 0x77,
    0xa, 0x63, 0x10, 0x7, 0xd, 0x80, 0x7, 0x34,
    0x3, 0x98, 0x40, 0x4, 0x8a, 0x1, 0x58, 0x4,
    0x22, 0x99, 0x0, 0x1f, 0x1c, 0x2, 0xd3, 0xb4,
    0x0, 0x56, 0xe0, 0x0,

    /* U+6761 "条" */
    0x0, 0x99, 0xc0, 0x3f, 0xd1, 0x59, 0x96, 0x98,
    0x6, 0xa3, 0xbc, 0xc2, 0x39, 0x80, 0x4e, 0x1b,
    0x4f, 0x9, 0x40, 0x19, 0xa8, 0x22, 0xf, 0x0,
    0x18, 0x55, 0xf3, 0x6a, 0xfb, 0x6a, 0x44, 0xb8,
    0x3a, 0x38, 0x6f, 0xf3, 0xc4, 0xf7, 0x26, 0x96,
    0x6a, 0x75, 0x0, 0xf, 0x45, 0x6b, 0x1b, 0xf6,
    0x40, 0x5, 0xdc, 0x0, 0x93, 0xac, 0x80, 0x5,
    0x8b, 0x6c, 0xa5, 0x5e, 0x20, 0x7, 0x0, 0x5e,
    0x88, 0x1, 0xc, 0x0,

    /* U+6765 "来" */
    0x0, 0xec, 0x30, 0xf, 0xf3, 0x80, 0x7d, 0x59,
    0x92, 0x76, 0x63, 0x4c, 0x1, 0x53, 0x58, 0x9d,
    0xaf, 0xa6, 0x1, 0x2d, 0x8, 0x2, 0x38, 0x2,
    0x5c, 0xc0, 0x6a, 0x72, 0xce, 0x60, 0x17, 0x31,
    0xa2, 0x41, 0x59, 0x8d, 0x0, 0xdb, 0xd, 0x36,
    0xc0, 0x20, 0x2, 0xdb, 0x50, 0x7f, 0x8b, 0x30,
    0x4d, 0xb7, 0x0, 0x8b, 0xc3, 0x81, 0x35, 0x80,
    0xe, 0x0, 0x1b, 0xd0,

    /* U+677E "松" */
    0x0, 0x59, 0x80, 0xc, 0xa4, 0x3, 0xf1, 0x71,
    0x38, 0x7, 0xe4, 0x50, 0x45, 0x0, 0x36, 0x27,
    0xbe, 0xd8, 0x4c, 0x0, 0x1b, 0x43, 0xd5, 0x8c,
    0xd, 0x2c, 0x0, 0xc1, 0xd5, 0xb, 0x81, 0x38,
    0x0, 0xa3, 0xb4, 0x5c, 0x90, 0x3, 0x84, 0x2b,
    0xaf, 0x2, 0x2a, 0xa4, 0x1, 0x90, 0x0, 0x26,
    0xa0, 0x57, 0x20, 0x40, 0x8, 0x63, 0x6a, 0xce,
    0xc0, 0x38, 0x67, 0xae, 0xd8, 0x20,

    /* U+677F "板" */
    0x0, 0x68, 0x80, 0x62, 0x84, 0x0, 0x84, 0x1,
    0x39, 0xbc, 0x42, 0x2, 0x62, 0xa4, 0xbb, 0xac,
    0xa5, 0x2, 0x42, 0xc6, 0xb, 0xaa, 0x90, 0xd,
    0x2, 0x90, 0x1, 0xd6, 0x2e, 0x0, 0xa0, 0xf3,
    0x1c, 0x31, 0x63, 0x2, 0x53, 0x86, 0x7, 0xb3,
    0x60, 0x5, 0xc0, 0x23, 0xb0, 0xb7, 0xf8, 0x1,
    0x28, 0x0, 0x4c, 0xc, 0x35, 0x0, 0xe3, 0x86,
    0x65, 0xce, 0x18, 0x4, 0x2f, 0x2d, 0xb8, 0xdd,
    0x0, 0x16, 0xab, 0xba, 0xc4, 0xe, 0xc0,

    /* U+6781 "极" */
    0x0, 0x68, 0x80, 0x7f, 0x84, 0xb, 0x3f, 0x37,
    0x40, 0x2, 0x41, 0x51, 0xc3, 0xc9, 0x70, 0x3,
    0x69, 0x6d, 0x8b, 0x81, 0xe8, 0x1, 0x28, 0x2e,
    0xd, 0xc3, 0xea, 0x80, 0xa, 0xe, 0x76, 0x33,
    0x45, 0x68, 0xa, 0x1f, 0xe1, 0xb4, 0x5, 0xa8,
    0x45, 0x81, 0x5d, 0x59, 0x48, 0x10, 0x6b, 0x0,
    0x10, 0x4a, 0x1a, 0xc0, 0x8, 0x0, 0x3a, 0x92,
    0xc8, 0xa6, 0x0, 0x85, 0xd8, 0x32, 0x5f, 0xe8,
    0xc0, 0x1a, 0xb0, 0xbc, 0x80, 0x58, 0x60,

    /* U+6784 "构" */
    0x0, 0xff, 0xe1, 0x59, 0x80, 0x38, 0x40, 0x3f,
    0x91, 0x44, 0x3, 0x84, 0x1c, 0x75, 0xe6, 0x70,
    0x1d, 0xa7, 0xb3, 0xc6, 0xec, 0xe0, 0x76, 0x10,
    0x32, 0x4a, 0x88, 0x0, 0xa4, 0x3d, 0x5e, 0x4,
    0x3, 0x12, 0xa2, 0x29, 0xe1, 0x6c, 0x2, 0x89,
    0xb, 0xb4, 0x8e, 0xa0, 0x5, 0x48, 0x0, 0x37,
    0x2b, 0x53, 0x30, 0x7, 0xc, 0xa9, 0xd3, 0x30,
    0x3, 0xfb, 0xa3, 0xc0, 0x2b, 0x30, 0xd, 0xda,
    0x80,

    /* U+6790 "析" */
    0x0, 0x16, 0x80, 0x61, 0x58, 0x0, 0x8c, 0x40,
    0x13, 0x9b, 0xe0, 0x20, 0x6a, 0x26, 0x25, 0xf9,
    0x50, 0x21, 0x7c, 0x74, 0x42, 0x1, 0xe8, 0x22,
    0x49, 0x87, 0xe6, 0x52, 0x0, 0x60, 0xd1, 0x17,
    0x60, 0xec, 0x84, 0x20, 0x53, 0x39, 0x80, 0x62,
    0x68, 0x7, 0x71, 0x8, 0x6, 0x2d, 0x30, 0x2,
    0x28, 0x7, 0x8c, 0x2, 0x8d, 0x0, 0xf8, 0xc0,
    0xc1, 0x80, 0x3e, 0x2d, 0x3c, 0x0, 0xb4, 0x40,

    /* U+679A "枚" */
    0x0, 0xff, 0xe1, 0x5a, 0x0, 0x12, 0xc0, 0x3e,
    0x70, 0x6, 0x10, 0x7, 0xf9, 0x74, 0x0, 0x20,
    0xda, 0x9d, 0x26, 0x51, 0x9f, 0xa4, 0xda, 0x1d,
    0x32, 0x6c, 0xd3, 0xc2, 0x6, 0xf, 0x64, 0x40,
    0x2b, 0x0, 0x6, 0xce, 0xed, 0x8e, 0x87, 0x80,
    0xb, 0x57, 0x4c, 0x28, 0x85, 0x38, 0x2, 0xe0,
    0x0, 0x20, 0x42, 0x30, 0x0, 0x40, 0x32, 0x6a,
    0xb5, 0xa8, 0x7, 0x44, 0x3a, 0x2b, 0xb8, 0x20,
    0xb, 0x38, 0xc3, 0x0, 0x2d, 0x88,

    /* U+679C "果" */
    0x0, 0x75, 0xdb, 0xb2, 0xed, 0xc0, 0x18, 0xea,
    0xd2, 0x2e, 0xc0, 0x1e, 0xba, 0x4f, 0xaa, 0x0,
    0x71, 0xcc, 0x2f, 0x44, 0x0, 0x3a, 0x11, 0x5b,
    0x15, 0x50, 0x0, 0x2c, 0xab, 0xb1, 0xad, 0xda,
    0xa8, 0x5, 0x98, 0xf0, 0x49, 0x1d, 0xca, 0x0,
    0x97, 0xb8, 0xd, 0x78, 0x60, 0x1, 0xc9, 0xf2,
    0x0, 0x34, 0xf6, 0x0, 0xc6, 0x10, 0x1, 0xc1,
    0x37, 0x80,

    /* U+67B6 "架" */
    0x0, 0xb0, 0x3, 0xf9, 0xe8, 0xea, 0x83, 0x99,
    0x58, 0x1, 0xb9, 0x2d, 0xc0, 0x73, 0xc, 0x0,
    0x13, 0xc1, 0x1, 0x0, 0xf1, 0xca, 0x99, 0x80,
    0xee, 0xc0, 0x16, 0xc1, 0x4b, 0x17, 0x5d, 0xb4,
    0x1, 0xae, 0x37, 0xf6, 0x23, 0x10, 0xc, 0xc4,
    0x36, 0x1b, 0x22, 0x23, 0x1a, 0x9f, 0x8, 0x77,
    0x74, 0xd1, 0x8b, 0x67, 0x60, 0x85, 0xe, 0xc9,
    0x8, 0xb6, 0x0, 0x33, 0x6e, 0x10,

    /* U+67C4 "柄" */
    0x0, 0x68, 0x7, 0xff, 0x3, 0x37, 0x3f, 0x31,
    0xa6, 0xe6, 0xfd, 0xb8, 0x39, 0x8d, 0x12, 0x13,
    0x35, 0xd8, 0x6e, 0xd2, 0x42, 0xa, 0x2f, 0x23,
    0x32, 0x50, 0xe0, 0xc2, 0x0, 0x8, 0x10, 0x18,
    0x95, 0x50, 0x11, 0xb0, 0x81, 0x60, 0x1e, 0x2,
    0xa6, 0x24, 0x18, 0xc0, 0x37, 0x83, 0x58, 0x7,
    0xc6, 0x0, 0x30, 0x8, 0x40, 0x39, 0x7a, 0x80,

    /* U+67D0 "某" */
    0x0, 0xff, 0xe1, 0xf8, 0x6, 0xe0, 0xc, 0xd2,
    0x13, 0x38, 0x65, 0xc0, 0x9, 0x43, 0x55, 0x86,
    0x94, 0x0, 0x46, 0x13, 0x38, 0x4c, 0x80, 0x3a,
    0xab, 0x8, 0x7, 0x92, 0xaf, 0xa9, 0x0, 0x30,
    0x8a, 0xed, 0xeb, 0x76, 0x11, 0x0, 0x2e, 0xef,
    0x95, 0xfb, 0xb9, 0x42, 0xa9, 0xc7, 0x2b, 0x7,
    0x54, 0x50, 0x29, 0xfc, 0x70, 0x6f, 0xd6, 0x10,
    0xbc, 0xb1, 0x70, 0x3, 0x7f, 0x18,

    /* U+67D3 "染" */
    0x0, 0xff, 0xe1, 0x48, 0x80, 0x1a, 0x40, 0x3c,
    0x38, 0x1, 0x8, 0x7, 0x2c, 0xf9, 0x5d, 0x97,
    0x2c, 0x3, 0x60, 0x15, 0x8f, 0x78, 0x80, 0x4b,
    0xdc, 0x8, 0x73, 0x73, 0x34, 0x3, 0xf4, 0x61,
    0x50, 0x32, 0xf7, 0x1, 0x35, 0x3f, 0xac, 0xb,
    0x35, 0x83, 0xf3, 0x1d, 0x6b, 0xd9, 0x92, 0x86,
    0x63, 0xcd, 0x90, 0xab, 0x30, 0xa0, 0x53, 0xd5,
    0x41, 0xdd, 0x9c, 0xc7, 0xb9, 0xa8, 0xe0, 0x37,
    0xde, 0x0,

    /* U+67E5 "查" */
    0x0, 0xe8, 0x60, 0xf, 0xf7, 0x80, 0x7d, 0x79,
    0x8f, 0x98, 0xfc, 0xc5, 0x80, 0x2f, 0x29, 0x66,
    0x12, 0xb2, 0xc0, 0x5, 0x5f, 0x40, 0xb, 0xfd,
    0x71, 0x2e, 0x25, 0xca, 0xbc, 0x5a, 0xe1, 0x2c,
    0xc3, 0x44, 0xca, 0x18, 0xe4, 0x3, 0x9, 0x16,
    0x10, 0xe, 0x15, 0xaa, 0xca, 0x20, 0x19, 0x7b,
    0x33, 0x72, 0x80, 0x5b, 0x99, 0xfc, 0x20,

    /* U+67F1 "柱" */
    0x0, 0xff, 0xe0, 0xe1, 0x80, 0x5c, 0x20, 0x19,
    0xc0, 0x32, 0x10, 0x7, 0x86, 0x20, 0x57, 0xc,
    0xcc, 0x4f, 0x8d, 0xd2, 0x7e, 0x93, 0x68, 0x7c,
    0xaa, 0x9d, 0x15, 0x1, 0x83, 0x88, 0x48, 0x1c,
    0x84, 0x28, 0xd2, 0x1a, 0xd7, 0xa1, 0x65, 0x5e,
    0xad, 0xe5, 0x66, 0x93, 0x60, 0x0, 0x20, 0x1e,
    0x40, 0x8, 0x48, 0x80, 0xe4, 0x40, 0x3, 0x83,
    0xc4, 0x7, 0xa2, 0x0,

    /* U+6807 "标" */
    0x0, 0x68, 0x7, 0xff, 0xb, 0xb3, 0x2d, 0x80,
    0x12, 0x2, 0x1e, 0xcc, 0xb6, 0x1, 0xa4, 0xa5,
    0xc0, 0x3e, 0x78, 0xa, 0x2d, 0xcd, 0xcc, 0x6a,
    0x5, 0x6, 0x36, 0xe3, 0xfe, 0x6a, 0xa, 0x14,
    0x53, 0x18, 0x3c, 0x80, 0x2e, 0xc0, 0xb1, 0x62,
    0xe, 0x52, 0x1c, 0xc0, 0x4, 0x72, 0x0, 0x4b,
    0x22, 0x0, 0x22, 0x92, 0x60, 0x2a, 0x50, 0xc,
    0xc7, 0xcc, 0x60, 0xa2,

    /* U+6808 "栈" */
    0x0, 0xff, 0xe1, 0x68, 0x80, 0x31, 0x20, 0x80,
    0x3f, 0x9f, 0x6c, 0x3, 0xf3, 0x82, 0x72, 0x3,
    0x61, 0x6b, 0x2b, 0x75, 0x3, 0x3, 0x70, 0x6b,
    0x13, 0x45, 0xa2, 0x0, 0xa, 0x16, 0xc, 0x31,
    0x94, 0x60, 0x34, 0x44, 0x9d, 0x26, 0xc0, 0x40,
    0x8b, 0x9, 0x96, 0x43, 0x39, 0x88, 0x5b, 0x0,
    0x73, 0xcd, 0x28, 0x10, 0x6, 0x5c, 0x25, 0x7b,
    0x0, 0xf6, 0x74, 0x56, 0x38, 0x5, 0xa2, 0x12,
    0x40, 0x37, 0x20,

    /* U+680F "栏" */
    0x0, 0xff, 0xe1, 0x5a, 0x2, 0x10, 0xe, 0x0,
    0x73, 0x83, 0xf0, 0x3a, 0x0, 0x7c, 0x76, 0x55,
    0x20, 0x6, 0xc4, 0xe8, 0xeb, 0xe2, 0xc9, 0x6,
    0xc0, 0xe8, 0xec, 0xc7, 0x6c, 0x80, 0x14, 0x34,
    0x80, 0x3f, 0x41, 0x4d, 0xc6, 0xe6, 0x34, 0x42,
    0x15, 0x92, 0x63, 0x73, 0x1a, 0x21, 0x50, 0x1,
    0xfe, 0x20, 0x9, 0xee, 0xfc, 0x1, 0x9d, 0xa6,
    0xaa, 0x99, 0x0,

    /* U+6811 "树" */
    0x0, 0x78, 0x7, 0xb0, 0x40, 0x22, 0x2, 0x20,
    0x80, 0x7e, 0x1f, 0xf8, 0x3, 0x8f, 0xa, 0x37,
    0x45, 0x38, 0x78, 0x27, 0xc3, 0x36, 0x8b, 0x38,
    0x78, 0x20, 0xa3, 0x1f, 0x5f, 0x66, 0x1, 0xa8,
    0x88, 0xc0, 0x7f, 0x0, 0x13, 0x28, 0x53, 0xa4,
    0x2e, 0x80, 0x4d, 0x20, 0x51, 0x74, 0xec, 0x1,
    0x84, 0x12, 0x45, 0xd8, 0x3, 0xc6, 0xc8, 0x1,
    0x48, 0x88, 0x2, 0xe0, 0xe, 0x9d, 0x0, 0x0,

    /* U+6821 "校" */
    0x0, 0xf8, 0x40, 0x3d, 0xa2, 0x0, 0x1f, 0x0,
    0xff, 0xb, 0x10, 0x7, 0xd5, 0xdc, 0x6c, 0xee,
    0xb, 0x61, 0x6d, 0xf5, 0x77, 0xe7, 0xb, 0x40,
    0x68, 0xcf, 0x1, 0x62, 0x0, 0x34, 0x2d, 0xa,
    0x80, 0xf7, 0x40, 0x28, 0x46, 0x1f, 0x1, 0x17,
    0x21, 0xa, 0x10, 0x88, 0x53, 0x69, 0x0, 0x44,
    0x80, 0x68, 0xc8, 0x10, 0x0, 0x88, 0x2, 0x48,
    0x5b, 0x50, 0xe, 0x2d, 0xef, 0xae, 0xfc, 0x0,
    0xb4, 0xf6, 0x88, 0xe, 0xb0, 0x0,

    /* U+6837 "样" */
    0x0, 0xff, 0xe0, 0xe1, 0x2, 0xc0, 0x4b, 0x0,
    0x4e, 0x0, 0x43, 0x7, 0x70, 0x7, 0x1d, 0x95,
    0x4, 0x3b, 0xb1, 0x39, 0xfa, 0x9e, 0xa8, 0x8f,
    0xc1, 0xc8, 0x83, 0x15, 0x33, 0x2, 0x87, 0x6,
    0x60, 0xf7, 0x14, 0x2c, 0xd5, 0xf3, 0x7, 0xb8,
    0xb1, 0x6f, 0x4a, 0x23, 0x18, 0x8b, 0x9c, 0x5,
    0x6a, 0xce, 0x6e, 0x98, 0x2, 0x7b, 0xa2, 0xaa,
    0x58, 0x7, 0xfc,

    /* U+6838 "核" */
    0x0, 0xff, 0xe1, 0x68, 0x80, 0x58, 0x80, 0x1f,
    0x84, 0x56, 0x22, 0x20, 0xe, 0x3f, 0xf4, 0xdf,
    0xe0, 0xae, 0x96, 0x37, 0x4c, 0xbb, 0xa1, 0x5c,
    0xc, 0x55, 0x63, 0xb5, 0x80, 0x52, 0x18, 0x30,
    0xfb, 0x10, 0x10, 0x24, 0x2a, 0x6d, 0xf3, 0xda,
    0x80, 0x88, 0x3, 0x3a, 0xf6, 0xb2, 0xc8, 0x52,
    0x0, 0x17, 0xb1, 0x69, 0xc0, 0x3c, 0xb3, 0x75,
    0xc3, 0x60, 0x1c, 0xd9, 0x90, 0xd1, 0x80, 0x5a,
    0x2d, 0xcc, 0x1, 0x40, 0x0,

    /* U+6839 "根" */
    0x0, 0x1d, 0x80, 0xfe, 0x65, 0x60, 0x1e, 0x11,
    0x77, 0x20, 0x2, 0xcd, 0x4d, 0x31, 0xbb, 0x68,
    0x5, 0x8e, 0x9a, 0x65, 0x32, 0xb0, 0xc, 0xe1,
    0x82, 0x59, 0xd2, 0x60, 0x5, 0x30, 0x58, 0x2d,
    0x2a, 0x41, 0x15, 0xd8, 0x22, 0xc0, 0x43, 0x24,
    0x42, 0x54, 0x4, 0x80, 0x12, 0x2a, 0x2, 0xe0,
    0x11, 0x1e, 0x32, 0x6a, 0x80, 0x73, 0x17, 0x1c,
    0x48, 0x80, 0xe, 0xc1, 0x30, 0x80, 0x8, 0x80,

    /* U+683C "格" */
    0x0, 0x1d, 0x0, 0xa, 0x80, 0x3f, 0xd4, 0x6,
    0x70, 0x7, 0x85, 0xc2, 0x7e, 0x40, 0x17, 0xc9,
    0x76, 0x32, 0xa7, 0x90, 0x5, 0xba, 0x56, 0x60,
    0xa8, 0x8c, 0x0, 0x28, 0xf4, 0xc4, 0xc, 0x66,
    0x0, 0x4b, 0xbb, 0x72, 0x21, 0x93, 0x16, 0x29,
    0x40, 0xda, 0xb3, 0x70, 0xd6, 0x3c, 0x1, 0x8,
    0xae, 0xd4, 0x1, 0x10, 0x6, 0x19, 0x95, 0x80,
    0x7e, 0x18, 0x84, 0x80, 0x63, 0xb0, 0x7, 0x8,
    0x8f, 0x40,

    /* U+6846 "框" */
    0x0, 0x38, 0x7, 0xfd, 0x20, 0x3b, 0x55, 0xac,
    0xc0, 0x30, 0x8a, 0xab, 0x59, 0xb5, 0x8d, 0xa8,
    0x4d, 0x75, 0x40, 0x34, 0x5, 0xa8, 0x4d, 0x5,
    0x40, 0x2, 0xc2, 0x80, 0xf, 0x43, 0x4a, 0x2,
    0x82, 0xa, 0xf, 0x43, 0x4a, 0x11, 0x61, 0x6a,
    0x1, 0xf5, 0x38, 0x8, 0x2, 0xa8, 0x95, 0x20,
    0x60, 0x1d, 0x55, 0xa4, 0x2, 0x10, 0x3, 0x55,
    0x71, 0x80,

    /* U+6863 "档" */
    0x0, 0x68, 0x81, 0x6, 0x88, 0x18, 0x7, 0xe,
    0x80, 0x49, 0xc0, 0x48, 0x8, 0xa, 0xa0, 0x4,
    0x58, 0xe, 0x16, 0x9d, 0xa8, 0x2, 0x18, 0xf,
    0x3, 0x1b, 0x70, 0xf6, 0x2c, 0x1, 0xa1, 0x21,
    0x98, 0xec, 0xc2, 0x80, 0xa9, 0x4e, 0x8, 0xf0,
    0x1, 0xa4, 0x16, 0x1a, 0xef, 0x0, 0x1d, 0x40,
    0x27, 0xaa, 0xc0, 0x1e, 0x2c, 0xce, 0x0, 0xf1,
    0x66, 0x70, 0x0,

    /* U+6869 "桩" */
    0x0, 0x30, 0x80, 0x4a, 0xc0, 0x1d, 0x46, 0x1,
    0x3e, 0x0, 0x7e, 0xec, 0xe6, 0xcc, 0x1b, 0xe1,
    0xf4, 0x1e, 0x61, 0xf7, 0xd, 0xf8, 0x3a, 0x0,
    0x26, 0x0, 0xd4, 0x1e, 0x60, 0x74, 0x57, 0x0,
    0x2a, 0x77, 0x40, 0x70, 0x33, 0x20, 0xbb, 0x2,
    0x40, 0x81, 0x19, 0x8, 0x4b, 0x0, 0x15, 0x80,
    0x3c, 0x60, 0x17, 0x78, 0x7, 0xe1, 0x10, 0x26,
    0x60, 0x77, 0xc,

    /* U+68AF "梯" */
    0x0, 0x38, 0x0, 0x98, 0x15, 0x80, 0x35, 0x0,
    0xb, 0xc2, 0x50, 0x3, 0x8, 0x16, 0x17, 0x4,
    0xe0, 0x26, 0x1d, 0x86, 0x59, 0x65, 0x88, 0x27,
    0x8d, 0x96, 0x59, 0xdd, 0x98, 0x1, 0x41, 0x42,
    0x16, 0x77, 0x70, 0xa, 0x90, 0x30, 0xe1, 0xdd,
    0xb0, 0x9e, 0x42, 0xdf, 0x0, 0xae, 0xcc, 0xc,
    0xa0, 0x21, 0xb2, 0x20, 0x1, 0x0, 0xc7, 0xb4,
    0xa0, 0xb, 0x12, 0x0, 0x9, 0x4b, 0x0, 0x85,
    0xd0, 0x0,

    /* U+68B0 "械" */
    0x0, 0xfc, 0x20, 0x1d, 0xa0, 0x1d, 0xe8, 0xa0,
    0x10, 0x80, 0x71, 0x27, 0x80, 0x72, 0x55, 0x45,
    0x40, 0x6b, 0x67, 0x6f, 0xb9, 0xc7, 0x3a, 0x4b,
    0xc7, 0x67, 0x9e, 0xe2, 0x72, 0x21, 0xe5, 0x8e,
    0xa9, 0x0, 0x6e, 0x6, 0x62, 0x95, 0x44, 0x43,
    0x4e, 0x3, 0x50, 0x28, 0x90, 0xe, 0x22, 0x82,
    0x98, 0x2, 0xf4, 0x7, 0x8c, 0x50, 0x3, 0x12,
    0xc2, 0x1d, 0x66, 0x80, 0x4, 0x28, 0x7, 0xe9,
    0xee, 0xc0,

    /* U+68C0 "检" */
    0x0, 0xff, 0xe1, 0x68, 0x4, 0xb6, 0x1, 0xfe,
    0xe6, 0x20, 0x8, 0x9c, 0xdc, 0xd1, 0xff, 0x84,
    0x3, 0x8, 0x35, 0x79, 0x4f, 0xa8, 0x11, 0x83,
    0xc2, 0x76, 0x75, 0x40, 0x87, 0x3, 0xfd, 0x7f,
    0x58, 0x60, 0x93, 0x16, 0x55, 0x1e, 0x2, 0x88,
    0x22, 0x42, 0xa1, 0x12, 0x32, 0x30, 0xb5, 0x1,
    0x7, 0x75, 0xd4, 0x80, 0x4, 0x2, 0x2b, 0x74,
    0x43, 0x90, 0x4, 0x63, 0x10, 0xbb, 0x3c, 0x40,
    0x0,

    /* U+6A21 "模" */
    0x0, 0x70, 0x5, 0xa1, 0x2a, 0x1, 0xe7, 0xa2,
    0xa4, 0x9b, 0x11, 0x10, 0x13, 0xd3, 0x55, 0x3e,
    0xc4, 0xac, 0x6c, 0xf4, 0xeb, 0x62, 0x40, 0xe8,
    0x24, 0xcd, 0x99, 0x8c, 0x1, 0x61, 0x82, 0x64,
    0x50, 0x80, 0x5, 0x6, 0x11, 0xba, 0x7b, 0x8,
    0x26, 0x40, 0x8b, 0x74, 0x17, 0x50, 0x10, 0xa0,
    0x7, 0xab, 0xf, 0xa9, 0x0, 0xe7, 0x81, 0xfb,
    0x9, 0x0, 0xeb, 0x8b, 0x25, 0xed, 0x20, 0x7,
    0x5, 0xd0, 0x80, 0x13, 0x48,

    /* U+6A2A "横" */
    0x0, 0xfc, 0x20, 0x1d, 0xa0, 0x15, 0x85, 0x0,
    0x70, 0x82, 0x4b, 0x4b, 0x4b, 0x80, 0x73, 0x6b,
    0x6b, 0x6a, 0x1, 0xe1, 0xd3, 0x3, 0x83, 0x83,
    0x9, 0xc1, 0x50, 0x2, 0x26, 0x0, 0x36, 0x9b,
    0xad, 0x71, 0xf4, 0xb8, 0x88, 0x89, 0xa6, 0x6c,
    0x3c, 0x13, 0x6, 0xe0, 0xa2, 0x15, 0x5, 0x70,
    0x3, 0xa8, 0x0, 0x42, 0x46, 0x5c, 0x3, 0xc3,
    0x67, 0x86, 0xa0, 0x18, 0x43, 0x2, 0x42, 0x7e,
    0xc0, 0x2d, 0xc, 0x70, 0x9, 0xa8, 0x0,

    /* U+6A59 "橙" */
    0x0, 0x70, 0x6, 0x14, 0x63, 0x0, 0x88, 0x1f,
    0x39, 0x62, 0x80, 0x9, 0x45, 0x41, 0x24, 0x8f,
    0x30, 0x2b, 0xc7, 0xd, 0x4f, 0x21, 0x5e, 0x22,
    0x20, 0x2a, 0x69, 0xdf, 0xb9, 0x40, 0xd3, 0xcd,
    0x39, 0xff, 0xad, 0xc, 0x9, 0x15, 0xee, 0xe2,
    0x20, 0x37, 0x84, 0x19, 0xb3, 0x27, 0x10, 0x54,
    0x0, 0xa2, 0xf3, 0x89, 0x40, 0x21, 0x0, 0x24,
    0x82, 0xa0, 0x7, 0xb3, 0x8f, 0x25, 0x31, 0x40,

    /* U+6B21 "次" */
    0x0, 0xe3, 0x80, 0xf, 0x59, 0x0, 0x2b, 0x80,
    0x3d, 0xde, 0x0, 0x7b, 0xcc, 0xa0, 0x0, 0xa8,
    0xce, 0xdb, 0x98, 0x5e, 0x0, 0xa5, 0xea, 0x56,
    0x41, 0xdc, 0x1, 0x9, 0xe8, 0x98, 0x3, 0xc4,
    0x2, 0x8a, 0x0, 0x7a, 0x0, 0x80, 0x42, 0x90,
    0x0, 0x46, 0x40, 0xd, 0x50, 0x0, 0xaa, 0x4c,
    0x8c, 0x0, 0x8e, 0xa5, 0x66, 0xe5, 0x3a, 0xc0,
    0x98, 0x1f, 0xb2, 0x0, 0x4c, 0xa2, 0x0, 0xb5,
    0x80, 0x31, 0x61, 0x0,

    /* U+6B23 "欣" */
    0x0, 0xc8, 0x22, 0x50, 0xe, 0xab, 0xb6, 0xaa,
    0x60, 0x7, 0x34, 0xdc, 0xa6, 0x9c, 0x41, 0x80,
    0x3e, 0x3e, 0xc2, 0x10, 0xb, 0xb3, 0xa4, 0x49,
    0x9d, 0x40, 0x2e, 0xf5, 0x88, 0x68, 0xe9, 0x0,
    0x78, 0x49, 0x98, 0x1, 0x88, 0x80, 0x10, 0x97,
    0x80, 0x42, 0x1, 0xd3, 0xe, 0x40, 0x6, 0x40,
    0x1, 0x22, 0xbc, 0xe1, 0x1, 0x48, 0x1d, 0xd7,
    0x82, 0x47, 0x8a, 0x98, 0x0, 0xb8, 0x80, 0xd,
    0xa2,

    /* U+6B4C "歌" */
    0x0, 0xf8, 0x9c, 0x2, 0x3b, 0xbb, 0x39, 0xd7,
    0xc0, 0x23, 0x12, 0x7f, 0x47, 0xa3, 0xaa, 0x8,
    0x35, 0x80, 0x4a, 0x97, 0x48, 0x20, 0x90, 0xc0,
    0x7b, 0x50, 0x2e, 0x8, 0x62, 0x28, 0x23, 0x33,
    0xc, 0x82, 0x5d, 0xd0, 0x36, 0x2, 0x40, 0x17,
    0x57, 0x0, 0x42, 0xe, 0x1, 0x19, 0x0, 0x66,
    0x89, 0x0, 0xd2, 0xa0, 0x2, 0xa7, 0x4a, 0x0,
    0x28, 0xfc, 0x1f, 0xc8, 0x40, 0x98, 0x40, 0x2f,
    0xce, 0x20, 0x2, 0xcc,

    /* U+6B62 "止" */
    0x0, 0xe2, 0xd0, 0xf, 0x84, 0x0, 0x60, 0x1f,
    0xb5, 0x0, 0x3f, 0xce, 0x1, 0x16, 0xec, 0xe0,
    0x1f, 0x16, 0xec, 0xe0, 0x1f, 0xfd, 0x97, 0xb5,
    0x8b, 0xa2, 0xbb, 0xc8, 0xd3, 0x9d, 0x32, 0xd9,
    0x9c, 0xa0,

    /* U+6B63 "正" */
    0xa, 0xdd, 0xdd, 0xbb, 0x48, 0x2, 0xb7, 0x6e,
    0x5d, 0xda, 0x40, 0x3f, 0xf8, 0x70, 0x40, 0x1f,
    0xe3, 0x60, 0x2, 0x66, 0x35, 0x40, 0x3e, 0x4c,
    0xc6, 0xa8, 0x7, 0xff, 0x38, 0x5c, 0x5, 0xc0,
    0x47, 0x3, 0x68, 0x46, 0xc3, 0xee, 0xe0,

    /* U+6B64 "此" */
    0x0, 0xf9, 0x0, 0x3e, 0xc2, 0x2, 0x90, 0xf,
    0x9c, 0x0, 0x60, 0x1e, 0x91, 0x0, 0xf2, 0x68,
    0x81, 0x18, 0x7e, 0x1, 0xd4, 0x70, 0x80, 0x6f,
    0xc0, 0x1f, 0xc3, 0x0, 0xfc, 0x4a, 0x1, 0xff,
    0xc8, 0x30, 0xc, 0x40, 0x7, 0xa5, 0xca, 0x3,
    0x0, 0x61, 0x98, 0x3f, 0x3a, 0x44, 0xbb, 0x8a,
    0x66, 0xc7, 0x20, 0xb, 0x3b, 0x96, 0x0,

    /* U+6B65 "步" */
    0x0, 0xf7, 0x0, 0x7e, 0x90, 0xf, 0xf9, 0xc0,
    0x3, 0x99, 0x20, 0x7, 0xc3, 0x99, 0x20, 0x1e,
    0xe0, 0x66, 0x3, 0x32, 0xd5, 0x3d, 0xcf, 0xcc,
    0x26, 0x65, 0xaa, 0x1, 0x6b, 0x82, 0x0, 0x16,
    0x80, 0x2b, 0xb3, 0x80, 0x49, 0x72, 0x0, 0x8c,
    0x70, 0x9, 0xe7, 0xc, 0x1, 0xc, 0x49, 0x1,
    0xfa, 0x40, 0x16, 0xfc, 0xee, 0xba, 0x0, 0x30,

    /* U+6B66 "武" */
    0x0, 0xf1, 0xf0, 0x7, 0x1e, 0x65, 0x62, 0x47,
    0x60, 0x11, 0xee, 0x6d, 0x18, 0x18, 0xa8, 0x0,
    0x80, 0x40, 0x6, 0x22, 0x87, 0x2, 0x8b, 0xb7,
    0x5c, 0x15, 0xc4, 0x0, 0xaf, 0xa8, 0xaa, 0x85,
    0x55, 0x0, 0xa, 0x0, 0xb5, 0xc4, 0x80, 0x39,
    0xc0, 0xb5, 0xed, 0x40, 0x3f, 0x89, 0xa4, 0x8,
    0x6, 0x96, 0xcb, 0x60, 0x66, 0xe5, 0x40, 0x17,
    0x3f, 0xb4, 0xe, 0x4a, 0xa1, 0x95, 0x20, 0xe,
    0x9e, 0x0,

    /* U+6B7B "死" */
    0x3d, 0xdb, 0x31, 0xb9, 0x8d, 0x53, 0xd9, 0x7c,
    0xc3, 0x7e, 0x6a, 0x80, 0x37, 0x0, 0x38, 0x40,
    0x27, 0xdc, 0xb0, 0x1, 0xf8, 0x84, 0xbd, 0xd1,
    0x85, 0xf6, 0xa, 0x28, 0x9d, 0x58, 0x16, 0x90,
    0x26, 0x5f, 0x1, 0x84, 0x80, 0x71, 0x7, 0x80,
    0x73, 0x0, 0xed, 0x98, 0x1, 0xc1, 0x2c, 0xbe,
    0x58, 0x1, 0xb3, 0xb3, 0x5, 0xea, 0x1, 0x36,
    0xec, 0xa0,

    /* U+6B8A "殊" */
    0x0, 0xc2, 0x0, 0xd0, 0xc, 0xb7, 0xf7, 0x50,
    0x80, 0x1c, 0xb4, 0x77, 0x63, 0xd3, 0x99, 0x20,
    0x1, 0x1, 0x91, 0xec, 0xee, 0xca, 0x0, 0xfb,
    0xce, 0xb2, 0x2, 0x20, 0x81, 0xb3, 0x9e, 0xd6,
    0x16, 0x62, 0xc1, 0x63, 0x11, 0xf5, 0xc4, 0x32,
    0xc1, 0x91, 0xa, 0x8, 0x46, 0xaa, 0x0, 0x89,
    0x60, 0xa6, 0x2, 0x20, 0x80, 0x7f, 0xc5, 0xf2,
    0x20, 0x3d, 0x0, 0x5c, 0x65, 0xc8, 0x6, 0x7,
    0x80,

    /* U+6B8B "残" */
    0x0, 0xf2, 0xa8, 0xc0, 0x26, 0xdd, 0xc2, 0x65,
    0x50, 0x0, 0x6d, 0xd, 0xd0, 0x9f, 0xce, 0x88,
    0x1, 0x10, 0x0, 0x4c, 0x5c, 0xb5, 0x0, 0x6b,
    0xf5, 0x68, 0x36, 0xf2, 0x1, 0x3f, 0x46, 0xcd,
    0xbb, 0x5e, 0x5, 0xb4, 0x78, 0x6f, 0x11, 0x3b,
    0x42, 0x60, 0xd9, 0x9b, 0x8a, 0x10, 0x40, 0x11,
    0xb8, 0x80, 0xa, 0xfc, 0xc0, 0xe, 0xb0, 0x9,
    0x80, 0x43, 0x4, 0xd5, 0x81, 0x3d, 0xf3, 0xde,
    0xe6, 0xda, 0x21, 0x34, 0x60, 0x59, 0xa2,

    /* U+6BB5 "段" */
    0x0, 0xc2, 0x1, 0xf9, 0xab, 0x1c, 0x3f, 0x3c,
    0x40, 0x2d, 0x9c, 0x60, 0x2c, 0x30, 0xc, 0x3f,
    0x8e, 0x8c, 0x0, 0x95, 0x0, 0xbf, 0x1f, 0xfc,
    0x14, 0x84, 0x1, 0x31, 0x8f, 0x13, 0x4, 0xb8,
    0x5, 0xd2, 0x83, 0x65, 0xd8, 0x1, 0xa2, 0x91,
    0x2, 0xa7, 0x40, 0x6, 0x7e, 0xc7, 0x9, 0xd0,
    0x30, 0x2, 0xb7, 0x63, 0xe, 0x90, 0x98, 0x0,
    0xc0, 0x28, 0xdd, 0x77, 0xc5, 0x80, 0x2c, 0xc2,
    0x31, 0x41, 0x6e, 0xc0,

    /* U+6BC1 "毁" */
    0x0, 0x8, 0x7, 0xfb, 0x6d, 0x2e, 0xcd, 0xb7,
    0xa0, 0x10, 0xd2, 0x53, 0x8d, 0x58, 0x80, 0x45,
    0x45, 0xa1, 0x66, 0x5, 0xa, 0x5, 0x45, 0xa4,
    0xa8, 0x12, 0x22, 0x7, 0xbb, 0x52, 0x1d, 0x53,
    0x71, 0x2, 0x67, 0x40, 0x64, 0xb, 0x0, 0x22,
    0x1b, 0x75, 0xd8, 0x6e, 0x60, 0xa, 0x81, 0x98,
    0x41, 0xc8, 0x0, 0x12, 0xd0, 0xd3, 0x9b, 0x86,
    0x90, 0x3, 0x76, 0xae, 0xff, 0x6f, 0xf9, 0x8a,
    0x14, 0x82, 0x30, 0xc1, 0xb5, 0x80,

    /* U+6BCF "每" */
    0x0, 0xa4, 0x40, 0x3f, 0x95, 0xae, 0xab, 0x9c,
    0x0, 0x51, 0x91, 0x1e, 0x60, 0x1f, 0x88, 0x77,
    0x75, 0x8, 0xf, 0x2b, 0xe3, 0xfe, 0x40, 0x6,
    0x30, 0xa, 0x60, 0x1, 0xe0, 0x15, 0xe1, 0x67,
    0xbe, 0x4d, 0x61, 0x85, 0xf3, 0xe0, 0xd6, 0x5d,
    0xb0, 0xc0, 0x2, 0x20, 0xdf, 0x1, 0x30, 0xc,
    0xe9, 0x9a, 0xb9, 0x30, 0xc0, 0x12, 0x66, 0x64,
    0x3c, 0x60, 0xf, 0xd9, 0xe2, 0x0,

    /* U+6BD4 "比" */
    0x0, 0xe1, 0xf0, 0xf, 0x69, 0x0, 0x4, 0x40,
    0x1f, 0xfc, 0x22, 0x40, 0xf, 0xc3, 0x18, 0x40,
    0x16, 0x77, 0x98, 0xe7, 0xf3, 0x0, 0x59, 0xde,
    0x63, 0xae, 0x1, 0xff, 0xc8, 0x10, 0xf, 0xe6,
    0xe2, 0x0, 0xca, 0x0, 0x3c, 0xc8, 0xc4, 0x0,
    0x74, 0x0, 0x6c, 0xa2, 0x6, 0xdd, 0x74, 0x80,

    /* U+6BEB "毫" */
    0x0, 0xff, 0xe2, 0xbc, 0x0, 0x7a, 0xa9, 0x32,
    0xd2, 0x99, 0x54, 0x80, 0x2a, 0x4c, 0xc0, 0x3,
    0x35, 0xc8, 0x4, 0xc3, 0xff, 0x90, 0xc0, 0x33,
    0x1e, 0xee, 0x63, 0x0, 0xf, 0x49, 0x17, 0x1d,
    0xf0, 0x82, 0xf0, 0x0, 0x40, 0x19, 0x4c, 0x3,
    0x63, 0x98, 0x42, 0x3d, 0x8, 0x10, 0x8, 0xcc,
    0x3b, 0x98, 0x50, 0x9, 0x73, 0x48, 0x0, 0x2a,
    0x92, 0x20, 0xb3, 0xe, 0xbf, 0xb5, 0x6a, 0x20,

    /* U+6C14 "气" */
    0x0, 0xb0, 0x40, 0x3f, 0x9c, 0xae, 0xab, 0x90,
    0x0, 0x33, 0xb1, 0x1e, 0x50, 0x6, 0xcc, 0x77,
    0x72, 0x88, 0x2, 0x9e, 0xf3, 0x39, 0xc0, 0x23,
    0xcc, 0xf8, 0xc0, 0x25, 0xcc, 0xf3, 0x0, 0x7f,
    0xf0, 0x1c, 0x3, 0xfc, 0x64, 0x60, 0x1f, 0xd9,
    0x50, 0xa0, 0x1f, 0x94, 0x19, 0x40, 0x3f, 0xb3,
    0x40,

    /* U+6C38 "永" */
    0x0, 0xff, 0xe2, 0x1f, 0x38, 0x7, 0xf1, 0xe6,
    0xe0, 0x7, 0x8e, 0xea, 0x3, 0x0, 0x3c, 0x75,
    0x70, 0xa0, 0x1, 0x10, 0x6, 0x11, 0x18, 0x8,
    0x6d, 0x0, 0x2e, 0xee, 0x20, 0x8b, 0x5b, 0x0,
    0x5d, 0xa4, 0x8, 0x8a, 0x72, 0x1, 0xd0, 0xc0,
    0xf, 0x51, 0x0, 0xca, 0x90, 0x0, 0x3b, 0xc2,
    0x0, 0x4d, 0xe8, 0x6, 0x6b, 0xd4, 0xf, 0xc3,
    0x5e, 0x70, 0x3, 0x6a, 0x3, 0x10, 0x2f, 0x50,
    0x4, 0x40,

    /* U+6C60 "池" */
    0x0, 0xf9, 0x80, 0x38, 0xf4, 0x80, 0x2b, 0x0,
    0xe3, 0xb9, 0x1a, 0x0, 0xfc, 0xd6, 0x2e, 0x0,
    0x49, 0xd0, 0x1e, 0x70, 0x1, 0xc9, 0x6e, 0x18,
    0xe, 0x69, 0xf0, 0x51, 0x4a, 0x80, 0x45, 0x47,
    0xe6, 0x60, 0x0, 0x98, 0x5, 0x2c, 0x20, 0x11,
    0x62, 0x80, 0x4e, 0xe0, 0xc, 0x59, 0x26, 0x10,
    0xe2, 0x6, 0x1a, 0x2, 0x9e, 0xd, 0x60, 0x5,
    0xed, 0xda, 0xe4, 0x38, 0x80, 0x17, 0xdb, 0xb7,
    0x28,

    /* U+6C61 "污" */
    0x0, 0x18, 0x7, 0xf8, 0xb5, 0x8f, 0x73, 0x2d,
    0xb0, 0x1, 0x60, 0x9e, 0xe6, 0x5b, 0x60, 0x3,
    0x27, 0x0, 0xfe, 0x8a, 0x3d, 0xd7, 0xe6, 0x5b,
    0x21, 0x78, 0x7b, 0xc7, 0x99, 0x6c, 0x80, 0x8,
    0xc1, 0xa, 0xee, 0xa0, 0xb, 0xd8, 0x1f, 0xea,
    0x9e, 0xc0, 0x1, 0x44, 0x0, 0x4, 0x73, 0x0,
    0x19, 0x4, 0x3, 0xe, 0x10, 0x0, 0xf8, 0x3,
    0x1f, 0x2d, 0x0, 0x11, 0x40, 0x31, 0xfe, 0x10,
    0x0,

    /* U+6CA1 "没" */
    0x2, 0x20, 0x7, 0xf9, 0xb1, 0x43, 0xb3, 0x1c,
    0x40, 0x12, 0x66, 0x0, 0xf3, 0xa, 0x1, 0x1e,
    0x1c, 0xa2, 0x0, 0x27, 0x20, 0x38, 0xd2, 0x88,
    0x0, 0x23, 0x28, 0x0, 0x98, 0x57, 0x6a, 0xa4,
    0x84, 0x0, 0x4c, 0xae, 0xe8, 0xa2, 0xe0, 0xd,
    0x6e, 0x11, 0x24, 0xae, 0x1, 0x32, 0x10, 0x28,
    0xec, 0x80, 0x43, 0x36, 0x2b, 0x4d, 0x13, 0x4,
    0x0, 0x92, 0x5f, 0xec, 0x7c, 0xf8, 0x0,

    /* U+6CBF "沿" */
    0x2, 0x10, 0xf, 0xf3, 0xe1, 0x3, 0x76, 0x63,
    0x80, 0x25, 0xe4, 0x0, 0x36, 0x60, 0x3, 0x21,
    0xb0, 0x77, 0x0, 0x38, 0x7e, 0xc4, 0x4a, 0xe0,
    0x15, 0xc0, 0xdf, 0x8d, 0xc0, 0x80, 0x3a, 0x64,
    0x0, 0x62, 0xa8, 0xdd, 0xd2, 0x20, 0x8, 0x70,
    0x3d, 0xdb, 0x18, 0x0, 0x4e, 0xa0, 0x1f, 0xd3,
    0x60, 0x1, 0xdd, 0xb0, 0x2, 0x36, 0x0, 0x16,
    0xed, 0x80, 0x0,

    /* U+6CC4 "泄" */
    0x5, 0x80, 0x17, 0xe, 0xd, 0x10, 0x2, 0x94,
    0x5, 0x1, 0x80, 0x7a, 0xa0, 0x4, 0x3, 0xc3,
    0xd0, 0x7a, 0x76, 0x56, 0x5a, 0xe3, 0xfe, 0x1d,
    0x3b, 0x2b, 0x2d, 0x70, 0x15, 0x60, 0xf, 0xf5,
    0x18, 0x4, 0x76, 0x40, 0x19, 0x98, 0x1, 0x75,
    0xf8, 0x80, 0x1d, 0x4, 0x3, 0xfa, 0xfc, 0x2,
    0xcc, 0xe3, 0xc, 0x50, 0x1c, 0xcf, 0x18,

    /* U+6CD5 "法" */
    0x1, 0x20, 0xd, 0xe0, 0x1c, 0xb8, 0x80, 0x10,
    0x80, 0x72, 0x69, 0xbd, 0xd8, 0x6e, 0xd2, 0x0,
    0x63, 0x77, 0x5d, 0x86, 0xed, 0x20, 0x35, 0x62,
    0x1, 0xf8, 0x73, 0x9, 0x99, 0xe, 0x64, 0x60,
    0x7, 0x4c, 0xc3, 0x4e, 0x64, 0x60, 0x5, 0xb0,
    0x27, 0x63, 0x30, 0x4, 0x31, 0x61, 0x3c, 0x0,
    0xe1, 0x0, 0x55, 0x6, 0x9d, 0x22, 0x82, 0x80,
    0x85, 0xc3, 0x28, 0xee, 0xda, 0x44,

    /* U+6CE8 "注" */
    0x0, 0xff, 0xe0, 0x99, 0x80, 0x2a, 0x50, 0xf,
    0x72, 0x0, 0x2e, 0x40, 0x38, 0xfd, 0xaf, 0x74,
    0x39, 0xb6, 0x0, 0x22, 0xaf, 0x74, 0x79, 0xb6,
    0x0, 0xc8, 0x0, 0xff, 0x79, 0x88, 0x7, 0xf0,
    0xd8, 0xb6, 0xe8, 0x73, 0x60, 0x2, 0x67, 0x6d,
    0xd0, 0xe6, 0xc0, 0x5, 0x6a, 0x1, 0xfd, 0x8,
    0x40, 0x1f, 0x89, 0xe1, 0x37, 0x34, 0x33, 0x74,
    0xa5, 0xa2, 0x9b, 0x98, 0xec, 0xdd, 0x28,

    /* U+6D3B "活" */
    0x0, 0x8, 0x7, 0xc2, 0x0, 0x4c, 0x32, 0x67,
    0x9b, 0xc8, 0x0, 0x27, 0x40, 0x9, 0xbd, 0xe4,
    0x80, 0x8, 0xec, 0x9d, 0x0, 0x3d, 0xd4, 0x79,
    0x90, 0xe6, 0x4a, 0x19, 0x80, 0xcc, 0x87, 0x32,
    0x50, 0x3, 0xc8, 0x55, 0x6, 0xa9, 0x20, 0x14,
    0xe8, 0x3d, 0xf5, 0xd9, 0xc0, 0x2, 0xce, 0x2,
    0x3c, 0x1, 0x5b, 0x0, 0xf, 0x33, 0x0, 0x43,
    0x20, 0x27, 0x99, 0x80, 0x2b, 0x10, 0x1c, 0x0,
    0xdc, 0x0,

    /* U+6D3E "派" */
    0x4, 0x10, 0xc, 0x49, 0xc, 0x0, 0x3c, 0x4b,
    0xcb, 0xb1, 0xf1, 0x0, 0x1f, 0xd9, 0xf6, 0xe5,
    0x8d, 0x40, 0x64, 0xc9, 0xc3, 0x31, 0xba, 0x50,
    0x11, 0x78, 0x80, 0x50, 0x90, 0x80, 0x8, 0xc1,
    0x0, 0x98, 0x9f, 0x40, 0x21, 0x7, 0x10, 0x25,
    0x1d, 0x0, 0xb4, 0x48, 0x2, 0x37, 0x0, 0x95,
    0x8, 0x80, 0x15, 0x40, 0x5, 0x3d, 0x56, 0x0,
    0x65, 0x46, 0x3, 0x25, 0x53, 0x9, 0xf1, 0x67,
    0x81, 0xf0, 0xe0, 0x8b, 0xa0, 0x45, 0x20,

    /* U+6D41 "流" */
    0x0, 0xf2, 0x8, 0x7, 0x4c, 0x84, 0x88, 0x74,
    0x45, 0x0, 0x24, 0xde, 0x21, 0x23, 0x11, 0x8,
    0xd, 0x35, 0x6a, 0x56, 0x55, 0x4, 0xbd, 0x41,
    0x32, 0x87, 0xac, 0x0, 0x59, 0xe3, 0xf, 0x76,
    0x11, 0x48, 0x0, 0xa4, 0x35, 0x3b, 0xf3, 0xa0,
    0x2, 0xf5, 0x33, 0x11, 0x61, 0x0, 0x20, 0x23,
    0x10, 0x7, 0xd3, 0x1, 0xfa, 0x1, 0x91, 0x49,
    0x11, 0x42, 0x80, 0x3, 0x89, 0x12, 0x90, 0x8a,
    0x7, 0x72, 0x76, 0xa0,

    /* U+6D4B "测" */
    0x3, 0x0, 0xfc, 0xe3, 0xd1, 0xc, 0xc6, 0x88,
    0x2, 0x47, 0x6c, 0x7f, 0x4, 0x34, 0x0, 0x64,
    0x60, 0xd6, 0x1, 0xef, 0x40, 0x0, 0x80, 0x71,
    0xfa, 0x80, 0xc, 0x3, 0xc4, 0xc6, 0x61, 0x0,
    0xf3, 0x6f, 0xf7, 0x24, 0x40, 0x35, 0xc2, 0xa7,
    0x18, 0x40, 0x1, 0xdc, 0x4a, 0xf3, 0x6, 0xa0,
    0x3, 0x90, 0x89, 0x1b, 0x61, 0xe4, 0x41, 0x86,
    0x90, 0x2a, 0x87, 0xa8,

    /* U+6D4F "浏" */
    0x4, 0x10, 0x2b, 0x0, 0xd6, 0x40, 0x78, 0x24,
    0x82, 0x4, 0x1, 0x9e, 0x4c, 0xa4, 0xc7, 0xc8,
    0x3, 0x25, 0x46, 0x62, 0x40, 0xc0, 0x3, 0xab,
    0x10, 0xa5, 0x80, 0xc, 0x38, 0x7, 0x88, 0x20,
    0x1e, 0x16, 0x3b, 0xb6, 0x80, 0x78, 0xb8, 0x14,
    0x78, 0x0, 0x60, 0x12, 0xd0, 0x42, 0x24, 0xe6,
    0x1, 0x52, 0xbb, 0x5c, 0x95, 0x8, 0x0, 0xc4,
    0x83, 0x45, 0x18, 0x29, 0x4c, 0xd8, 0xe, 0x60,
    0x1b, 0xf4, 0x40,

    /* U+6D88 "消" */
    0x2, 0x20, 0x9, 0x6, 0xa0, 0x18, 0x1, 0x34,
    0xda, 0x40, 0x40, 0x1a, 0xa0, 0xd0, 0xae, 0xc4,
    0x0, 0x84, 0x50, 0x3, 0xb0, 0x61, 0x80, 0x26,
    0x0, 0x79, 0x80, 0xfe, 0x9f, 0xeb, 0x44, 0x59,
    0xa2, 0x5, 0x77, 0x84, 0x0, 0x54, 0x20, 0x7b,
    0xb8, 0x40, 0x2b, 0x40, 0x3d, 0xdc, 0x20, 0x1,
    0x44, 0x1, 0xe6, 0x61, 0x0, 0x43, 0x80, 0xf,
    0x33, 0x8, 0x0, 0xb4, 0x3, 0xd6, 0x42, 0x16,
    0x80, 0x78, 0x1, 0x5e, 0x0,

    /* U+6DE1 "淡" */
    0x0, 0xff, 0xe0, 0xd1, 0x81, 0x29, 0xd8, 0x29,
    0x80, 0x27, 0x86, 0xc9, 0x8c, 0x60, 0x80, 0x7,
    0xa3, 0xef, 0xe8, 0xbc, 0x20, 0x6e, 0x0, 0x67,
    0x1e, 0xe4, 0x10, 0x16, 0xd9, 0xee, 0xa9, 0x2b,
    0xf8, 0x6, 0xac, 0xfa, 0x82, 0xc1, 0xa0, 0x2,
    0x61, 0x6a, 0x20, 0x4, 0x88, 0x0, 0x60, 0x32,
    0x10, 0xcb, 0xd4, 0x1, 0x32, 0x19, 0x3a, 0xde,
    0x60, 0x1, 0xb3, 0x83, 0x7c, 0x9c, 0x64, 0x9,
    0xe0, 0x16, 0xe2, 0x2, 0x78, 0x80,

    /* U+6DF1 "深" */
    0x3, 0x20, 0xf, 0xfb, 0xd7, 0xf3, 0x3b, 0xc0,
    0x7, 0x8c, 0x79, 0xf9, 0x18, 0x20, 0x4c, 0x27,
    0xf4, 0x81, 0x97, 0xe0, 0x79, 0x41, 0x1a, 0xee,
    0x81, 0x60, 0x1a, 0x90, 0x97, 0xa, 0xa, 0x70,
    0x8, 0x83, 0xb3, 0xcb, 0xb3, 0x6, 0x0, 0x84,
    0xc9, 0x42, 0x26, 0xe1, 0x81, 0x2a, 0x14, 0x50,
    0x46, 0x88, 0x2, 0x29, 0x3f, 0xc2, 0x9, 0x58,
    0x42, 0xc, 0xcf, 0x20, 0x30, 0x6c, 0x20,

    /* U+6DFB "添" */
    0x0, 0xff, 0xe0, 0xc9, 0x4, 0xe7, 0x6e, 0x60,
    0xc0, 0x19, 0x81, 0x9c, 0x49, 0xcc, 0x18, 0x1,
    0x64, 0xc8, 0x8e, 0x4, 0x50, 0x4, 0xe9, 0x3c,
    0x51, 0xf3, 0x20, 0x5d, 0x36, 0xb5, 0x9c, 0x1a,
    0xb0, 0x59, 0xb0, 0x82, 0x1, 0x8c, 0x61, 0x4,
    0x8c, 0x2b, 0xd3, 0x4f, 0xc0, 0xa, 0xf7, 0x14,
    0x15, 0x5d, 0x2, 0xc, 0x43, 0x4e, 0x3, 0xd5,
    0x60, 0x31, 0x6, 0x61, 0x2, 0x2a, 0x38, 0x33,
    0x5, 0x61, 0x94, 0xe8, 0xbc, 0x1e, 0x0, 0xc9,
    0x74, 0x50, 0x4, 0x0,

    /* U+6E05 "清" */
    0x1, 0x10, 0x6, 0xe1, 0x0, 0xc9, 0x85, 0x37,
    0x61, 0xab, 0xb0, 0x1, 0x62, 0xae, 0x64, 0x33,
    0x30, 0x0, 0x56, 0x1e, 0x64, 0x33, 0x28, 0x0,
    0x64, 0x16, 0xe6, 0x0, 0xf0, 0x8c, 0x34, 0xf,
    0x8, 0x95, 0xa5, 0xa2, 0x0, 0x81, 0x7b, 0xcc,
    0xbe, 0x48, 0x0, 0xb0, 0x6, 0x1, 0xfa, 0x64,
    0x6, 0x78, 0x40, 0x29, 0xb1, 0x5, 0xbb, 0xbc,
    0x2, 0x17, 0x0, 0x84, 0x69, 0x40, 0x4, 0x0,
    0xe, 0xc0, 0x2d, 0x80,

    /* U+6E32 "渲" */
    0x0, 0xff, 0xe0, 0xc8, 0x80, 0x45, 0xa0, 0x1d,
    0xf8, 0x93, 0x2b, 0x39, 0x98, 0x0, 0xd8, 0x41,
    0x10, 0xf8, 0x82, 0x2, 0xa8, 0x5f, 0xea, 0xee,
    0xa9, 0x7, 0x99, 0xb, 0xcc, 0x45, 0x28, 0x5,
    0x94, 0x11, 0x31, 0x17, 0x20, 0x0, 0x40, 0x7,
    0x9d, 0xd3, 0x88, 0x1, 0xa8, 0x1, 0xe4, 0x50,
    0x6, 0xba, 0x1, 0x4d, 0xd9, 0x80, 0x6, 0x46,
    0x17, 0x97, 0x76, 0xa8, 0x23, 0x84, 0xdd, 0xfc,
    0x6f, 0x21, 0x37, 0x7f, 0x18,

    /* U+6E83 "溃" */
    0x0, 0xfb, 0x80, 0x39, 0xe8, 0xe, 0xe8, 0x6a,
    0xa0, 0x3, 0x95, 0x0, 0xd0, 0xd5, 0x10, 0x2,
    0x8a, 0x10, 0xa1, 0xaa, 0x38, 0x17, 0x29, 0x2e,
    0xe8, 0x37, 0x5c, 0x65, 0x92, 0x24, 0x55, 0x11,
    0x42, 0x5, 0xe6, 0x37, 0xff, 0xac, 0x80, 0x1a,
    0x4e, 0xb4, 0x37, 0x40, 0x13, 0xb8, 0x9c, 0x4d,
    0x84, 0xc, 0xe, 0x20, 0x9, 0x7f, 0xd, 0x5a,
    0x3, 0x22, 0x13, 0xf2, 0xad, 0xb8, 0x24, 0xc0,
    0xd, 0xe5, 0x0, 0x3f, 0x88,

    /* U+6E90 "源" */
    0x1, 0x0, 0xff, 0xa2, 0x87, 0xf3, 0x3b, 0x50,
    0x27, 0x4c, 0xb3, 0xb, 0x39, 0xa8, 0x2c, 0xe4,
    0x5, 0xeb, 0x39, 0x40, 0xe, 0xc0, 0x8, 0x66,
    0x56, 0x0, 0x18, 0xc1, 0x0, 0xfe, 0x19, 0x31,
    0x0, 0x4c, 0x59, 0x80, 0x10, 0xd9, 0x85, 0xda,
    0x19, 0x20, 0xf, 0xf6, 0xe3, 0x58, 0x1, 0x64,
    0x5, 0x5d, 0xc5, 0x12, 0x0, 0x55, 0x8d, 0xd1,
    0x82, 0x8a, 0x98, 0x35, 0xa, 0x1a, 0x11, 0x1,
    0x36, 0x2, 0x20,

    /* U+6ED1 "滑" */
    0x0, 0xff, 0xe0, 0xcb, 0x3, 0x6e, 0x65, 0xe0,
    0x14, 0x40, 0xc2, 0xb3, 0x23, 0x0, 0x87, 0xc,
    0x2b, 0x38, 0x3, 0x24, 0x11, 0xf2, 0x79, 0x18,
    0x98, 0xa0, 0xbf, 0x0, 0xda, 0x5a, 0xc3, 0x84,
    0xba, 0x59, 0x9e, 0x1e, 0x30, 0x6, 0x4b, 0x8c,
    0xca, 0x11, 0x54, 0xc, 0xa0, 0x6, 0xaa, 0x58,
    0x6, 0xbb, 0x0, 0x4, 0xce, 0x0, 0x98, 0x48,
    0x0, 0x97, 0x6a, 0x0, 0x9b, 0x80, 0x3d, 0xea,
    0x0,

    /* U+6EDA "滚" */
    0x0, 0xff, 0xe0, 0xa0, 0x80, 0x6d, 0x0, 0xe1,
    0xc4, 0xba, 0xa1, 0xdd, 0x51, 0x1, 0x79, 0x6c,
    0xe3, 0xa0, 0x2d, 0x5, 0xcc, 0x2c, 0x56, 0xf,
    0xb0, 0xc7, 0xb0, 0x3b, 0x31, 0xe, 0x5e, 0x41,
    0x3e, 0x27, 0x63, 0x5b, 0x8, 0x20, 0x7, 0x4,
    0xc6, 0xd9, 0xe2, 0x0, 0xa4, 0xe, 0x15, 0xa1,
    0xfc, 0x0, 0xaa, 0x6c, 0x31, 0x16, 0x6d, 0x80,
    0x22, 0x5f, 0x71, 0x2d, 0xc2, 0x48, 0x68, 0x44,
    0x18, 0xb4, 0x15, 0xec, 0x2e, 0x1, 0x44, 0x88,
    0x1, 0x90,

    /* U+6EE1 "满" */
    0x4, 0x0, 0x8a, 0xc2, 0x90, 0x2, 0xdd, 0x36,
    0x72, 0xe2, 0x4e, 0x18, 0x4f, 0x36, 0x72, 0x63,
    0xce, 0x19, 0x94, 0xd6, 0x6c, 0xe4, 0x36, 0x4c,
    0x79, 0x92, 0xec, 0x96, 0x97, 0x62, 0x25, 0xb0,
    0x44, 0xe, 0xa, 0x20, 0x1, 0x61, 0xbd, 0x9d,
    0x95, 0xb0, 0x1, 0x18, 0xc1, 0x4e, 0xc8, 0xc0,
    0x28, 0x80, 0x2, 0x34, 0x1e, 0x40, 0xa, 0xc4,
    0x0, 0xe3, 0x34, 0x58, 0x82, 0xd8, 0x4, 0x41,
    0x21, 0xa2, 0x20, 0x10, 0x1d, 0x0, 0xdb, 0x80,

    /* U+6F02 "漂" */
    0x2, 0x10, 0xf, 0xf3, 0xea, 0x55, 0x3a, 0xba,
    0xac, 0x41, 0x75, 0x4, 0x7c, 0x2, 0x98, 0xa0,
    0xd6, 0x76, 0x76, 0xa0, 0x9f, 0xe0, 0x6a, 0xa,
    0xa, 0x50, 0x1, 0xd8, 0x46, 0x56, 0x56, 0x40,
    0x5, 0x42, 0x22, 0x2e, 0x10, 0x1, 0x3a, 0x4f,
    0xfa, 0x3f, 0xdc, 0x41, 0x70, 0xb4, 0x76, 0x77,
    0xd8, 0x44, 0x45, 0xa, 0xe0, 0xb, 0x68, 0x1,
    0x0, 0x9a, 0xd4, 0x41, 0x18, 0x64, 0xa0, 0x8c,
    0x17, 0xa0, 0x6, 0x30,

    /* U+6F0F "漏" */
    0x4, 0x20, 0xbb, 0xf8, 0x0, 0xfe, 0x6d, 0x77,
    0xcc, 0x0, 0x39, 0x12, 0xcc, 0xe3, 0x0, 0x22,
    0x8, 0x9d, 0xff, 0xb4, 0x1, 0xd8, 0x0, 0x74,
    0x46, 0xa2, 0x4, 0x2b, 0x84, 0x45, 0xba, 0xd,
    0xd1, 0x80, 0x14, 0xdf, 0x7a, 0xf, 0x80, 0x40,
    0xa9, 0x84, 0xa, 0x87, 0x40, 0x2a, 0xa1, 0xe8,
    0x2, 0xc4, 0x46, 0x2, 0xcb, 0x46, 0x4, 0xa3,
    0xa6, 0x22, 0xb0, 0x14, 0x17, 0x6b, 0x35, 0x30,
    0x52, 0xc0, 0xb3, 0x7, 0x6f, 0x10,

    /* U+706D "灭" */
    0xd, 0xdd, 0xdb, 0xbb, 0x0, 0x1b, 0xb9, 0x27,
    0x76, 0xc0, 0x9, 0x84, 0x4, 0x2, 0x31, 0x0,
    0xa0, 0x41, 0xc4, 0x1, 0xc4, 0x0, 0x54, 0x0,
    0x1e, 0x1, 0x89, 0x80, 0xb, 0x81, 0x15, 0x44,
    0x94, 0x1, 0x3a, 0x4, 0x74, 0x73, 0xb0, 0x7,
    0x4a, 0xa2, 0x56, 0x20, 0x11, 0xe1, 0xc8, 0x2,
    0x33, 0xdc, 0x13, 0x66, 0x80, 0x33, 0xe6, 0x82,
    0x72, 0x80, 0x78, 0xa8, 0x0,

    /* U+706F "灯" */
    0x0, 0xff, 0xe1, 0xe, 0x80, 0x7f, 0xc2, 0x19,
    0x96, 0xe6, 0xa8, 0x10, 0x5, 0xb9, 0x80, 0xdd,
    0x28, 0x78, 0x2, 0xd8, 0x3, 0xc4, 0xc4, 0x7c,
    0xe0, 0x1e, 0x63, 0x75, 0x50, 0x7, 0xc9, 0x4,
    0x1, 0xff, 0x63, 0xc0, 0x7, 0xe1, 0x4d, 0x47,
    0x0, 0xfa, 0xe4, 0x38, 0x2, 0x30, 0x8, 0xd9,
    0xc0, 0x9c, 0x7c, 0x84, 0x0, 0x78, 0x1, 0x87,
    0xb0, 0x2,

    /* U+7070 "灰" */
    0x0, 0xce, 0x40, 0x1f, 0xea, 0x20, 0xf, 0xab,
    0x78, 0xb7, 0x7b, 0x84, 0x2b, 0x61, 0xf7, 0x27,
    0x75, 0xc2, 0x1, 0x55, 0x82, 0xf8, 0x8, 0x6,
    0x30, 0x48, 0x11, 0x6, 0xa8, 0x5, 0x10, 0xaa,
    0x18, 0x98, 0xa8, 0x1, 0x81, 0x24, 0xb5, 0x3,
    0x80, 0x7, 0x14, 0x8, 0x87, 0x88, 0x18, 0x0,
    0xf0, 0x41, 0xab, 0x9c, 0x70, 0xc0, 0x4, 0xbb,
    0xaf, 0x20, 0xaa, 0x69, 0x0, 0x13, 0xec, 0x40,
    0x26, 0xe2,

    /* U+70B9 "点" */
    0x0, 0xef, 0x10, 0xf, 0xf0, 0x80, 0x7f, 0xf0,
    0x37, 0x32, 0x80, 0xf, 0xb7, 0x32, 0x80, 0xb,
    0xb7, 0xb, 0x73, 0x78, 0x3, 0xb3, 0x3c, 0x60,
    0x1f, 0xfc, 0x45, 0xdc, 0xcd, 0xac, 0x1, 0x2f,
    0x67, 0xe7, 0xf6, 0x40, 0x80, 0x20, 0x4f, 0x81,
    0x78, 0x16, 0xc1, 0x5, 0xc, 0x49, 0x80, 0xd9,
    0xc5, 0x30, 0x1, 0x84, 0x18, 0x61, 0xa2,

    /* U+70E7 "烧" */
    0x0, 0x38, 0x5, 0x80, 0x1f, 0x48, 0xa, 0x1c,
    0xde, 0x20, 0x4, 0x60, 0xd8, 0x9f, 0x4e, 0xc0,
    0x90, 0x12, 0x31, 0xf5, 0xbc, 0x40, 0x3e, 0x1e,
    0x8d, 0x1, 0x6b, 0x20, 0x44, 0x6, 0x73, 0xcc,
    0x76, 0xf0, 0x3a, 0x98, 0x7c, 0xe6, 0x14, 0x6c,
    0x0, 0x63, 0x76, 0xe0, 0xd2, 0xdd, 0x0, 0x12,
    0x46, 0x59, 0x44, 0x4, 0x2, 0xa7, 0xa9, 0xfd,
    0x0, 0xad, 0x51, 0x44, 0xb3, 0x50, 0x1f, 0xd,
    0x52, 0x0, 0xb5, 0x80, 0x13, 0x92, 0x0,

    /* U+7184 "熄" */
    0x0, 0xf8, 0x40, 0x3d, 0x84, 0x0, 0x48, 0x0,
    0xf8, 0xc2, 0x61, 0x6a, 0x80, 0x19, 0xc0, 0x9,
    0xfe, 0x97, 0x10, 0x28, 0xb, 0x70, 0x44, 0x8c,
    0x40, 0x44, 0x1a, 0xe1, 0xbb, 0x0, 0x4e, 0x2e,
    0xc0, 0xa, 0xa8, 0x84, 0x1f, 0x4, 0x0, 0x95,
    0x53, 0x8, 0x1a, 0x13, 0x4, 0xcb, 0x7a, 0xc,
    0x0, 0x6b, 0xb3, 0x1c, 0xa2, 0x28, 0x0, 0x4f,
    0xd0, 0x60, 0x92, 0xdb, 0x92, 0x32, 0x81, 0xa3,
    0xde, 0x17, 0x12, 0x68, 0x2, 0x82, 0xed, 0x94,
    0x40,

    /* U+7206 "爆" */
    0x0, 0xff, 0xe1, 0x60, 0x7, 0xff, 0xb, 0xa6,
    0x76, 0x80, 0x61, 0x20, 0xee, 0xc0, 0x4, 0x90,
    0xd6, 0x3d, 0xed, 0xd0, 0x80, 0xf0, 0xf3, 0x5b,
    0x78, 0x2, 0x80, 0x88, 0x4, 0x64, 0xe4, 0x64,
    0x40, 0x75, 0x1, 0x9e, 0x5d, 0x44, 0x72, 0x81,
    0x86, 0x50, 0x68, 0x78, 0x6a, 0x5, 0x47, 0xf6,
    0xda, 0x82, 0xf9, 0xa, 0x29, 0x60, 0xa9, 0x42,
    0x49, 0xa5, 0x80, 0xc, 0x60, 0xea, 0x20, 0xa,
    0xc0, 0x3, 0x74, 0xc0, 0x59, 0x0,

    /* U+7247 "片" */
    0x0, 0x41, 0x80, 0x7, 0xc0, 0x38, 0xdc, 0x0,
    0x20, 0x1f, 0xfc, 0x68, 0xbb, 0x82, 0xed, 0x0,
    0x14, 0x55, 0x5d, 0x54, 0x90, 0x3, 0xb8, 0x47,
    0xe0, 0x1, 0x76, 0x67, 0x0, 0x42, 0x2d, 0xcc,
    0xb4, 0x80, 0x27, 0x40, 0xf, 0xeb, 0xf0, 0xf,
    0xc6, 0xe8, 0x1, 0xf8,

    /* U+7248 "版" */
    0xb, 0x2d, 0x4, 0xca, 0x98, 0x60, 0x8, 0xc4,
    0x0, 0xb5, 0x30, 0xc0, 0x1e, 0x73, 0x44, 0x88,
    0x2, 0xa7, 0xb7, 0x74, 0x9f, 0xa0, 0x5, 0x57,
    0x60, 0x51, 0x72, 0x50, 0xa, 0xb0, 0xc7, 0xc4,
    0x14, 0x80, 0xf, 0x6a, 0x1a, 0x48, 0xa0, 0x20,
    0x1, 0x0, 0x91, 0x17, 0x56, 0x0, 0x26, 0x0,
    0x28, 0xa, 0x7, 0x0, 0x17, 0x40, 0x3, 0x15,
    0x4e, 0xd, 0x17, 0x60, 0x97, 0x49, 0xc1, 0x9f,
    0x10,

    /* U+7269 "物" */
    0x0, 0xff, 0xe1, 0xf, 0x0, 0x1e, 0x40, 0x39,
    0x0, 0x35, 0x50, 0x3, 0xa8, 0x2, 0x42, 0xde,
    0xe8, 0xc0, 0x74, 0x72, 0x30, 0xf5, 0x54, 0x28,
    0xd8, 0x3b, 0x62, 0x27, 0x17, 0x37, 0xa0, 0x0,
    0xbd, 0xd1, 0xe8, 0x88, 0xc1, 0x87, 0x19, 0x1a,
    0xcc, 0xc0, 0x9e, 0x3, 0x98, 0xe2, 0x14, 0x0,
    0x26, 0x30, 0x2, 0x8f, 0xb8, 0x1, 0xf8, 0xf6,
    0x81, 0x8c, 0x2, 0x10, 0x2, 0xcb, 0x26, 0x70,
    0x0,

    /* U+7279 "特" */
    0x0, 0xb8, 0x2, 0x3a, 0x0, 0xf1, 0x80, 0x9,
    0xc4, 0x88, 0x0, 0xb2, 0x0, 0x14, 0x7b, 0x44,
    0x4, 0x16, 0xa, 0x8e, 0xa1, 0xea, 0x82, 0x4b,
    0x45, 0x4d, 0x9e, 0xdb, 0x8c, 0x52, 0x0, 0x27,
    0xcc, 0x9b, 0x58, 0x0, 0xe5, 0x13, 0x99, 0x26,
    0x28, 0xf0, 0x95, 0x4f, 0x66, 0x13, 0x14, 0x71,
    0x80, 0x28, 0x50, 0xf, 0xf4, 0x30, 0x38, 0x7,
    0x18, 0x0, 0x8f, 0x9c, 0x40, 0x37, 0x0, 0x6e,
    0xb0, 0x0,

    /* U+72B6 "状" */
    0x0, 0xb8, 0x40, 0xa, 0x20, 0x1e, 0x30, 0xa,
    0xcd, 0xc0, 0x8, 0xe0, 0x1e, 0x3f, 0x90, 0x4b,
    0x40, 0xf, 0x45, 0x80, 0x35, 0x41, 0xf7, 0x7,
    0x31, 0xe4, 0x2, 0x64, 0xfb, 0x81, 0x19, 0xa4,
    0x3, 0xc2, 0x0, 0x41, 0xc0, 0x8, 0xb3, 0xcc,
    0x1, 0xb0, 0x80, 0x11, 0x49, 0x80, 0x9, 0x1a,
    0xa4, 0x2, 0x40, 0x33, 0x74, 0x3, 0xac, 0x80,
    0x75, 0xa2, 0x80, 0x34, 0x4,

    /* U+72D7 "狗" */
    0x2, 0x0, 0x38, 0x2a, 0x80, 0x3a, 0x62, 0x70,
    0x61, 0xc0, 0x3a, 0x98, 0xee, 0x4f, 0xb3, 0x1e,
    0x27, 0xae, 0xc, 0xcc, 0xcc, 0x40, 0x3f, 0x28,
    0xb1, 0xd9, 0x60, 0x1, 0x23, 0x71, 0x25, 0x6c,
    0x60, 0xc, 0xb6, 0x86, 0x1, 0xc6, 0x9, 0x3a,
    0x22, 0x4, 0xc0, 0xc, 0x98, 0x23, 0x2, 0x63,
    0x80, 0x73, 0x29, 0x1d, 0x4, 0x29, 0x80, 0x22,
    0xb4, 0x3, 0x24, 0x40, 0x0,

    /* U+72EC "独" */
    0x2, 0x1, 0x30, 0x7, 0x10, 0x6, 0x88, 0x6a,
    0x80, 0xc, 0x80, 0x35, 0xba, 0x35, 0x59, 0x5d,
    0xa4, 0xf, 0x18, 0x81, 0xa8, 0xaa, 0x54, 0xb,
    0xe5, 0x0, 0x2, 0x2, 0x60, 0x1, 0x25, 0x10,
    0xf, 0xe5, 0xe4, 0x21, 0xc2, 0xcc, 0x0, 0x12,
    0x68, 0x0, 0xf8, 0x59, 0xb8, 0x9, 0x82, 0xe5,
    0x40, 0x1b, 0x0, 0x26, 0x3, 0x56, 0x38, 0x92,
    0x40, 0x8b, 0xe7, 0xc1, 0xbb, 0x44, 0xc, 0x23,
    0x49, 0x25, 0xd4, 0xc5, 0x9c,

    /* U+7387 "率" */
    0x0, 0xe6, 0x50, 0xf, 0x45, 0x56, 0xba, 0xac,
    0x0, 0x9b, 0xab, 0xe, 0xaa, 0x44, 0x0, 0x9,
    0x85, 0x70, 0xb6, 0x3e, 0x80, 0x5, 0xe7, 0x77,
    0xf5, 0x1c, 0xb0, 0x5, 0x63, 0x3, 0x5a, 0x30,
    0x40, 0xc, 0xf1, 0x86, 0xa6, 0xaf, 0xb0, 0x6,
    0x3a, 0xed, 0xe5, 0x49, 0xc8, 0x26, 0x5d, 0xd5,
    0x4b, 0xbc, 0xa9, 0x97, 0x75, 0x52, 0xef, 0x28,
    0x7, 0xff, 0x0,

    /* U+73AF "环" */
    0x0, 0xff, 0xe0, 0x36, 0x7e, 0x46, 0xe7, 0x73,
    0x34, 0x5b, 0xb, 0x23, 0x71, 0xa3, 0x34, 0x40,
    0x3e, 0x54, 0x0, 0x93, 0xb, 0x14, 0xc, 0x99,
    0x40, 0x9, 0x85, 0x8a, 0x10, 0xd, 0x64, 0x1,
    0xe6, 0x2, 0x3b, 0xe0, 0x2, 0x1e, 0x4d, 0xd0,
    0x1, 0x50, 0x9b, 0xab, 0x3, 0x84, 0x2, 0x82,
    0x6a, 0x40, 0x93, 0x0, 0xff, 0xe3, 0x0,

    /* U+73B0 "现" */
    0x4d, 0xda, 0x3b, 0x33, 0x68, 0x26, 0x86, 0xc1,
    0xe4, 0x76, 0x0, 0x7f, 0x6b, 0x80, 0x61, 0x1,
    0x0, 0x8d, 0x80, 0x23, 0xa2, 0xa4, 0x0, 0x9,
    0x0, 0x47, 0x65, 0x68, 0x0, 0x65, 0x0, 0xfd,
    0xc6, 0x36, 0x1e, 0x0, 0x33, 0x5c, 0x1c, 0x48,
    0x0, 0x81, 0xe2, 0x15, 0x12, 0x4a, 0x0, 0x77,
    0xad, 0x83, 0x7a, 0x40, 0xaa, 0xd0, 0x2, 0x1d,
    0x70, 0x6, 0xd6, 0x18,

    /* U+73E0 "珠" */
    0x0, 0xe1, 0xd, 0x20, 0xa, 0x37, 0x64, 0xa4,
    0x3, 0x0, 0xa3, 0x43, 0x55, 0x38, 0xee, 0x94,
    0x3, 0x99, 0x90, 0x73, 0x8, 0x6, 0xc6, 0xc7,
    0x64, 0x4, 0x41, 0x0, 0xed, 0xec, 0x2d, 0xcc,
    0x9, 0xb1, 0xb4, 0xe0, 0xb, 0xe6, 0x4, 0x3,
    0x9, 0xb9, 0x92, 0x0, 0x5, 0x4a, 0xd7, 0xa0,
    0x2e, 0x4c, 0x13, 0x36, 0xbd, 0x4c, 0xe, 0x74,
    0x56, 0x48, 0xca, 0x0, 0x24, 0xf1,

    /* U+7406 "理" */
    0x36, 0x68, 0xbf, 0x3f, 0x31, 0xc0, 0x3, 0x83,
    0x1, 0xc3, 0xec, 0x0, 0x1a, 0x9a, 0x90, 0xd9,
    0x4d, 0x80, 0x42, 0x2, 0x3, 0x65, 0x36, 0x0,
    0x6c, 0x2c, 0x20, 0xf, 0x9b, 0x4b, 0x49, 0x6c,
    0xa6, 0xd0, 0x3, 0xd7, 0x62, 0x9b, 0xa0, 0x8,
    0xe1, 0xf3, 0x7, 0xd9, 0x40, 0x9a, 0x98, 0xf9,
    0x83, 0xec, 0xa0, 0x5c, 0xa4, 0xcc, 0x8f, 0xb3,
    0x6, 0x22, 0x0, 0x66, 0x5f, 0x99, 0x18,

    /* U+751F "生" */
    0x0, 0x18, 0x3, 0x10, 0x3, 0x8b, 0x4, 0x1c,
    0x3, 0xc8, 0xa2, 0x1, 0xfa, 0xd3, 0x74, 0x95,
    0xba, 0xe0, 0x50, 0xed, 0xd2, 0x56, 0xeb, 0x80,
    0x64, 0x3, 0xf9, 0x11, 0x7b, 0xa4, 0xad, 0xe4,
    0x0, 0xaf, 0x74, 0x95, 0xbc, 0x80, 0x1f, 0xfc,
    0x12, 0x11, 0x9c, 0x47, 0x8e, 0x6a, 0xa7, 0xea,
    0xaa, 0x0,

    /* U+7528 "用" */
    0x1, 0xfc, 0xc7, 0x6e, 0x63, 0xc4, 0x4, 0xb3,
    0xb, 0x39, 0x82, 0x0, 0x8a, 0xec, 0xb1, 0x76,
    0x20, 0x8, 0xae, 0xcb, 0x17, 0x62, 0x0, 0xff,
    0xe0, 0x89, 0x66, 0x16, 0x73, 0x4, 0x0, 0x34,
    0xcc, 0x2c, 0xe6, 0x8, 0x0, 0x86, 0x1, 0xfd,
    0xb6, 0x1, 0xc6, 0x61, 0x10, 0x18, 0x3, 0x18,
    0x26, 0x40,

    /* U+7531 "由" */
    0x0, 0xda, 0x1, 0xff, 0xcd, 0xdc, 0xc8, 0xb3,
    0x2f, 0x20, 0xdc, 0xc1, 0x66, 0x46, 0x1, 0xff,
    0xc0, 0xdc, 0xc1, 0x66, 0x46, 0x0, 0xdc, 0xc1,
    0x66, 0x46, 0x1, 0xff, 0xc0, 0xab, 0xb1, 0x5d,
    0xc4, 0x0, 0x9a, 0xa7, 0x55, 0x44, 0x1a, 0x42,
    0x3e, 0xc2,

    /* U+7535 "电" */
    0x0, 0x87, 0x80, 0x3f, 0xc6, 0x1, 0xeb, 0xcc,
    0x8b, 0x32, 0x90, 0x2, 0xf6, 0x60, 0xb3, 0x1e,
    0x40, 0x1f, 0xce, 0x1, 0xba, 0xe8, 0xae, 0xd0,
    0x1, 0xba, 0xe8, 0xae, 0xde, 0x1, 0xbf, 0x30,
    0x59, 0x8e, 0x0, 0xdf, 0x98, 0x2c, 0xc6, 0xd8,
    0x3, 0x88, 0x0, 0x60, 0x1a, 0xd4, 0x2, 0x15,
    0xdc, 0xc6, 0xb2, 0x0,

    /* U+753B "画" */
    0x0, 0xff, 0xab, 0x33, 0xf8, 0x2b, 0x33, 0xf8,
    0x10, 0x3a, 0xed, 0xd7, 0xa0, 0xa1, 0x40, 0x77,
    0x2b, 0x60, 0xa, 0x0, 0xd9, 0xcb, 0x80, 0x1f,
    0x67, 0x2e, 0x0, 0x7c, 0xaa, 0x75, 0x0, 0xf4,
    0x81, 0x48, 0x48, 0x6, 0x9d, 0xcc, 0xdb, 0x20,
    0xf, 0x88, 0xfc, 0x0,

    /* U+754C "界" */
    0x0, 0x55, 0x7e, 0x10, 0x9, 0x2a, 0x92, 0x35,
    0x47, 0x0, 0xc3, 0x54, 0x85, 0xaa, 0x10, 0x6,
    0x1a, 0xa4, 0x2d, 0x50, 0x80, 0x32, 0x55, 0x20,
    0x2a, 0x8e, 0x1, 0xaa, 0x90, 0xcc, 0x8a, 0xa0,
    0x80, 0x49, 0x5d, 0xcf, 0xea, 0x40, 0x0, 0xee,
    0xc8, 0x65, 0xed, 0xdc, 0x31, 0xd9, 0x10, 0xc,
    0xb5, 0xc6, 0x1, 0x55, 0x80, 0x7f, 0x65, 0x18,
    0x1, 0xc0, 0x3d, 0x8c, 0x1, 0x24, 0x80, 0x40,

    /* U+7559 "留" */
    0x0, 0xa, 0x40, 0x7, 0xdd, 0x5b, 0xc5, 0x7d,
    0xba, 0xc0, 0x3a, 0xa0, 0x95, 0xa7, 0xcb, 0x0,
    0x4f, 0x8, 0x2e, 0x45, 0x1, 0x66, 0xd0, 0xec,
    0xbc, 0xe8, 0x47, 0x42, 0x22, 0x55, 0x31, 0x40,
    0xf6, 0xed, 0x57, 0x69, 0xc1, 0x0, 0x1f, 0xfb,
    0x4f, 0xfc, 0x20, 0x10, 0x80, 0x7f, 0x8b, 0xb9,
    0xa7, 0xdc, 0x10, 0x9, 0x6a, 0xaf, 0xaa, 0x10,
    0x0,

    /* U+7565 "略" */
    0x0, 0xff, 0xe3, 0x26, 0x0, 0x75, 0xde, 0xd,
    0x1b, 0xb4, 0x0, 0x1f, 0x74, 0xe2, 0xd1, 0x67,
    0xc0, 0x1e, 0x85, 0x92, 0x56, 0x0, 0xf6, 0xd3,
    0x64, 0x0, 0x47, 0x76, 0x34, 0x37, 0x3c, 0x20,
    0x1, 0xdd, 0x8e, 0x7f, 0xb7, 0xbe, 0x40, 0x3a,
    0x6, 0x2e, 0xcf, 0x20, 0x5b, 0xa2, 0x10, 0xbb,
    0x78, 0x4, 0xd7, 0x6a, 0x0, 0x5d, 0xbc, 0x2,
    0x80, 0x2, 0x0, 0x2a, 0x90, 0x1, 0xfb, 0x44,
    0x49, 0x40,

    /* U+7591 "疑" */
    0x0, 0xff, 0xe0, 0xe9, 0xb5, 0x5, 0xe6, 0x3d,
    0x0, 0x25, 0x57, 0x85, 0x5a, 0xd2, 0x0, 0x1e,
    0xa2, 0x40, 0x41, 0xd0, 0x2, 0xce, 0xbc, 0x2a,
    0xd3, 0xba, 0x11, 0x47, 0x65, 0x14, 0x40, 0x25,
    0x4, 0xaa, 0xea, 0x81, 0x6, 0x7, 0xe1, 0x51,
    0x35, 0x84, 0x82, 0x59, 0x21, 0x38, 0xd, 0xa6,
    0x24, 0x4c, 0x80, 0x5, 0x46, 0x44, 0x1b, 0x80,
    0x33, 0x9b, 0x33, 0xca, 0x7d, 0xb7, 0x15, 0xe4,
    0x0, 0xd6, 0x7, 0x7b, 0xa5,

    /* U+767D "白" */
    0x0, 0x86, 0x80, 0x3f, 0x31, 0x80, 0x7b, 0x72,
    0x53, 0x33, 0x48, 0x1e, 0x76, 0xe6, 0x5e, 0x40,
    0x1f, 0xf0, 0xe6, 0x7b, 0x80, 0x3, 0xbb, 0xe9,
    0x0, 0x84, 0x7c, 0xe0, 0x1f, 0xfc, 0x1, 0xdd,
    0xf8, 0x4, 0x5b, 0xbf, 0x38, 0xf8, 0x7, 0x8f,
    0x0,

    /* U+767E "百" */
    0x0, 0xff, 0xe0, 0x16, 0x66, 0xed, 0xcc, 0xc2,
    0x59, 0x98, 0xf3, 0x38, 0x40, 0x13, 0x76, 0x2a,
    0xbb, 0x50, 0x6, 0x4a, 0xa7, 0x55, 0x48, 0x1,
    0xc2, 0x3e, 0x0, 0xf6, 0x67, 0x80, 0x3d, 0x99,
    0xe0, 0xf, 0xfe, 0x36, 0x67, 0x80, 0x38, 0xf3,
    0x3c, 0x1, 0x0,

    /* U+7684 "的" */
    0x3, 0x70, 0xa, 0xc4, 0x2, 0x51, 0x0, 0x13,
    0x8, 0x2, 0x2f, 0x68, 0x68, 0xf7, 0x58, 0xbd,
    0x2c, 0x6d, 0xfb, 0xa1, 0x2, 0x20, 0x5b, 0x88,
    0x7, 0xdb, 0xa8, 0x0, 0xdb, 0x86, 0xc8, 0xc4,
    0x1, 0x6e, 0x18, 0x2, 0x68, 0x4, 0x3, 0xcf,
    0x2, 0xe1, 0xb8, 0x60, 0x19, 0x5, 0x73, 0x12,
    0x60, 0x7b, 0x96,

    /* U+76CA "益" */
    0x0, 0xff, 0xe1, 0xca, 0x80, 0x1e, 0x0, 0x3d,
    0x5c, 0x0, 0xaa, 0x0, 0x6d, 0xd7, 0xbe, 0x60,
    0xfb, 0x34, 0x1, 0xba, 0xc8, 0xcc, 0x56, 0x63,
    0x40, 0x21, 0xc8, 0x10, 0xfe, 0x71, 0x0, 0x37,
    0xd6, 0x8, 0x5e, 0x63, 0x40, 0x1c, 0x55, 0x99,
    0xb8, 0x70, 0x1, 0x1, 0x89, 0x10, 0x4c, 0x70,
    0xf, 0xfe, 0x73, 0xe9, 0x6b, 0x4c, 0x9b, 0x4f,
    0x60,

    /* U+76D1 "监" */
    0x0, 0xff, 0xe2, 0xe8, 0x84, 0x48, 0x7, 0xf,
    0x0, 0x64, 0xf0, 0xe, 0x13, 0x0, 0x88, 0xeb,
    0x32, 0x0, 0xfa, 0xdb, 0xf7, 0x34, 0x3, 0xc4,
    0xd6, 0xd8, 0x42, 0x0, 0x16, 0x6, 0xa, 0x25,
    0xeb, 0x0, 0x86, 0x86, 0x89, 0x4, 0x45, 0x0,
    0x10, 0xf5, 0x7e, 0xd7, 0x56, 0xe8, 0x2, 0x12,
    0xb4, 0xfb, 0x1b, 0xe0, 0xf, 0xfe, 0x22, 0xe9,
    0x62, 0x7e, 0xe, 0x71, 0xe8, 0x2e, 0xfe, 0x76,
    0x63, 0xf3, 0x1f, 0x80,

    /* U+76D6 "盖" */
    0x0, 0x89, 0x40, 0x8, 0x60, 0x1e, 0x3f, 0x0,
    0x40, 0x80, 0x69, 0xcd, 0x6e, 0xe0, 0x76, 0x40,
    0x2, 0x7b, 0x74, 0xe9, 0xba, 0xe8, 0x0, 0xa2,
    0xec, 0x8f, 0x76, 0x80, 0x9, 0xb3, 0x26, 0x1c,
    0xc9, 0x80, 0x4, 0xab, 0x47, 0xaa, 0xc4, 0x0,
    0x4d, 0xfe, 0xff, 0x6f, 0xea, 0x0, 0x47, 0x83,
    0xd8, 0x18, 0x1, 0xff, 0xc3, 0x7c, 0x3c, 0x2e,
    0xc0, 0xc1, 0xc7,

    /* U+76D8 "盘" */
    0x0, 0xc9, 0x60, 0x1f, 0x87, 0x29, 0x73, 0x26,
    0x0, 0xc2, 0x1d, 0x32, 0xc8, 0x10, 0xf, 0x93,
    0x84, 0x3, 0x16, 0xe8, 0xb3, 0xdf, 0x66, 0x5a,
    0x65, 0xb7, 0x3a, 0xf5, 0x97, 0x1a, 0x60, 0x56,
    0xc3, 0x66, 0x68, 0x50, 0x8, 0x87, 0x73, 0x13,
    0xe5, 0xe2, 0x1, 0x16, 0x3e, 0xe0, 0x60, 0x80,
    0x7f, 0xf0, 0x9b, 0x3, 0x17, 0x70, 0xb0, 0xf1,
    0xc0,

    /* U+76EE "目" */
    0xf, 0xcc, 0xf7, 0x88, 0x3, 0x33, 0xc0, 0x20,
    0x9, 0x9f, 0x0, 0x6b, 0xbf, 0x0, 0x62, 0x2f,
    0x0, 0x6b, 0xbf, 0x0, 0x6b, 0xbf, 0x0, 0x7f,
    0xf0, 0xb3, 0x3c, 0x1, 0xe, 0x67, 0x80, 0x40,

    /* U+76F4 "直" */
    0x0, 0xff, 0xe0, 0xd5, 0xdd, 0xdb, 0x77, 0x48,
    0x2, 0xef, 0x17, 0x5d, 0xd0, 0x0, 0x15, 0xbb,
    0x1f, 0xdd, 0x94, 0x40, 0x22, 0xca, 0xed, 0xac,
    0x20, 0xe, 0xaa, 0xf0, 0x7, 0x9f, 0x77, 0x38,
    0x7, 0x8c, 0x8b, 0x18, 0x7, 0x92, 0x23, 0x20,
    0x7, 0xaf, 0x33, 0x58, 0x4, 0xbb, 0x75, 0x99,
    0xaa, 0xf5, 0x40,

    /* U+76F8 "相" */
    0x0, 0x16, 0x0, 0x7f, 0xf0, 0x47, 0xf3, 0x2f,
    0x0, 0x8, 0x80, 0x22, 0xcc, 0x84, 0x1, 0x9a,
    0x78, 0xc0, 0x1f, 0x6b, 0x1e, 0x39, 0x66, 0x42,
    0x1, 0x28, 0xd8, 0x96, 0x64, 0x20, 0x5, 0x61,
    0xe6, 0x2c, 0xc8, 0x40, 0x11, 0xe0, 0xae, 0x59,
    0x90, 0x80, 0x39, 0x80, 0x3f, 0xc6, 0x1, 0x8b,
    0x32, 0x10, 0x8, 0x40, 0x2, 0x59, 0x90, 0x80,
    0x47, 0xa0, 0x38, 0x1, 0x70, 0x0,

    /* U+7701 "省" */
    0x0, 0xe3, 0xc0, 0xf, 0xd2, 0x80, 0x13, 0x40,
    0x6, 0x85, 0x40, 0x8, 0x86, 0xc0, 0x10, 0x78,
    0x0, 0x1a, 0xf9, 0xc1, 0x8, 0xb0, 0x58, 0x1e,
    0xb0, 0x71, 0x8, 0xbe, 0x97, 0x8, 0xcf, 0x0,
    0xba, 0xf, 0x77, 0x84, 0x2, 0x63, 0x2b, 0xbe,
    0x10, 0xe, 0x1d, 0xde, 0x0, 0xf9, 0x13, 0x84,
    0x3, 0x8, 0xa2, 0x38, 0x40, 0x30, 0xfd, 0xdf,
    0x78, 0x0,

    /* U+770B "看" */
    0x0, 0xf8, 0x8d, 0x90, 0x0, 0x7b, 0x98, 0xfc,
    0x8a, 0xe2, 0x0, 0x1c, 0x5d, 0x85, 0x37, 0xbd,
    0x40, 0x27, 0x42, 0x25, 0xa2, 0x42, 0x3, 0x73,
    0x14, 0x11, 0x1a, 0x60, 0x6e, 0xda, 0x17, 0x99,
    0xa6, 0x0, 0xd, 0x2c, 0x67, 0xb1, 0xc0, 0x6e,
    0x9d, 0x3f, 0xf2, 0x88, 0xe, 0xe7, 0xb1, 0x9e,
    0x20, 0x9, 0x80, 0x7, 0x77, 0x98, 0x3, 0xcb,
    0xff, 0x90, 0x40,

    /* U+771F "真" */
    0x0, 0xff, 0xe2, 0xa5, 0x80, 0x7a, 0x37, 0x6a,
    0x4d, 0xdc, 0x0, 0x8d, 0xda, 0x63, 0x77, 0x0,
    0x45, 0xf7, 0x98, 0xbc, 0xa0, 0xc, 0x62, 0x45,
    0x9c, 0x3, 0xc2, 0xab, 0x98, 0x3, 0xc3, 0x55,
    0x90, 0x3, 0xe3, 0x3c, 0x20, 0x10, 0xee, 0x8a,
    0x67, 0x23, 0x6a, 0x8e, 0xe4, 0x86, 0xe4, 0xbd,
    0x6a, 0x82, 0x66, 0xe8, 0x41, 0x6b, 0xec, 0x0,
    0x99, 0x2, 0x1, 0xc, 0xd8, 0x0,

    /* U+7720 "眠" */
    0x1f, 0xcf, 0x3f, 0xcc, 0xda, 0x2, 0x78, 0x62,
    0x59, 0x98, 0x2, 0x29, 0x20, 0x2a, 0xa5, 0xd3,
    0x0, 0xa, 0x8, 0xa, 0xa4, 0x6a, 0xc0, 0x21,
    0x0, 0xc2, 0x20, 0xc, 0x78, 0x60, 0x59, 0xc9,
    0x98, 0x0, 0x1e, 0x18, 0x16, 0x60, 0xf7, 0x0,
    0x7, 0x86, 0x1, 0x2a, 0x48, 0x0, 0x4f, 0x10,
    0x4e, 0xfe, 0x9e, 0x10, 0x7c, 0x2d, 0x87, 0xa8,
    0xa1, 0xd8, 0xc, 0x0, 0xbc, 0xa0, 0x7, 0xf2,

    /* U+77AC "瞬" */
    0x0, 0xfc, 0x26, 0x60, 0xbc, 0xc5, 0x96, 0x5d,
    0xd2, 0x80, 0x3f, 0xc0, 0x4f, 0x6f, 0x64, 0x1,
    0x44, 0x83, 0xba, 0x9e, 0xdf, 0x4c, 0x22, 0x43,
    0xbe, 0xea, 0xf8, 0x9c, 0x2e, 0x82, 0x3c, 0x46,
    0xc8, 0x40, 0xff, 0x3, 0x86, 0xcd, 0x95, 0x80,
    0x8, 0xc2, 0xe1, 0xc7, 0x8a, 0xc0, 0x19, 0xa1,
    0x9a, 0xff, 0x25, 0x68, 0x35, 0x1a, 0x2b, 0x2f,
    0x85, 0x4b, 0xe4, 0x2d, 0x94, 0x80, 0x10, 0x89,
    0x4, 0x1, 0x8c, 0x1, 0x68, 0x0,

    /* U+77E2 "矢" */
    0x0, 0xa0, 0x80, 0x3f, 0x85, 0x88, 0x3, 0xfa,
    0x4f, 0x31, 0xb9, 0x91, 0x0, 0x5, 0xb3, 0x10,
    0xf9, 0x91, 0x0, 0xa, 0xc4, 0x4, 0x80, 0x3d,
    0x3f, 0x54, 0x95, 0xaa, 0xc2, 0x11, 0x18, 0x4a,
    0x62, 0x21, 0x2, 0x29, 0xda, 0x64, 0x45, 0x0,
    0x64, 0xb9, 0x60, 0x90, 0xc, 0x31, 0x5a, 0x41,
    0x41, 0xd0, 0x21, 0x43, 0xe6, 0x1, 0x4d, 0x10,
    0x85, 0xc8, 0x80, 0x72, 0x50, 0x0,

    /* U+77E5 "知" */
    0x0, 0x48, 0x7, 0xf1, 0xa8, 0x4, 0x46, 0x78,
    0x2c, 0xb3, 0x11, 0xd3, 0x75, 0xa0, 0xbe, 0xdf,
    0xf, 0x31, 0x3, 0x19, 0x11, 0x80, 0x3c, 0x91,
    0x89, 0xd6, 0x1, 0xcb, 0x9a, 0x39, 0x60, 0x1f,
    0x20, 0xa0, 0x7, 0xe9, 0xa8, 0x40, 0xfc, 0xd0,
    0x3, 0x31, 0x7b, 0x1f, 0xf3, 0x4c, 0x6a, 0xc0,
    0xa2, 0x48, 0x7, 0x47, 0x4, 0x2, 0x51, 0x0,
    0x18,

    /* U+77E9 "矩" */
    0x0, 0x50, 0x80, 0x7f, 0x1b, 0x8, 0x3, 0xb3,
    0x2d, 0x80, 0xb2, 0xde, 0x70, 0xcc, 0xb6, 0x5,
    0xb8, 0xf9, 0xc0, 0x3e, 0xa0, 0xe, 0xcc, 0xbc,
    0xb, 0x20, 0x61, 0x43, 0x32, 0x10, 0x1c, 0xd1,
    0xc6, 0x0, 0xf1, 0x20, 0xb, 0x18, 0x66, 0x4a,
    0x1, 0x72, 0xe0, 0x86, 0x65, 0x60, 0x6, 0x65,
    0x4d, 0x0, 0x78, 0xe7, 0xc1, 0xe9, 0x73, 0x35,
    0x1f, 0x10, 0x0, 0x6f, 0x33, 0x50,

    /* U+77ED "短" */
    0x3, 0x60, 0xf, 0xf5, 0xf0, 0x1, 0x6e, 0xf8,
    0x41, 0x17, 0x30, 0xf7, 0x7c, 0x24, 0x1a, 0x38,
    0x5d, 0x99, 0x80, 0xb0, 0x3, 0x1e, 0x64, 0x0,
    0x1a, 0xa1, 0xd1, 0x80, 0x78, 0x63, 0xca, 0x9,
    0xb3, 0x25, 0x0, 0x11, 0x4, 0x4, 0xf7, 0x13,
    0xc0, 0x2a, 0xbc, 0x40, 0x60, 0x54, 0x0, 0x3b,
    0x9a, 0x9a, 0x85, 0x1c, 0x80, 0x6a, 0xc1, 0x3b,
    0x95, 0x2f, 0x8e, 0x3a, 0x20, 0xc, 0xcb, 0x75,
    0x8e,

    /* U+7801 "码" */
    0x0, 0xff, 0xe0, 0x25, 0xed, 0xd9, 0xae, 0xee,
    0x30, 0x4b, 0x1a, 0xb6, 0x39, 0xb2, 0x20, 0x0,
    0x40, 0x40, 0xa, 0x40, 0x22, 0x0, 0x39, 0x5d,
    0x80, 0x30, 0x80, 0x56, 0x96, 0xe2, 0x59, 0x82,
    0xc1, 0x66, 0x0, 0x43, 0xf9, 0x8e, 0x10, 0x7f,
    0x0, 0x9a, 0x23, 0x0, 0x89, 0xd3, 0x5, 0x73,
    0x30, 0x6, 0x4c, 0x43, 0x44, 0x99, 0x80, 0x3,
    0x80, 0x90, 0xa, 0xb3, 0x80, 0x22, 0x0, 0xeb,
    0xe5, 0x0,

    /* U+7816 "砖" */
    0x0, 0xf9, 0x50, 0x2, 0x1b, 0xbc, 0x0, 0xf0,
    0xc, 0x34, 0x3d, 0x4d, 0x6b, 0xf7, 0x60, 0x0,
    0xba, 0x8b, 0x59, 0x5d, 0xc0, 0x7, 0x3b, 0xaa,
    0x61, 0xe6, 0x48, 0x72, 0xb6, 0xf5, 0x76, 0xcc,
    0x90, 0xa0, 0x3, 0x5f, 0x55, 0x1c, 0x5, 0x0,
    0x36, 0x5d, 0x9c, 0xc0, 0x25, 0xb3, 0x19, 0x2d,
    0x94, 0x0, 0x96, 0xd8, 0x77, 0xc1, 0x0, 0x22,
    0xb0, 0x80, 0x4d, 0x5a, 0x0, 0xff, 0x4d, 0x0,
    0x0,

    /* U+7834 "破" */
    0x0, 0xfd, 0xa0, 0x19, 0x57, 0x8, 0x7, 0xc7,
    0xd8, 0x66, 0xfc, 0x2c, 0xf1, 0x6, 0xb, 0x62,
    0x3c, 0x3c, 0x21, 0x2, 0x56, 0x30, 0xe, 0xd0,
    0x4, 0x19, 0x78, 0x9f, 0x6, 0x58, 0x28, 0xb3,
    0x0, 0xd1, 0x72, 0x8c, 0x16, 0x80, 0x26, 0x12,
    0x4d, 0xb0, 0x9, 0x70, 0xf, 0x62, 0x40, 0xc0,
    0x25, 0xc6, 0xa5, 0x50, 0x38, 0x80, 0x7, 0xc3,
    0x9d, 0x63, 0x27, 0xcc, 0x0, 0x80, 0x94, 0xf8,
    0x2b, 0xe6,

    /* U+786C "硬" */
    0x0, 0xff, 0xe0, 0xe6, 0xea, 0x21, 0x76, 0xeb,
    0xb1, 0x6, 0x36, 0x45, 0xee, 0x16, 0xf1, 0x1,
    0x0, 0x82, 0x78, 0x81, 0xc0, 0x2, 0x16, 0xf4,
    0x17, 0x4b, 0xc4, 0x11, 0xf, 0x40, 0xa, 0x94,
    0xa0, 0x2, 0xd8, 0x6, 0x8f, 0x4c, 0x10, 0x16,
    0x0, 0x9a, 0x25, 0xf7, 0x40, 0x13, 0xe8, 0xe,
    0x46, 0x8, 0x6, 0x7c, 0x70, 0xc2, 0xe5, 0x0,
    0x8a, 0xc2, 0xaf, 0x3a, 0xb7, 0x46, 0x2, 0x40,
    0xb, 0xa0, 0x18, 0xd3,

    /* U+786E "确" */
    0x0, 0xff, 0xe3, 0x2c, 0x80, 0x76, 0x65, 0x63,
    0x6b, 0x50, 0x1, 0x63, 0xfd, 0xd4, 0x66, 0x38,
    0x3, 0x31, 0x91, 0xe5, 0x46, 0x50, 0x1, 0x8e,
    0xaa, 0xa, 0x2a, 0x70, 0x29, 0x6b, 0x30, 0x7a,
    0x2a, 0x20, 0x16, 0x0, 0x85, 0xe8, 0xa8, 0x80,
    0xf4, 0x2, 0x77, 0x49, 0x49, 0x80, 0x4b, 0x40,
    0x69, 0x67, 0x66, 0x1, 0x2d, 0x15, 0xd1, 0x9,
    0x0, 0x4d, 0x83, 0x48, 0x61, 0x4c, 0x20, 0x2,
    0x40, 0x38, 0x0, 0x33, 0x30, 0x0,

    /* U+78C1 "磁" */
    0x0, 0xf5, 0x80, 0x24, 0xc0, 0x19, 0x76, 0x70,
    0x14, 0x4, 0x30, 0x6, 0x3d, 0x2e, 0x37, 0xe0,
    0x5b, 0x0, 0x42, 0x58, 0xb7, 0x95, 0x6c, 0xc,
    0xa0, 0x3, 0x20, 0x1a, 0x0, 0xc, 0x26, 0xac,
    0xc5, 0xb5, 0xb8, 0xa2, 0xda, 0xea, 0x50, 0xcf,
    0xd0, 0xaf, 0x0, 0x37, 0x49, 0x1d, 0xca, 0x0,
    0xa9, 0x44, 0x1d, 0x2, 0xf4, 0x2, 0xb5, 0x18,
    0x85, 0xab, 0x30, 0xc1, 0x92, 0x18, 0x28, 0xf0,
    0x95, 0x80, 0xcc, 0x7, 0x71, 0xd3, 0x12, 0xa0,

    /* U+78E8 "磨" */
    0x0, 0xf5, 0x18, 0x7, 0xe, 0x55, 0x4d, 0x15,
    0x53, 0x80, 0x1e, 0xa8, 0x39, 0x72, 0x54, 0xe0,
    0x14, 0x62, 0x2b, 0xf3, 0xd1, 0x0, 0x50, 0x5,
    0xe6, 0x4, 0x64, 0x6, 0x37, 0x3, 0x91, 0x7,
    0xe8, 0x0, 0x1f, 0xa, 0x1d, 0x1e, 0x8c, 0x83,
    0x8, 0x0, 0xb4, 0xcc, 0x46, 0x0, 0x3d, 0x50,
    0x43, 0xee, 0xb4, 0x42, 0xde, 0xa5, 0x6e, 0xe9,
    0x10, 0x16, 0x29, 0xe5, 0xaa, 0xa4, 0x0,

    /* U+793A "示" */
    0x0, 0x46, 0xe6, 0x78, 0x3, 0x46, 0xe6, 0x78,
    0x3, 0xff, 0x87, 0xb9, 0x9f, 0xb4, 0x83, 0x73,
    0x2f, 0x7c, 0xcb, 0x48, 0x2, 0xb1, 0x0, 0xa8,
    0x3, 0x9c, 0x44, 0x1, 0x6d, 0x0, 0x47, 0x36,
    0x1, 0x9c, 0x5c, 0x1, 0xf6, 0x20, 0x1d, 0x58,
    0x0, 0xc5, 0x7, 0xdc, 0x0, 0xd, 0x80, 0x73,
    0xf3, 0x80, 0x70,

    /* U+7981 "禁" */
    0x0, 0xff, 0xe1, 0xca, 0x0, 0x7, 0x40, 0x30,
    0x80, 0x7f, 0xd7, 0x4d, 0xf1, 0x5e, 0x59, 0x60,
    0xa, 0xc0, 0x1d, 0xb3, 0x10, 0xb0, 0x4, 0xe3,
    0x76, 0xea, 0x4e, 0x70, 0x87, 0xaf, 0x83, 0xe1,
    0x9d, 0x3c, 0x85, 0xcb, 0xf3, 0xf2, 0x89, 0x8c,
    0x1, 0x50, 0x67, 0xec, 0xa0, 0x5, 0x5e, 0xdf,
    0x8d, 0xed, 0x50, 0x0, 0xd9, 0xc0, 0x1d, 0x8e,
    0x0, 0x1d, 0x85, 0x9f, 0x6, 0xd3, 0x0,

    /* U+79BB "离" */
    0x0, 0xe8, 0x40, 0xe, 0x1b, 0xaa, 0x92, 0x6a,
    0xab, 0x11, 0x5d, 0xa0, 0xe3, 0xc7, 0xaa, 0xc4,
    0x1, 0x85, 0x95, 0x82, 0xb0, 0xa0, 0x18, 0xf3,
    0x1d, 0x92, 0x1, 0xcd, 0x5, 0xd7, 0xa6, 0x66,
    0x0, 0xae, 0xe1, 0x8b, 0xb8, 0xc0, 0x19, 0x76,
    0xd0, 0x8b, 0xbb, 0x80, 0xf, 0x5e, 0x3b, 0x45,
    0xb6, 0x60, 0x1b, 0x82, 0xa7, 0xf0, 0x3, 0x38,
    0x56, 0x54, 0x35, 0xeb, 0x0, 0x30, 0x40, 0x38,
    0x76, 0xc0,

    /* U+79D2 "秒" */
    0x0, 0xca, 0x1, 0x70, 0x6, 0x7b, 0xef, 0x10,
    0x1, 0x80, 0x64, 0x93, 0xa1, 0x42, 0x2, 0x50,
    0x1, 0x90, 0x5, 0x22, 0x0, 0xb2, 0x26, 0xe8,
    0xb1, 0x48, 0xc0, 0xae, 0x4b, 0x68, 0xb8, 0x10,
    0x2, 0x6a, 0x0, 0x50, 0x5e, 0xc8, 0x19, 0x61,
    0x84, 0xa0, 0x46, 0x10, 0x6c, 0xc1, 0x11, 0x60,
    0x5, 0x0, 0x14, 0xe, 0x5, 0x80, 0x11, 0xbe,
    0x8d, 0x80, 0x78, 0x7b, 0xfd, 0x0, 0x10,

    /* U+79EF "积" */
    0x0, 0xca, 0x20, 0x1f, 0x56, 0x76, 0x9e, 0x66,
    0xb0, 0x5, 0xe1, 0xc1, 0xe, 0x64, 0xa0, 0x1,
    0x0, 0xff, 0x16, 0xe8, 0xb2, 0x0, 0x3c, 0x5b,
    0x45, 0xb0, 0x1, 0xfa, 0x8f, 0x4, 0x59, 0x92,
    0x80, 0x26, 0x8e, 0xd7, 0xbf, 0x3e, 0xc0, 0x8d,
    0xc1, 0x93, 0x94, 0x26, 0x0, 0xa8, 0x2, 0x85,
    0x60, 0xa5, 0x50, 0x0, 0x40, 0x89, 0x20, 0x17,
    0x90,

    /* U+79F0 "称" */
    0x0, 0xc6, 0x5, 0x20, 0x1c, 0xf5, 0xb0, 0x48,
    0x1, 0xe4, 0x96, 0xb2, 0xd4, 0xbb, 0x8c, 0xc,
    0x80, 0x2, 0xd9, 0x54, 0x53, 0xc, 0xf4, 0xdb,
    0x51, 0xd0, 0x70, 0x6, 0x12, 0x65, 0x40, 0x8,
    0xa4, 0x0, 0x40, 0xda, 0x3c, 0x0, 0x57, 0x0,
    0x45, 0x34, 0x33, 0x80, 0x16, 0x48, 0x82, 0xe0,
    0x95, 0x40, 0xa, 0x6c, 0xac, 0x2, 0xb3, 0x0,
    0x9a, 0xc0, 0x6, 0xe0, 0xc5, 0xca, 0x2, 0x40,
    0x2, 0xc0, 0x1, 0x74, 0x0, 0x40,

    /* U+79FB "移" */
    0x0, 0xff, 0xe0, 0x92, 0x3d, 0x90, 0x69, 0x80,
    0x68, 0xd9, 0x82, 0x52, 0x9a, 0x90, 0x5, 0x49,
    0x98, 0xa3, 0x2b, 0x0, 0x5, 0x54, 0x2a, 0x59,
    0xa9, 0xb8, 0x2, 0xae, 0x1a, 0x75, 0x14, 0xf1,
    0x0, 0xb8, 0x21, 0xf8, 0x88, 0x1, 0x89, 0xcc,
    0xdf, 0xc6, 0x53, 0xac, 0x1d, 0x1, 0x76, 0xa3,
    0xcb, 0x7, 0x14, 0x50, 0x1, 0xf5, 0xe4, 0xa8,
    0x8a, 0x0, 0x32, 0x83, 0x1c, 0x0, 0x63, 0x8,
    0xed, 0xea, 0x0, 0xee, 0x9, 0xfc, 0x50, 0x8,

    /* U+7A0B "程" */
    0x0, 0x8d, 0x0, 0x3f, 0x56, 0xf1, 0x7, 0xe6,
    0x5e, 0x21, 0x5e, 0xcc, 0x2, 0xcc, 0x84, 0x1,
    0x30, 0xd0, 0x5, 0xbb, 0x8, 0x3, 0x48, 0x6c,
    0x3f, 0x76, 0xf1, 0x4, 0x43, 0xbd, 0x99, 0xc4,
    0xa, 0x21, 0xd, 0x98, 0x1c, 0xc1, 0x12, 0xe4,
    0x3c, 0x6a, 0x85, 0x54, 0x2, 0xb6, 0x3, 0x9,
    0x81, 0x88, 0x0, 0x14, 0x3, 0x19, 0x19, 0x10,
    0x2, 0x10, 0x1d, 0xcc, 0x1e, 0x6c, 0x0,

    /* U+7A0D "稍" */
    0x0, 0x14, 0x9, 0x5, 0xa0, 0x28, 0x27, 0x68,
    0x9f, 0x88, 0x9c, 0xec, 0x93, 0xd2, 0xc9, 0x5c,
    0x1, 0xf4, 0x42, 0xe, 0xc3, 0xc, 0x0, 0xc4,
    0x7, 0xa3, 0xf4, 0xcd, 0x7e, 0xde, 0x6, 0x90,
    0x95, 0xf, 0xdd, 0x61, 0x80, 0x2c, 0x3c, 0xc3,
    0xf3, 0x20, 0x1, 0xa1, 0xdd, 0x83, 0xb7, 0x5e,
    0x0, 0xa9, 0x74, 0x80, 0xfd, 0xd7, 0x0, 0x25,
    0x1c, 0x2, 0xec, 0xc6, 0x80, 0x67, 0x0, 0xe4,
    0xf4, 0x0, 0xac, 0x83, 0x8, 0x13, 0xa4, 0x0,

    /* U+7A33 "稳" */
    0x0, 0x94, 0x1, 0x64, 0x1, 0x8f, 0x7f, 0xd,
    0x11, 0x14, 0xa0, 0x3, 0xd3, 0x93, 0xfe, 0xa6,
    0x70, 0x8, 0x40, 0x5c, 0x2a, 0xce, 0x48, 0x16,
    0x8e, 0xca, 0xaa, 0xe0, 0x10, 0x5e, 0xc, 0x56,
    0x99, 0x98, 0x2, 0x92, 0xe6, 0xd2, 0x28, 0xdc,
    0x1d, 0x6, 0x1a, 0x2f, 0x2f, 0xd0, 0xe, 0x0,
    0x10, 0x7b, 0xca, 0xa8, 0x4, 0x0, 0x8c, 0x45,
    0x2e, 0x4a, 0x20, 0x1, 0x17, 0x80, 0x37, 0x83,
    0x4,

    /* U+7A7A "空" */
    0x0, 0xe8, 0x0, 0xff, 0x8d, 0x40, 0x3d, 0xfb,
    0xb3, 0x46, 0xed, 0xc0, 0x1, 0xc8, 0xfd, 0xd4,
    0xee, 0x0, 0x57, 0x68, 0x60, 0x1e, 0xe4, 0xe0,
    0xc, 0x6e, 0x90, 0x6, 0xbc, 0x24, 0x7, 0xeb,
    0x33, 0xdd, 0x60, 0x2, 0xdc, 0xc0, 0xfe, 0x6b,
    0x0, 0x7f, 0xf3, 0xa7, 0x73, 0x22, 0xec, 0xcb,
    0x52, 0x77, 0x32, 0xfd, 0xcc, 0xb5, 0x0,

    /* U+7A81 "突" */
    0x0, 0xff, 0xe2, 0xea, 0x0, 0x71, 0x66, 0x63,
    0xac, 0xcc, 0x20, 0x39, 0xbf, 0xdc, 0xfc, 0xc1,
    0x1, 0x71, 0xe5, 0x80, 0x2f, 0xa3, 0x4, 0x2b,
    0xb9, 0x18, 0x61, 0x63, 0x0, 0xb, 0xd3, 0x1,
    0x15, 0xcc, 0x50, 0x26, 0x6e, 0xc5, 0x9c, 0x39,
    0xc4, 0x9d, 0xba, 0x82, 0x3e, 0xdd, 0x71, 0x0,
    0x45, 0x7d, 0xd1, 0x80, 0x61, 0x8c, 0xa3, 0x37,
    0x6d, 0x20, 0xe, 0x17, 0xa0, 0x0, 0xff, 0x7c,
    0x7, 0x68, 0x40, 0x30, 0xbd, 0x80,

    /* U+7A84 "窄" */
    0x0, 0xe8, 0x0, 0xf8, 0x8b, 0x2a, 0x88, 0xb0,
    0xe, 0xc4, 0x4f, 0xf1, 0x16, 0x88, 0x25, 0x91,
    0x2a, 0x82, 0x76, 0xc0, 0x3d, 0xbc, 0x6, 0x17,
    0x95, 0x22, 0xb, 0x86, 0xff, 0x98, 0x97, 0x70,
    0x4, 0xd2, 0x9d, 0x99, 0x9c, 0x1, 0x59, 0x81,
    0xfc, 0xcb, 0x40, 0x2b, 0xa0, 0x7, 0xe6, 0x5a,
    0x1, 0x8, 0x5, 0xf9, 0x96, 0x98, 0x7, 0xf,
    0xe6, 0x5a, 0x60,

    /* U+7A97 "窗" */
    0x0, 0xff, 0xe2, 0x61, 0x0, 0x76, 0x66, 0x2f,
    0xcc, 0xac, 0xb, 0x26, 0xfb, 0x5e, 0x71, 0x81,
    0xf3, 0x9, 0x61, 0x3b, 0xd0, 0x14, 0x9f, 0x20,
    0xc9, 0xd2, 0x80, 0x4a, 0x7a, 0x67, 0xa4, 0x40,
    0x2, 0x94, 0xbf, 0xe1, 0x0, 0xe8, 0x85, 0x4b,
    0x20, 0x7, 0x40, 0xce, 0x70, 0x7, 0x93, 0xad,
    0xd0, 0x40, 0x31, 0x70, 0xf1, 0xed, 0x8, 0x0,

    /* U+7ACB "立" */
    0x0, 0xe5, 0x0, 0xff, 0xb9, 0xc0, 0x3c, 0x26,
    0x77, 0x1, 0x9c, 0x40, 0x2, 0x9a, 0xa6, 0x75,
    0x52, 0x54, 0x0, 0x75, 0x73, 0x3b, 0x7d, 0xc0,
    0x23, 0xc0, 0xd, 0xc4, 0x1, 0x8c, 0x98, 0x2,
    0x46, 0x0, 0xe8, 0xb0, 0x2, 0x28, 0x80, 0x72,
    0x1a, 0x6, 0xf0, 0x7, 0xd6, 0xc2, 0xea, 0x1,
    0xe, 0xed, 0x1f, 0x87, 0xbb, 0x38,

    /* U+7AD6 "竖" */
    0x0, 0xac, 0xc0, 0x3f, 0x70, 0x1, 0xf7, 0xb3,
    0x1e, 0x20, 0x1c, 0xfe, 0x59, 0x4a, 0x20, 0x1e,
    0x25, 0x9b, 0xb0, 0x7, 0xee, 0x66, 0x0, 0x66,
    0x8, 0xa, 0x4f, 0xf4, 0x38, 0x2, 0x0, 0xc9,
    0x4, 0x12, 0x5c, 0x7, 0x2e, 0xd4, 0xb3, 0x76,
    0xc3, 0x1, 0xc9, 0x7b, 0xbb, 0xf, 0xc, 0x2,
    0x26, 0x40, 0x5, 0x50, 0x2, 0xbd, 0xc6, 0x8c,
    0xd3, 0xec, 0xd3,

    /* U+7ADE "竞" */
    0x0, 0xeb, 0x50, 0xe, 0x3c, 0xcc, 0xd1, 0x99,
    0x40, 0x1e, 0x60, 0x37, 0x60, 0xdc, 0x80, 0x45,
    0x50, 0x4a, 0xb8, 0xa2, 0xa8, 0x44, 0x66, 0xae,
    0x31, 0xb3, 0x31, 0x1a, 0xbd, 0x57, 0xdc, 0xe4,
    0x0, 0x2c, 0xce, 0x82, 0x0, 0xc3, 0x99, 0xd2,
    0x20, 0x10, 0xfe, 0x1e, 0x5d, 0x6d, 0x80, 0x61,
    0xa7, 0x0, 0x8, 0x2, 0xc8, 0xf3, 0x28, 0x3,
    0x9c, 0xd0, 0x23, 0xed, 0x60, 0x2, 0x76, 0x6d,
    0x80,

    /* U+7AEF "端" */
    0x0, 0x30, 0x6, 0x2a, 0x0, 0xea, 0x50, 0x76,
    0x0, 0xb8, 0x0, 0x5e, 0xc2, 0x1c, 0xe2, 0x60,
    0x15, 0x5d, 0x91, 0x78, 0xf5, 0x6c, 0x0, 0x30,
    0x21, 0x35, 0x5a, 0x54, 0x10, 0x55, 0x2f, 0x26,
    0xf3, 0xa, 0x8, 0xa0, 0x33, 0x71, 0x77, 0x10,
    0x61, 0x30, 0x25, 0x8d, 0x71, 0x8, 0x3f, 0x3c,
    0x0, 0x7c, 0x7d, 0xfe, 0x80, 0xf, 0x8f, 0x1c,
    0x80, 0x2c, 0x60, 0x42, 0x0, 0xed, 0x0, 0x97,
    0x44,

    /* U+7B26 "符" */
    0x0, 0xff, 0xe1, 0x59, 0x0, 0xb, 0x0, 0x39,
    0x53, 0xb2, 0xe8, 0xb3, 0x22, 0x1b, 0xcb, 0xb4,
    0xb7, 0xa2, 0x30, 0x89, 0x26, 0x0, 0x68, 0x1a,
    0x0, 0x8d, 0xdd, 0xae, 0x8c, 0x11, 0x80, 0x11,
    0x47, 0xee, 0x64, 0x93, 0xa0, 0x5e, 0x2f, 0xba,
    0xcc, 0x27, 0x68, 0x3c, 0x28, 0x3, 0xcc, 0x3,
    0x95, 0x40, 0x14, 0x28, 0x7, 0xf9, 0x98, 0x2,
    0x1, 0xce, 0x1, 0xb9, 0xcc, 0x3, 0x61, 0x0,
    0x5d, 0x80, 0x10,

    /* U+7B2C "第" */
    0x0, 0x2c, 0x80, 0x4e, 0x60, 0x1d, 0x9, 0x98,
    0x68, 0xfc, 0xc1, 0x85, 0xd6, 0x6, 0x7c, 0xfb,
    0xe1, 0x87, 0x5e, 0x86, 0x2d, 0x7b, 0x88, 0x1,
    0x73, 0x2e, 0x7c, 0xc0, 0x80, 0x6b, 0xcc, 0x72,
    0xe6, 0x8, 0x3, 0x2e, 0x63, 0x97, 0x31, 0xe2,
    0x0, 0x11, 0x66, 0x39, 0x73, 0x2a, 0x0, 0xf,
    0xe2, 0x2, 0xe6, 0x38, 0x40, 0x4, 0xf9, 0xdc,
    0x0, 0x3c, 0x98, 0x2, 0xc3, 0x18, 0x1c, 0x12,
    0x20, 0x0,

    /* U+7B49 "等" */
    0x1, 0xb0, 0xd, 0x46, 0x1, 0xa9, 0xf6, 0xe9,
    0xd2, 0x32, 0xd9, 0x3, 0x2b, 0xf7, 0xfd, 0x61,
    0x2c, 0x93, 0x79, 0xf2, 0x95, 0x6a, 0x40, 0x2,
    0xbb, 0x97, 0xee, 0xd2, 0x0, 0x9b, 0xbc, 0xbf,
    0x77, 0x9a, 0x6e, 0xf7, 0x64, 0xb5, 0xd9, 0x82,
    0x33, 0x3b, 0x8b, 0x28, 0x1, 0x1a, 0xd9, 0x97,
    0x16, 0x50, 0x4, 0x20, 0xa0, 0x6, 0x0, 0xfa,
    0x94, 0x2a, 0x2c, 0x2,

    /* U+7B56 "策" */
    0x0, 0x4a, 0x80, 0x52, 0x60, 0x19, 0x5a, 0x73,
    0x8, 0xdf, 0x98, 0x33, 0x47, 0x25, 0x67, 0xe3,
    0x76, 0x19, 0xb8, 0x2c, 0x8c, 0x4a, 0x40, 0x80,
    0x17, 0x15, 0xb2, 0xf1, 0x57, 0x60, 0x4, 0x0,
    0x7e, 0x90, 0x9, 0xee, 0xc4, 0xd7, 0x64, 0x0,
    0xc6, 0x42, 0xc8, 0xca, 0x1, 0xdc, 0xbd, 0x49,
    0x1d, 0x80, 0x11, 0x4c, 0xb1, 0x83, 0x3, 0xe0,
    0x42, 0x73, 0x2, 0x1, 0x4e, 0x80, 0x80,

    /* U+7B7E "签" */
    0x0, 0xff, 0xe1, 0x2c, 0x80, 0x52, 0x80, 0x18,
    0x6d, 0xf7, 0x44, 0xd1, 0x98, 0x22, 0x6c, 0x41,
    0x77, 0xae, 0x17, 0x8, 0x92, 0xcc, 0x9d, 0x44,
    0xa8, 0x2, 0x50, 0x2c, 0xb2, 0xa1, 0x30, 0x8,
    0xe7, 0x21, 0xab, 0x3e, 0x94, 0x53, 0x45, 0x23,
    0x31, 0x6f, 0x9c, 0x69, 0xd1, 0xd, 0x4c, 0xd0,
    0x7b, 0x20, 0x1, 0x70, 0x11, 0x99, 0x44, 0x3,
    0x15, 0x87, 0xd, 0x48, 0x6, 0xcd, 0xbc, 0x8e,
    0x78, 0xd8, 0x0,

    /* U+7B80 "简" */
    0x0, 0xac, 0x2, 0x74, 0x0, 0xe8, 0x5c, 0xb3,
    0x9f, 0xbb, 0x30, 0x39, 0xf0, 0xdc, 0xdc, 0xad,
    0xb0, 0x15, 0x3f, 0xe, 0x29, 0x58, 0x4, 0xa9,
    0xaf, 0x7b, 0x76, 0xed, 0x0, 0xc, 0xd6, 0x19,
    0x12, 0xec, 0x20, 0x1, 0x0, 0x24, 0x41, 0x40,
    0x3f, 0xaa, 0x84, 0x1, 0xfd, 0x76, 0x20, 0xf,
    0xcb, 0x76, 0x70, 0xe, 0x10, 0x4, 0xdd, 0xcb,
    0x96, 0x0, 0x1c, 0x0, 0xe5, 0xc7, 0x0,

    /* U+7B97 "算" */
    0x2, 0xb0, 0x9, 0x24, 0x3, 0xb9, 0xf6, 0xe2,
    0xb, 0xb7, 0x0, 0xc9, 0x83, 0x79, 0x78, 0xf5,
    0x0, 0xd1, 0x6d, 0x5d, 0xb4, 0xc4, 0x1, 0x98,
    0xcf, 0x88, 0x3, 0xc6, 0x7c, 0x1, 0xf6, 0x7f,
    0xe3, 0x0, 0xe9, 0xb, 0x0, 0x45, 0x10, 0x2,
    0x2f, 0xf4, 0x7b, 0x85, 0x95, 0x83, 0x17, 0x41,
    0x37, 0x62, 0x9b, 0xc1, 0x8, 0xce, 0x60, 0xf,
    0xd1, 0xaa, 0x1, 0x69, 0x0, 0x40,

    /* U+7BA1 "管" */
    0x0, 0x1d, 0x80, 0x43, 0x60, 0x1d, 0xeb, 0x98,
    0x58, 0x5c, 0xc5, 0x86, 0x26, 0xf, 0x9a, 0xf2,
    0xcd, 0x85, 0xe3, 0x45, 0xda, 0x13, 0x4, 0x86,
    0xc, 0xc5, 0xf4, 0x66, 0x2e, 0xb0, 0x75, 0xbc,
    0xce, 0xf9, 0xc1, 0x80, 0x1e, 0xed, 0x84, 0x6a,
    0x1, 0x8c, 0xf0, 0xf0, 0x7, 0x15, 0x57, 0x41,
    0x0, 0x63, 0xcc, 0xe0, 0xe, 0x13, 0xbb, 0xe2,
    0x0, 0x0,

    /* U+7BB1 "箱" */
    0x0, 0x15, 0x80, 0x45, 0x20, 0x1d, 0xcb, 0x96,
    0xf2, 0x97, 0x67, 0xb, 0x5c, 0xb, 0x0, 0x6b,
    0x53, 0x87, 0x45, 0xc0, 0x76, 0x32, 0x38, 0x1,
    0xcd, 0x18, 0x1d, 0x16, 0xa0, 0x1, 0x52, 0x74,
    0x41, 0x33, 0x0, 0x50, 0x20, 0x24, 0x75, 0x50,
    0x4, 0x4e, 0x61, 0x7, 0x77, 0x0, 0x5f, 0x1,
    0x32, 0x3b, 0xb8, 0x0, 0x34, 0x80, 0x1, 0x3b,
    0xb8, 0x40, 0x5c, 0x3, 0xae, 0xe1, 0x0, 0x87,
    0x0, 0x1c, 0x1, 0x70, 0x0,

    /* U+7BE1 "篡" */
    0x0, 0x14, 0x0, 0x4c, 0x80, 0x18, 0x79, 0x32,
    0xda, 0xff, 0x2c, 0xc7, 0x7f, 0x96, 0xff, 0xad,
    0xec, 0xc7, 0x2f, 0x8e, 0x8e, 0x69, 0x80, 0x37,
    0xb9, 0x9f, 0x0, 0x77, 0x80, 0x7f, 0xdc, 0x46,
    0x2, 0x33, 0x80, 0x57, 0x86, 0x84, 0x58, 0x2d,
    0x2, 0xec, 0x36, 0xf5, 0x2d, 0xd6, 0x83, 0x3b,
    0x1d, 0xe3, 0xd3, 0xfa, 0x83, 0x98, 0xf6, 0x8a,
    0x78, 0xa9, 0x40, 0x50, 0xcd, 0xbb, 0x56, 0x8a,
    0x0,

    /* U+7C7B "类" */
    0x0, 0xff, 0xe1, 0x13, 0x2, 0xc8, 0x2c, 0x80,
    0x74, 0x18, 0x5, 0x1a, 0x1, 0x9, 0x5a, 0x0,
    0x11, 0x21, 0x0, 0x5d, 0xba, 0xe9, 0x20, 0xae,
    0x80, 0x15, 0x70, 0xe, 0x96, 0xf1, 0x60, 0x3,
    0xa8, 0xed, 0x7, 0xfe, 0x70, 0x3, 0xf5, 0x90,
    0x98, 0x1e, 0xa8, 0x2, 0x21, 0x98, 0xa5, 0xcc,
    0xb8, 0xc3, 0x32, 0xd3, 0x64, 0xcc, 0x8c, 0x2,
    0x5c, 0x99, 0x5, 0x98, 0x5, 0x5d, 0x9e, 0x81,
    0x1f, 0xed, 0x10, 0x8e, 0x92, 0x0, 0x93, 0x30,
    0x20,

    /* U+7C97 "粗" */
    0x0, 0xb8, 0x3, 0xf9, 0x80, 0xc9, 0xb7, 0x32,
    0xd0, 0x6, 0x98, 0x50, 0xe, 0x64, 0x1, 0x78,
    0x87, 0x30, 0x2a, 0xc0, 0x2, 0xf9, 0x2d, 0x90,
    0x33, 0x80, 0x5, 0x7a, 0x53, 0x20, 0x66, 0x80,
    0x36, 0x84, 0x98, 0x4c, 0xc0, 0x14, 0x68, 0x42,
    0x5, 0xdc, 0x0, 0x24, 0x60, 0x37, 0x2, 0x28,
    0x0, 0x5c, 0x1, 0xff, 0x10, 0x0, 0xf0, 0x33,
    0x21, 0xa0,

    /* U+7CBE "精" */
    0x0, 0x68, 0x6, 0xe0, 0x9, 0x4, 0xd, 0x6a,
    0x83, 0x54, 0x40, 0xb0, 0x97, 0x88, 0x14, 0x41,
    0x17, 0xc3, 0x9, 0x68, 0xea, 0x80, 0x9c, 0x59,
    0x18, 0x40, 0x44, 0xb5, 0xd0, 0xe8, 0xed, 0x9d,
    0xd5, 0x85, 0xf, 0x2c, 0x19, 0xd2, 0xa, 0xc7,
    0x66, 0x3d, 0xd0, 0x86, 0xc0, 0xb, 0x5, 0x54,
    0x41, 0x4, 0x1, 0xa6, 0x63, 0x0, 0xf0, 0xcc,
    0xb8, 0x80, 0x2d, 0x0, 0x68, 0x1, 0xf0, 0x0,

    /* U+7CFB "系" */
    0x0, 0xf1, 0x23, 0x52, 0x0, 0x13, 0x73, 0x1f,
    0x18, 0x1c, 0xe0, 0x4, 0xdc, 0x81, 0x98, 0x35,
    0x30, 0x8, 0x5f, 0xfc, 0x75, 0xc4, 0x1, 0x92,
    0xc3, 0xf7, 0xa8, 0xc0, 0x32, 0xf8, 0xce, 0xa3,
    0x58, 0x80, 0x7, 0xf1, 0xb3, 0x17, 0x8f, 0x84,
    0x3, 0xdc, 0xcb, 0x2b, 0xac, 0x92, 0x0, 0x36,
    0x80, 0x69, 0xc5, 0x0, 0x4e, 0x60, 0x3, 0x45,
    0x78, 0x86, 0x58, 0x37, 0xb8, 0x1, 0xb0, 0x41,
    0x40, 0xd, 0xf2, 0x1, 0x10, 0x0,

    /* U+7D20 "素" */
    0x0, 0xeb, 0x30, 0xe, 0x7c, 0xc9, 0x7f, 0x32,
    0x20, 0x7f, 0xf8, 0xab, 0xfd, 0xc4, 0x0, 0x44,
    0x87, 0xd1, 0xc, 0xb, 0x79, 0x91, 0xae, 0x63,
    0xed, 0x6e, 0x71, 0xaf, 0xc8, 0xee, 0xc0, 0x7,
    0xe4, 0xbe, 0xcc, 0x20, 0x0, 0x4c, 0xce, 0x69,
    0xf1, 0x46, 0x0, 0x13, 0xa5, 0xeb, 0xed, 0x10,
    0x7b, 0x4, 0xf1, 0x3e, 0x86, 0xe, 0xe4, 0xb4,
    0x91, 0x33, 0xc4, 0x20, 0x81, 0xb9, 0x0, 0x8,
    0xa0,

    /* U+7D22 "索" */
    0x0, 0xe5, 0xa0, 0xf, 0x16, 0x65, 0x9, 0x99,
    0x48, 0x0, 0xb3, 0x28, 0x4c, 0xca, 0x40, 0x7e,
    0xee, 0xe1, 0xbb, 0xbc, 0x40, 0xae, 0xc6, 0x15,
    0x35, 0x64, 0x3, 0x2d, 0xcc, 0x57, 0xec, 0x1a,
    0x20, 0x88, 0xc8, 0x5c, 0xdd, 0x30, 0x4, 0x37,
    0x92, 0xd9, 0x43, 0x2c, 0x0, 0x1c, 0x8e, 0xe0,
    0xd7, 0xe2, 0x0, 0xe, 0x7c, 0x5c, 0x0, 0x7c,
    0x20, 0x9, 0x99, 0x74, 0xc1, 0xfe, 0x80, 0x14,
    0xa0, 0xbd, 0x0, 0x2, 0x90,

    /* U+7D2F "累" */
    0xf, 0xaa, 0xbe, 0xa9, 0xc4, 0x1, 0xff, 0x15,
    0x52, 0xca, 0xa8, 0x40, 0x4, 0x9c, 0xe7, 0x9d,
    0x63, 0xc, 0x23, 0x62, 0x34, 0xb1, 0x6, 0xf8,
    0x2f, 0xb3, 0x70, 0x48, 0xa8, 0x7b, 0xa1, 0xda,
    0x5f, 0x9a, 0xc2, 0xbd, 0xbb, 0x1f, 0x5b, 0x1,
    0x87, 0x6a, 0x2f, 0xe1, 0x73, 0x84, 0x78, 0x3a,
    0x80, 0xf5, 0x0, 0x9, 0x40,

    /* U+7EA2 "红" */
    0x0, 0x88, 0x3, 0xfc, 0x9c, 0x1, 0xfe, 0xff,
    0x1, 0xe6, 0x3f, 0x30, 0x40, 0x84, 0x74, 0xf9,
    0x82, 0xcc, 0x10, 0xd1, 0xd0, 0xa0, 0x7, 0x86,
    0xa1, 0xe8, 0x3, 0xf2, 0x44, 0x88, 0x7, 0xe9,
    0x58, 0xc4, 0x0, 0xfa, 0xb7, 0x30, 0x80, 0x1f,
    0x92, 0xb5, 0xc4, 0x80, 0x48, 0x42, 0x7a, 0x74,
    0x2a, 0x5a, 0xa5, 0xc0,

    /* U+7EA6 "约" */
    0x0, 0x12, 0x0, 0x4c, 0x20, 0x1d, 0x44, 0x1,
    0x40, 0x80, 0x61, 0x36, 0x41, 0x53, 0x77, 0x80,
    0x15, 0x3, 0x21, 0x34, 0x22, 0x90, 0x16, 0x8e,
    0x87, 0x67, 0x66, 0x0, 0x7, 0x7d, 0x56, 0x98,
    0x0, 0xe2, 0x9e, 0x40, 0x34, 0x50, 0x30, 0x5,
    0x6, 0x98, 0x87, 0x0, 0x74, 0x6c, 0xa0, 0x81,
    0x28, 0x88, 0x1, 0x7b, 0x94, 0x1, 0x89, 0xc0,
    0x11, 0xb9, 0x26, 0x0, 0x9e, 0xe0, 0x0,

    /* U+7EA7 "级" */
    0x0, 0x19, 0x0, 0x7f, 0xa1, 0x8b, 0x3b, 0x31,
    0xc0, 0x12, 0xa, 0x56, 0x16, 0x72, 0x80, 0x6,
    0x7e, 0x40, 0x32, 0x60, 0x4, 0x9a, 0x90, 0x2,
    0x19, 0x52, 0x3, 0x27, 0xc0, 0x44, 0x3a, 0x90,
    0xa, 0x9e, 0x95, 0x92, 0x3, 0x70, 0x0, 0x75,
    0x44, 0xdf, 0x27, 0x45, 0x0, 0x67, 0x7c, 0xaa,
    0x44, 0x28, 0x2, 0xcd, 0xe4, 0xf1, 0xa6, 0xa4,
    0x0, 0x4a, 0xb4, 0x36, 0x7c, 0xfc, 0x20, 0x4,
    0x88, 0x5d, 0x40, 0x2c, 0x40,

    /* U+7EAF "纯" */
    0x0, 0x48, 0x80, 0x5c, 0x1, 0xc4, 0x82, 0x1,
    0x18, 0x7, 0x54, 0x83, 0xdd, 0x8a, 0xed, 0x40,
    0x26, 0x92, 0x37, 0x62, 0xbb, 0x50, 0x43, 0xe2,
    0x3d, 0x80, 0x43, 0x41, 0x38, 0x1c, 0x2a, 0x1,
    0xb, 0x0, 0x26, 0x8c, 0x3, 0xf2, 0x35, 0x61,
    0x2d, 0x95, 0xd8, 0x0, 0x9d, 0x98, 0x2b, 0xb1,
    0x5d, 0xbc, 0x9, 0xe7, 0x18, 0x3, 0x94, 0x9f,
    0xab, 0x18, 0x0, 0xf9, 0x7a, 0x40,

    /* U+7EBF "线" */
    0x0, 0x28, 0x80, 0x18, 0x80, 0x38, 0x60, 0x2,
    0xd6, 0xa5, 0x0, 0xa6, 0x8, 0xc0, 0x42, 0xc0,
    0x81, 0xd, 0x7d, 0x54, 0xf3, 0x5e, 0xe1, 0x8f,
    0xaa, 0xa2, 0x78, 0xba, 0x10, 0x8c, 0x69, 0x22,
    0xc, 0x65, 0xe8, 0x85, 0x61, 0xa9, 0x63, 0xe1,
    0x50, 0x9b, 0xed, 0x2b, 0xbd, 0x24, 0x40, 0x3d,
    0xbc, 0x40, 0x9, 0x6c, 0x41, 0xba, 0x89, 0x93,
    0x68, 0x52, 0x91, 0xba, 0xdd, 0x23, 0xdf, 0xe5,
    0xd0, 0x3, 0x3e, 0x10, 0x16, 0xe8, 0x0,

    /* U+7EC4 "组" */
    0x1, 0x50, 0xf, 0xf3, 0x60, 0x2, 0x33, 0x30,
    0x5, 0x70, 0x60, 0x7f, 0x98, 0x20, 0x2, 0x20,
    0x74, 0x80, 0x3e, 0xe4, 0xc6, 0x20, 0xfc, 0xc0,
    0x80, 0x2f, 0x42, 0x0, 0x1f, 0x98, 0x10, 0x0,
    0xc4, 0x80, 0x7f, 0x2b, 0x45, 0x98, 0x76, 0x60,
    0x40, 0xb, 0xdb, 0x66, 0x1d, 0x98, 0x10, 0x1,
    0xbc, 0xe1, 0x0, 0x7c, 0xdd, 0x59, 0x6b, 0xd9,
    0x81, 0xd2,

    /* U+7EC8 "终" */
    0x0, 0x8, 0x4, 0x64, 0x1, 0xef, 0x20, 0x4,
    0x38, 0x7, 0x23, 0x90, 0x12, 0x75, 0xfa, 0x0,
    0x3e, 0x1e, 0x64, 0x51, 0x26, 0x80, 0xcc, 0x9a,
    0xc2, 0xff, 0x77, 0x80, 0x1e, 0x12, 0x16, 0x4c,
    0x46, 0x0, 0x8, 0x95, 0x43, 0x1b, 0xd3, 0x8e,
    0x25, 0x65, 0x89, 0xfe, 0xe3, 0xdf, 0x12, 0xa8,
    0xc5, 0x73, 0xc0, 0xa8, 0x1, 0x65, 0xa5, 0x2e,
    0xb3, 0x90, 0x2, 0xc0, 0x4a, 0x97, 0x7f, 0xb4,
    0x0, 0x96, 0xc6, 0x1, 0x2d, 0xf8, 0x0,

    /* U+7ECF "经" */
    0x0, 0x8c, 0x3, 0xfc, 0xd0, 0xd, 0x99, 0x8c,
    0x2, 0xaa, 0x13, 0x66, 0x21, 0xcc, 0x0, 0xf6,
    0x3e, 0x80, 0x97, 0x0, 0x14, 0x66, 0x29, 0x1e,
    0x2b, 0xdc, 0x1, 0xd2, 0xcf, 0x61, 0x8b, 0x9c,
    0xa0, 0x73, 0xcd, 0xf7, 0x78, 0xd4, 0x39, 0xb8,
    0x53, 0x25, 0xee, 0x80, 0x19, 0xb4, 0xc0, 0x1f,
    0xa2, 0xb7, 0x8, 0x3, 0xef, 0xf6, 0x63, 0xb3,
    0x8b, 0x30, 0xc0,

    /* U+7ED1 "绑" */
    0x0, 0x12, 0x1, 0x38, 0x7, 0xd6, 0x20, 0x3a,
    0x13, 0x98, 0x40, 0x12, 0x46, 0xe4, 0xb2, 0xd0,
    0x50, 0x88, 0x59, 0xf2, 0x58, 0x18, 0x8, 0x97,
    0xd8, 0x21, 0xe0, 0x12, 0xc0, 0x71, 0xa1, 0x39,
    0xe8, 0xb, 0x0, 0x6, 0x2c, 0x22, 0x32, 0x5,
    0x13, 0x8, 0x7b, 0x79, 0x4c, 0x0, 0x7a, 0x5,
    0xe5, 0x22, 0x27, 0x1, 0x78, 0x82, 0xe9, 0x41,
    0x50, 0x2, 0xe5, 0xb, 0xa6, 0x9e, 0x0, 0x95,
    0x40, 0x1d, 0x44, 0x0, 0xb1, 0x0, 0x0,

    /* U+7ED3 "结" */
    0x0, 0x41, 0x80, 0x45, 0x80, 0x18, 0x58, 0x80,
    0x3f, 0xa2, 0x40, 0xb3, 0x1c, 0x79, 0x87, 0x47,
    0x4b, 0xb6, 0x63, 0x8f, 0x30, 0xe0, 0xf0, 0xf2,
    0xb9, 0xc7, 0x98, 0x4, 0x96, 0xf0, 0x5c, 0xc7,
    0xe6, 0x0, 0x14, 0xc8, 0xa3, 0x99, 0xac, 0x9,
    0xc4, 0x4c, 0x3, 0x99, 0x28, 0x16, 0xd3, 0x88,
    0x7, 0xcb, 0x9b, 0xd6, 0x5, 0x99, 0x0, 0x1e,
    0x33, 0xa4, 0xb, 0x32, 0x0, 0x12, 0x8, 0x0,
    0x70, 0x2, 0xe0,

    /* U+7ED5 "绕" */
    0x0, 0xff, 0xe1, 0x41, 0x80, 0x34, 0x0, 0x64,
    0x0, 0x14, 0x30, 0x30, 0xbb, 0x50, 0x80, 0x26,
    0x9, 0x69, 0x32, 0xc0, 0x41, 0xd, 0xf8, 0x66,
    0x2b, 0x3c, 0x80, 0x7, 0x2a, 0xd1, 0xae, 0xe6,
    0x91, 0x48, 0x18, 0x3d, 0xca, 0xed, 0x21, 0xb,
    0x27, 0x77, 0x5d, 0xb9, 0x80, 0x22, 0xe3, 0x6b,
    0x6b, 0x7b, 0xb0, 0x2, 0x5d, 0x88, 0xdc, 0x3,
    0x8f, 0x36, 0x9b, 0xf8, 0x2, 0x76, 0x3f, 0xdb,
    0xaa, 0x20, 0x2d, 0xd9, 0x40, 0xc0, 0xbd, 0x80,
    0x13, 0x78, 0x60,

    /* U+7ED8 "绘" */
    0x0, 0x20, 0x80, 0x54, 0x40, 0x1d, 0x44, 0x0,
    0x35, 0x50, 0x6, 0x54, 0x20, 0x4, 0x5e, 0x18,
    0x0, 0x62, 0x13, 0xa, 0x29, 0x3c, 0xc0, 0xc7,
    0x2b, 0xb2, 0x19, 0xcf, 0x68, 0xfc, 0x32, 0x9b,
    0x59, 0x8a, 0xd4, 0x7, 0x17, 0xd, 0xcc, 0xd6,
    0x0, 0xb0, 0xa2, 0xcf, 0xc, 0xdb, 0x0, 0x65,
    0xd0, 0x3, 0xf8, 0xf4, 0x0, 0x9d, 0xb4, 0x16,
    0xe8, 0x82, 0x40, 0x4f, 0xd9, 0x3c, 0xd2, 0x4b,
    0xc0,

    /* U+7ED9 "给" */
    0x0, 0x22, 0x0, 0x27, 0x80, 0xf, 0x70, 0x80,
    0x54, 0xa0, 0x1e, 0x65, 0x50, 0x2b, 0x2b, 0x80,
    0x68, 0xa4, 0xe1, 0xb9, 0x8a, 0x60, 0x9, 0xee,
    0xa3, 0x49, 0x5d, 0x6e, 0x80, 0x1f, 0xce, 0x37,
    0xe6, 0x6c, 0xc4, 0x0, 0xf, 0xbd, 0x1a, 0x3f,
    0xe9, 0x20, 0x2, 0xb7, 0x98, 0x35, 0x53, 0xcc,
    0x2, 0x6b, 0x81, 0x0, 0x8, 0x9c, 0x3, 0x4e,
    0xe6, 0x0, 0xb3, 0x1e, 0x1, 0xb3, 0xb6, 0xc,
    0xb3, 0x1e, 0x1, 0x0,

    /* U+7EDD "绝" */
    0x0, 0xff, 0xe1, 0x41, 0x0, 0x2c, 0x3, 0xc4,
    0xa4, 0xa, 0xa9, 0x98, 0x2, 0xb8, 0x0, 0x45,
    0x5a, 0x70, 0x0, 0x88, 0xb5, 0xa, 0x8c, 0xe,
    0x0, 0x47, 0xc6, 0x85, 0xca, 0x1c, 0xc0, 0x36,
    0x3f, 0x0, 0x30, 0xb3, 0x2, 0x0, 0x8d, 0x20,
    0xf, 0xc6, 0xfb, 0x66, 0x16, 0xf7, 0x60, 0x1,
    0xfd, 0xd8, 0x82, 0xef, 0x68, 0x2d, 0xee, 0x28,
    0x7, 0x3a, 0xb7, 0xee, 0x22, 0xee, 0x65, 0x4e,

    /* U+7EDF "统" */
    0x0, 0x18, 0x6, 0x90, 0xe, 0x1d, 0x20, 0xc,
    0x40, 0x1a, 0x64, 0xd, 0x98, 0x5e, 0xcc, 0x1,
    0xaa, 0x79, 0xe2, 0x23, 0x32, 0x6, 0x4f, 0x75,
    0x51, 0x41, 0x68, 0x82, 0xc0, 0xd9, 0xd0, 0xdf,
    0x6, 0x80, 0xeb, 0x43, 0x5b, 0xc1, 0x6f, 0x80,
    0x1b, 0x35, 0x10, 0x4, 0x0, 0x30, 0x1a, 0x70,
    0x41, 0x18, 0x3, 0x26, 0x77, 0x6, 0xe8, 0x2,
    0xa4, 0x58, 0xea, 0xe0, 0x70, 0x5d, 0x75, 0x14,
    0x0, 0x5d, 0x0, 0x2f, 0x74, 0x20,

    /* U+7EE7 "继" */
    0x0, 0x10, 0x7, 0x30, 0x7, 0x61, 0x2, 0xa8,
    0x6c, 0x60, 0x81, 0xa4, 0xc2, 0xc1, 0x80, 0x98,
    0x89, 0x69, 0x4e, 0x68, 0x80, 0x6, 0x80, 0x12,
    0x1d, 0xc1, 0x3e, 0x5d, 0xc5, 0x29, 0x6e, 0x0,
    0x44, 0x3, 0xf5, 0x42, 0xd5, 0x80, 0x2f, 0x19,
    0x70, 0x3, 0x9e, 0x80, 0x14, 0x8e, 0x64, 0x41,
    0x97, 0x20, 0xc, 0x80, 0x3c, 0x21, 0x8b, 0xd3,
    0x9, 0x1a, 0x2, 0x0, 0x74, 0x69, 0x1e, 0x62,
    0xf7, 0x24,

    /* U+7EEA "绪" */
    0x0, 0x31, 0x80, 0x5a, 0x1, 0xe9, 0x0, 0xc2,
    0x3, 0xa4, 0xc, 0xa6, 0x68, 0xb2, 0xab, 0x72,
    0x18, 0x83, 0xcc, 0x59, 0x60, 0xd0, 0x38, 0xf5,
    0x7d, 0xd8, 0x6c, 0x2e, 0xcd, 0xed, 0xb, 0x7c,
    0x7f, 0x77, 0x3, 0xa, 0xa, 0x5a, 0xcd, 0xe8,
    0x2, 0x82, 0x2e, 0x4f, 0xfe, 0x0, 0xb2, 0xeb,
    0xfc, 0x67, 0x80, 0xb, 0xdb, 0x4c, 0x0, 0xcc,
    0x80, 0xb, 0x9b, 0x26, 0x2b, 0x33, 0x0, 0x0,

    /* U+7EED "续" */
    0x0, 0x51, 0x0, 0x50, 0xc0, 0x19, 0x18, 0x83,
    0x2d, 0x6e, 0xd8, 0x41, 0xd2, 0xc7, 0x97, 0x57,
    0x6c, 0x22, 0x3a, 0xd1, 0x6e, 0x55, 0xe7, 0x2,
    0x86, 0xd8, 0xf2, 0x7a, 0x7a, 0x3, 0xe8, 0xb8,
    0x30, 0x21, 0x1d, 0x80, 0xda, 0xb8, 0xe7, 0xa8,
    0x80, 0x80, 0x97, 0x98, 0x1e, 0xc3, 0xcd, 0x18,
    0x42, 0x88, 0x44, 0x1e, 0x2a, 0xcd, 0x3e, 0x48,
    0x8f, 0xc8, 0xdd, 0x20, 0x9d, 0x4e, 0x9f, 0xd0,
    0x7a, 0x4,

    /* U+7EF4 "维" */
    0x0, 0x48, 0x1, 0x20, 0x20, 0x3, 0x30, 0x5,
    0xdc, 0x2, 0x10, 0xa, 0xad, 0xc9, 0x6b, 0x1b,
    0x74, 0xa, 0xe3, 0x6a, 0x19, 0x81, 0xcd, 0x3,
    0x1d, 0x9a, 0x1a, 0xa1, 0x53, 0x83, 0x41, 0x2e,
    0x1d, 0xd8, 0xad, 0x80, 0x13, 0x22, 0x10, 0x11,
    0x0, 0x88, 0x9, 0x26, 0x0, 0x17, 0x62, 0xb8,
    0x2, 0xfc, 0x82, 0xb, 0xb1, 0x5c, 0x2, 0xee,
    0xa1, 0x82, 0xec, 0x77, 0x65, 0x4f, 0xda, 0x43,
    0xbb, 0x75, 0xd9, 0x40,

    /* U+7EFF "绿" */
    0x0, 0x20, 0x7, 0xf8, 0x68, 0x42, 0xef, 0x72,
    0x80, 0x1e, 0x4c, 0xbf, 0xba, 0x26, 0x1, 0xa6,
    0x87, 0x70, 0x4, 0x24, 0xa, 0xfa, 0x7, 0x1d,
    0xd1, 0x52, 0x22, 0xc2, 0xda, 0x6c, 0x23, 0xe5,
    0x2, 0x55, 0xcf, 0xc8, 0x2e, 0x60, 0x0, 0x62,
    0x5, 0xd4, 0x8a, 0x34, 0x0, 0xa9, 0x2, 0x91,
    0x49, 0x53, 0x1, 0xdb, 0x4, 0xd9, 0x6, 0xed,
    0x31, 0xda, 0x67, 0x74, 0x31, 0x1f, 0x98, 0x7,
    0xa3, 0x40, 0x2, 0x0,

    /* U+7F00 "缀" */
    0x0, 0x38, 0x7, 0xf9, 0x70, 0x23, 0x36, 0x6f,
    0x34, 0x1, 0xd2, 0x33, 0x4b, 0x9d, 0x2a, 0x6,
    0x27, 0x81, 0xee, 0xec, 0xac, 0x5, 0x1f, 0xb3,
    0x58, 0xa3, 0x59, 0x6, 0xa2, 0x65, 0xf7, 0xbd,
    0xac, 0x0, 0x55, 0xa7, 0x7f, 0x4c, 0xb3, 0x80,
    0x83, 0xc7, 0xf4, 0xed, 0x74, 0xc0, 0xae, 0x45,
    0x71, 0x85, 0xe2, 0x81, 0xfa, 0xb0, 0x0, 0x26,
    0x8c, 0x80, 0xdd, 0x76, 0xef, 0xb8, 0x2a, 0xf5,
    0x10, 0x1, 0xe9, 0xc, 0xd2, 0xea, 0x80,

    /* U+7F13 "缓" */
    0x0, 0x38, 0x4, 0x24, 0x6c, 0x80, 0x3, 0xa0,
    0x5d, 0xa8, 0xb1, 0x70, 0x4, 0xc2, 0x3b, 0xa5,
    0xa2, 0x4c, 0xd, 0xdd, 0xc, 0x44, 0xb6, 0x90,
    0x3, 0x27, 0xd3, 0x96, 0xde, 0x6b, 0x82, 0xd3,
    0x31, 0x48, 0x18, 0x89, 0xe0, 0x5b, 0x8a, 0x96,
    0x31, 0x54, 0xb0, 0x3, 0x8, 0x89, 0xa, 0x65,
    0xa2, 0x7, 0x61, 0xa5, 0x69, 0x19, 0x4, 0xd,
    0xfd, 0xcf, 0xeb, 0xd9, 0x60, 0x3, 0xe4, 0x4,
    0xae, 0xc4, 0xe6, 0x0, 0x33, 0xa2, 0xe3, 0x3e,
    0xe8, 0x0,

    /* U+7F16 "编" */
    0x0, 0xff, 0xe1, 0x41, 0x0, 0x56, 0x60, 0x18,
    0x58, 0x82, 0xa8, 0xdf, 0x52, 0x0, 0x79, 0x10,
    0x7a, 0xdc, 0xa5, 0x0, 0x53, 0xea, 0x15, 0x56,
    0x10, 0x41, 0xd6, 0x42, 0xaa, 0xda, 0x9, 0xad,
    0x64, 0x4a, 0xca, 0xbb, 0x18, 0x41, 0xa2, 0x2,
    0x2, 0x4c, 0xce, 0x8, 0x7, 0x69, 0x25, 0xa,
    0xa0, 0x6, 0x50, 0xc8, 0xc9, 0x42, 0xa8, 0x17,
    0x64, 0x10, 0x3, 0x8, 0x1, 0x32, 0xdc, 0x4,
    0x30, 0xe9, 0x58, 0x44, 0x1, 0x59, 0x0, 0xf,
    0x48,

    /* U+7F29 "缩" */
    0x0, 0xff, 0xe1, 0x3a, 0x80, 0x52, 0xc0, 0x1d,
    0x8a, 0x59, 0x84, 0x8c, 0xc3, 0x2, 0x69, 0x8b,
    0x4e, 0xf6, 0x48, 0x8b, 0xd3, 0x43, 0x7e, 0x66,
    0xc4, 0x21, 0xe6, 0x3a, 0x8b, 0x1f, 0xb3, 0x35,
    0x3c, 0x51, 0x82, 0xab, 0x2c, 0x0, 0xd8, 0x5e,
    0x81, 0x7f, 0x8, 0x3, 0x31, 0xee, 0x0, 0x70,
    0xc, 0x3b, 0xfa, 0x40, 0x14, 0x40, 0xc0, 0xaa,
    0x6d, 0x40, 0x28, 0xb3, 0x3, 0xd, 0x95, 0x0,
    0x3c, 0x59, 0x80,

    /* U+7F3A "缺" */
    0x0, 0x40, 0x6, 0xa4, 0x0, 0xcc, 0x20, 0x18,
    0x5c, 0x3, 0x5a, 0xe6, 0x2a, 0x8b, 0x15, 0x0,
    0xcb, 0x83, 0x95, 0x5, 0x1c, 0x80, 0xd2, 0x1,
    0x89, 0xc9, 0x9c, 0xf, 0x70, 0xae, 0x1, 0xc0,
    0x40, 0x7, 0xb8, 0x54, 0x56, 0x7b, 0x21, 0x1,
    0x80, 0x4, 0x2a, 0x7, 0xab, 0x80, 0x10, 0xc,
    0xd0, 0xea, 0x1, 0x15, 0x84, 0x8d, 0x37, 0x5a,
    0x0, 0x3e, 0xf7, 0x16, 0x4, 0xb2, 0x54, 0x4,
    0x2, 0xe5, 0x0, 0x16, 0xa8,

    /* U+7F51 "网" */
    0xfc, 0xcf, 0xde, 0x3, 0xb9, 0x88, 0xcc, 0x76,
    0x8, 0x1, 0xdc, 0x34, 0xa1, 0x2a, 0x1, 0x3d,
    0xcb, 0x63, 0xb2, 0x80, 0x68, 0x7a, 0x89, 0x40,
    0xe, 0x70, 0x71, 0x30, 0xf, 0x7d, 0xcb, 0xa3,
    0x90, 0x5, 0x28, 0x88, 0xa9, 0xb6, 0x0, 0xaa,
    0x1, 0x30, 0x15, 0x40, 0x11, 0x80, 0x42, 0x7,
    0xee, 0x0,

    /* U+7F6E "置" */
    0x6, 0xc9, 0xd9, 0xbd, 0x9d, 0x40, 0xf, 0x84,
    0x40, 0x20, 0x12, 0xfd, 0x70, 0x17, 0xd7, 0xb0,
    0x1, 0x13, 0x85, 0x12, 0x60, 0x3, 0x8e, 0x6b,
    0x1e, 0xda, 0x20, 0x3, 0xe, 0xe6, 0xe8, 0x3,
    0xe2, 0x2e, 0x70, 0xf, 0x1e, 0x66, 0x60, 0xf,
    0xf8, 0x40, 0x22, 0xac, 0x10, 0xc, 0xd3, 0x46,

    /* U+7FFB "翻" */
    0x0, 0x8d, 0xcc, 0x3, 0xdb, 0x7a, 0x29, 0x9a,
    0xb9, 0xc0, 0xb0, 0x5c, 0x58, 0xed, 0xa4, 0x6b,
    0xe4, 0x9d, 0x20, 0x90, 0x7, 0xa0, 0x55, 0x45,
    0x4, 0x50, 0x5, 0xcb, 0x14, 0x40, 0xb, 0xc2,
    0x5b, 0x87, 0xc5, 0x4, 0x18, 0x65, 0xe9, 0xe4,
    0xa9, 0x2f, 0x84, 0x1, 0xa7, 0xc1, 0x8b, 0x16,
    0x1, 0x71, 0xf1, 0xb0, 0x18, 0x4, 0x32, 0xf2,
    0xe, 0xe1, 0x70, 0x5, 0x5d, 0xd2, 0xda, 0xb,
    0x80,

    /* U+800C "而" */
    0x8d, 0xcc, 0xbb, 0x73, 0x2d, 0x18, 0xdc, 0xc8,
    0xf3, 0x36, 0x88, 0x3d, 0x54, 0x57, 0x55, 0x8,
    0x3, 0x7e, 0x13, 0x74, 0x70, 0xc6, 0x1, 0x31,
    0x1, 0x8, 0x88, 0x3, 0xff, 0xbe, 0xe0, 0xb8,
    0x42, 0x1, 0x8, 0x2, 0x40, 0xd3, 0xcc, 0x80,
    0x16, 0x60, 0x1d, 0x9c, 0x0,

    /* U+8010 "耐" */
    0x0, 0xfe, 0xe0, 0x2, 0x5d, 0xb6, 0xed, 0x80,
    0x3, 0x0, 0x25, 0xd8, 0x2e, 0xd8, 0x44, 0x2,
    0x0, 0x55, 0x9d, 0xd9, 0xaa, 0x87, 0x44, 0xf,
    0xb6, 0x18, 0x51, 0x3, 0x82, 0x1, 0x0, 0xc3,
    0xa0, 0x1f, 0xe1, 0xa8, 0x0, 0xff, 0x3c, 0x80,
    0x7c, 0x20, 0x10, 0x80, 0x73, 0x2c, 0x68, 0x4,
    0x60, 0x15, 0x80, 0x5a, 0x81, 0xae, 0x0,

    /* U+8017 "耗" */
    0x0, 0xb8, 0x3, 0xc6, 0x1, 0xf9, 0x27, 0xbc,
    0x1, 0x78, 0x39, 0x37, 0xe9, 0xb8, 0x0, 0xea,
    0x1a, 0xa5, 0xc8, 0x89, 0x0, 0xc, 0x40, 0x43,
    0x3c, 0x56, 0x60, 0x3f, 0x3, 0x17, 0x3c, 0x52,
    0xe2, 0x2c, 0xb1, 0xe8, 0x88, 0xf7, 0x18, 0x6,
    0x82, 0x5b, 0x7c, 0xf7, 0x1c, 0x36, 0x2, 0x49,
    0x5c, 0x0, 0x20, 0x56, 0xa0, 0x4a, 0x1, 0x9a,
    0x49, 0xc0, 0x38, 0x9b, 0x31, 0x60,

    /* U+8026 "耦" */
    0x0, 0x59, 0x0, 0x7f, 0xf0, 0x5f, 0x2f, 0xab,
    0x1, 0xad, 0x7a, 0x41, 0x38, 0xb8, 0x0, 0xd4,
    0xbf, 0x20, 0x5a, 0x26, 0x0, 0x1b, 0x58, 0x50,
    0x3e, 0x12, 0x0, 0x26, 0x19, 0x81, 0x74, 0xc0,
    0x7c, 0x1d, 0x4f, 0x5e, 0x7b, 0x85, 0xde, 0xa4,
    0xc3, 0x8a, 0xf5, 0x29, 0x96, 0x3, 0x29, 0x62,
    0xb, 0x2d, 0x5a, 0x11, 0x0, 0x3, 0x2, 0x56,
    0x63, 0x42, 0x50, 0x2, 0x11, 0x80, 0xe9, 0xc0,

    /* U+80CC "背" */
    0x0, 0xda, 0x5, 0x80, 0x1, 0x1, 0xaa, 0x80,
    0x6, 0x33, 0xac, 0x3, 0x75, 0x40, 0x8, 0x6f,
    0x5c, 0x12, 0x2f, 0x0, 0x21, 0x31, 0xa3, 0x6d,
    0xbc, 0x50, 0x1a, 0x88, 0x11, 0x92, 0x4d, 0x9d,
    0xdb, 0x8, 0x20, 0x2, 0x2f, 0x99, 0xd0, 0xa0,
    0x1d, 0xb5, 0x5a, 0xc0, 0x3c, 0x46, 0x7c, 0x1,
    0xe9, 0xbb, 0xd2, 0x1, 0xce, 0x1, 0x97, 0xe8,
    0x0,

    /* U+80FD "能" */
    0x0, 0xff, 0xe1, 0x3c, 0x80, 0xe, 0xc0, 0x2,
    0x0, 0x19, 0xb5, 0x1, 0x3, 0xd9, 0x0, 0x6c,
    0x16, 0xd0, 0x24, 0xf4, 0x1, 0x9b, 0x68, 0x91,
    0x2a, 0x39, 0x13, 0xeb, 0xaa, 0x7b, 0xac, 0xc9,
    0x4, 0x37, 0x32, 0xa1, 0xda, 0xa6, 0x0, 0x55,
    0x4b, 0x12, 0x83, 0x74, 0x0, 0x8c, 0xc2, 0x0,
    0x6b, 0xd7, 0x0, 0xa6, 0x54, 0x0, 0x6b, 0x92,
    0x0, 0xb7, 0x38, 0x3, 0xa8, 0xc0, 0x21, 0x83,
    0x26, 0xbb, 0x39, 0x86, 0x8, 0xaa, 0x43, 0x6e,
    0xda, 0x0,

    /* U+8109 "脉" */
    0x0, 0xf5, 0xa8, 0x7, 0x5e, 0x70, 0x2, 0x7a,
    0xc0, 0x3b, 0x4c, 0x22, 0x8e, 0x40, 0x3f, 0x6e,
    0x94, 0x81, 0x0, 0x2d, 0x20, 0x44, 0x8, 0xa7,
    0x80, 0x2d, 0x22, 0x45, 0x6, 0x7d, 0x0, 0x1f,
    0x48, 0x9e, 0x60, 0xc8, 0x1, 0xb0, 0x83, 0x70,
    0x3f, 0x80, 0x3c, 0x8c, 0x80, 0x88, 0xc0, 0x55,
    0x8c, 0x64, 0x4, 0x22, 0x40, 0xf4, 0x29, 0x53,
    0x10, 0x0, 0xa0, 0xc8, 0xa8, 0x0, 0xc9, 0x0,
    0xc0,

    /* U+810F "脏" */
    0x0, 0xf9, 0x4c, 0x2, 0xac, 0xc1, 0x0, 0x1e,
    0x80, 0x27, 0xc7, 0xa, 0xde, 0x5c, 0xb0, 0xf,
    0x76, 0x4e, 0x58, 0x3, 0x50, 0x3, 0x58, 0x6,
    0xd4, 0x0, 0x3b, 0x3, 0x18, 0x2, 0xd4, 0x5,
    0xd4, 0x14, 0x80, 0x14, 0x40, 0xe4, 0x60, 0x62,
    0x39, 0xc0, 0x84, 0x3, 0x2a, 0x80, 0xe, 0x40,
    0x1d, 0xdf, 0x2d, 0x93, 0x2b, 0x5b, 0xb4, 0xbc,
    0x6c, 0xac, 0xdd, 0xe0,

    /* U+811A "脚" */
    0x0, 0xe2, 0x40, 0xf, 0x6e, 0x78, 0xe, 0x85,
    0x66, 0x0, 0x3, 0x84, 0x4a, 0x55, 0x3e, 0x8,
    0x4, 0x20, 0x7c, 0xec, 0x1, 0xea, 0x21, 0x32,
    0x30, 0xe, 0x1b, 0x26, 0x82, 0x80, 0xf, 0x61,
    0x33, 0x36, 0x80, 0x38, 0x70, 0x85, 0x8e, 0xc0,
    0x6, 0x2, 0xc0, 0x9, 0x2e, 0x40, 0x95, 0x7,
    0x24, 0x3a, 0xfb, 0xd0, 0x9b, 0x1, 0xb1, 0xa2,
    0x10, 0x1, 0x80, 0x40,

    /* U+81EA "自" */
    0x0, 0x8e, 0x0, 0x3f, 0x28, 0x80, 0x7b, 0xb2,
    0xd3, 0x32, 0xe0, 0xb, 0x37, 0x59, 0x90, 0x4,
    0x39, 0x9e, 0x10, 0x0, 0xe6, 0x78, 0x40, 0x21,
    0x1f, 0x0, 0x43, 0x77, 0xe1, 0x0, 0xd, 0x57,
    0x84, 0x0, 0x39, 0x9e, 0x10, 0x0, 0xe6, 0x78,
    0x40,

    /* U+81F3 "至" */
    0x4, 0xdc, 0xcf, 0x6d, 0x80, 0x13, 0x72, 0x5f,
    0x32, 0xdb, 0x0, 0xc3, 0x10, 0x6, 0x60, 0x7,
    0xd, 0x49, 0x82, 0x43, 0x0, 0x6d, 0x6f, 0xdd,
    0x5b, 0x42, 0x0, 0x59, 0xb7, 0x65, 0x98, 0xf4,
    0x0, 0xaf, 0x72, 0x1b, 0x36, 0x80, 0x35, 0xee,
    0x43, 0x66, 0xd8, 0x7, 0xff, 0x8, 0xb7, 0x32,
    0xa4, 0xcc, 0xb4, 0x80,

    /* U+81F4 "致" */
    0x0, 0xfa, 0x8, 0x2, 0x2d, 0xd6, 0x62, 0x1,
    0x88, 0x2, 0x2d, 0x4a, 0xf8, 0x30, 0xaa, 0x80,
    0x2, 0xad, 0xe5, 0x71, 0x7, 0x80, 0x6, 0xab,
    0x3c, 0x2b, 0x90, 0x90, 0x1, 0x6, 0xa4, 0xcd,
    0x4, 0xc0, 0x14, 0x53, 0x94, 0x6a, 0xb1, 0x0,
    0x7, 0x39, 0x6d, 0x8c, 0x3b, 0x0, 0x3, 0x9c,
    0xb6, 0xe1, 0x6a, 0x80, 0x11, 0xaa, 0xae, 0x4a,
    0x8e, 0x40, 0x5, 0xfe, 0xaa, 0x66, 0x27, 0x7,
    0x80, 0xb2, 0x10, 0x57, 0xd0, 0x23, 0xc0,

    /* U+820D "舍" */
    0x0, 0xc3, 0x0, 0x1f, 0xd4, 0xaa, 0x0, 0xfa,
    0x8b, 0x79, 0xc0, 0x31, 0x61, 0x48, 0x5f, 0x62,
    0x83, 0x7c, 0xe, 0x7e, 0x77, 0xf4, 0x34, 0x86,
    0xc1, 0x41, 0xbc, 0xc0, 0x9, 0x14, 0x64, 0x50,
    0x80, 0x1f, 0xfe, 0xf, 0xf0, 0x98, 0x0, 0x4a,
    0xed, 0x97, 0x56, 0x1, 0x84, 0x8b, 0x80, 0x39,
    0x33, 0x36, 0x80, 0x63, 0xec, 0xcf, 0x0, 0x0,

    /* U+822A "航" */
    0x0, 0x22, 0x80, 0x54, 0x20, 0x1d, 0xc0, 0x20,
    0x3, 0x90, 0xd, 0x61, 0xf8, 0xd8, 0xa9, 0x98,
    0x30, 0x6, 0xc8, 0xb6, 0x67, 0x18, 0x1, 0x10,
    0x0, 0x9b, 0xb5, 0x0, 0x15, 0x53, 0xa2, 0xb,
    0x76, 0x70, 0x2, 0xab, 0xac, 0x40, 0x3f, 0xb1,
    0x0, 0x2, 0x1, 0xe7, 0x92, 0x0, 0xfc, 0x20,
    0x2e, 0x2a, 0xa0, 0x9, 0x25, 0xac, 0x35, 0x22,
    0x40, 0x9, 0xf4, 0xee, 0xd, 0x9c, 0x10, 0x4,
    0xd9, 0x80,

    /* U+8272 "色" */
    0x0, 0x85, 0x40, 0x3f, 0xa3, 0x8, 0xa0, 0xe,
    0x54, 0x38, 0xee, 0x0, 0x67, 0x8c, 0xaa, 0x7,
    0x0, 0x47, 0xa7, 0xb9, 0xe1, 0xdc, 0x40, 0x3a,
    0x3d, 0xc3, 0xec, 0x40, 0xe, 0xab, 0x29, 0xb4,
    0x0, 0xea, 0xbe, 0xbb, 0x38, 0x7, 0xfa, 0x50,
    0x3, 0x18, 0x7, 0x3a, 0x0, 0x17, 0x33, 0xe5,

    /* U+8282 "节" */
    0x0, 0x8f, 0x0, 0x18, 0x80, 0x1f, 0xf3, 0x80,
    0x47, 0xb9, 0xc7, 0x98, 0x3e, 0xcd, 0x73, 0xdc,
    0xe4, 0xcc, 0x27, 0x66, 0xb8, 0x5d, 0xa0, 0x2e,
    0xc1, 0x17, 0x20, 0xa, 0xab, 0x46, 0xaa, 0xf5,
    0x0, 0x8, 0xc6, 0x61, 0x18, 0x1c, 0x3, 0xfc,
    0x22, 0x0, 0xfc, 0x77, 0x6c, 0x0, 0xfc, 0x7b,
    0xa6, 0x0, 0xe3, 0x30, 0x1, 0x8c, 0x0,

    /* U+82AF "芯" */
    0x0, 0x8f, 0x40, 0x9, 0x60, 0x1e, 0x11, 0x0,
    0x1c, 0x3, 0xb7, 0x3c, 0xf3, 0x1c, 0x99, 0xb2,
    0x1b, 0x9c, 0x79, 0x8e, 0x4c, 0xd9, 0x0, 0x8a,
    0x40, 0xcb, 0x80, 0x38, 0x83, 0x47, 0x49, 0x4c,
    0x2, 0x3c, 0x35, 0x1b, 0xf0, 0xa9, 0x0, 0x23,
    0x80, 0x4b, 0x81, 0x28, 0x61, 0x7a, 0x1, 0xc2,
    0x10, 0x80, 0x88, 0x33, 0x0, 0x4f, 0x4a, 0xe1,
    0x0, 0x29, 0x99, 0x6c, 0x0, 0x0,

    /* U+82E5 "若" */
    0x0, 0x96, 0x40, 0x12, 0xa0, 0x18, 0x44, 0x60,
    0x22, 0x30, 0x11, 0x1, 0x55, 0xd2, 0x5d, 0x9e,
    0x6e, 0x90, 0xae, 0xa6, 0xb7, 0xd6, 0x2a, 0xd0,
    0x2b, 0x26, 0xe2, 0x52, 0x32, 0xc0, 0x15, 0x98,
    0x79, 0xcc, 0xd6, 0x1, 0xa9, 0xd8, 0x3, 0xe3,
    0xd5, 0x1b, 0xbb, 0x34, 0x0, 0x51, 0x5, 0x8b,
    0xbb, 0x40, 0x22, 0xb5, 0x9, 0xbb, 0xa8, 0x3,
    0xe9, 0xaa, 0xa4, 0x3, 0xd4, 0xa2, 0x31, 0x68,
    0x0,

    /* U+8303 "范" */
    0x0, 0xad, 0x0, 0x1a, 0x60, 0x1f, 0xe1, 0x0,
    0xcd, 0x76, 0x58, 0xbb, 0x17, 0xdd, 0x85, 0xae,
    0x97, 0xee, 0xcb, 0xd7, 0x61, 0x2, 0xdd, 0x1d,
    0xe3, 0xf5, 0x0, 0x47, 0xa6, 0xd, 0xb9, 0xcc,
    0x0, 0x3f, 0x75, 0x0, 0xc2, 0xe0, 0x3, 0xf1,
    0x10, 0x4, 0xdc, 0x60, 0x10, 0x9d, 0x0, 0x49,
    0xf0, 0x1, 0x1c, 0xd0, 0x0, 0x8a, 0x1e, 0x0,
    0x77, 0x88, 0x5c, 0x5d, 0xaa, 0x40, 0x1a, 0x40,
    0x6, 0xbb, 0xce, 0x0,

    /* U+8350 "荐" */
    0x0, 0x8e, 0x80, 0x14, 0x60, 0x1b, 0x31, 0xe9,
    0x98, 0x4f, 0xcc, 0x10, 0x66, 0x3d, 0x27, 0x1f,
    0xf3, 0x4, 0xa, 0xa6, 0x38, 0x5c, 0x65, 0x50,
    0x0, 0xcd, 0xaf, 0x66, 0x7c, 0x0, 0x66, 0x25,
    0x6e, 0x66, 0x30, 0xa, 0x85, 0x2a, 0xe5, 0xcd,
    0x0, 0x6c, 0xc0, 0x4c, 0xd2, 0x96, 0x40, 0x66,
    0x90, 0x4b, 0xb3, 0x15, 0xd1, 0x12, 0x0, 0xb,
    0x32, 0x4d, 0x99, 0x10, 0x0, 0x4c, 0x1, 0x4a,
    0xa0, 0xe, 0x1e, 0x0, 0x56, 0x98, 0x4,

    /* U+83B7 "获" */
    0x0, 0xff, 0xe1, 0x96, 0x0, 0x34, 0x40, 0x35,
    0x5c, 0x95, 0xd8, 0xaa, 0xe8, 0x1, 0x76, 0x92,
    0xbb, 0x14, 0xdd, 0x80, 0xa, 0xed, 0x40, 0x5,
    0x35, 0x10, 0x2, 0x5c, 0xb8, 0x1, 0x86, 0x4c,
    0x6, 0xd0, 0xe, 0xa8, 0x34, 0xf4, 0x3, 0x36,
    0x69, 0x12, 0x1d, 0x36, 0x0, 0x4f, 0x81, 0x25,
    0x3d, 0x22, 0x0, 0xfe, 0x0, 0x8a, 0xf5, 0x50,
    0x0, 0x32, 0x76, 0xbb, 0x3, 0xd2, 0xc0, 0x4,
    0x8e, 0x5a, 0x50, 0x2c, 0x10,

    /* U+83DC "菜" */
    0x0, 0xff, 0xe1, 0x96, 0x80, 0x34, 0x40, 0x24,
    0xdc, 0xf2, 0xcc, 0x16, 0x63, 0x55, 0x37, 0x30,
    0xd9, 0x86, 0xcf, 0xd5, 0x5, 0xab, 0x2b, 0xb2,
    0xef, 0x98, 0x1, 0x4e, 0x2c, 0xa3, 0x39, 0xcc,
    0x2, 0x1a, 0xf, 0x40, 0x9e, 0x0, 0xd1, 0xa0,
    0x1b, 0xd4, 0x0, 0xbb, 0x93, 0xf1, 0xf, 0x8c,
    0xd5, 0x56, 0xe5, 0xac, 0x41, 0x53, 0x35, 0x40,
    0xef, 0xe8, 0x1, 0x5f, 0xd0, 0x43, 0x31, 0x0,
    0xc, 0xff, 0xc4,

    /* U+843D "落" */
    0x0, 0x8e, 0xc0, 0x1c, 0x1, 0x8b, 0x2f, 0xd6,
    0xec, 0x37, 0x73, 0x16, 0x5f, 0xa5, 0x72, 0xdd,
    0xcc, 0x7, 0x81, 0x51, 0x63, 0x76, 0x10, 0x1,
    0xf1, 0x2b, 0xc5, 0xe0, 0x88, 0x1, 0xaa, 0x33,
    0xfb, 0x57, 0x40, 0x17, 0xf8, 0x35, 0x1, 0x86,
    0x58, 0xc0, 0x81, 0xff, 0xed, 0xff, 0x80, 0x4,
    0xaf, 0xcb, 0xd7, 0x13, 0x23, 0x9, 0x80, 0xa,
    0xaa, 0x10, 0x0, 0x89, 0x40, 0x2a, 0xa8, 0x40,
    0x3, 0x40, 0x17, 0xd5, 0x5e, 0x0,

    /* U+84DD "蓝" */
    0x0, 0xda, 0x0, 0xb2, 0x0, 0x8b, 0x32, 0x2c,
    0xc2, 0xf6, 0x61, 0x4b, 0x32, 0x4c, 0xc3, 0xee,
    0x61, 0x40, 0xc, 0x4, 0x20, 0x40, 0x1e, 0xb0,
    0x50, 0x54, 0xdc, 0xd1, 0x0, 0xe2, 0xbd, 0x5d,
    0xd0, 0x80, 0x1c, 0x18, 0x2c, 0xb1, 0xc0, 0x30,
    0xe3, 0x7c, 0xe4, 0xd0, 0x80, 0x4b, 0x95, 0x78,
    0x38, 0x20, 0x1f, 0xfc, 0x27, 0xc0, 0xcb, 0xac,
    0x3c, 0x3d, 0x70,

    /* U+853D "蔽" */
    0x0, 0xff, 0xe1, 0xa5, 0x80, 0x30, 0x80, 0x24,
    0xbb, 0x42, 0xdd, 0x8b, 0xae, 0xd0, 0x97, 0x69,
    0x95, 0xd9, 0xbe, 0xed, 0x1, 0x7, 0x2b, 0xf,
    0x1e, 0x40, 0x15, 0x23, 0x81, 0x38, 0x9c, 0x53,
    0x6, 0xe2, 0xc8, 0xec, 0xd4, 0x8b, 0x81, 0x52,
    0xc5, 0x83, 0xb, 0x90, 0x80, 0x2d, 0xe5, 0xc6,
    0xb8, 0xbc, 0x3, 0x3f, 0x68, 0x20, 0xdb, 0x80,
    0x54, 0xd, 0x0, 0x1, 0x22, 0x0, 0x67, 0x6e,
    0x4c, 0xb, 0xe8, 0xc, 0xc, 0x4c, 0x8f, 0xa4,
    0xd9,

    /* U+85CF "藏" */
    0x0, 0xff, 0xe2, 0x68, 0x3, 0x40, 0x30, 0xe5,
    0x50, 0xea, 0x87, 0x54, 0xb2, 0x1c, 0xaa, 0x3d,
    0x52, 0x3f, 0xd8, 0x41, 0x65, 0x41, 0x32, 0xfb,
    0xcd, 0x10, 0x7a, 0x31, 0x33, 0x7a, 0xcc, 0x84,
    0x23, 0xc1, 0x21, 0x9c, 0x7, 0xc1, 0x37, 0x0,
    0x10, 0xf4, 0x4c, 0x80, 0xaa, 0xd1, 0x2, 0x30,
    0xc9, 0xa0, 0x10, 0x7, 0x6, 0x2c, 0x89, 0x90,
    0x2a, 0xb0, 0x9f, 0xce, 0x20, 0x30, 0xc9, 0x6e,
    0x97, 0x6f, 0x6e, 0xd5, 0x21, 0x2d, 0x0, 0x87,
    0x8, 0x75, 0x0,

    /* U+867D "虽" */
    0x4, 0xec, 0xcf, 0x0, 0x64, 0xcc, 0xda, 0x1,
    0x9d, 0xd7, 0x6c, 0xba, 0x70, 0x8, 0xf6, 0xe8,
    0x6e, 0xe0, 0x1, 0x7e, 0x64, 0x59, 0x8d, 0xb0,
    0x33, 0x66, 0x45, 0x98, 0xf0, 0x8, 0xee, 0xd4,
    0x57, 0x69, 0x0, 0x96, 0xed, 0x45, 0x76, 0x3a,
    0x1, 0xa0, 0xc, 0x46, 0x5a, 0x13, 0xdb, 0x94,
    0xf7, 0x6c, 0x77, 0x4f, 0x6e, 0x5d, 0x4c, 0x35,
    0xb8,

    /* U+884C "行" */
    0x0, 0x2b, 0x0, 0x7f, 0xc, 0x20, 0x26, 0xe6,
    0x60, 0x6, 0xc1, 0x2, 0x6e, 0x66, 0x2, 0xb7,
    0xc1, 0x0, 0xf8, 0x9e, 0x6c, 0xfb, 0x77, 0xa0,
    0x1d, 0x18, 0xbb, 0x75, 0x54, 0xd8, 0x4a, 0x20,
    0xf, 0xe4, 0xc0, 0xf, 0xf8, 0x40, 0x3f, 0xf8,
    0xde, 0x1, 0xfe, 0xa5, 0x40, 0x0,

    /* U+8854 "衔" */
    0x0, 0x31, 0x84, 0x80, 0x7c, 0x34, 0x6c, 0x1,
    0x1d, 0xd9, 0xc3, 0x60, 0xa0, 0xae, 0xe, 0xec,
    0xe1, 0xcf, 0x57, 0x74, 0x0, 0x71, 0x7d, 0xe6,
    0xd2, 0xb5, 0xed, 0x3, 0x89, 0xc8, 0x52, 0xb5,
    0x85, 0x1d, 0x83, 0x59, 0x5d, 0x80, 0x31, 0xe0,
    0x35, 0x95, 0xd0, 0x7, 0xf9, 0xac, 0x3, 0xf0,
    0x97, 0xd0, 0x7, 0x9, 0x80, 0xd4, 0x80, 0x35,
    0x0, 0x3, 0xc0, 0x5, 0x0, 0xb6, 0x40,

    /* U+8865 "补" */
    0x0, 0xac, 0x2, 0xa1, 0x0, 0xf9, 0x40, 0x8,
    0x1, 0xf5, 0x28, 0x0, 0xc0, 0x3b, 0x73, 0x1c,
    0x1, 0x12, 0x0, 0x5b, 0x89, 0x62, 0x1, 0x51,
    0x0, 0x4e, 0xcc, 0xd1, 0x2, 0x9e, 0x0, 0x4d,
    0x8e, 0xc0, 0x80, 0x1c, 0x51, 0x4f, 0xf, 0x60,
    0x3, 0x6a, 0x2d, 0x0, 0xf, 0x0, 0x3f, 0xf9,
    0x26, 0x1, 0x18, 0x6,

    /* U+8868 "表" */
    0x0, 0xe5, 0xa0, 0xf, 0x24, 0x45, 0xef, 0x11,
    0x80, 0xd, 0xb9, 0x82, 0x6c, 0xcb, 0x40, 0x5,
    0xf1, 0x5, 0x54, 0x44, 0x20, 0x15, 0x66, 0x21,
    0x33, 0x24, 0x4, 0xdc, 0xc6, 0xd3, 0x66, 0x67,
    0x4d, 0xcd, 0xa, 0x6d, 0xcb, 0xd7, 0x0, 0x2f,
    0x9a, 0xe4, 0x3d, 0x80, 0x7, 0x27, 0x0, 0x4,
    0x4a, 0xc1, 0x1, 0xfc, 0x20, 0xb8, 0xa6, 0xc8,
    0x30, 0x30, 0x10, 0xec, 0x1b, 0xf1, 0x0, 0xc3,
    0xca, 0x1, 0x1c, 0x98,

    /* U+88AB "被" */
    0x0, 0xff, 0xe1, 0x60, 0x80, 0x45, 0x80, 0x1d,
    0x6c, 0x1, 0x18, 0x7, 0xa, 0xa8, 0x22, 0xe8,
    0xae, 0xc8, 0x77, 0x18, 0x29, 0x32, 0x2a, 0x66,
    0x1d, 0x1c, 0x18, 0x11, 0x80, 0xe9, 0x3, 0xb6,
    0x28, 0x6e, 0x9f, 0x5c, 0x1f, 0x49, 0x8d, 0xed,
    0x6d, 0xd4, 0x1e, 0x87, 0x40, 0xc, 0x86, 0xc4,
    0x1, 0x84, 0x8, 0x2f, 0x3c, 0x3, 0x8, 0x45,
    0x9d, 0x37, 0xa8, 0x80, 0x47, 0x6f, 0x1d, 0x3d,
    0x8a,

    /* U+88C5 "装" */
    0x0, 0xd6, 0x0, 0x68, 0x0, 0xca, 0x80, 0xc0,
    0x1f, 0x9a, 0x44, 0x12, 0xe9, 0x6a, 0x40, 0x7,
    0x8e, 0x9, 0x73, 0x54, 0x90, 0x4, 0xd1, 0x0,
    0x2f, 0xb2, 0xd0, 0x1, 0x16, 0x91, 0xe, 0xbb,
    0x90, 0x1, 0x57, 0x6e, 0x49, 0xbb, 0xb0, 0x1,
    0x77, 0x12, 0x5, 0xdb, 0x30, 0x0, 0x16, 0xd2,
    0x88, 0x5d, 0x80, 0x35, 0x7, 0x3d, 0x3e, 0xb1,
    0x8, 0x2, 0xd8, 0x1e, 0x4d, 0xbf, 0x6c, 0x0,

    /* U+8981 "要" */
    0x0, 0xff, 0xe0, 0x15, 0xdd, 0xd7, 0x6e, 0xbb,
    0x84, 0xa0, 0x44, 0x1, 0x84, 0x50, 0x20, 0xe1,
    0x65, 0x10, 0x5b, 0x7, 0x0, 0x99, 0xc6, 0xec,
    0xce, 0xc0, 0x12, 0xc1, 0x42, 0xe4, 0x94, 0x28,
    0x4d, 0x7f, 0xa0, 0xff, 0xf5, 0x1c, 0x55, 0x9,
    0x3e, 0x9f, 0xea, 0x86, 0x22, 0x0, 0x2d, 0x51,
    0x50, 0x44, 0x1, 0xd, 0x5b, 0x99, 0x64, 0x18,
    0x3, 0x75, 0x25, 0x91, 0x79, 0xd4, 0x0,

    /* U+8986 "覆" */
    0x0, 0xff, 0xe0, 0xc4, 0xcb, 0xaa, 0x7e, 0x65,
    0x42, 0x12, 0x1, 0xfb, 0xc4, 0x0, 0x50, 0x53,
    0x5, 0x1e, 0x40, 0x11, 0x52, 0xfd, 0x24, 0x79,
    0x80, 0x7, 0x83, 0x44, 0x40, 0x3, 0xd0, 0x1b,
    0xa, 0x81, 0x30, 0x0, 0xd8, 0xd, 0x15, 0x70,
    0x80, 0x4c, 0x0, 0x1b, 0xb4, 0x0, 0x90, 0x1,
    0x80, 0x5, 0x2c, 0x6, 0xca, 0x0, 0xc2, 0x3,
    0x30, 0x1, 0xa5, 0xf8, 0xd4, 0x3, 0xdd, 0x21,
    0xe7, 0x14, 0x60, 0x8, 0x39, 0xa9, 0x89, 0xaa,
    0x18,

    /* U+89C1 "见" */
    0x0, 0x5e, 0x67, 0xa8, 0x3, 0x3e, 0xe7, 0x6e,
    0x73, 0x0, 0x7d, 0x6a, 0x1, 0xff, 0x30, 0x7,
    0xf8, 0xc8, 0x3, 0xfc, 0x3c, 0x1, 0xf3, 0x81,
    0x90, 0x0, 0xec, 0x3, 0x58, 0x7c, 0x0, 0x5,
    0xc4, 0x0, 0x2f, 0x9e, 0x20, 0x1a, 0xd9, 0x3f,
    0xd8, 0x60, 0xfb, 0x98, 0x77, 0x27, 0x40, 0x80,
    0x27, 0x73, 0x1a, 0x20,

    /* U+89C4 "规" */
    0x0, 0x14, 0x80, 0x7f, 0xc4, 0x0, 0xfc, 0xc6,
    0xc8, 0x2, 0x39, 0x70, 0x8f, 0x31, 0x20, 0x14,
    0x72, 0xe1, 0x2, 0x50, 0x7, 0xf8, 0x48, 0x2,
    0x2c, 0xe5, 0xc5, 0x3, 0xe0, 0x8, 0xb2, 0x13,
    0x14, 0x38, 0x3, 0xda, 0xb2, 0x1e, 0xb0, 0x90,
    0x0, 0x17, 0xe2, 0xab, 0x43, 0x1, 0x0, 0x54,
    0xd, 0x2, 0x48, 0x1, 0xd8, 0xc5, 0x83, 0xb,
    0x1, 0xf2, 0x9c, 0xe8, 0x1, 0xb0, 0x0, 0xac,
    0xd1,

    /* U+89C6 "视" */
    0x1, 0x50, 0xf, 0xf0, 0xd9, 0x87, 0x66, 0x5e,
    0x0, 0x11, 0x50, 0x81, 0xe7, 0x61, 0x0, 0x12,
    0xfb, 0x0, 0x2f, 0x30, 0x9, 0x6b, 0x18, 0x2,
    0x12, 0x0, 0xc3, 0x18, 0x1, 0x8, 0x80, 0x21,
    0xd1, 0xf5, 0x30, 0x30, 0xd, 0x34, 0x52, 0xf8,
    0xa7, 0x18, 0x0, 0x86, 0x2, 0x2a, 0x60, 0x4,
    0x3, 0xea, 0x96, 0x0, 0x61, 0x0, 0xc, 0x6b,
    0xd4, 0x9b, 0x44, 0x80, 0x1c, 0x34, 0xa0, 0x3d,
    0xba, 0x0,

    /* U+89C8 "览" */
    0x0, 0xff, 0xe1, 0x9d, 0x84, 0x38, 0x7, 0x59,
    0x88, 0x1, 0x72, 0x65, 0x44, 0x2, 0x20, 0x1,
    0x34, 0x55, 0xc9, 0x80, 0x74, 0x78, 0x78, 0x18,
    0x81, 0x89, 0x45, 0xa1, 0xea, 0x0, 0x53, 0x59,
    0xfb, 0x99, 0x30, 0x6, 0x29, 0xce, 0xcc, 0x0,
    0x7e, 0x3e, 0x0, 0xfe, 0x19, 0x97, 0x3, 0x80,
    0x75, 0xe8, 0x29, 0x85, 0x5, 0x32, 0x67, 0x72,
    0x81, 0xb2, 0xec, 0xee, 0x4f, 0xe7, 0x0, 0x5e,
    0x5d, 0xb4, 0x40,

    /* U+89D2 "角" */
    0x0, 0xff, 0xe1, 0xe8, 0x80, 0x7e, 0xa3, 0xab,
    0xb3, 0x80, 0x6a, 0x2e, 0xbb, 0x3a, 0x80, 0x58,
    0xe7, 0x76, 0xc2, 0x9b, 0x20, 0xd4, 0xea, 0xa1,
    0x7d, 0x0, 0x80, 0x84, 0xd5, 0x6, 0xa8, 0xa0,
    0x11, 0xfd, 0xd8, 0x6e, 0xca, 0x1, 0x34, 0x55,
    0x6, 0xa8, 0xa0, 0x10, 0xd5, 0xd8, 0x6e, 0xca,
    0x0, 0x75, 0x11, 0x80, 0x44, 0x2, 0x29, 0x90,
    0x0, 0x40, 0x18, 0xa6, 0x3c, 0x20, 0x1, 0xe0,
    0xde, 0x10,

    /* U+89E3 "解" */
    0x0, 0x30, 0x80, 0x7f, 0x1c, 0xd5, 0x8d, 0xf5,
    0xdb, 0x40, 0x7f, 0xb4, 0xc6, 0xce, 0xe8, 0x42,
    0x2, 0xa0, 0xee, 0x14, 0xe9, 0x42, 0x57, 0xca,
    0xdb, 0x61, 0xba, 0x40, 0x28, 0x3b, 0x11, 0x3c,
    0xa8, 0x6, 0xf3, 0xb0, 0xec, 0x3b, 0xb0, 0x0,
    0xfc, 0xf0, 0x3e, 0xce, 0xec, 0x0, 0x6c, 0x3c,
    0xe, 0xb3, 0xbc, 0x11, 0x80, 0x4, 0x17, 0x63,
    0xbc, 0x12, 0x80, 0xc4, 0x90, 0x0, 0x80, 0x40,

    /* U+89E6 "触" */
    0x0, 0xff, 0xe1, 0x51, 0x0, 0x6c, 0x0, 0xc8,
    0xb3, 0x40, 0x1f, 0x14, 0x7e, 0x10, 0x3d, 0x95,
    0xc8, 0x2b, 0xdc, 0xa3, 0xe5, 0x15, 0x28, 0x3b,
    0xac, 0xbb, 0x80, 0x20, 0x20, 0x1a, 0xca, 0x40,
    0x3f, 0xac, 0xa4, 0x1, 0x65, 0x62, 0x0, 0x1b,
    0x29, 0x2, 0xb2, 0xb8, 0x0, 0xac, 0xa4, 0x24,
    0x2, 0x90, 0x37, 0x6, 0x0, 0x34, 0x15, 0x9,
    0xaf, 0x5, 0x76, 0xe, 0x7d, 0x4b, 0x80,

    /* U+8B66 "警" */
    0x0, 0xff, 0xe1, 0x42, 0x33, 0x1, 0xa4, 0x2,
    0x1a, 0x5f, 0xda, 0x88, 0x15, 0xda, 0x6, 0xc0,
    0x2, 0xc0, 0xb6, 0x7d, 0x5, 0xee, 0x7f, 0xee,
    0x8b, 0x55, 0x1, 0xbb, 0x1f, 0x70, 0xe9, 0xdd,
    0x28, 0x19, 0x3d, 0xc1, 0xc0, 0x8e, 0xc0, 0x3d,
    0xd1, 0x13, 0x7b, 0x87, 0x84, 0x25, 0x1b, 0xdd,
    0xef, 0x75, 0x0, 0x84, 0x7e, 0x0, 0xde, 0x42,
    0x3d, 0x60, 0x1c, 0x60, 0x1f, 0x80,

    /* U+8BA1 "计" */
    0x6, 0x40, 0xd, 0xc0, 0x1c, 0xb4, 0x60, 0x1f,
    0xc7, 0x74, 0x1, 0xfe, 0x59, 0x0, 0xfd, 0x3b,
    0xc5, 0xb9, 0x81, 0xcc, 0x69, 0x4e, 0x99, 0xb7,
    0x30, 0x39, 0x8d, 0x20, 0xf, 0xfe, 0x22, 0x80,
    0x7f, 0xab, 0x40, 0x3f, 0x8c, 0xa0, 0x3, 0xfa,
    0xe4, 0x3, 0xf0,

    /* U+8BA2 "订" */
    0x0, 0x28, 0x7, 0xf8, 0x61, 0x97, 0x73, 0x1d,
    0x9a, 0xe0, 0x3f, 0x4b, 0xb9, 0x80, 0xcd, 0x70,
    0x1, 0x60, 0x7, 0xe3, 0xdd, 0x50, 0x7, 0xe3,
    0xde, 0x10, 0xf, 0xfe, 0x68, 0x80, 0x7f, 0xa9,
    0xc0, 0x3f, 0x3a, 0x6b, 0x9, 0x80, 0x78, 0x61,
    0xc1, 0x35, 0x80, 0x20,

    /* U+8BA4 "认" */
    0x0, 0xff, 0xe1, 0x58, 0x80, 0x7, 0xc0, 0x3d,
    0x9a, 0x1, 0x8, 0x7, 0x9e, 0xc0, 0x3f, 0xe7,
    0x0, 0x84, 0x3, 0x36, 0x78, 0x80, 0x8, 0x4,
    0x2, 0x6c, 0x20, 0x9, 0x41, 0x0, 0x3f, 0xb5,
    0xbc, 0x3, 0xcb, 0xa4, 0xb2, 0x82, 0x1, 0xd5,
    0x3d, 0x0, 0xd6, 0x1, 0x8e, 0xb5, 0xd8, 0x21,
    0xdc, 0x1, 0x79, 0x2d, 0x0, 0x5f, 0x44, 0x0,
    0x16, 0xc1, 0x0, 0x8b, 0x48,

    /* U+8BA9 "让" */
    0x0, 0xff, 0xe0, 0xbc, 0x80, 0x43, 0xc0, 0x1c,
    0xe6, 0x80, 0x1, 0x0, 0xfa, 0x90, 0x3, 0xf2,
    0x5f, 0x88, 0x4, 0x39, 0x8a, 0x4, 0xb2, 0x0,
    0xc3, 0x98, 0xa0, 0xf, 0xfe, 0x83, 0xe0, 0x7,
    0xf1, 0xdf, 0x0, 0x7e, 0x15, 0xcb, 0xcc, 0x16,
    0x64, 0x60,

    /* U+8BB0 "记" */
    0x1, 0x20, 0xf, 0xf2, 0xf9, 0x3e, 0xe6, 0x5a,
    0x1, 0x24, 0xd3, 0xee, 0x64, 0x60, 0x19, 0x20,
    0x3, 0xf4, 0x67, 0x88, 0x7, 0xe8, 0xc2, 0x0,
    0x76, 0x64, 0x20, 0x1f, 0x1e, 0x65, 0x40, 0x1f,
    0xf2, 0x80, 0x74, 0xb8, 0x7, 0x10, 0x0, 0x48,
    0x8e, 0x2, 0x0, 0x2c, 0x0, 0x9a, 0x81, 0x3f,
    0x32, 0x90,

    /* U+8BB8 "许" */
    0x0, 0xff, 0xe0, 0x96, 0x0, 0x7, 0x84, 0x3,
    0x88, 0x14, 0x19, 0x0, 0x46, 0x0, 0xb9, 0x42,
    0x42, 0xbe, 0xec, 0x6d, 0x50, 0x10, 0x95, 0x25,
    0x54, 0x34, 0x94, 0xe, 0xb0, 0xf, 0x11, 0x80,
    0x18, 0x40, 0x3f, 0xcf, 0xb9, 0xe7, 0x98, 0xa0,
    0xc, 0xbb, 0x9e, 0x79, 0x8a, 0x0, 0xaa, 0x80,
    0x1f, 0x84, 0x5b, 0x0, 0x1f, 0x86, 0x5c, 0x3,
    0xf0,

    /* U+8BBE "设" */
    0x2, 0x10, 0xf, 0xf2, 0x60, 0x86, 0xe6, 0x3c,
    0x40, 0x26, 0xa7, 0x3, 0xcc, 0x10, 0x7, 0x3b,
    0x19, 0x0, 0x46, 0x0, 0x6b, 0xf1, 0xff, 0x0,
    0x17, 0xb0, 0x5a, 0xc4, 0x4b, 0xf9, 0x84, 0x7c,
    0x10, 0xd, 0x21, 0xb9, 0x44, 0x1, 0xc2, 0x2a,
    0x81, 0xbb, 0x0, 0x76, 0x2b, 0x16, 0x51, 0x0,
    0x42, 0x2a, 0x43, 0x71, 0xd3, 0x0, 0x86, 0x4f,
    0x6b, 0xb3, 0xa3, 0xcc, 0x0, 0xc9, 0xb2, 0x40,
    0x97, 0xe6,

    /* U+8BBF "访" */
    0x0, 0xff, 0xe0, 0xb1, 0x80, 0x4b, 0x0, 0x1c,
    0xbc, 0x20, 0x5, 0x50, 0x7, 0x1d, 0x9e, 0x64,
    0x39, 0x92, 0x88, 0x9c, 0xb7, 0xb, 0x33, 0x2a,
    0x77, 0x0, 0x40, 0x3e, 0x5f, 0x0, 0xc3, 0x98,
    0xf3, 0x0, 0xf0, 0x96, 0x60, 0xc4, 0x3, 0x89,
    0x5c, 0x0, 0x24, 0x1, 0xa9, 0x7b, 0xc0, 0x3c,
    0x41, 0x86, 0xea, 0x2, 0x1, 0x8a, 0xda, 0x3c,
    0x1b, 0xe8, 0x3, 0x20, 0x61, 0x3, 0x73, 0x80,
    0x0,

    /* U+8BC1 "证" */
    0x3, 0x50, 0xf, 0xf0, 0xd9, 0xbe, 0xe6, 0xe6,
    0x34, 0x40, 0xa8, 0x9f, 0x70, 0x7b, 0x34, 0x40,
    0x8, 0x20, 0x1f, 0x9e, 0xf0, 0x0, 0x80, 0x1e,
    0x7b, 0x20, 0x5, 0x0, 0x3f, 0x6c, 0x3, 0xfb,
    0xf6, 0xc0, 0x30, 0x80, 0x7f, 0xd8, 0x20, 0x1f,
    0xc2, 0x82, 0x1, 0xf8, 0xcd, 0xb8, 0x58, 0x1d,
    0x98, 0x40, 0x3c, 0x4c, 0xcf, 0x90,

    /* U+8BC4 "评" */
    0x2, 0x20, 0x7, 0xf9, 0xbc, 0x5f, 0x31, 0xfb,
    0x96, 0x0, 0x48, 0x57, 0xcc, 0x16, 0x6c, 0x80,
    0x4a, 0x8d, 0x20, 0x13, 0x48, 0x46, 0xf8, 0x33,
    0x88, 0x2, 0xa0, 0x23, 0x44, 0x1, 0x42, 0x0,
    0x83, 0x0, 0xec, 0x8c, 0x2c, 0x9d, 0x40, 0x8,
    0x7f, 0x30, 0x59, 0x8d, 0x40, 0xb, 0x5c, 0x3,
    0xf1, 0x7, 0x20, 0x7, 0xe2, 0xe2, 0x0, 0x8c,
    0x3, 0x0,

    /* U+8BC6 "识" */
    0x1, 0x70, 0xf, 0xf0, 0xd3, 0xf, 0xf7, 0x5e,
    0x60, 0x17, 0x0, 0x7, 0xba, 0x30, 0x8, 0x49,
    0x80, 0x3f, 0x35, 0x70, 0x80, 0x7e, 0x6b, 0x11,
    0x0, 0x7f, 0xf0, 0x4b, 0x32, 0x1, 0x0, 0xc4,
    0x19, 0xd9, 0xd8, 0x40, 0x1b, 0xdd, 0xa4, 0x2e,
    0x80, 0x21, 0x12, 0x2d, 0xd0, 0x4b, 0xc0, 0x4,
    0xd1, 0xbc, 0x20, 0xf, 0x61, 0x1, 0x91, 0xc3,
    0x0, 0x8b, 0x84,

    /* U+8BD1 "译" */
    0x0, 0x10, 0x7, 0xf8, 0xbc, 0x63, 0xee, 0xd9,
    0xc4, 0x0, 0x29, 0x38, 0xa1, 0x90, 0xd2, 0x4,
    0xad, 0x20, 0x76, 0xd6, 0x10, 0x2, 0xdb, 0x9f,
    0xe5, 0xf6, 0xff, 0x8c, 0x44, 0x7, 0x9c, 0xf8,
    0xfb, 0xc6, 0x1, 0x8b, 0x30, 0x59, 0x85, 0x0,
    0xce, 0x79, 0x81, 0xcc, 0x20, 0x4, 0x36, 0x99,
    0x81, 0xcc, 0x68, 0x0, 0xcb, 0x5b, 0x30, 0x39,
    0x8d, 0x0, 0x1e, 0x8, 0x7, 0xe0,

    /* U+8BD5 "试" */
    0x0, 0xf9, 0xc5, 0x0, 0x29, 0x60, 0xd, 0x65,
    0xc, 0x0, 0x9d, 0x0, 0xe1, 0xd2, 0x0, 0xad,
    0xf3, 0x22, 0xed, 0xe0, 0x4c, 0xb7, 0xcc, 0x9e,
    0x32, 0x81, 0x31, 0x83, 0x3b, 0x78, 0x80, 0x3e,
    0xc3, 0xd2, 0xf0, 0xf, 0x8, 0x4, 0x88, 0x0,
    0xe3, 0xd2, 0x4, 0x0, 0x12, 0x0, 0x8, 0x6a,
    0x43, 0x42, 0xed, 0x26, 0x7, 0x6d, 0x3b, 0x22,
    0xca, 0x6, 0x2, 0x80, 0x40, 0x1b, 0x34, 0x0,

    /* U+8BE2 "询" */
    0x2, 0x30, 0xa, 0x88, 0x3, 0x9b, 0x40, 0xa,
    0xc4, 0x1, 0xc8, 0xc6, 0x12, 0x17, 0x76, 0x88,
    0x2, 0xd, 0x9f, 0x2e, 0xe1, 0x6, 0xce, 0x28,
    0x5b, 0xb7, 0x0, 0x4d, 0x80, 0x58, 0x75, 0x60,
    0x1f, 0x88, 0x2a, 0xc4, 0x3, 0xfa, 0xac, 0x40,
    0x3c, 0xa4, 0x1, 0xfc, 0x30, 0xf, 0xb8, 0x40,
    0x19, 0x7, 0xa, 0xb3, 0x29, 0x21, 0x4, 0xf1,
    0x0, 0xed, 0xf0,

    /* U+8BE5 "该" */
    0x2, 0x20, 0x4, 0x70, 0x1, 0xcd, 0xe0, 0x11,
    0x90, 0x80, 0x64, 0x53, 0xbb, 0x68, 0xd5, 0xe1,
    0x80, 0x20, 0xee, 0xc7, 0x35, 0x4c, 0x35, 0xce,
    0x0, 0x55, 0x95, 0xb0, 0x1, 0x70, 0xc1, 0x55,
    0xd6, 0xcc, 0x10, 0xe, 0x5e, 0xa6, 0xe8, 0x90,
    0xf, 0x26, 0xf3, 0x2c, 0x0, 0x66, 0x5f, 0xd7,
    0xbb, 0x0, 0x62, 0xf5, 0xb9, 0x8c, 0xc4, 0x0,
    0x53, 0x28, 0xcf, 0xc3, 0xb3, 0x40, 0x3, 0x4,
    0xeb, 0x80, 0x56, 0x80,

    /* U+8BE6 "详" */
    0x0, 0xff, 0xe0, 0x92, 0x0, 0x1d, 0x81, 0xa4,
    0x3, 0x51, 0x2, 0xe8, 0x6d, 0x80, 0x45, 0x47,
    0x1c, 0xf8, 0x9d, 0x84, 0x43, 0x71, 0x8c, 0xc0,
    0xf6, 0x60, 0x9e, 0x74, 0x3, 0xf9, 0x68, 0x0,
    0x99, 0x82, 0xdc, 0xc0, 0x7, 0x26, 0x60, 0xb7,
    0x30, 0x1, 0xff, 0xc4, 0x57, 0xcc, 0x16, 0xe6,
    0x18, 0x4, 0x44, 0xf9, 0x82, 0xdc, 0xc3, 0x0,
    0x29, 0xc0, 0x23, 0x0, 0xc0,

    /* U+8BED "语" */
    0x0, 0xff, 0xe0, 0xad, 0x4, 0xd6, 0x6d, 0x54,
    0x0, 0x58, 0xc, 0x11, 0x0, 0x52, 0x6, 0xae,
    0xb, 0x63, 0xd4, 0xc0, 0x6, 0xca, 0x0, 0x88,
    0xc0, 0x44, 0xb, 0x22, 0x59, 0x67, 0x76, 0x9,
    0x60, 0x8, 0xb2, 0xf6, 0xed, 0xb6, 0xc0, 0x11,
    0x7, 0xe6, 0x5c, 0xc0, 0x1b, 0xcc, 0x73, 0x29,
    0x0, 0xc3, 0x6, 0x2, 0x37, 0x80, 0x47, 0xa,
    0x3, 0x55, 0x28, 0x4, 0x6e, 0x0, 0xfb, 0xbb,
    0x58, 0x0,

    /* U+8BEF "误" */
    0x2, 0x10, 0xf, 0xf3, 0xe0, 0x97, 0x66, 0x5e,
    0x1, 0x2c, 0x91, 0xae, 0x64, 0x60, 0x1, 0x37,
    0x30, 0x5, 0xdc, 0x1, 0x2c, 0x68, 0xd, 0xde,
    0xc0, 0x2, 0x58, 0x2, 0x6e, 0xdf, 0x76, 0xa0,
    0xe, 0x9b, 0x93, 0xbb, 0x50, 0x6, 0x2c, 0xc7,
    0x9e, 0x64, 0xa0, 0x14, 0x66, 0x5, 0x6f, 0x30,
    0xa0, 0x43, 0x81, 0x69, 0x56, 0xe0, 0x11, 0xc9,
    0xf6, 0x40, 0x67, 0x70, 0xc0, 0x59, 0x3d, 0xc0,
    0x29, 0xf3,

    /* U+8BF4 "说" */
    0x1, 0x0, 0x90, 0x0, 0x2a, 0x1, 0x36, 0x8,
    0x6a, 0x3, 0xf0, 0x4, 0xf7, 0x21, 0x1a, 0x15,
    0x20, 0x19, 0xe0, 0x31, 0x70, 0x79, 0x41, 0x33,
    0xc0, 0x2c, 0xc6, 0xd8, 0x1, 0x30, 0x80, 0x40,
    0x3f, 0xf8, 0x3, 0xf9, 0xf6, 0x20, 0x1c, 0x78,
    0x58, 0x58, 0x80, 0x1a, 0x64, 0x42, 0x1, 0xf1,
    0x5, 0xcd, 0x0, 0x4e, 0xc0, 0xb, 0xac, 0x26,
    0x1, 0xd9, 0x50, 0x2, 0x1c, 0x48, 0x3, 0x37,
    0x8c,

    /* U+8BF7 "请" */
    0x3, 0x30, 0x6, 0xe0, 0xe, 0x1e, 0x28, 0xbb,
    0xd, 0xdc, 0x0, 0x29, 0x1c, 0x22, 0x1, 0x13,
    0x40, 0x2, 0xa6, 0xb1, 0x1, 0x88, 0x38, 0x2d,
    0x60, 0x5d, 0xc9, 0x77, 0x22, 0xd8, 0x2, 0x84,
    0x7a, 0x10, 0x3, 0x96, 0x22, 0x70, 0xe, 0x20,
    0x2, 0x24, 0x20, 0x18, 0xf8, 0x83, 0x76, 0x30,
    0x9, 0x3, 0xc8, 0x2a, 0xa5, 0x0, 0x93, 0xc,
    0x3, 0x22, 0x98, 0x4, 0x40, 0xe, 0x0, 0x27,
    0x8, 0x0,

    /* U+8BFB "读" */
    0x5, 0x30, 0xd, 0x84, 0x1, 0x9b, 0x85, 0x26,
    0x45, 0x13, 0x20, 0x1, 0xc8, 0xa4, 0x40, 0xa6,
    0x20, 0x1, 0x20, 0x55, 0x45, 0x15, 0x40, 0x4c,
    0xf0, 0x82, 0xfd, 0xd4, 0x38, 0x26, 0x10, 0xe,
    0xc3, 0x79, 0x78, 0x7, 0x34, 0xf8, 0x70, 0x98,
    0x6, 0x2f, 0x68, 0x85, 0xdc, 0x40, 0x17, 0x5d,
    0x48, 0x45, 0x50, 0x80, 0x8f, 0x85, 0x7a, 0x47,
    0x14, 0x0, 0x58, 0x53, 0xda, 0x8b, 0xfc, 0x0,

    /* U+8C03 "调" */
    0x0, 0xff, 0xe0, 0x96, 0x88, 0x7d, 0xde, 0xf0,
    0x1, 0x5b, 0x81, 0x59, 0x7d, 0x90, 0x4, 0xcc,
    0x0, 0x53, 0xc2, 0x80, 0x1b, 0x3c, 0x2, 0xa7,
    0xf5, 0x0, 0x36, 0x10, 0x5, 0x27, 0x2c, 0x1,
    0xfb, 0x80, 0x4, 0x1, 0xd4, 0xe3, 0x97, 0x84,
    0x1, 0x8c, 0xc2, 0xa1, 0x54, 0x0, 0xe9, 0x95,
    0xd5, 0xdb, 0x10, 0xc0, 0x27, 0x44, 0x18, 0x0,
    0xb1, 0x80, 0x32, 0x48, 0x4, 0x5d, 0x0,

    /* U+8C61 "象" */
    0x0, 0x96, 0x40, 0x3f, 0x92, 0xd6, 0xa9, 0x86,
    0x1, 0x9e, 0xa2, 0x1c, 0x40, 0xe8, 0x0, 0x1f,
    0x13, 0x1e, 0x19, 0x1a, 0x0, 0xc, 0x6, 0x61,
    0x3, 0x30, 0x20, 0x1b, 0xb8, 0xe9, 0x10, 0xeb,
    0x0, 0xa3, 0x3e, 0x15, 0xe6, 0xd8, 0x2, 0x99,
    0x16, 0x54, 0x8a, 0x90, 0x5, 0xba, 0x92, 0xe3,
    0xb3, 0x60, 0xa, 0x2, 0x36, 0x84, 0xeb, 0x38,
    0x40, 0xaa, 0xdb, 0xd4, 0x42, 0xb0, 0x40,

    /* U+8D1D "贝" */
    0x0, 0x76, 0xe6, 0x77, 0x80, 0x76, 0x67, 0x80,
    0x38, 0xc0, 0xc, 0xe0, 0x1f, 0xee, 0xf0, 0xf,
    0xf0, 0xf8, 0x7, 0xf8, 0x8c, 0x3, 0xe1, 0x0,
    0x2a, 0x90, 0xc, 0x3, 0x60, 0xc3, 0x8c, 0x56,
    0x0, 0x61, 0xa4, 0x90, 0xc3, 0xd3, 0x0, 0x57,
    0xee, 0x0, 0x53, 0x7a, 0x0, 0x8e, 0x70, 0xe,
    0x6e, 0x0,

    /* U+8D1F "负" */
    0x0, 0xff, 0xe1, 0xe, 0x80, 0x7f, 0x50, 0x4c,
    0xca, 0x1, 0xa0, 0x7e, 0xec, 0xee, 0x0, 0xa4,
    0xe8, 0x88, 0x8e, 0x40, 0x4, 0x7, 0xcc, 0xa9,
    0x73, 0xc1, 0x25, 0xff, 0x37, 0x32, 0x0, 0xfa,
    0x5c, 0x3, 0xf8, 0x90, 0x3, 0xc4, 0x24, 0xe6,
    0x60, 0x60, 0xa, 0x53, 0xf8, 0xba, 0xf4, 0xf,
    0x7b, 0x98, 0x65, 0xbd, 0x32, 0x3f, 0xe8, 0x10,
    0x9, 0x76, 0x0,

    /* U+8D23 "责" */
    0x0, 0xee, 0x10, 0xe, 0xbb, 0xc3, 0x57, 0x6c,
    0x10, 0xbb, 0xc5, 0x57, 0x6c, 0x10, 0x2b, 0xb8,
    0xaa, 0xed, 0x20, 0x88, 0xdd, 0x87, 0x37, 0x5e,
    0xce, 0x60, 0x14, 0x8, 0x4, 0x66, 0x58, 0xcc,
    0xed, 0xa5, 0x0, 0x1d, 0x53, 0xa6, 0xa5, 0xc0,
    0x3d, 0x84, 0x0, 0x70, 0xa, 0x1, 0x45, 0x75,
    0xf8, 0xa, 0x3f, 0x75, 0x29, 0xfe, 0xe3, 0x2d,
    0x8d, 0x80, 0x1, 0x57, 0x90,

    /* U+8D25 "败" */
    0x0, 0xf8, 0x88, 0x1, 0x99, 0xde, 0x60, 0xb7,
    0x0, 0xd6, 0x67, 0x58, 0x23, 0x88, 0x80, 0x24,
    0xe4, 0x12, 0xb, 0xca, 0x30, 0x9, 0xc0, 0x16,
    0xb2, 0xf2, 0x60, 0x10, 0x80, 0x4, 0xc0, 0x48,
    0x3, 0xe8, 0x1, 0x70, 0x9, 0x8d, 0x41, 0x43,
    0x2d, 0x0, 0x2b, 0xaf, 0xb9, 0x6, 0x5a, 0x0,
    0x9c, 0xdb, 0x6c, 0x69, 0xa4, 0x41, 0x3a, 0x81,
    0xb7, 0x3e, 0x7b, 0x9, 0x24, 0x2, 0x6c, 0x40,
    0x5d, 0x20,

    /* U+8D34 "贴" */
    0x0, 0xfd, 0xa0, 0x1b, 0xf3, 0x1e, 0x1, 0xf8,
    0x7e, 0x44, 0x2, 0x2c, 0xd9, 0x0, 0x31, 0x80,
    0x62, 0xcd, 0x90, 0x8, 0xc0, 0x3f, 0xc6, 0x20,
    0x1, 0x10, 0x8, 0x80, 0x2e, 0x70, 0x3f, 0xb7,
    0xbe, 0x0, 0x8c, 0xc4, 0x5, 0x55, 0x8, 0x3,
    0xc1, 0xf8, 0x3, 0xf4, 0x7a, 0x7b, 0x9e, 0x64,
    0x20, 0x66, 0x43, 0xe7, 0x3c, 0xc8, 0x40, 0xe8,
    0x0, 0x66, 0xc0, 0xb, 0x80,

    /* U+8D44 "资" */
    0x3, 0x0, 0x91, 0xc0, 0x3c, 0x9a, 0x61, 0x35,
    0x99, 0x38, 0x1, 0xfc, 0x6a, 0xf9, 0x70, 0x10,
    0x2, 0x14, 0xa6, 0xb7, 0x2c, 0x30, 0x1, 0xf2,
    0xb, 0xa6, 0x7c, 0x18, 0x3, 0xb8, 0x1a, 0x18,
    0x59, 0xfe, 0x20, 0xde, 0xf0, 0xbc, 0xc6, 0xce,
    0x10, 0x5, 0x98, 0xa8, 0xcc, 0x0, 0x7e, 0xa7,
    0x10, 0xf, 0x70, 0x4a, 0x9e, 0x62, 0x0, 0x29,
    0xfd, 0xc9, 0xd, 0xfd, 0xb0, 0x5, 0xee, 0x28,
    0x4, 0x77, 0x60,

    /* U+8D4B "赋" */
    0x0, 0xfe, 0x70, 0xb, 0xaa, 0x98, 0xd9, 0x84,
    0x97, 0x20, 0x2e, 0x80, 0x6c, 0xc2, 0x19, 0x98,
    0x1, 0x8e, 0x19, 0x98, 0xa3, 0x40, 0x21, 0xc,
    0xc0, 0xe1, 0x64, 0x80, 0x4, 0x0, 0xe6, 0x1,
    0xf1, 0xb8, 0x68, 0x14, 0x0, 0x67, 0x62, 0x50,
    0x1, 0x43, 0x0, 0x52, 0x15, 0x40, 0x8, 0xc8,
    0xc0, 0x17, 0x32, 0xa7, 0xe6, 0x4d, 0xa5, 0x35,
    0x51, 0x4f, 0x6d, 0xba, 0x2c, 0x9e, 0x0, 0x46,
    0x1, 0xb3, 0x80,

    /* U+8D56 "赖" */
    0x0, 0xff, 0xe1, 0xe8, 0x5, 0x8a, 0x1, 0xfc,
    0x67, 0x29, 0x1, 0x5d, 0x8a, 0xe3, 0xdc, 0x6c,
    0xc0, 0xae, 0xc5, 0x78, 0xb1, 0xd0, 0x20, 0xe,
    0xb2, 0xcc, 0x25, 0x96, 0xf8, 0x0, 0xac, 0xbc,
    0x1, 0x79, 0x64, 0x0, 0x7c, 0x28, 0xe0, 0x5,
    0x0, 0x6b, 0x72, 0xe6, 0x0, 0x8, 0x6, 0x73,
    0xf, 0x55, 0x22, 0x83, 0x1, 0xec, 0x5, 0x3d,
    0x4d, 0x6f, 0x1, 0xd0, 0x5, 0x5d, 0xe7, 0x92,
    0x80, 0x16, 0x84, 0xe1, 0x0, 0xe2, 0x0,

    /* U+8D70 "走" */
    0x0, 0xeb, 0x30, 0xf, 0xfe, 0x3e, 0xe6, 0x17,
    0xb3, 0x20, 0xd, 0xb9, 0x85, 0xec, 0xc8, 0x0,
    0xb9, 0x99, 0x7f, 0x32, 0x80, 0x5c, 0xcc, 0xbf,
    0x98, 0xd8, 0x0, 0x96, 0x0, 0x38, 0x40, 0x31,
    0x78, 0x3, 0xb3, 0x16, 0x1, 0xb7, 0x0, 0x1d,
    0x98, 0xb0, 0x8, 0x9f, 0x30, 0xe0, 0x1e, 0x2f,
    0x97, 0xf6, 0xde, 0xff, 0x70, 0x17, 0x20, 0x1d,
    0x77, 0x3f, 0xdc, 0x0,

    /* U+8D77 "起" */
    0x0, 0xb8, 0x3, 0xfe, 0x30, 0x3, 0x5d, 0xd2,
    0x0, 0x9c, 0x2c, 0x77, 0x55, 0x21, 0x40, 0x13,
    0x85, 0x8e, 0x23, 0x80, 0x3, 0x98, 0x2c, 0xc4,
    0xe6, 0x3c, 0x0, 0x39, 0x85, 0xec, 0x3f, 0xcd,
    0xc0, 0x2, 0xb8, 0x5b, 0x80, 0x62, 0x0, 0x60,
    0x3, 0xcc, 0x1c, 0x1, 0xca, 0xb, 0x6c, 0x88,
    0xda, 0xcd, 0x15, 0x27, 0xe2, 0xa2, 0x7e, 0xcd,
    0xd0, 0xb7, 0x17, 0x87, 0x76, 0xff, 0x42, 0x28,
    0xc, 0x67, 0x75, 0xfe, 0x90,

    /* U+8D85 "超" */
    0x0, 0xb8, 0x3, 0xfe, 0x30, 0x5, 0xf7, 0x33,
    0xc0, 0x17, 0xa5, 0xad, 0x69, 0x78, 0x20, 0xb,
    0xd2, 0xd6, 0x34, 0x51, 0x30, 0x1b, 0xa3, 0xba,
    0xeb, 0x2c, 0xb0, 0x19, 0xb5, 0x9a, 0xfe, 0x96,
    0xc0, 0x5, 0xb8, 0x4b, 0x88, 0x55, 0x1c, 0x0,
    0x44, 0xf, 0x61, 0x1c, 0x1, 0x2c, 0x3b, 0x8,
    0x93, 0x30, 0x60, 0x65, 0xe5, 0x66, 0x5d, 0x98,
    0xf1, 0x7a, 0x3f, 0xef, 0xfe, 0xe5,

    /* U+8DB3 "足" */
    0x0, 0x5e, 0xe6, 0x6f, 0x20, 0xd, 0x39, 0x98,
    0x80, 0x3c, 0x23, 0x80, 0x3b, 0x3a, 0xfa, 0xec,
    0xe6, 0x1, 0x25, 0xd1, 0x5d, 0x50, 0x40, 0x2f,
    0x20, 0x6, 0xdd, 0xc0, 0x11, 0x10, 0x1, 0xb7,
    0x70, 0x0, 0x86, 0x0, 0x3f, 0x5c, 0xf5, 0x99,
    0x0, 0x4, 0x8d, 0x19, 0xe5, 0xa3, 0x75, 0x96,
    0x78, 0x0, 0x28, 0xbd, 0xda, 0x40,

    /* U+8DC3 "跃" */
    0x0, 0xff, 0xe0, 0xd6, 0x63, 0xc9, 0x62, 0xec,
    0x20, 0x3, 0xfc, 0x30, 0x64, 0xab, 0x10, 0x1,
    0xc5, 0x91, 0xd, 0xc0, 0x3a, 0xa0, 0x32, 0x20,
    0xb1, 0x7, 0x0, 0x48, 0x81, 0xf6, 0x80, 0xe9,
    0x0, 0x10, 0x16, 0x99, 0x44, 0x15, 0x40, 0x19,
    0x6c, 0x15, 0x60, 0xf, 0x94, 0x66, 0x48, 0xc0,
    0x4, 0x2f, 0x2, 0x96, 0x38, 0x81, 0x83, 0x5e,
    0xdf, 0xa5, 0x0, 0xd7, 0x9, 0x20, 0x2, 0x70,
    0x2, 0x4d, 0x10,

    /* U+8DDF "跟" */
    0xd, 0xbb, 0x6b, 0xee, 0x63, 0x88, 0x0, 0x37,
    0x61, 0x12, 0x55, 0xc, 0x2, 0x1a, 0xa0, 0x87,
    0xbb, 0x98, 0x2, 0xd9, 0xd, 0xd, 0x88, 0x28,
    0x5, 0x2, 0x1, 0x19, 0x65, 0x10, 0x1, 0x1,
    0x2c, 0x77, 0x7, 0x1c, 0x3, 0x25, 0x88, 0x24,
    0x93, 0x80, 0x71, 0x8, 0x18, 0x40, 0x0, 0x86,
    0x1e, 0xc3, 0xe7, 0xbd, 0x0, 0x6a, 0x36, 0x40,
    0x64, 0xe6, 0x42, 0x6e, 0x40, 0x7, 0xb0, 0x2,
    0x68, 0x80,

    /* U+8DE8 "跨" */
    0x0, 0xff, 0xe0, 0x91, 0x60, 0x6, 0x98, 0x6,
    0xfa, 0xa7, 0x55, 0x94, 0x5d, 0x84, 0x1, 0x10,
    0xa, 0xc8, 0xa, 0xb1, 0x0, 0x3b, 0x80, 0x6d,
    0xfe, 0x80, 0x2e, 0x1a, 0x9c, 0x1c, 0x96, 0xe2,
    0x5, 0x50, 0xaf, 0x6e, 0x6e, 0xb0, 0x82, 0xc0,
    0xaa, 0x9b, 0x99, 0x70, 0x80, 0x88, 0xaa, 0x47,
    0x73, 0x21, 0x0, 0xca, 0xf, 0xb9, 0xc8, 0x6,
    0x50, 0x82, 0x17, 0x9a, 0x6c, 0x5, 0xf5, 0x8,
    0x0, 0x2e, 0x42, 0x0,

    /* U+8DEF "路" */
    0x0, 0x8, 0xc0, 0x70, 0x1, 0xd7, 0x76, 0x5,
    0x2d, 0xd8, 0xc0, 0x2b, 0xa1, 0x13, 0xed, 0xb1,
    0x80, 0x46, 0x21, 0x6f, 0xd, 0x40, 0x16, 0x4e,
    0x25, 0xc8, 0xd3, 0x80, 0x45, 0x9, 0x5, 0x7,
    0x74, 0xc0, 0x9, 0x4, 0x85, 0x43, 0xe0, 0x30,
    0xc, 0x90, 0xc3, 0x76, 0x75, 0x0, 0xc6, 0xe8,
    0x24, 0x40, 0x8, 0xcb, 0x84, 0x4a, 0x57, 0x62,
    0x0, 0xaf, 0x6d, 0x84, 0xee, 0xc4, 0x0, 0x35,
    0x0, 0xda, 0x0, 0xd0, 0x0,

    /* U+8DF3 "跳" */
    0x0, 0xf3, 0x9e, 0x80, 0x6e, 0xcc, 0x83, 0x9c,
    0x40, 0x31, 0x66, 0x84, 0x3, 0x81, 0x68, 0x0,
    0x40, 0xe, 0x80, 0x15, 0x58, 0x1, 0xf3, 0xcd,
    0xc, 0x40, 0xd8, 0x1, 0xfe, 0x58, 0x80, 0x80,
    0x24, 0x2, 0xb0, 0x59, 0x85, 0x30, 0xe5, 0x0,
    0x18, 0x2d, 0x79, 0x8, 0x6e, 0x80, 0x38, 0x99,
    0xc0, 0x3, 0x0, 0x27, 0x2a, 0xd3, 0xa0, 0x15,
    0x1a, 0x2f, 0x70, 0xcc, 0xc0, 0xba, 0xe6, 0xb6,
    0x80, 0xb4, 0x0, 0x9d, 0xd0, 0x0,

    /* U+8EAB "身" */
    0x0, 0xed, 0x20, 0xf, 0xd7, 0x62, 0x9b, 0xb4,
    0x80, 0x72, 0xdf, 0xdd, 0xc8, 0x1, 0xc3, 0x99,
    0xc0, 0x1e, 0x1c, 0xce, 0x2, 0x30, 0x8, 0x73,
    0x38, 0xfd, 0x0, 0x88, 0x3b, 0xbb, 0xc6, 0x1c,
    0x26, 0x4b, 0x55, 0x76, 0x92, 0x80, 0x2e, 0xf4,
    0x3a, 0xf8, 0x7, 0x96, 0xe2, 0x14, 0x20, 0x1a,
    0xbb, 0x26, 0xd1, 0x68, 0x40, 0x2b, 0xe9, 0x20,
    0x3, 0xe6, 0x80, 0x0,

    /* U+8F68 "轨" */
    0x0, 0xa4, 0x2, 0x82, 0x0, 0xe4, 0x30, 0x9,
    0xc, 0x2, 0x1c, 0xa7, 0xcb, 0x0, 0x8, 0x4,
    0x38, 0x7d, 0xb7, 0x63, 0xbe, 0x30, 0x3, 0x54,
    0x90, 0x59, 0x5a, 0x90, 0x2, 0x6d, 0x3a, 0xc0,
    0x41, 0xc4, 0x1, 0xb8, 0xfd, 0x64, 0xc0, 0x20,
    0x11, 0x9, 0xdc, 0x26, 0x0, 0x64, 0xfd, 0x7f,
    0xba, 0x40, 0xc, 0x9f, 0x88, 0x87, 0x71, 0x1,
    0xb3, 0x80, 0x46, 0xfb, 0x0, 0x7, 0xa5,

    /* U+8F6C "转" */
    0x0, 0x31, 0x80, 0x4a, 0x80, 0x1d, 0x42, 0x1,
    0x78, 0x6, 0x5d, 0x2e, 0xb6, 0xb5, 0xfb, 0xb0,
    0x2d, 0xcf, 0xdb, 0x59, 0x5d, 0xc0, 0xa, 0x6e,
    0xa, 0xc3, 0xcc, 0x91, 0x4a, 0xca, 0xa9, 0x76,
    0xcc, 0x91, 0x1b, 0x5, 0x1, 0x7d, 0x54, 0x70,
    0x12, 0x13, 0xa1, 0xcb, 0xb3, 0x98, 0x36, 0xd0,
    0x58, 0x49, 0x6c, 0xa0, 0x36, 0x49, 0x98, 0x77,
    0xc1, 0x0, 0x3f, 0x26, 0xad, 0x0, 0x76, 0x80,
    0x69, 0xa0, 0x0,

    /* U+8F6E "轮" */
    0x0, 0x13, 0x80, 0x4c, 0xa0, 0x1c, 0x9e, 0x1,
    0x5f, 0x0, 0x47, 0x92, 0x99, 0x4c, 0xfb, 0x20,
    0x3, 0xd3, 0x8e, 0x9b, 0xb3, 0x1d, 0x90, 0x44,
    0xeb, 0xfd, 0x80, 0x28, 0xe8, 0x5b, 0x92, 0x6b,
    0xd4, 0x1f, 0x60, 0x76, 0xd6, 0x18, 0x33, 0x1c,
    0x80, 0x2, 0x1, 0x34, 0x2, 0xe9, 0x10, 0x2e,
    0xd4, 0xd0, 0x7, 0x10, 0x4, 0x5d, 0xab, 0xc8,
    0x1, 0xac, 0xc0, 0x21, 0x10, 0x7c, 0xe6, 0x1c,
    0xc0,

    /* U+8F6F "软" */
    0x0, 0x25, 0x0, 0x54, 0x40, 0x18, 0xf0, 0xc8,
    0x82, 0xe4, 0x1, 0xd, 0xb0, 0x52, 0xc9, 0xdd,
    0xc6, 0x32, 0x5b, 0x2c, 0xcf, 0xbb, 0x29, 0x3,
    0x5f, 0x10, 0x51, 0xe8, 0xc8, 0x84, 0x5a, 0x7d,
    0x20, 0x80, 0xb8, 0x3, 0xb1, 0x3e, 0xc1, 0x88,
    0x3, 0x1a, 0x34, 0xd0, 0x71, 0xa0, 0x5, 0x38,
    0x1f, 0x68, 0xfb, 0x22, 0x0, 0xb8, 0x66, 0x15,
    0x78, 0xc6, 0x20, 0x7, 0x5d, 0x8c, 0x16, 0x40,

    /* U+8F74 "轴" */
    0x0, 0xff, 0xe1, 0x52, 0x80, 0x43, 0xc0, 0x18,
    0x5d, 0xc2, 0x0, 0x13, 0x0, 0x9b, 0xcb, 0xfc,
    0x23, 0x0, 0x88, 0x1a, 0x22, 0xe9, 0xca, 0x2a,
    0xe0, 0x5, 0x2c, 0x7, 0xdd, 0x8a, 0xc4, 0x14,
    0x68, 0xd8, 0x3, 0xe4, 0xbe, 0x32, 0xb, 0xc2,
    0xc1, 0x1, 0x65, 0x2, 0xfb, 0xc2, 0xc1, 0x5,
    0xc9, 0x33, 0x78, 0x7, 0x97, 0x2c, 0xd4, 0x23,
    0x7, 0x4, 0x3, 0xdf, 0x19, 0x90, 0x80, 0x43,
    0xa1, 0xc, 0x1, 0x70, 0x0,

    /* U+8F7D "载" */
    0x0, 0xff, 0xe1, 0xe8, 0x81, 0x58, 0xb0, 0x5,
    0x56, 0x55, 0x62, 0x3, 0x48, 0x0, 0xba, 0x29,
    0xa2, 0x0, 0x6a, 0x3, 0x55, 0x6, 0x6a, 0x89,
    0x75, 0x6a, 0xd7, 0x3, 0x77, 0x15, 0xc5, 0x28,
    0xe6, 0x7, 0x30, 0x62, 0x1e, 0xa0, 0x29, 0x37,
    0x38, 0x6c, 0x80, 0x80, 0x2, 0xda, 0x8b, 0x1c,
    0xa9, 0x0, 0xaa, 0x8a, 0x98, 0x64, 0x2a, 0x0,
    0x3d, 0xa4, 0x3, 0x69, 0x67, 0x94, 0x3d, 0xb4,
    0xf7, 0xfc, 0x9c, 0x44, 0x0, 0x50, 0xc7, 0x62,
    0x17, 0x80,

    /* U+8F83 "较" */
    0x0, 0x31, 0x0, 0x4c, 0x80, 0x1d, 0x0, 0x1,
    0x11, 0x70, 0x88, 0x13, 0x43, 0xb1, 0x2f, 0x82,
    0xec, 0x69, 0x53, 0x58, 0xbb, 0xaa, 0xe, 0x30,
    0xa5, 0xa0, 0x5a, 0x60, 0x8a, 0x35, 0x2e, 0x3c,
    0x1a, 0x20, 0x8d, 0x35, 0xfd, 0x3c, 0x41, 0xa3,
    0x73, 0x0, 0x12, 0x14, 0xb3, 0xa4, 0xd8, 0x1,
    0xbb, 0xe, 0xd8, 0x5d, 0x18, 0x0, 0xd9, 0x2,
    0x44, 0x96, 0x4c, 0x61, 0x0, 0x18, 0x8b, 0xfb,
    0x2a, 0x31, 0x40,

    /* U+8F85 "辅" */
    0x0, 0x2a, 0x80, 0x22, 0xb8, 0x30, 0xb, 0x18,
    0x3, 0xac, 0x0, 0x76, 0xf1, 0x53, 0x9c, 0xb1,
    0xea, 0x70, 0xf7, 0x53, 0x9c, 0xb7, 0x8a, 0x15,
    0xf6, 0x15, 0x9c, 0xb9, 0xc0, 0x4e, 0x2c, 0xc0,
    0xfe, 0x5c, 0x30, 0x28, 0x21, 0x20, 0xfe, 0x5c,
    0x0, 0x99, 0x1d, 0x83, 0xf9, 0x70, 0x0, 0x75,
    0xab, 0x63, 0xfc, 0xb8, 0x0, 0x29, 0xd5, 0x91,
    0xfe, 0x5c, 0x0, 0x9, 0x98, 0x3, 0xcc, 0xa0,
    0x11, 0x50, 0x51, 0x95, 0xb4, 0x0,

    /* U+8F91 "辑" */
    0x0, 0x12, 0x80, 0x7f, 0x94, 0xc0, 0x1b, 0x55,
    0x70, 0x16, 0xc5, 0x6c, 0x8d, 0x54, 0x40, 0x5a,
    0x93, 0xb2, 0xb7, 0x73, 0x0, 0x1b, 0x64, 0x2d,
    0x84, 0x64, 0x80, 0x8a, 0x2b, 0x82, 0xff, 0x8a,
    0x3, 0xf0, 0xac, 0xc0, 0x3e, 0x10, 0x17, 0x60,
    0xff, 0x80, 0x3, 0x98, 0x33, 0x30, 0x55, 0xc8,
    0xa8, 0xee, 0x12, 0x59, 0xdd, 0xa8, 0x18, 0x4,
    0x2, 0xbe, 0xba, 0x81, 0x30,

    /* U+8F93 "输" */
    0x1, 0x80, 0x9, 0x64, 0x3, 0x94, 0xc0, 0x28,
    0x36, 0x0, 0x9e, 0x9b, 0x6, 0xe2, 0xb6, 0x40,
    0xe, 0xbd, 0xb4, 0x53, 0x80, 0x3a, 0x80, 0xf0,
    0xa2, 0x6d, 0x17, 0xa, 0x90, 0xed, 0xdb, 0xb1,
    0x61, 0x20, 0x6e, 0x87, 0xc2, 0xe8, 0x0, 0x60,
    0x5, 0x66, 0x0, 0x26, 0xc0, 0x39, 0xad, 0x78,
    0x22, 0xc0, 0x39, 0x25, 0x20, 0x22, 0xc1, 0x80,
    0x22, 0x20, 0x4, 0x74, 0x55, 0x44, 0x0, 0xac,
    0xdd, 0xb1, 0x2, 0xe0, 0x0,

    /* U+8FB9 "边" */
    0x0, 0xf0, 0x80, 0x79, 0x4c, 0x2, 0xd4, 0x0,
    0xe3, 0x90, 0xc, 0xe0, 0x1c, 0xea, 0x6, 0x60,
    0x63, 0x30, 0x80, 0x7, 0x42, 0x20, 0x7d, 0x3c,
    0xe0, 0x46, 0x21, 0x76, 0x1b, 0xa4, 0x30, 0x49,
    0xc0, 0x1, 0x90, 0x0, 0xc4, 0x1a, 0x80, 0x29,
    0xa0, 0x0, 0xb0, 0x7, 0x33, 0xb0, 0x1, 0x8c,
    0x3, 0xd, 0xf0, 0x37, 0xb0, 0x80, 0x25, 0xaa,
    0xc4, 0x1b, 0xac, 0x0, 0x81, 0x36, 0x33, 0xbd,
    0xcf, 0xf0, 0xa4, 0x80, 0x1e, 0xf7, 0xbf, 0xe1,

    /* U+8FBE "达" */
    0x0, 0xff, 0xe0, 0xaa, 0x0, 0x6e, 0x0, 0xe6,
    0xa2, 0x0, 0xfe, 0x38, 0x62, 0x28, 0x8, 0xa0,
    0x9, 0x92, 0x26, 0x41, 0x33, 0x2, 0x6e, 0xd,
    0x5f, 0xa5, 0xdc, 0x9, 0xa2, 0x1, 0x6e, 0xa0,
    0x3, 0xf1, 0x3b, 0x1c, 0x80, 0x78, 0x7e, 0xc6,
    0x91, 0x80, 0x23, 0x2a, 0xa2, 0x80, 0xf5, 0x80,
    0xe2, 0x71, 0xa8, 0x4, 0x7a, 0x24, 0x95, 0xbf,
    0xdd, 0x7f, 0xc8, 0x70, 0x0, 0x7c, 0xee, 0x7f,
    0xca,

    /* U+8FC1 "迁" */
    0x2, 0x10, 0x8, 0x51, 0xf1, 0x0, 0x15, 0x40,
    0x9d, 0xd5, 0x87, 0xa0, 0x2, 0x1c, 0x67, 0x70,
    0x5c, 0xc0, 0x36, 0x8, 0x7, 0xe7, 0xcb, 0x1d,
    0xd6, 0xe, 0x63, 0x4d, 0xf5, 0x47, 0x75, 0x83,
    0x98, 0xd3, 0x1, 0x0, 0xff, 0xe5, 0x88, 0x88,
    0x2, 0x10, 0xc, 0x38, 0xbe, 0xe4, 0x14, 0x1,
    0x8a, 0xa9, 0x81, 0x3b, 0x7d, 0xcf, 0x43, 0x70,
    0x17, 0xbd, 0xee, 0x7f, 0x20,

    /* U+8FC7 "过" */
    0x5, 0x20, 0xe, 0xd2, 0x0, 0xb6, 0x40, 0x38,
    0x40, 0x34, 0x39, 0x5d, 0xe3, 0xeb, 0x0, 0xb0,
    0xaa, 0xb1, 0xfd, 0x2, 0xd5, 0x4, 0xa8, 0x44,
    0x2, 0x20, 0x48, 0x70, 0x35, 0x40, 0xe, 0x12,
    0x0, 0xa1, 0xc0, 0x3f, 0xcc, 0x60, 0x20, 0x1c,
    0x66, 0x0, 0x1e, 0x99, 0x0, 0x7, 0xb, 0x1c,
    0x8f, 0xb8, 0x4, 0xe, 0xb9, 0x8e, 0xff, 0x67,
    0xfb, 0x45, 0xa4, 0xa, 0x77, 0xff, 0x84,

    /* U+8FD0 "运" */
    0x2, 0x0, 0xff, 0xaa, 0x41, 0xb7, 0x31, 0xb8,
    0x1, 0x40, 0xb, 0x6e, 0x63, 0x70, 0x3, 0x49,
    0xb3, 0x79, 0x41, 0x37, 0x4e, 0x61, 0x26, 0x70,
    0x82, 0x6b, 0x3a, 0x92, 0xa8, 0x95, 0x0, 0x3d,
    0xf0, 0x1c, 0xe0, 0x1e, 0x76, 0x59, 0x28, 0x20,
    0xc, 0x24, 0xa5, 0x54, 0x96, 0x0, 0x4a, 0xf0,
    0x42, 0x98, 0xb2, 0x2, 0x1f, 0x7f, 0xb7, 0xba,
    0xfe, 0x4, 0xa0, 0x2a, 0xde, 0xeb, 0xf8, 0x0,

    /* U+8FD1 "近" */
    0x1, 0x20, 0x8, 0x4d, 0xa4, 0x80, 0x9, 0xe2,
    0x1d, 0x53, 0xde, 0x1, 0x2d, 0x30, 0x1d, 0xd4,
    0x31, 0x0, 0x4e, 0xe0, 0x2, 0xae, 0x61, 0x5c,
    0xc0, 0x0, 0xc8, 0x94, 0x42, 0xb, 0x84, 0x1,
    0x3b, 0x85, 0xdc, 0x20, 0x18, 0xc8, 0x3, 0xfd,
    0x56, 0x1, 0xfc, 0x48, 0xc0, 0x10, 0x80, 0x50,
    0x3f, 0x66, 0x0, 0xb1, 0x0, 0x21, 0xff, 0xbb,
    0xb5, 0xf7, 0xa2, 0x2c, 0xa, 0x33, 0xbb, 0x7a,
    0x0,

    /* U+8FD4 "返" */
    0x3, 0x70, 0x0, 0x92, 0x34, 0x98, 0x0, 0x64,
    0xf, 0xe3, 0x7b, 0x8e, 0x0, 0x26, 0x11, 0x2d,
    0x4c, 0x3a, 0x0, 0x50, 0x20, 0xb9, 0x98, 0x80,
    0x73, 0x2, 0xb, 0xb9, 0x81, 0x20, 0x1c, 0x21,
    0x61, 0x6c, 0x46, 0x0, 0xf1, 0x93, 0xd5, 0xe0,
    0x7, 0xae, 0xc0, 0x25, 0x24, 0x1, 0x90, 0x6,
    0xed, 0x91, 0x20, 0x6, 0x1f, 0x92, 0xfc, 0x16,
    0xb1, 0x2b, 0xe9, 0xdc, 0x9e, 0xe7, 0xf9, 0x4b,
    0x44, 0xa3, 0x37, 0xb9, 0xfe, 0x40,

    /* U+8FD8 "还" */
    0x1, 0x10, 0x7, 0xf9, 0xa8, 0x37, 0x31, 0xb9,
    0x90, 0x1, 0xc1, 0x37, 0x3c, 0x73, 0x20, 0xa,
    0xd0, 0x1, 0xe8, 0x20, 0x12, 0xee, 0x80, 0x12,
    0x0, 0x7b, 0x0, 0x2e, 0x98, 0x50, 0x50, 0x30,
    0xc0, 0x6, 0x82, 0x90, 0xa, 0x8c, 0x40, 0x28,
    0x80, 0x7, 0x58, 0x80, 0x7f, 0xf0, 0x60, 0x71,
    0x45, 0xe8, 0x3, 0x1a, 0xff, 0xb3, 0x37, 0x7f,
    0x94, 0xf4, 0xe, 0x77, 0x5d, 0xcf, 0xf2, 0x80,

    /* U+8FD9 "这" */
    0x0, 0xff, 0xe0, 0xa8, 0x6, 0xb1, 0x0, 0xee,
    0x80, 0xb, 0xa0, 0x3, 0xa9, 0x6, 0xa9, 0xe7,
    0x54, 0x50, 0x0, 0xe0, 0xcf, 0xc4, 0x1f, 0x90,
    0xe, 0x64, 0x21, 0x6e, 0x0, 0x41, 0x3, 0xb5,
    0x3, 0xc8, 0xfa, 0x0, 0xc4, 0x1, 0x15, 0x90,
    0x7, 0xf3, 0x5e, 0x4b, 0x0, 0x71, 0xde, 0xe1,
    0xec, 0x88, 0x2, 0x43, 0xb2, 0xc4, 0xf, 0x80,
    0xa, 0x39, 0xdc, 0xde, 0xe7, 0xf6, 0x80,

    /* U+8FDB "进" */
    0x4, 0x40, 0x0, 0xe8, 0x34, 0x40, 0x34, 0x0,
    0x7f, 0x91, 0x87, 0x79, 0x30, 0xb3, 0x40, 0x2a,
    0x1d, 0x97, 0xc2, 0xcd, 0x4, 0xee, 0x0, 0x42,
    0x1, 0xc9, 0xc0, 0x9b, 0x2d, 0x85, 0x9a, 0x60,
    0x12, 0x6a, 0x5e, 0x16, 0x69, 0x80, 0x72, 0x20,
    0x3, 0xfa, 0x1c, 0x40, 0x38, 0x6c, 0x34, 0xe0,
    0x1, 0x42, 0x0, 0x5c, 0xee, 0x1c, 0xef, 0x4f,
    0x7a, 0x21, 0xc0, 0xe2, 0xf7, 0xba, 0xf4,

    /* U+8FDE "连" */
    0x0, 0xf2, 0x88, 0x7, 0x5a, 0x0, 0x50, 0x1,
    0xe9, 0x92, 0x67, 0x6, 0xe6, 0x28, 0x0, 0x5c,
    0x9a, 0x5a, 0x19, 0x8a, 0x2, 0xb8, 0xd, 0x1b,
    0x3b, 0xb2, 0x81, 0x52, 0x6, 0xe5, 0x95, 0xd2,
    0x80, 0x4, 0x0, 0x22, 0x0, 0x84, 0x3, 0x8f,
    0x32, 0x2c, 0xc8, 0x3, 0x1e, 0x64, 0x59, 0x90,
    0x1, 0x46, 0x4c, 0x0, 0x60, 0x18, 0xff, 0xae,
    0xb3, 0x43, 0xba, 0x40,

    /* U+8FDF "迟" */
    0x1, 0x30, 0xf, 0xf1, 0x70, 0x3, 0xf7, 0x6f,
    0x20, 0x1, 0xb9, 0x1, 0x6e, 0xc6, 0x1, 0xa8,
    0x80, 0xd1, 0x21, 0x0, 0x26, 0xe0, 0x4, 0x67,
    0x0, 0x49, 0xa2, 0x0, 0x27, 0x6, 0xd2, 0x0,
    0xe4, 0x50, 0xfd, 0x0, 0xfb, 0xf4, 0x21, 0xec,
    0x3, 0x8d, 0xd0, 0x1, 0x4c, 0x40, 0x5, 0x3f,
    0xa1, 0x0, 0xe, 0x98, 0x14, 0x7f, 0x73, 0x7b,
    0x9f, 0xf0, 0x16, 0x89, 0x46, 0x77, 0x3f, 0xdc,
    0x0,

    /* U+9000 "退" */
    0x5, 0x80, 0xbd, 0xcc, 0xbc, 0x2, 0x76, 0x0,
    0x4e, 0x64, 0x20, 0x11, 0x28, 0x84, 0xe6, 0x42,
    0x1, 0xac, 0x42, 0x73, 0x21, 0x0, 0x26, 0xe0,
    0x2, 0x73, 0x22, 0x0, 0x26, 0x10, 0x2, 0x6f,
    0xb1, 0x94, 0x0, 0x20, 0x18, 0x72, 0xc9, 0x40,
    0x3c, 0x3d, 0xac, 0x20, 0x1e, 0x5b, 0xf3, 0xc5,
    0x90, 0x4, 0xe, 0x26, 0x38, 0xe, 0xe8, 0x50,
    0xfa, 0xf, 0xfb, 0xfe, 0x93, 0x4b, 0x14, 0x9d,
    0xef, 0xf7, 0x69, 0x0,

    /* U+9001 "送" */
    0x0, 0xe2, 0x0, 0x8, 0x80, 0x28, 0x50, 0x7,
    0x18, 0x4c, 0x80, 0x29, 0xb3, 0x19, 0xa2, 0x5b,
    0x10, 0x0, 0xe9, 0xbf, 0x96, 0x3c, 0xb0, 0xa,
    0xb0, 0x35, 0x50, 0xaa, 0x8e, 0x6, 0x54, 0x1b,
    0x98, 0x3c, 0xdd, 0x1, 0x38, 0x86, 0xe2, 0x97,
    0xee, 0x80, 0x3c, 0x6b, 0xdc, 0x70, 0xf, 0x2f,
    0x70, 0xf2, 0xd8, 0x0, 0xc3, 0x21, 0xe6, 0x3,
    0x8e, 0x5, 0xbd, 0x9d, 0xfb, 0xb7, 0x70, 0x89,
    0x62, 0xb7, 0xbb, 0xbb, 0xc8,

    /* U+9002 "适" */
    0x0, 0xe1, 0x23, 0x68, 0x0, 0xa1, 0xc2, 0x6a,
    0xf4, 0x34, 0x2, 0x8b, 0x29, 0xb9, 0x36, 0x50,
    0xd, 0x81, 0x99, 0x16, 0x64, 0x22, 0x76, 0x2c,
    0xc8, 0xb3, 0x21, 0x2, 0x80, 0x7c, 0xc1, 0x66,
    0x0, 0x2, 0xa6, 0x1b, 0xf9, 0xf8, 0x20, 0x1f,
    0xfc, 0x7f, 0xcc, 0x88, 0x2, 0x52, 0xcf, 0xcc,
    0xde, 0x22, 0x2b, 0xdf, 0xcd, 0xdb, 0xba, 0x2,
    0xe2, 0x39, 0xdd, 0xbb, 0x9e, 0x20,

    /* U+9009 "选" */
    0x0, 0x8, 0x12, 0x97, 0x88, 0x6, 0x6b, 0x5,
    0xc0, 0x0, 0x80, 0x66, 0x40, 0xc2, 0x90, 0xbc,
    0x30, 0xb, 0x45, 0xee, 0x82, 0xf0, 0xc0, 0x4c,
    0x42, 0x99, 0x80, 0xcd, 0x1, 0x56, 0x80, 0x6,
    0x65, 0x0, 0x11, 0xc8, 0x89, 0x91, 0x58, 0x19,
    0x80, 0x1e, 0x9e, 0x0, 0xa8, 0x80, 0x34, 0x8a,
    0x81, 0xf2, 0x10, 0x40, 0x67, 0xd0, 0x3, 0x7b,
    0x82, 0x49, 0xdd, 0x56, 0x6e, 0xbb, 0xd4, 0xb0,
    0xa, 0x2f, 0x37, 0x5d, 0xe8,

    /* U+9010 "逐" */
    0x0, 0xff, 0xe0, 0xe2, 0x23, 0x73, 0x1d, 0x98,
    0xa0, 0x7, 0x42, 0x6f, 0x85, 0xe6, 0xd0, 0x0,
    0xb0, 0xf2, 0x80, 0x45, 0xa6, 0xb, 0x98, 0x2e,
    0xe3, 0x4e, 0xf9, 0x82, 0xe0, 0xaf, 0x7f, 0x10,
    0x88, 0x3, 0x97, 0xf2, 0x56, 0xbc, 0xc0, 0x31,
    0x54, 0x61, 0x9a, 0x7c, 0x3, 0xbb, 0x5d, 0x15,
    0x30, 0x6, 0x9b, 0xfc, 0xb9, 0x26, 0x48, 0xb,
    0xb7, 0x9b, 0x83, 0x1d, 0xcf, 0x0,

    /* U+9012 "递" */
    0x0, 0xe7, 0x20, 0x64, 0x0, 0xa9, 0x40, 0x5,
    0x41, 0x6c, 0x1, 0x45, 0x8c, 0xf1, 0xfb, 0x4e,
    0x80, 0xb, 0x46, 0x6e, 0xc5, 0x76, 0x10, 0x37,
    0x50, 0xbc, 0xb2, 0xbb, 0x28, 0x9, 0x58, 0x3f,
    0x59, 0x5d, 0xa4, 0x9, 0x40, 0xb, 0x3c, 0x57,
    0x6e, 0x40, 0xd, 0x3a, 0x44, 0xbb, 0x13, 0x0,
    0x45, 0x9b, 0x80, 0xc, 0x72, 0x9, 0x19, 0x69,
    0x3, 0xc, 0xb0, 0x30, 0xca, 0x2e, 0xe0, 0xff,
    0xd0, 0x72, 0x3, 0x19, 0xdf, 0xfa, 0x0,

    /* U+901A "通" */
    0x0, 0xff, 0xe0, 0xb3, 0x85, 0x66, 0x5b, 0xc8,
    0x0, 0x7b, 0x1a, 0xc6, 0x46, 0xc4, 0x0, 0xe,
    0xd, 0xd8, 0x5c, 0x26, 0xc0, 0x65, 0xc1, 0xae,
    0xc5, 0x76, 0x60, 0x1d, 0xb0, 0x6, 0x60, 0xb3,
    0x2, 0x0, 0x40, 0x0, 0xe6, 0xb, 0x30, 0x1,
    0xe1, 0xbb, 0x15, 0xd8, 0x3, 0xeb, 0xb1, 0x59,
    0x80, 0x4a, 0x74, 0x80, 0x8, 0xd, 0xf1, 0x28,
    0xf9, 0xc, 0xdb, 0xea, 0xc6, 0x2d, 0x3, 0x9c,
    0xde, 0xe7, 0xf9, 0xc0,

    /* U+901F "速" */
    0x2, 0x10, 0xd, 0xa0, 0x1c, 0x90, 0x97, 0x71,
    0x5d, 0xc8, 0xe, 0xe4, 0xaa, 0x8a, 0xaa, 0x40,
    0x1e, 0xc, 0xdd, 0x16, 0xeb, 0xc0, 0x99, 0x40,
    0x19, 0x83, 0xcc, 0x0, 0x6b, 0x1, 0xbc, 0x3b,
    0xb1, 0x1, 0x30, 0x3, 0x24, 0x4b, 0x23, 0x0,
    0x38, 0xbf, 0x85, 0x39, 0x80, 0x31, 0x7c, 0x98,
    0x9e, 0x68, 0x83, 0xc, 0x41, 0x41, 0x40, 0x6c,
    0xf, 0x7e, 0x73, 0x79, 0xbb, 0xfd, 0x7, 0x60,
    0x73, 0x9d, 0xd7, 0xfa, 0x40,

    /* U+903B "逻" */
    0x0, 0xff, 0xe0, 0xb3, 0x85, 0x5d, 0xf8, 0x0,
    0x56, 0x9, 0x6f, 0x6d, 0x6a, 0x0, 0x44, 0x0,
    0x7f, 0xd0, 0xb, 0x63, 0x63, 0x64, 0x9, 0x9c,
    0x17, 0x7, 0x59, 0x78, 0x9, 0x86, 0x5, 0xc5,
    0xb9, 0xd0, 0x1, 0xd9, 0x69, 0xbe, 0x12, 0x1,
    0xde, 0xdd, 0x9b, 0xa1, 0x0, 0xe5, 0x7a, 0x1c,
    0x30, 0x9, 0x8a, 0xbb, 0x9f, 0x84, 0x0, 0x12,
    0xaf, 0x93, 0x4d, 0xef, 0xfa, 0x4b, 0x0, 0xe7,
    0x7b, 0x9f, 0xf4, 0x0,

    /* U+9053 "道" */
    0x0, 0x8, 0x1, 0x8c, 0x19, 0x0, 0x27, 0x80,
    0x2, 0x58, 0x52, 0x80, 0x4a, 0x83, 0x9c, 0x9e,
    0x1b, 0x88, 0x5, 0xa3, 0x93, 0x21, 0x99, 0x6a,
    0x9, 0x98, 0x6, 0xce, 0xe, 0x48, 0xa, 0xf4,
    0x0, 0x3b, 0xb1, 0x0, 0xe, 0x0, 0x21, 0x88,
    0x94, 0x3, 0xf2, 0xac, 0xe0, 0x1e, 0x31, 0xdd,
    0x88, 0x2, 0xa3, 0xc6, 0xeb, 0xbb, 0x88, 0xc,
    0x37, 0xb9, 0x9d, 0xcf, 0xf7, 0x8,

    /* U+9057 "遗" */
    0x0, 0xfb, 0x40, 0x3a, 0x24, 0xf, 0xf0, 0xb3,
    0x16, 0x0, 0x97, 0x10, 0x17, 0x7, 0x0, 0xc3,
    0xe0, 0xb1, 0xa3, 0xb5, 0xa4, 0x47, 0x70, 0x0,
    0xcd, 0x66, 0x60, 0x8, 0xa0, 0x5e, 0xbb, 0xa9,
    0xd2, 0x22, 0x80, 0x43, 0x6b, 0x7e, 0x1, 0xe1,
    0x96, 0x76, 0xf, 0x0, 0xe6, 0xda, 0x82, 0x8e,
    0x0, 0x28, 0xc8, 0xf6, 0xa, 0x5c, 0x1, 0x4f,
    0xef, 0x46, 0xed, 0xd8, 0xe5, 0x80, 0x93, 0x9b,
    0xb7, 0x71, 0xc0,

    /* U+907F "避" */
    0x0, 0xfc, 0xaa, 0x0, 0xad, 0x17, 0xb6, 0x9b,
    0xf9, 0x80, 0x1f, 0xc1, 0x3e, 0x3, 0xba, 0xc0,
    0x2, 0x50, 0x4f, 0x82, 0x58, 0x10, 0x2e, 0xd9,
    0x46, 0xd4, 0x85, 0xa1, 0xae, 0xbf, 0x5e, 0x4c,
    0x53, 0xf1, 0x80, 0x4a, 0x78, 0x4f, 0xe2, 0x80,
    0x11, 0x39, 0x80, 0x7f, 0x1c, 0x1e, 0x3a, 0xe1,
    0x30, 0x2, 0xe, 0x37, 0x30, 0xd, 0xe0, 0x2,
    0x4e, 0x89, 0xdd, 0xba, 0x3a, 0xb, 0x0, 0xeb,
    0x77, 0x77, 0x20,

    /* U+90E8 "部" */
    0x0, 0x9c, 0x3, 0xfe, 0xd6, 0x0, 0x35, 0x54,
    0x61, 0x78, 0xd5, 0xcf, 0xfb, 0xa, 0x41, 0x43,
    0x9c, 0xe, 0x4, 0x28, 0x20, 0x2e, 0x95, 0x20,
    0x15, 0xe8, 0x16, 0x34, 0x25, 0xd8, 0x0, 0x60,
    0x2, 0xcd, 0xdd, 0x60, 0xa, 0xb3, 0x5, 0xcb,
    0xb7, 0x8, 0x0, 0x62, 0x40, 0x52, 0xa8, 0x42,
    0x6, 0xdc, 0x60, 0x7, 0xcc, 0x10, 0x0, 0xc7,
    0xa4, 0x0, 0xd9, 0x83, 0x0, 0x9d, 0x40,

    /* U+90FD "都" */
    0x0, 0xb8, 0x4, 0x44, 0x66, 0x20, 0xf, 0x4d,
    0x77, 0x52, 0x0, 0x8a, 0x1b, 0x79, 0xc, 0xbc,
    0x0, 0x45, 0xe, 0x41, 0x0, 0x31, 0x40, 0xee,
    0xc7, 0x59, 0x62, 0xe, 0x40, 0x77, 0xe3, 0x97,
    0x61, 0x30, 0x10, 0x4, 0x53, 0x5f, 0x18, 0x1c,
    0xd0, 0x10, 0x1f, 0x71, 0x44, 0x0, 0x8e, 0x25,
    0x0, 0x22, 0x70, 0x1, 0xc1, 0x0, 0x47, 0xdc,
    0x20, 0x1, 0xf7, 0x88, 0x0, 0xee, 0xc8, 0x20,
    0x6, 0x10, 0xb, 0x40, 0x14, 0x78, 0x20, 0x10,

    /* U+914D "配" */
    0x0, 0xf8, 0x40, 0x33, 0x67, 0x6f, 0xe3, 0xee,
    0x63, 0xc1, 0xb2, 0x64, 0x78, 0xf9, 0x90, 0x80,
    0x3b, 0x38, 0x71, 0x40, 0x3c, 0x47, 0x2c, 0x83,
    0x13, 0x21, 0x0, 0x88, 0x8c, 0x40, 0xb7, 0x6d,
    0x0, 0xb, 0xa, 0xb8, 0x0, 0x8a, 0x0, 0xa5,
    0x75, 0x80, 0x3f, 0x8, 0xe0, 0xc, 0x20, 0x3,
    0x88, 0x90, 0x40, 0x24, 0xa0, 0x3c, 0xc9, 0x81,
    0xb7, 0x2f, 0x83, 0x40, 0x28, 0x5b, 0xdc, 0xe4,

    /* U+9192 "醒" */
    0x0, 0xf0, 0xf5, 0xdb, 0x81, 0xb3, 0xb9, 0x92,
    0x25, 0x76, 0x20, 0x6d, 0x47, 0xf9, 0x3, 0xcc,
    0x18, 0x3, 0xdd, 0x3e, 0x4, 0xf3, 0x6, 0x0,
    0x24, 0x7b, 0x1, 0x6c, 0xc3, 0x0, 0x46, 0x1,
    0x28, 0xc5, 0x50, 0x0, 0x21, 0xb2, 0x1c, 0xd1,
    0x76, 0x20, 0x19, 0x5b, 0x35, 0xd9, 0xbb, 0x10,
    0xa, 0x2e, 0x1e, 0x57, 0x55, 0x0, 0x7, 0xdc,
    0x20, 0x2a, 0xfa, 0xa0, 0x0, 0xa2, 0x1c, 0x39,
    0x71, 0x56, 0xe1, 0xa2, 0x25, 0x9c, 0xbc, 0xc5,
    0xb8,

    /* U+91C7 "采" */
    0x0, 0xfc, 0x48, 0x1, 0x3c, 0x4d, 0x5e, 0xf7,
    0xf8, 0x2, 0x2f, 0xdf, 0x3d, 0xef, 0x10, 0x9,
    0xa5, 0x51, 0x84, 0x3b, 0x0, 0x23, 0x76, 0x17,
    0x34, 0x76, 0x0, 0xd0, 0xe0, 0xa0, 0x96, 0x1,
    0x4e, 0xe6, 0xf9, 0xee, 0xf1, 0x4e, 0xea, 0x8,
    0x59, 0xf7, 0x62, 0x0, 0x3c, 0x79, 0xd8, 0xd0,
    0x80, 0x13, 0x32, 0x20, 0x3b, 0x2e, 0xa0, 0x79,
    0xb1, 0x3, 0x30, 0x46, 0xf0, 0x0,

    /* U+91CA "释" */
    0x0, 0x9, 0xb9, 0x0, 0x7d, 0xfe, 0xc0, 0x1d,
    0xd6, 0x6d, 0x0, 0x2b, 0x88, 0xdb, 0x9b, 0x6,
    0x0, 0x18, 0xa1, 0x82, 0x66, 0xdb, 0x20, 0x1,
    0xe1, 0x88, 0xa1, 0x6a, 0xa4, 0x9, 0x33, 0x52,
    0x76, 0xde, 0xca, 0x81, 0xb8, 0x79, 0x6e, 0x1e,
    0x70, 0x84, 0xd8, 0x73, 0x5e, 0x16, 0x68, 0x1a,
    0xb0, 0x10, 0xe6, 0xb, 0x30, 0xe7, 0xa0, 0x12,
    0x66, 0xb, 0x30, 0xe0, 0x20, 0x1e, 0x30, 0x8,

    /* U+91CC "里" */
    0x0, 0x7e, 0x63, 0xf7, 0x31, 0xe0, 0x1d, 0x98,
    0x4f, 0xcc, 0x8, 0x6, 0x1c, 0xc2, 0xf6, 0x60,
    0x3, 0x87, 0x30, 0xbd, 0x98, 0x0, 0xf6, 0x61,
    0x3f, 0x30, 0x20, 0x1b, 0xf3, 0x9, 0xf9, 0x8f,
    0x0, 0x97, 0x73, 0x9, 0xf9, 0x8d, 0x0, 0x97,
    0x73, 0x9, 0xf9, 0x8d, 0x0, 0xff, 0xe1, 0x36,
    0xee, 0x6f, 0xdd, 0xc0,

    /* U+91CD "重" */
    0x0, 0xfc, 0x40, 0x12, 0x4c, 0xaf, 0x31, 0xb2,
    0x40, 0x6, 0xab, 0xa1, 0xdd, 0x59, 0xb, 0xcc,
    0x4d, 0x15, 0x5d, 0xe7, 0xbd, 0x33, 0x9, 0x9d,
    0x54, 0x0, 0x5f, 0x68, 0x76, 0xa1, 0x0, 0x6c,
    0xf1, 0xcf, 0x20, 0xc, 0x86, 0x60, 0x1, 0xa8,
    0x80, 0x14, 0xce, 0x0, 0x18, 0xc0, 0x1, 0x6a,
    0xa2, 0xba, 0xa5, 0x83, 0x5d, 0xe3, 0xab, 0xb5,
    0x50,

    /* U+91CF "量" */
    0x0, 0x5c, 0xcf, 0xac, 0x3, 0x8c, 0x3, 0x18,
    0x7, 0x61, 0x8, 0xe2, 0xc0, 0x3, 0x5e, 0x88,
    0xfb, 0x6c, 0x1a, 0xcc, 0x0, 0x66, 0x0, 0x1d,
    0x80, 0x4a, 0x60, 0xcc, 0x3, 0x50, 0xc, 0x3b,
    0xec, 0xcf, 0xd0, 0xe, 0x93, 0x23, 0x31, 0x1c,
    0x0, 0x43, 0xdb, 0xa5, 0x56, 0xeb, 0x80, 0x3,
    0x66, 0x1, 0xe3, 0xa1,

    /* U+9488 "针" */
    0x0, 0xff, 0xe1, 0x34, 0x0, 0x6e, 0x0, 0xc3,
    0x69, 0x92, 0x0, 0x30, 0xd, 0x53, 0x98, 0x90,
    0xf, 0x11, 0x27, 0xb6, 0x37, 0xb, 0x31, 0x5,
    0x38, 0xbb, 0x1b, 0x85, 0x98, 0x80, 0xcc, 0x26,
    0x40, 0x7, 0xd9, 0x84, 0xc8, 0x0, 0xff, 0x1d,
    0x0, 0x7e, 0x24, 0xe8, 0x0, 0xfe, 0x4d, 0x20,
    0x1, 0x80, 0x40,

    /* U+949F "钟" */
    0x0, 0x61, 0x0, 0x5a, 0x40, 0x12, 0x11, 0x0,
    0x21, 0x0, 0xd0, 0x18, 0xe6, 0x82, 0xe8, 0x6e,
    0x1d, 0x8f, 0xa6, 0x6d, 0x3d, 0x3b, 0xdc, 0x30,
    0x72, 0xa7, 0x4, 0x71, 0xd3, 0x0, 0xf0, 0xd1,
    0x53, 0x0, 0x8e, 0x1, 0x93, 0xf4, 0xb, 0x38,
    0xb0, 0x1, 0x88, 0x35, 0x50, 0xa6, 0xb4, 0x0,
    0x52, 0xc8, 0x1, 0x8c, 0x0, 0xd8, 0x40, 0x1,
    0x0, 0x80,

    /* U+94AE "钮" */
    0x0, 0x28, 0x80, 0x7f, 0xc, 0x88, 0x34, 0xce,
    0x80, 0x4, 0x8d, 0xd3, 0xdb, 0xdd, 0x90, 0x9,
    0x36, 0xe8, 0x4c, 0x88, 0x6e, 0x8, 0x19, 0x6c,
    0x6, 0xe0, 0x62, 0xd, 0x83, 0x6c, 0xf2, 0xd3,
    0x20, 0x0, 0xd9, 0x5b, 0xbb, 0xd2, 0x7c, 0xc0,
    0x6c, 0xad, 0xc0, 0x78, 0x4, 0x40, 0x18, 0x5c,
    0xc, 0x40, 0xfc, 0x2, 0x3d, 0x40, 0xe3, 0x0,
    0x8, 0x0, 0x4f, 0x82, 0xcf, 0xeb, 0x35, 0x40,
    0x74, 0x8e, 0xed, 0x55, 0x5a, 0x80,

    /* U+94B3 "钳" */
    0x0, 0x8, 0x7, 0xfd, 0x86, 0x0, 0xe0, 0x7,
    0x0, 0x4a, 0x26, 0x0, 0x30, 0x1, 0x80, 0x56,
    0xf7, 0x0, 0x1f, 0x3c, 0x5d, 0xa2, 0x8a, 0xa8,
    0x54, 0x2f, 0xfd, 0x69, 0x45, 0x54, 0x2a, 0x10,
    0x93, 0xb4, 0x0, 0xf9, 0x2c, 0xae, 0x40, 0xee,
    0xc4, 0x0, 0x4b, 0x2b, 0x90, 0x3b, 0xb1, 0x0,
    0x70, 0xb8, 0x7, 0xf1, 0xe9, 0x1, 0xdd, 0x88,
    0x3, 0x2f, 0x28, 0x2, 0xec, 0x40, 0x1a, 0xc8,
    0x1, 0xc0, 0xd, 0x0, 0x0,

    /* U+94FE "链" */
    0x0, 0x38, 0x7, 0x41, 0x80, 0x49, 0x60, 0x94,
    0x48, 0xec, 0x84, 0x1c, 0x3a, 0xce, 0x3c, 0x64,
    0x6c, 0x8d, 0xba, 0x2d, 0x30, 0x84, 0x74, 0x77,
    0x6d, 0xa3, 0x1b, 0x32, 0x0, 0x7, 0x63, 0x6f,
    0x6a, 0xf2, 0xb6, 0x87, 0x67, 0x84, 0x2d, 0x72,
    0xb6, 0x87, 0x67, 0x82, 0x9, 0x72, 0xb6, 0xc0,
    0x13, 0x20, 0x25, 0xca, 0xdb, 0x0, 0x9e, 0xf1,
    0x52, 0xb1, 0x89, 0x0, 0x1a, 0xf7, 0xa7, 0xe5,
    0xfa, 0xc0,

    /* U+9500 "销" */
    0x0, 0x58, 0x80, 0x45, 0x60, 0x19, 0x58, 0x42,
    0x98, 0x2, 0xd2, 0xb, 0xd, 0x68, 0x80, 0x1,
    0x5c, 0xa1, 0xf7, 0x4c, 0x58, 0x0, 0x78, 0x8,
    0x3d, 0xc2, 0x26, 0x40, 0xc6, 0x0, 0x28, 0x30,
    0x8d, 0x6a, 0xa0, 0x1, 0x49, 0xcb, 0x2, 0xdd,
    0xc0, 0x2, 0xa0, 0xa4, 0x5, 0xbb, 0x80, 0x23,
    0x31, 0x18, 0x2d, 0x54, 0x1, 0x8f, 0x8, 0x16,
    0xaa, 0x0, 0xcb, 0xe6, 0x60, 0xb, 0x50, 0x2,
    0xb2, 0x2, 0xb0, 0x6, 0xd0, 0x0,

    /* U+9501 "锁" */
    0x0, 0x60, 0x80, 0x5a, 0x2, 0x1, 0x20, 0x8,
    0x60, 0x5, 0x34, 0x0, 0xf1, 0xc8, 0x46, 0x1,
    0x69, 0x5, 0x7d, 0xc8, 0xb5, 0x5, 0xa1, 0x0,
    0x37, 0x5a, 0xf5, 0xae, 0x6c, 0x82, 0xd1, 0xda,
    0x84, 0xd, 0xd8, 0x0, 0x78, 0x58, 0xe0, 0x5,
    0x0, 0xc7, 0x85, 0x8e, 0x0, 0x12, 0x0, 0xf1,
    0xb4, 0x88, 0x9, 0xc0, 0x4, 0x7e, 0x8b, 0xb0,
    0xfa, 0x1, 0xa, 0x60, 0xe4, 0xab, 0xc6, 0x90,
    0xd, 0x1, 0xea, 0x80, 0x13, 0x88,

    /* U+9519 "错" */
    0x0, 0x30, 0x80, 0x20, 0x0, 0xc0, 0x11, 0x40,
    0x4, 0xe0, 0x36, 0x1, 0x49, 0xe9, 0xd8, 0x66,
    0x96, 0xb, 0x8e, 0xe1, 0xd8, 0x66, 0x96, 0xb,
    0x6f, 0xd9, 0xd8, 0x5d, 0x1d, 0xb8, 0xb8, 0xd9,
    0xdf, 0xdd, 0xba, 0xdc, 0xec, 0x6d, 0xea, 0xef,
    0x40, 0x1d, 0x8d, 0xbb, 0x55, 0xdb, 0xc4, 0x3,
    0x1a, 0x85, 0x5d, 0xa0, 0x3, 0xf, 0xa0, 0x4d,
    0x52, 0x40, 0x21, 0x5c, 0x11, 0x45, 0xdb, 0x80,
    0x0,

    /* U+951A "锚" */
    0x0, 0xff, 0xe0, 0x8e, 0x88, 0x2, 0xc1, 0xe8,
    0x2, 0x63, 0xc7, 0xc4, 0xc9, 0x4c, 0x53, 0xae,
    0xd7, 0xc4, 0xc9, 0x4c, 0x56, 0x1f, 0xf1, 0x4,
    0x83, 0x58, 0x1, 0x70, 0xbc, 0xbf, 0xbf, 0x76,
    0x1, 0xb2, 0xb2, 0x26, 0x1e, 0x60, 0x0, 0x36,
    0x56, 0x47, 0x87, 0x98, 0x0, 0xe6, 0x61, 0xe1,
    0xe6, 0x0, 0x31, 0x6b, 0x1d, 0x15, 0x50, 0x3,
    0x3d, 0x80, 0x2f, 0xee, 0xc0, 0x1a, 0x0, 0x1c,
    0x23, 0xb4, 0x0,

    /* U+9525 "锥" */
    0x0, 0x58, 0x82, 0x48, 0x58, 0x80, 0x46, 0xe2,
    0x19, 0xc0, 0x64, 0x1, 0x48, 0x5a, 0xaa, 0xf1,
    0x3f, 0x9, 0x1f, 0x2d, 0x8b, 0xb0, 0x73, 0x4,
    0x3, 0xba, 0x91, 0x18, 0x4, 0x40, 0x9a, 0x1f,
    0x6b, 0xf4, 0x55, 0x40, 0x19, 0x3a, 0x20, 0xeb,
    0x2b, 0xb0, 0xd, 0x9d, 0x90, 0x76, 0x16, 0x60,
    0x0, 0x60, 0xe4, 0x1d, 0x85, 0x98, 0x0, 0x9,
    0x41, 0x7, 0x61, 0xe6, 0x14, 0x0, 0xf8, 0x21,
    0xd9, 0xd9, 0x85,

    /* U+952E "键" */
    0x0, 0x60, 0x7, 0x60, 0x6, 0x57, 0xa, 0xb3,
    0xc3, 0xc9, 0x0, 0x43, 0xd4, 0x31, 0xe9, 0xea,
    0x82, 0x56, 0x51, 0xbb, 0x59, 0x59, 0x22, 0x7,
    0xae, 0x9, 0xfc, 0xfc, 0x90, 0x18, 0xac, 0x4d,
    0xc8, 0xcd, 0x20, 0xb, 0x2a, 0xb3, 0x1c, 0x1d,
    0xd0, 0x2, 0xca, 0xa0, 0xd6, 0xce, 0xe0, 0x3,
    0x46, 0xab, 0xd9, 0xdd, 0x80, 0x2, 0x60, 0x60,
    0x54, 0x77, 0x60, 0xa, 0x6a, 0x3c, 0xa8, 0x77,
    0x4a, 0x2, 0xc5, 0xa2, 0xb7, 0xbb, 0x28,

    /* U+955C "镜" */
    0x0, 0x38, 0x6, 0x63, 0x0, 0xcb, 0xc0, 0xa,
    0xa5, 0xf5, 0x50, 0x1, 0x2b, 0x8d, 0x67, 0xf2,
    0x16, 0xc, 0xcc, 0xc3, 0x3a, 0xd7, 0x3, 0x9a,
    0xf, 0x69, 0x85, 0x76, 0x60, 0x4, 0xac, 0xb4,
    0xc7, 0x7f, 0xd9, 0xe4, 0x34, 0x54, 0xc2, 0x1,
    0xe1, 0xa2, 0xa7, 0x17, 0x33, 0x9, 0x80, 0x68,
    0x83, 0xa7, 0x66, 0xd0, 0x4, 0x65, 0x24, 0x88,
    0x0, 0x1b, 0x80, 0x22, 0xa9, 0xdc, 0x5, 0xbe,
    0x10, 0x3, 0x85, 0x61, 0x1, 0xee, 0x98,

    /* U+957F "长" */
    0x0, 0xb8, 0x40, 0x7, 0x20, 0x1e, 0x30, 0x0,
    0xef, 0x80, 0x7f, 0x6b, 0x30, 0x3, 0xf5, 0xb4,
    0x0, 0x7f, 0x65, 0x0, 0x72, 0xee, 0x8b, 0x2b,
    0xf7, 0x70, 0x2e, 0xe8, 0xb3, 0x47, 0x37, 0x60,
    0xf, 0x9a, 0xc0, 0x3f, 0x9a, 0x9a, 0x0, 0x3c,
    0x7b, 0x43, 0xa9, 0x88, 0x1, 0x8, 0xaf, 0xc,
    0x72, 0xc8, 0x2, 0x1e, 0x70, 0xc, 0xec, 0x0,

    /* U+95E8 "门" */
    0xa, 0x20, 0xf, 0xc7, 0xc1, 0x9b, 0x98, 0xdf,
    0x19, 0xf0, 0xcd, 0xcc, 0x87, 0xc8, 0xc0, 0x3f,
    0x18, 0x7, 0xff, 0xb0, 0x80, 0x3f, 0x2e, 0xcf,
    0x8, 0x7, 0x2f, 0x38,

    /* U+95EA "闪" */
    0x7, 0x0, 0xff, 0x58, 0x46, 0x66, 0xb3, 0x7e,
    0x8, 0xcc, 0xb5, 0xb8, 0x54, 0x11, 0x0, 0x1f,
    0xb8, 0x3, 0xf9, 0x8, 0x3, 0xe6, 0x4c, 0x80,
    0xe, 0x2b, 0xb5, 0x1b, 0x80, 0x45, 0x92, 0x21,
    0x58, 0x1, 0x17, 0xa0, 0x0, 0x6c, 0xc0, 0x21,
    0x0, 0xc7, 0x8b, 0xa2, 0x1, 0xc7, 0xd0,

    /* U+95ED "闭" */
    0x7, 0x0, 0xfe, 0xfa, 0xc, 0xdd, 0xde, 0xb1,
    0x0, 0xca, 0xed, 0xd0, 0xd0, 0x10, 0x3, 0x0,
    0x30, 0xb7, 0x6e, 0x93, 0x78, 0x2, 0x6e, 0xd7,
    0x1d, 0xe0, 0xe, 0x51, 0x50, 0xf, 0x25, 0xd0,
    0x7, 0x9e, 0x70, 0x40, 0x3c, 0xda, 0x50, 0x82,
    0x2, 0x2, 0x20, 0x6, 0x69, 0x3f, 0x37, 0x80,
    0x48, 0x40, 0xff, 0x0,

    /* U+95EE "问" */
    0x6, 0x0, 0xfe, 0xd6, 0xc, 0xdc, 0xc6, 0xfa,
    0xcb, 0x86, 0x6e, 0x64, 0x36, 0x62, 0x1, 0xfd,
    0x7b, 0x98, 0xf1, 0x0, 0xc3, 0xd9, 0x82, 0x0,
    0xff, 0xe1, 0x8f, 0x66, 0x8, 0x3, 0xaf, 0x73,
    0x1e, 0x20, 0x1f, 0xe3, 0x0, 0xfc, 0xb8, 0xdc,
    0x20, 0x1c, 0xbd, 0x0,

    /* U+95F2 "闲" */
    0x8, 0x10, 0xf, 0xea, 0xe, 0xef, 0x34, 0xc0,
    0x7d, 0x77, 0x3c, 0xe0, 0xc, 0xb, 0xc0, 0x31,
    0x86, 0xec, 0x9b, 0xa5, 0x0, 0xb7, 0x46, 0x9b,
    0xa5, 0x0, 0xd0, 0x21, 0x6a, 0x1, 0x95, 0x50,
    0x15, 0x6a, 0x0, 0x5b, 0xf7, 0x1, 0xa6, 0x3,
    0x5f, 0x27, 0x0, 0x20, 0x80, 0x42, 0x9, 0x60,
    0x78, 0xfc, 0x20, 0x1c, 0x7d, 0x40,

    /* U+95F4 "间" */
    0x8, 0x30, 0xf, 0xd9, 0xa3, 0xba, 0xcc, 0x6f,
    0x42, 0x68, 0xee, 0xb3, 0x23, 0x61, 0x2c, 0xcc,
    0x20, 0x18, 0xc3, 0x30, 0x20, 0x1e, 0x2a, 0xa1,
    0x80, 0x78, 0xa2, 0x6, 0x1, 0xf1, 0x10, 0x3,
    0xf6, 0x60, 0x3, 0xc5, 0x99, 0x68, 0x98, 0x8,
    0x7, 0x9f, 0x57, 0xc4, 0x3, 0x9f, 0xe0,

    /* U+9605 "阅" */
    0x8, 0x10, 0xf, 0xd8, 0xe3, 0x97, 0x7b, 0x5d,
    0x1e, 0xf2, 0x46, 0xec, 0x14, 0x22, 0xd1, 0xbe,
    0x0, 0xeb, 0xcb, 0x39, 0x60, 0xe, 0xaa, 0x94,
    0x3, 0x8f, 0x31, 0xe6, 0x40, 0x1a, 0x17, 0xca,
    0xd0, 0x3, 0x90, 0xc0, 0x12, 0x20, 0x3, 0xab,
    0x4, 0xb3, 0x10, 0x1, 0xf3, 0x84, 0xdf, 0x71,
    0x74, 0x50, 0x3, 0x27, 0x40,

    /* U+9608 "阈" */
    0x18, 0x0, 0xfe, 0x13, 0x66, 0x5d, 0xf7, 0x82,
    0x53, 0x32, 0xc3, 0xde, 0xcc, 0x29, 0x2a, 0xa6,
    0xf6, 0x50, 0x1, 0xad, 0xdc, 0x9f, 0xe4, 0x0,
    0x93, 0x2b, 0x38, 0x60, 0x40, 0x27, 0x5b, 0x13,
    0x9a, 0x0, 0xc2, 0x76, 0x88, 0x35, 0x0, 0xcd,
    0x84, 0x6c, 0x37, 0x0, 0x10, 0x95, 0xcd, 0xf8,
    0x60, 0x81, 0xaa, 0x88, 0x9a, 0x37, 0x4e, 0x1c,
    0x1, 0xe2, 0xea, 0x0,

    /* U+9632 "防" */
    0x0, 0xf4, 0xa0, 0x5, 0xd7, 0x98, 0x0, 0x66,
    0x0, 0x23, 0xbb, 0x3e, 0x62, 0x53, 0x30, 0xa0,
    0xb, 0x9c, 0x1c, 0xcc, 0xa0, 0x40, 0x40, 0x1f,
    0x8c, 0x44, 0x7, 0x98, 0xd9, 0x0, 0xd, 0xc8,
    0x1e, 0x62, 0xf8, 0x2, 0x23, 0x47, 0x0, 0x71,
    0x0, 0x1a, 0x21, 0xfe, 0x0, 0x13, 0x0, 0x1b,
    0x11, 0xd4, 0xd1, 0x6, 0x6, 0x5, 0x5a, 0x17,
    0xd6, 0x0, 0xe0, 0x2d, 0x10, 0x8a, 0x50, 0x0,

    /* U+9636 "阶" */
    0x0, 0xe1, 0x90, 0xd, 0xfb, 0xea, 0xc, 0xc2,
    0x0, 0x8b, 0x51, 0x1, 0x54, 0xe0, 0xe, 0x71,
    0x9a, 0x5b, 0xc2, 0x0, 0x22, 0x1d, 0x5c, 0x1a,
    0xf4, 0xc1, 0x90, 0x63, 0x2, 0x93, 0x4c, 0x9,
    0x9, 0xd8, 0x0, 0x24, 0x1, 0x89, 0x88, 0x3,
    0xd0, 0xc9, 0x9a, 0x1, 0xe8, 0xe3, 0x75, 0x0,
    0xe3, 0x0, 0x5c, 0x0, 0x1c, 0x40, 0x1c, 0x0,
    0xa6, 0x0, 0x61, 0x80, 0x0,

    /* U+963B "阻" */
    0xfc, 0xf6, 0xcc, 0xdc, 0x20, 0x38, 0x4e, 0x3b,
    0x98, 0x30, 0x8, 0x98, 0x40, 0x3f, 0x30, 0x80,
    0x37, 0x30, 0x40, 0x12, 0x9, 0x6, 0xe6, 0x8,
    0x3, 0x6d, 0x1, 0x88, 0x80, 0x31, 0xef, 0x84,
    0xd5, 0x8, 0x2, 0x7d, 0x70, 0xab, 0xb1, 0x0,
    0x5, 0x18, 0x3, 0xfc, 0x3c, 0x19, 0xba, 0xc,
    0x60,

    /* U+9645 "际" */
    0xf, 0xce, 0x84, 0xcc, 0xd4, 0x0, 0x1c, 0x5b,
    0x4c, 0xcd, 0x40, 0x10, 0xa9, 0x80, 0x7f, 0x23,
    0xa6, 0x63, 0x7b, 0x35, 0x0, 0x8, 0x96, 0x62,
    0x53, 0x35, 0x0, 0x2, 0xea, 0x92, 0x0, 0x75,
    0x0, 0x8d, 0x83, 0xfc, 0x0, 0x39, 0x0, 0xad,
    0x5, 0x98, 0x0, 0x40, 0x30, 0x4, 0x43, 0xe0,
    0x8, 0x1, 0xc, 0x1, 0xad, 0x5a, 0xfc, 0x11,
    0x40,

    /* U+964D "降" */
    0x0, 0xe2, 0x40, 0xd, 0xf9, 0xe8, 0x1d, 0x37,
    0x67, 0x2, 0xc3, 0x48, 0x29, 0xb7, 0x50, 0x2,
    0x20, 0x43, 0xe7, 0x28, 0x80, 0x19, 0xa3, 0x2c,
    0xd, 0x6e, 0x81, 0x30, 0xfa, 0x3a, 0xde, 0x4,
    0x2, 0xe4, 0xb5, 0x87, 0xd6, 0xc0, 0xc8, 0x1f,
    0x98, 0x2c, 0xc0, 0x1, 0x74, 0xe3, 0x30, 0x59,
    0x87, 0x3, 0x33, 0x76, 0x60, 0xb3, 0xe, 0x60,
    0x1e, 0x30, 0x8,

    /* U+9650 "限" */
    0xec, 0xf3, 0xdc, 0xcb, 0xc0, 0x7, 0x84, 0x62,
    0xab, 0x8, 0x4, 0xa8, 0x0, 0xbb, 0x8c, 0x2,
    0x3c, 0x0, 0x45, 0xd8, 0xc0, 0x26, 0xe0, 0x4,
    0x2d, 0xe8, 0x6, 0x13, 0x2, 0x61, 0xf5, 0x0,
    0x1b, 0x88, 0x3, 0xfb, 0x8a, 0x0, 0x6b, 0x20,
    0x2, 0x8, 0x80, 0x25, 0x60, 0x1b, 0x6f, 0xd6,
    0x3, 0x0, 0xdc, 0xe7, 0xbe, 0x1c, 0x1, 0x6a,
    0x80, 0xe, 0x40,

    /* U+9664 "除" */
    0x0, 0xf5, 0x0, 0x6f, 0xce, 0x60, 0x74, 0x40,
    0x4, 0x58, 0xae, 0x37, 0xf2, 0x40, 0x10, 0x80,
    0xef, 0x8f, 0x63, 0x80, 0x1f, 0x25, 0xbf, 0xe6,
    0xc2, 0x6, 0xb8, 0xac, 0x3c, 0x8b, 0x20, 0x2,
    0x46, 0x60, 0xf3, 0x10, 0x0, 0x44, 0x67, 0x61,
    0xe7, 0x40, 0x5, 0x4b, 0xe4, 0x3, 0xe4, 0x0,
    0x46, 0xa8, 0x21, 0x17, 0x60, 0x98, 0x2, 0xd7,
    0x18, 0xf, 0xc7, 0x80, 0x2, 0x19, 0x60, 0x1,
    0x0,

    /* U+9669 "险" */
    0x0, 0xe2, 0x80, 0xd, 0xf9, 0xe4, 0x16, 0xc8,
    0x1, 0x16, 0x19, 0x1a, 0xfc, 0x10, 0x4, 0x88,
    0x1e, 0xe0, 0xfe, 0x28, 0x3, 0x7b, 0x1b, 0xb3,
    0xe6, 0x14, 0x37, 0x3a, 0xf3, 0x71, 0x75, 0x41,
    0x1c, 0x61, 0x20, 0x34, 0x80, 0x21, 0x12, 0xa9,
    0x9, 0x8, 0x1, 0xa, 0x6e, 0x6a, 0x9a, 0x1,
    0x44, 0x85, 0x94, 0x6a, 0x0, 0xc, 0x1, 0x9b,
    0x98, 0x7e, 0xc2,

    /* U+968F "随" */
    0x0, 0xfc, 0xe4, 0x1, 0x7d, 0x7a, 0x10, 0x95,
    0x18, 0x4, 0x54, 0x43, 0xf, 0x83, 0x74, 0xc0,
    0x5, 0x59, 0x1c, 0xf6, 0xec, 0xc0, 0xf, 0xc1,
    0xfb, 0x28, 0x87, 0x0, 0x5d, 0xc6, 0xea, 0x2f,
    0xf0, 0x80, 0x48, 0xca, 0x40, 0x4, 0x40, 0x6,
    0x31, 0x10, 0x5, 0x10, 0x10, 0x9, 0xac, 0xc0,
    0x2a, 0xf0, 0xc, 0xac, 0x64, 0xf2, 0x9, 0xc0,
    0x1d, 0x18, 0x5d, 0x9b, 0x90,

    /* U+9690 "隐" */
    0x0, 0xe9, 0x60, 0xd, 0xd5, 0xa8, 0x4d, 0xb5,
    0x40, 0x1, 0xd0, 0x2f, 0x5d, 0x8f, 0xc0, 0x21,
    0x65, 0x6f, 0xa5, 0xfc, 0x0, 0x21, 0xa4, 0xf7,
    0x23, 0x84, 0x0, 0xaa, 0x10, 0x31, 0x18, 0x3,
    0x22, 0x5b, 0xdd, 0x0, 0x4a, 0x82, 0xf7, 0x1f,
    0x78, 0x0, 0x6e, 0x36, 0xd1, 0xe0, 0xd2, 0x3,
    0x35, 0x38, 0x15, 0x52, 0x20, 0x60, 0x50, 0x21,
    0x98, 0x4, 0xae, 0x2, 0x50, 0xdc, 0xc5, 0x0,
    0x0,

    /* U+9694 "隔" */
    0x0, 0xff, 0xe0, 0xf, 0xdf, 0x35, 0xe6, 0x71,
    0x89, 0x59, 0x3f, 0x3, 0xbd, 0x6, 0x0, 0x37,
    0x13, 0x79, 0x97, 0x88, 0x4, 0xee, 0x5, 0x3a,
    0xa6, 0x30, 0x4, 0x8a, 0xa8, 0x33, 0xd0, 0x40,
    0x16, 0x61, 0xab, 0x68, 0x80, 0x40, 0x9, 0x22,
    0x3, 0x8a, 0x20, 0x1d, 0x50, 0xe, 0xea, 0x45,
    0x0, 0x91, 0x80, 0xf, 0xc9, 0x8a, 0x2, 0x1,
    0x84, 0xb, 0x91, 0x8c,

    /* U+96C6 "集" */
    0x0, 0xc, 0x81, 0xc8, 0x7, 0xd0, 0x66, 0x2,
    0x43, 0x31, 0x0, 0x15, 0x8a, 0xe5, 0xb2, 0xec,
    0xe0, 0x76, 0x26, 0x66, 0x33, 0x91, 0x40, 0x14,
    0x7f, 0xe4, 0x5f, 0xf4, 0x0, 0xd, 0x0, 0xcc,
    0x2e, 0x67, 0x8, 0x4, 0x79, 0x82, 0xc, 0xc9,
    0x80, 0x28, 0xbb, 0x17, 0xdd, 0xce, 0x7, 0x59,
    0x7e, 0xfd, 0xf7, 0x52, 0x7, 0x18, 0x16, 0x9d,
    0x2f, 0xb4, 0x5, 0x21, 0x68, 0xe, 0xd8, 0x54,
    0x0,

    /* U+96F6 "零" */
    0x0, 0x23, 0xbf, 0xc4, 0x1, 0x31, 0x98, 0xac,
    0xcf, 0x0, 0x3e, 0x7f, 0xdc, 0x5f, 0xf7, 0x0,
    0xa, 0x4, 0x52, 0xba, 0x26, 0x80, 0xd, 0x0,
    0x84, 0x3, 0x58, 0x4, 0x75, 0x7e, 0xc9, 0x50,
    0x1, 0xcb, 0xb7, 0x1c, 0xe2, 0x0, 0x19, 0xdc,
    0xd3, 0x36, 0x7f, 0x61, 0xe, 0x69, 0x6c, 0x57,
    0x97, 0xc9, 0x2, 0x85, 0xcd, 0xd2, 0x50, 0x28,
    0x7, 0x38, 0x58, 0x18, 0x7, 0xc4, 0xfb, 0xe4,
    0x1, 0x0,

    /* U+9700 "需" */
    0x0, 0x44, 0x7e, 0x60, 0xa, 0xee, 0x3, 0xbb,
    0x90, 0x7, 0xe2, 0x25, 0x54, 0x45, 0xf0, 0x5,
    0xf9, 0xf4, 0xfc, 0x7d, 0x60, 0x32, 0xc6, 0xc0,
    0x6d, 0xac, 0x94, 0x8, 0x8e, 0x72, 0xd6, 0xd6,
    0x22, 0x4, 0xf1, 0x6f, 0x6e, 0x83, 0x65, 0x42,
    0xc4, 0x65, 0x11, 0xdc, 0xa0, 0x22, 0x84, 0xca,
    0x78, 0xab, 0x0, 0xc2, 0x6, 0x20, 0x20, 0xe0,
    0x7, 0x0, 0x58, 0x84, 0x6, 0x98, 0x1, 0x20,
    0x18, 0x0, 0xc1, 0xd0, 0x0,

    /* U+9732 "露" */
    0x0, 0xff, 0xe1, 0x55, 0x59, 0x8a, 0xa5, 0x80,
    0x58, 0x67, 0x3b, 0x8c, 0xc5, 0x20, 0x6, 0xc0,
    0xed, 0xf0, 0x5, 0x8, 0x2, 0x84, 0x0, 0x42,
    0x60, 0x50, 0x0, 0x6f, 0x3b, 0x48, 0x13, 0xb0,
    0x8, 0x72, 0x42, 0x5b, 0x34, 0x80, 0x24, 0xfd,
    0xb8, 0x9a, 0x9d, 0x20, 0x3, 0xd8, 0x63, 0x62,
    0xdf, 0x40, 0x0, 0xdc, 0xe1, 0x8b, 0x5, 0xa8,
    0x1, 0x9c, 0xac, 0x0, 0xdd, 0x0, 0x40,

    /* U+9752 "青" */
    0x0, 0xee, 0x10, 0xe, 0xcc, 0xc3, 0xb9, 0x91,
    0x7, 0x4c, 0xc3, 0x53, 0x2f, 0x20, 0x12, 0x33,
    0x0, 0x99, 0x9c, 0x1f, 0xee, 0xa8, 0x77, 0x54,
    0x8b, 0x7c, 0xa4, 0x42, 0xa2, 0x53, 0x60, 0xb,
    0xcc, 0xf4, 0x80, 0x68, 0x8f, 0x0, 0x77, 0x77,
    0x80, 0x3a, 0xef, 0xa0, 0x3, 0xa6, 0x75, 0xb2,
    0x0, 0x5a, 0x1, 0x8b, 0x20, 0x0,

    /* U+9759 "静" */
    0x0, 0xff, 0xe1, 0x33, 0x0, 0x3, 0xc0, 0x19,
    0x6a, 0xb3, 0xb8, 0x26, 0x40, 0x5, 0x8b, 0xb4,
    0x3d, 0xe6, 0x98, 0x5, 0x35, 0x49, 0x86, 0xd,
    0xc1, 0x4, 0xc7, 0x76, 0x76, 0xd3, 0xf6, 0x2,
    0x71, 0x9b, 0x9f, 0xc4, 0x4, 0xd8, 0x13, 0x74,
    0xe3, 0x10, 0x38, 0x37, 0x3, 0xcc, 0x0, 0x26,
    0xce, 0xc0, 0x40, 0x4, 0x41, 0x8, 0xa2, 0xab,
    0x0, 0x15, 0x50, 0x80, 0x39, 0x80, 0x2, 0x12,
    0xc0, 0x7e, 0x80, 0x1b, 0x42, 0x6c, 0xf, 0xe0,
    0x2,

    /* U+975E "非" */
    0x0, 0xdc, 0x5, 0xa0, 0x1f, 0x84, 0x0, 0x20,
    0x18, 0xb7, 0x30, 0x1, 0x1e, 0x63, 0x4c, 0xb7,
    0x30, 0x1, 0x1e, 0x63, 0x4c, 0x3, 0xff, 0x83,
    0x39, 0x80, 0x8, 0xf3, 0x14, 0x0, 0x9c, 0xc0,
    0x4, 0x79, 0x8a, 0x0, 0xff, 0xe0, 0xa6, 0xe6,
    0x0, 0x23, 0xcc, 0x95, 0x37, 0x30, 0x1, 0x1e,
    0x64, 0xa0, 0x1f, 0xfc, 0x0,

    /* U+9760 "靠" */
    0x0, 0x21, 0x3, 0x0, 0x78, 0xab, 0xae, 0x2e,
    0xf0, 0x1, 0x6f, 0xa4, 0xa2, 0x66, 0x22, 0x7e,
    0xd5, 0x12, 0xea, 0xa4, 0x28, 0x23, 0x3e, 0x5b,
    0x60, 0x0, 0xe6, 0xee, 0x10, 0x8, 0xb4, 0x20,
    0xef, 0xac, 0x4, 0xaf, 0xbc, 0x15, 0x87, 0xed,
    0x48, 0x4, 0x40, 0x18, 0x44, 0xac, 0x45, 0x8,
    0x0, 0x8a, 0x96, 0xbb, 0x88, 0x1, 0x57, 0x68,

    /* U+9762 "面" */
    0x0, 0xff, 0xe0, 0x16, 0xe6, 0x5f, 0xb9, 0x96,
    0x91, 0x37, 0x31, 0xa5, 0xb9, 0x96, 0x90, 0x26,
    0x64, 0x79, 0x99, 0x0, 0x2, 0x98, 0x3d, 0x81,
    0x8a, 0x20, 0x1c, 0x37, 0x61, 0x0, 0xfc, 0x37,
    0x61, 0x0, 0xfc, 0x37, 0x61, 0x0, 0xfc, 0x37,
    0x61, 0x0, 0xf2, 0xd1, 0x55, 0xa, 0x90, 0x2,
    0x34, 0xbf, 0xbb, 0x7d, 0xa0, 0x0,

    /* U+97F3 "音" */
    0x0, 0xff, 0xe2, 0xda, 0x0, 0x7a, 0x2e, 0xe5,
    0x9b, 0xb9, 0x40, 0x11, 0x67, 0x3d, 0xbf, 0xb6,
    0xa0, 0x1b, 0xa0, 0x1, 0xc0, 0x18, 0xae, 0xb5,
    0xea, 0x8b, 0xb5, 0x64, 0x4a, 0xba, 0xcb, 0xb7,
    0x55, 0xd1, 0x0, 0xce, 0x6e, 0xec, 0x91, 0x0,
    0xd7, 0x99, 0xa8, 0x3, 0xd7, 0x7d, 0x40, 0x1e,
    0xab, 0xbd, 0x40, 0x1e, 0xba, 0xae, 0x0, 0xe8,
    0xca, 0xad, 0xb0, 0x0,

    /* U+9875 "页" */
    0x0, 0xff, 0xe0, 0xf6, 0xed, 0xdc, 0xdd, 0xc0,
    0xe, 0xdd, 0x9a, 0x37, 0x70, 0x4, 0xf9, 0x86,
    0xbc, 0xc4, 0x80, 0x6e, 0xac, 0xed, 0xcf, 0x50,
    0xf, 0xa9, 0xc0, 0x3f, 0xc2, 0x80, 0x1f, 0x18,
    0x1, 0x4c, 0x3, 0xe9, 0x78, 0x73, 0xb0, 0xd0,
    0xc, 0xf4, 0x72, 0x7f, 0xd0, 0x1, 0x6f, 0xfa,
    0xc0, 0x9, 0xa0, 0xe0, 0xd, 0xb4, 0x0, 0xe9,
    0x70,

    /* U+9876 "顶" */
    0x0, 0xff, 0xe0, 0x2d, 0xe5, 0xbd, 0xdb, 0xee,
    0xe1, 0x5b, 0x2b, 0x7b, 0xb0, 0xdd, 0xc2, 0x1,
    0xdb, 0x65, 0x78, 0xe0, 0x1f, 0x5f, 0xdd, 0x78,
    0x7, 0xed, 0x10, 0xf, 0xf8, 0x40, 0x3f, 0xc6,
    0x1, 0xfc, 0xaa, 0x74, 0x2c, 0x2, 0xa3, 0x0,
    0x75, 0xc1, 0xd3, 0x81, 0x66, 0x7, 0xb7, 0x9,
    0xeb, 0x48, 0x18, 0x45, 0xf6, 0x40, 0x4, 0xf2,

    /* U+9879 "项" */
    0x0, 0xff, 0xe0, 0x14, 0x44, 0xf7, 0x6f, 0xbb,
    0x84, 0xed, 0xa9, 0xee, 0xc3, 0x77, 0x8, 0x8c,
    0x8, 0x2a, 0xce, 0xf1, 0x0, 0x3c, 0xf5, 0xb6,
    0x82, 0x1, 0xfb, 0xc, 0x3, 0xc2, 0x20, 0x0,
    0x90, 0x4, 0x50, 0x3a, 0x60, 0x10, 0x80, 0x77,
    0x61, 0x2b, 0x24, 0x73, 0x1, 0x40, 0x80, 0x3e,
    0xe3, 0xe0, 0x3, 0x8b, 0xb9, 0x82, 0xf5, 0x0,
    0x18, 0xbe, 0x40, 0x24, 0xb0,

    /* U+987A "顺" */
    0x0, 0xff, 0xe0, 0xd9, 0x6, 0x36, 0x63, 0xf3,
    0x4, 0x0, 0x47, 0x16, 0xcf, 0x5c, 0xc1, 0x0,
    0xf, 0xc0, 0xb2, 0x1a, 0xe8, 0x3, 0xf5, 0xcd,
    0x8, 0x7, 0xf5, 0x80, 0x7f, 0x84, 0x80, 0x33,
    0x8, 0x6, 0x56, 0x0, 0xc6, 0x1, 0x1c, 0x6e,
    0x27, 0x1, 0xab, 0x58, 0x8, 0x3b, 0xbf, 0x1,
    0x74, 0x8e, 0x56, 0xb4, 0x69, 0x4d, 0x98, 0x0,
    0x45, 0xf3, 0x0, 0x61, 0x80,

    /* U+987B "须" */
    0x0, 0x8, 0x7, 0xfd, 0xac, 0xf7, 0x6f, 0xbb,
    0x84, 0x25, 0x59, 0xee, 0x8e, 0xee, 0x13, 0x29,
    0x22, 0x76, 0x86, 0x6a, 0x81, 0xdb, 0xc8, 0x16,
    0x46, 0xa0, 0x4, 0xf7, 0x63, 0x0, 0x51, 0x80,
    0x4b, 0x5a, 0x60, 0x18, 0x80, 0x25, 0xd5, 0xd2,
    0x1, 0x20, 0xe, 0x3a, 0xd2, 0x99, 0x23, 0x53,
    0x82, 0xed, 0x18, 0x62, 0xcf, 0x71, 0x81, 0xf5,
    0x11, 0xc1, 0xa3, 0x1d, 0xe0, 0x46, 0x9, 0xd2,
    0x1, 0x1d, 0x80,

    /* U+9884 "预" */
    0x0, 0xff, 0xe0, 0xe5, 0xe6, 0x22, 0xfb, 0x2e,
    0xc0, 0xc, 0xa0, 0x88, 0x5a, 0x7d, 0xd8, 0x0,
    0x5e, 0x88, 0x3a, 0x49, 0xa6, 0x0, 0x1d, 0x70,
    0xb9, 0xe7, 0x7f, 0x80, 0xee, 0x2b, 0x8, 0x1b,
    0x98, 0x0, 0x75, 0x72, 0xe4, 0x2, 0x40, 0x1f,
    0x50, 0x0, 0xb4, 0xc, 0x3, 0xcd, 0xb8, 0x22,
    0xe0, 0xb, 0xc0, 0x4, 0x40, 0x7, 0x30, 0x2,
    0x95, 0xc2, 0xb2, 0xd3, 0xfc, 0x21, 0x5a, 0x41,
    0x14, 0x0, 0x3c, 0x10,

    /* U+9891 "频" */
    0x0, 0xb8, 0x3, 0xf9, 0xc8, 0xc0, 0x6e, 0xdd,
    0x76, 0x20, 0xd1, 0xb, 0x9b, 0x94, 0xbb, 0x10,
    0x6, 0xb8, 0x7e, 0x7b, 0xc0, 0x47, 0x80, 0xba,
    0xe8, 0xcb, 0x10, 0x4f, 0x91, 0xba, 0x0, 0x61,
    0x0, 0x50, 0xc2, 0x76, 0x1, 0x10, 0x0, 0x59,
    0x2, 0x78, 0x0, 0x60, 0x10, 0xe0, 0x19, 0x97,
    0x45, 0x41, 0x40, 0x7, 0x6f, 0x20, 0xd1, 0xb,
    0xe0, 0x2f, 0xe9, 0x5, 0xf9, 0x3b, 0xd5, 0x2c,
    0x50, 0x2, 0xea, 0x0, 0x2d, 0x40,

    /* U+9897 "颗" */
    0xc, 0xad, 0xab, 0xab, 0xcb, 0xb2, 0x0, 0xc0,
    0x43, 0xd5, 0x85, 0xd9, 0x0, 0xa, 0x6a, 0xd,
    0x65, 0x74, 0x1, 0x11, 0x90, 0xf7, 0xd5, 0xb8,
    0x2, 0x40, 0x29, 0x0, 0x58, 0x4, 0x71, 0xc5,
    0xd0, 0x0, 0x20, 0x8, 0xf0, 0x4b, 0x34, 0x9,
    0x80, 0x34, 0x8, 0xdb, 0x42, 0x6d, 0x20, 0x88,
    0xb1, 0x6c, 0xa, 0xba, 0xd0, 0x4c, 0x0, 0xdf,
    0x27, 0x84, 0x60, 0x16, 0x80, 0x35, 0x0, 0x16,
    0x60,

    /* U+9898 "题" */
    0x0, 0xff, 0xe0, 0xf6, 0x63, 0xd3, 0x37, 0xb3,
    0x0, 0x3, 0xbb, 0xa, 0xe4, 0x4e, 0x60, 0x2,
    0x44, 0x18, 0x77, 0x33, 0xe, 0x0, 0x4a, 0xa3,
    0x81, 0x59, 0xc8, 0x1, 0xc, 0xe0, 0x70, 0x2,
    0x0, 0x49, 0x74, 0xd4, 0xe0, 0x4c, 0x1, 0xb4,
    0xe, 0xc9, 0xeb, 0x59, 0x0, 0x4c, 0xeb, 0x3d,
    0x55, 0x7b, 0x82, 0xa4, 0x9, 0x8e, 0x79, 0x68,
    0x3, 0x3a, 0xe6, 0xb5, 0xbb, 0x9f, 0x67, 0xa,
    0x9, 0x39, 0x97, 0x73, 0xcc,

    /* U+989C "颜" */
    0x0, 0x9c, 0x3, 0xf8, 0x45, 0x22, 0x2a, 0xcf,
    0xcc, 0x0, 0x22, 0x92, 0x9a, 0xb5, 0x73, 0x0,
    0x9, 0xb, 0x77, 0xa9, 0xa5, 0x80, 0x1a, 0xfa,
    0xf, 0x97, 0xd7, 0x80, 0x16, 0x25, 0xb8, 0x3,
    0x0, 0x30, 0xcf, 0x81, 0x0, 0xc, 0x3, 0xc,
    0xf7, 0x8, 0x9, 0x80, 0x21, 0x12, 0xf7, 0xcf,
    0xa6, 0x7, 0x2, 0x21, 0x7f, 0x64, 0x2d, 0x7c,
    0x2, 0xb7, 0xfb, 0xb4, 0xf9, 0x64, 0x9a, 0x9b,
    0xb8, 0x2b, 0x48, 0x7, 0x4c,

    /* U+98CE "风" */
    0x0, 0x7e, 0xef, 0x75, 0x0, 0x62, 0xdd, 0xea,
    0x30, 0xe, 0x25, 0x1, 0xb0, 0xf, 0x8a, 0x4d,
    0xb0, 0x3, 0xc2, 0x1d, 0xcb, 0x70, 0xe, 0x10,
    0x1, 0x23, 0x83, 0x80, 0x62, 0x50, 0x35, 0x74,
    0x12, 0x0, 0x97, 0xcf, 0xb9, 0xf2, 0x4c, 0x1,
    0x6a, 0x23, 0xc8, 0xe8, 0x42, 0x20, 0x6e, 0x4e,
    0x40, 0x7, 0x1a, 0x7d, 0x3e, 0x0, 0xf9, 0xed,
    0x40,

    /* U+9970 "饰" */
    0x0, 0x48, 0x5, 0x26, 0x1, 0xc6, 0x40, 0x3,
    0x73, 0x0, 0xe9, 0x7d, 0x69, 0xc, 0xcc, 0x64,
    0xf8, 0xc4, 0xfd, 0xa1, 0x98, 0x31, 0x93, 0x97,
    0x90, 0xf, 0x1a, 0x69, 0x1c, 0x66, 0x9e, 0x70,
    0x4, 0x60, 0x1, 0xcd, 0x3c, 0x0, 0xe1, 0x0,
    0xff, 0xa8, 0xc0, 0x30, 0x80, 0x44, 0x4e, 0x30,
    0xd, 0x2c, 0x0, 0x2a, 0x50, 0xd0, 0x0, 0xc4,
    0x0,

    /* U+9996 "首" */
    0x0, 0xff, 0xe1, 0xc9, 0x80, 0xe, 0x80, 0x3d,
    0x7e, 0x0, 0xaf, 0x0, 0x87, 0x73, 0x83, 0x30,
    0xf3, 0x98, 0x51, 0xdc, 0xc9, 0xa3, 0xb3, 0x25,
    0x0, 0x1e, 0x61, 0x67, 0x30, 0xe0, 0x19, 0xdb,
    0x3f, 0x72, 0x7c, 0x3, 0x93, 0x33, 0x40, 0x7,
    0x93, 0x33, 0x40, 0x7, 0x92, 0xef, 0x48, 0x7,
    0x92, 0xab, 0x80, 0x3c, 0xf7, 0x7a, 0x84, 0x0,

    /* U+9A71 "驱" */
    0x2c, 0xcc, 0x1d, 0x99, 0x90, 0xab, 0x39, 0xc0,
    0xb3, 0x2e, 0x40, 0xb0, 0x11, 0x0, 0x20, 0xcb,
    0xc0, 0x3f, 0x57, 0x5d, 0x0, 0x67, 0x30, 0x1,
    0x5b, 0x30, 0x0, 0xd9, 0x8, 0xe0, 0xe, 0x17,
    0x0, 0x5e, 0x6d, 0x10, 0x12, 0xe4, 0xa, 0x76,
    0x47, 0x88, 0x5c, 0x95, 0xa, 0x76, 0x48, 0xb8,
    0x4a, 0x2, 0x0, 0x43, 0x6e, 0x4f, 0x99, 0xa0,
    0x0, 0x31, 0xe3, 0x79, 0x9a, 0x0,

    /* U+9A8C "验" */
    0x0, 0xf0, 0xd0, 0x80, 0x4b, 0x98, 0xd2, 0x9,
    0x67, 0x0, 0x97, 0x70, 0x4c, 0x57, 0x28, 0xc0,
    0x2c, 0x1, 0x15, 0x48, 0x77, 0x18, 0x3, 0x98,
    0x67, 0x39, 0x74, 0x80, 0x40, 0x5a, 0xb7, 0xf2,
    0xac, 0x80, 0x18, 0x33, 0x22, 0xe0, 0xe2, 0x0,
    0x66, 0x20, 0x71, 0x4, 0x40, 0x40, 0xfb, 0xb7,
    0xbe, 0x4a, 0x20, 0x0, 0xd9, 0xbc, 0x25, 0x6b,
    0xb6, 0x0, 0x11, 0x5c, 0x16, 0x6e, 0x27, 0xc8,
    0x5, 0x1e, 0x99, 0x9d, 0x20,

    /* U+9AD8 "高" */
    0x0, 0xe6, 0x30, 0xe, 0x17, 0x7d, 0x50, 0xef,
    0x84, 0x8, 0xce, 0x8f, 0x33, 0x88, 0x5, 0x46,
    0x7f, 0xf5, 0x3a, 0x88, 0x4, 0x39, 0x98, 0x80,
    0x39, 0x20, 0xcf, 0x41, 0x80, 0x5b, 0x5f, 0xfe,
    0xbf, 0x0, 0xaa, 0x4c, 0xf4, 0x58, 0x80, 0x66,
    0x9, 0x90, 0x28, 0x7, 0x9c, 0xae, 0xc4, 0x40,
    0xf, 0x1d, 0x56, 0x4c, 0x50, 0x6, 0x88, 0x7,
    0xb2, 0xc0,

    /* U+9ED8 "默" */
    0x0, 0xff, 0xe0, 0xf4, 0xf4, 0xf0, 0x3, 0x54,
    0x40, 0x4, 0x25, 0xc4, 0x0, 0x16, 0xa0, 0xb,
    0x0, 0x80, 0x8c, 0x43, 0x84, 0x1b, 0x4b, 0x19,
    0x88, 0x68, 0x46, 0x4, 0x1, 0x1a, 0x38, 0xa3,
    0x90, 0x44, 0x94, 0x68, 0x11, 0x10, 0x0, 0x3b,
    0x6d, 0x38, 0x15, 0x36, 0x0, 0x15, 0xe9, 0x3,
    0x24, 0x49, 0x40, 0x4c, 0xca, 0x11, 0xf0, 0x13,
    0x4, 0x10, 0xed, 0x17, 0x48, 0x3, 0x8, 0x26,
    0x20, 0x8, 0x70, 0x9, 0x58,

    /* U+9F50 "齐" */
    0x0, 0xff, 0xe2, 0xd2, 0x80, 0x7a, 0xef, 0x3c,
    0x5d, 0xe0, 0x5, 0xd8, 0x8f, 0x74, 0xdf, 0x76,
    0x0, 0xd2, 0x8f, 0x28, 0x80, 0xf, 0xd, 0x43,
    0x79, 0x0, 0x45, 0x9b, 0x43, 0xdb, 0xdc, 0xff,
    0x11, 0x3b, 0x7f, 0x4, 0x82, 0xbf, 0x88, 0x8,
    0x4, 0x80, 0x38, 0x40, 0x37, 0xe0, 0x7, 0xe1,
    0x96, 0x50, 0xf, 0xd4, 0x38, 0x1, 0xfd, 0x70,
    0x1, 0xa1, 0x80, 0x20,

    /* U+FF08 "（" */
    0x0, 0x9, 0x80, 0xe8, 0x2, 0xb8, 0xd0, 0xc8,
    0x36, 0x80, 0x6, 0x60, 0x1, 0x98, 0x1, 0x94,
    0x0, 0x54, 0x20, 0x7, 0x70, 0xc0, 0xb4, 0x40,

    /* U+FF09 "）" */
    0x31, 0x0, 0xb4, 0x40, 0xfe, 0x80, 0x6, 0x64,
    0x0, 0x5e, 0x80, 0x8, 0xc0, 0x4, 0x60, 0xb,
    0xd0, 0x34, 0x41, 0xff, 0x0, 0xe9, 0x0,

    /* U+FF0C "，" */
    0x7c, 0x1e, 0x30, 0x93, 0x14, 0x90,

    /* U+FF1A "：" */
    0x58, 0xf6, 0xae, 0x58, 0xf6,

    /* U+FF1B "；" */
    0x8, 0x50, 0x6f, 0xe, 0xa0, 0x85, 0x6, 0xf0,
    0xa2, 0xc, 0x90,

    /* U+FF1F "？" */
    0x2, 0x97, 0x0, 0xbf, 0x3a, 0x40, 0x55, 0x56,
    0xa0, 0x30, 0x15, 0x60, 0x12, 0x1b, 0x80, 0x51,
    0x20, 0x19, 0x48, 0x3, 0x60, 0x6, 0x2a, 0x20,
    0x0,

    /* U+FF5C "｜" */
    0x81, 0x0, 0xff, 0xe3, 0x0
};


/*---------------------
 *  GLYPH DESCRIPTION
 *--------------------*/

static const lv_font_fmt_txt_glyph_dsc_t glyph_dsc[] = {
    {.bitmap_index = 0, .adv_w = 0, .box_w = 0, .box_h = 0, .ofs_x = 0, .ofs_y = 0} /* id = 0 reserved */,
    {.bitmap_index = 0, .adv_w = 96, .box_w = 0, .box_h = 0, .ofs_x = 0, .ofs_y = 0},
    {.bitmap_index = 0, .adv_w = 96, .box_w = 2, .box_h = 9, .ofs_x = 2, .ofs_y = 0},
    {.bitmap_index = 10, .adv_w = 96, .box_w = 4, .box_h = 3, .ofs_x = 1, .ofs_y = 6},
    {.bitmap_index = 17, .adv_w = 96, .box_w = 6, .box_h = 9, .ofs_x = 0, .ofs_y = 0},
    {.bitmap_index = 45, .adv_w = 96, .box_w = 6, .box_h = 12, .ofs_x = 0, .ofs_y = -2},
    {.bitmap_index = 82, .adv_w = 96, .box_w = 6, .box_h = 9, .ofs_x = 0, .ofs_y = 0},
    {.bitmap_index = 109, .adv_w = 96, .box_w = 6, .box_h = 9, .ofs_x = 0, .ofs_y = 0},
    {.bitmap_index = 136, .adv_w = 96, .box_w = 2, .box_h = 3, .ofs_x = 2, .ofs_y = 6},
    {.bitmap_index = 139, .adv_w = 96, .box_w = 4, .box_h = 12, .ofs_x = 2, .ofs_y = -1},
    {.bitmap_index = 163, .adv_w = 96, .box_w = 4, .box_h = 12, .ofs_x = 0, .ofs_y = -1},
    {.bitmap_index = 187, .adv_w = 96, .box_w = 6, .box_h = 7, .ofs_x = 0, .ofs_y = 2},
    {.bitmap_index = 210, .adv_w = 96, .box_w = 6, .box_h = 6, .ofs_x = 0, .ofs_y = 2},
    {.bitmap_index = 224, .adv_w = 96, .box_w = 3, .box_h = 4, .ofs_x = 0, .ofs_y = -2},
    {.bitmap_index = 231, .adv_w = 96, .box_w = 6, .box_h = 1, .ofs_x = 0, .ofs_y = 4},
    {.bitmap_index = 234, .adv_w = 96, .box_w = 3, .box_h = 2, .ofs_x = 0, .ofs_y = 0},
    {.bitmap_index = 237, .adv_w = 96, .box_w = 6, .box_h = 11, .ofs_x = 0, .ofs_y = -1},
    {.bitmap_index = 264, .adv_w = 96, .box_w = 6, .box_h = 10, .ofs_x = 0, .ofs_y = -1},
    {.bitmap_index = 294, .adv_w = 96, .box_w = 3, .box_h = 9, .ofs_x = 1, .ofs_y = 0},
    {.bitmap_index = 303, .adv_w = 96, .box_w = 6, .box_h = 10, .ofs_x = 0, .ofs_y = 0},
    {.bitmap_index = 331, .adv_w = 96, .box_w = 6, .box_h = 9, .ofs_x = 0, .ofs_y = 0},
    {.bitmap_index = 359, .adv_w = 96, .box_w = 6, .box_h = 9, .ofs_x = 0, .ofs_y = 0},
    {.bitmap_index = 383, .adv_w = 96, .box_w = 6, .box_h = 9, .ofs_x = 0, .ofs_y = 0},
    {.bitmap_index = 410, .adv_w = 96, .box_w = 6, .box_h = 9, .ofs_x = 0, .ofs_y = 0},
    {.bitmap_index = 438, .adv_w = 96, .box_w = 6, .box_h = 9, .ofs_x = 0, .ofs_y = 0},
    {.bitmap_index = 462, .adv_w = 96, .box_w = 6, .box_h = 9, .ofs_x = 0, .ofs_y = 0},
    {.bitmap_index = 490, .adv_w = 96, .box_w = 6, .box_h = 9, .ofs_x = 0, .ofs_y = 0},
    {.bitmap_index = 517, .adv_w = 96, .box_w = 2, .box_h = 6, .ofs_x = 2, .ofs_y = 0},
    {.bitmap_index = 523, .adv_w = 96, .box_w = 2, .box_h = 8, .ofs_x = 2, .ofs_y = -2},
    {.bitmap_index = 531, .adv_w = 96, .box_w = 6, .box_h = 11, .ofs_x = 0, .ofs_y = -1},
    {.bitmap_index = 559, .adv_w = 96, .box_w = 6, .box_h = 4, .ofs_x = 0, .ofs_y = 3},
    {.bitmap_index = 568, .adv_w = 96, .box_w = 6, .box_h = 11, .ofs_x = 0, .ofs_y = -1},
    {.bitmap_index = 597, .adv_w = 96, .box_w = 6, .box_h = 9, .ofs_x = 0, .ofs_y = 0},
    {.bitmap_index = 623, .adv_w = 96, .box_w = 6, .box_h = 9, .ofs_x = 0, .ofs_y = 0},
    {.bitmap_index = 651, .adv_w = 96, .box_w = 6, .box_h = 9, .ofs_x = 0, .ofs_y = 0},
    {.bitmap_index = 679, .adv_w = 96, .box_w = 6, .box_h = 9, .ofs_x = 0, .ofs_y = 0},
    {.bitmap_index = 706, .adv_w = 96, .box_w = 6, .box_h = 9, .ofs_x = 0, .ofs_y = 0},
    {.bitmap_index = 734, .adv_w = 96, .box_w = 6, .box_h = 9, .ofs_x = 0, .ofs_y = 0},
    {.bitmap_index = 759, .adv_w = 96, .box_w = 6, .box_h = 9, .ofs_x = 0, .ofs_y = 0},
    {.bitmap_index = 778, .adv_w = 96, .box_w = 6, .box_h = 9, .ofs_x = 0, .ofs_y = 0},
    {.bitmap_index = 795, .adv_w = 96, .box_w = 6, .box_h = 9, .ofs_x = 0, .ofs_y = 0},
    {.bitmap_index = 823, .adv_w = 96, .box_w = 6, .box_h = 9, .ofs_x = 0, .ofs_y = 0},
    {.bitmap_index = 838, .adv_w = 96, .box_w = 2, .box_h = 9, .ofs_x = 2, .ofs_y = 0},
    {.bitmap_index = 843, .adv_w = 96, .box_w = 6, .box_h = 9, .ofs_x = 0, .ofs_y = 0},
    {.bitmap_index = 861, .adv_w = 96, .box_w = 6, .box_h = 9, .ofs_x = 0, .ofs_y = 0},
    {.bitmap_index = 887, .adv_w = 96, .box_w = 6, .box_h = 9, .ofs_x = 0, .ofs_y = 0},
    {.bitmap_index = 894, .adv_w = 96, .box_w = 6, .box_h = 9, .ofs_x = 0, .ofs_y = 0},
    {.bitmap_index = 921, .adv_w = 96, .box_w = 6, .box_h = 9, .ofs_x = 0, .ofs_y = 0},
    {.bitmap_index = 944, .adv_w = 96, .box_w = 6, .box_h = 9, .ofs_x = 0, .ofs_y = 0},
    {.bitmap_index = 971, .adv_w = 96, .box_w = 6, .box_h = 9, .ofs_x = 0, .ofs_y = 0},
    {.bitmap_index = 993, .adv_w = 96, .box_w = 6, .box_h = 10, .ofs_x = 0, .ofs_y = -1},
    {.bitmap_index = 1023, .adv_w = 96, .box_w = 6, .box_h = 9, .ofs_x = 0, .ofs_y = 0},
    {.bitmap_index = 1048, .adv_w = 96, .box_w = 6, .box_h = 9, .ofs_x = 0, .ofs_y = 0},
    {.bitmap_index = 1076, .adv_w = 96, .box_w = 6, .box_h = 9, .ofs_x = 0, .ofs_y = 0},
    {.bitmap_index = 1085, .adv_w = 96, .box_w = 6, .box_h = 9, .ofs_x = 0, .ofs_y = 0},
    {.bitmap_index = 1098, .adv_w = 96, .box_w = 6, .box_h = 9, .ofs_x = 0, .ofs_y = 0},
    {.bitmap_index = 1125, .adv_w = 96, .box_w = 6, .box_h = 9, .ofs_x = 0, .ofs_y = 0},
    {.bitmap_index = 1151, .adv_w = 96, .box_w = 6, .box_h = 9, .ofs_x = 0, .ofs_y = 0},
    {.bitmap_index = 1178, .adv_w = 96, .box_w = 6, .box_h = 9, .ofs_x = 0, .ofs_y = 0},
    {.bitmap_index = 1199, .adv_w = 96, .box_w = 6, .box_h = 9, .ofs_x = 0, .ofs_y = 0},
    {.bitmap_index = 1225, .adv_w = 96, .box_w = 4, .box_h = 11, .ofs_x = 2, .ofs_y = -1},
    {.bitmap_index = 1235, .adv_w = 96, .box_w = 6, .box_h = 11, .ofs_x = 0, .ofs_y = -1},
    {.bitmap_index = 1261, .adv_w = 96, .box_w = 4, .box_h = 11, .ofs_x = 0, .ofs_y = -1},
    {.bitmap_index = 1271, .adv_w = 96, .box_w = 6, .box_h = 2, .ofs_x = 0, .ofs_y = 8},
    {.bitmap_index = 1278, .adv_w = 96, .box_w = 6, .box_h = 1, .ofs_x = 0, .ofs_y = -2},
    {.bitmap_index = 1280, .adv_w = 96, .box_w = 4, .box_h = 3, .ofs_x = 1, .ofs_y = 8},
    {.bitmap_index = 1287, .adv_w = 96, .box_w = 6, .box_h = 6, .ofs_x = 0, .ofs_y = 0},
    {.bitmap_index = 1306, .adv_w = 96, .box_w = 6, .box_h = 9, .ofs_x = 0, .ofs_y = 0},
    {.bitmap_index = 1327, .adv_w = 96, .box_w = 6, .box_h = 6, .ofs_x = 0, .ofs_y = 0},
    {.bitmap_index = 1345, .adv_w = 96, .box_w = 6, .box_h = 9, .ofs_x = 0, .ofs_y = 0},
    {.bitmap_index = 1368, .adv_w = 96, .box_w = 6, .box_h = 6, .ofs_x = 0, .ofs_y = 0},
    {.bitmap_index = 1387, .adv_w = 96, .box_w = 6, .box_h = 9, .ofs_x = 0, .ofs_y = 0},
    {.bitmap_index = 1406, .adv_w = 96, .box_w = 6, .box_h = 9, .ofs_x = 0, .ofs_y = -2},
    {.bitmap_index = 1430, .adv_w = 96, .box_w = 6, .box_h = 9, .ofs_x = 0, .ofs_y = 0},
    {.bitmap_index = 1447, .adv_w = 96, .box_w = 2, .box_h = 9, .ofs_x = 2, .ofs_y = 0},
    {.bitmap_index = 1454, .adv_w = 96, .box_w = 4, .box_h = 11, .ofs_x = 1, .ofs_y = -2},
    {.bitmap_index = 1471, .adv_w = 96, .box_w = 6, .box_h = 9, .ofs_x = 0, .ofs_y = 0},
    {.bitmap_index = 1491, .adv_w = 96, .box_w = 2, .box_h = 9, .ofs_x = 2, .ofs_y = 0},
    {.bitmap_index = 1496, .adv_w = 96, .box_w = 6, .box_h = 6, .ofs_x = 0, .ofs_y = 0},
    {.bitmap_index = 1508, .adv_w = 96, .box_w = 6, .box_h = 6, .ofs_x = 0, .ofs_y = 0},
    {.bitmap_index = 1522, .adv_w = 96, .box_w = 6, .box_h = 6, .ofs_x = 0, .ofs_y = 0},
    {.bitmap_index = 1539, .adv_w = 96, .box_w = 6, .box_h = 8, .ofs_x = 0, .ofs_y = -2},
    {.bitmap_index = 1561, .adv_w = 96, .box_w = 6, .box_h = 8, .ofs_x = 0, .ofs_y = -2},
    {.bitmap_index = 1582, .adv_w = 96, .box_w = 4, .box_h = 6, .ofs_x = 1, .ofs_y = 0},
    {.bitmap_index = 1592, .adv_w = 96, .box_w = 6, .box_h = 6, .ofs_x = 0, .ofs_y = 0},
    {.bitmap_index = 1611, .adv_w = 96, .box_w = 6, .box_h = 8, .ofs_x = 0, .ofs_y = 0},
    {.bitmap_index = 1630, .adv_w = 96, .box_w = 6, .box_h = 6, .ofs_x = 0, .ofs_y = 0},
    {.bitmap_index = 1644, .adv_w = 96, .box_w = 6, .box_h = 6, .ofs_x = 0, .ofs_y = 0},
    {.bitmap_index = 1663, .adv_w = 96, .box_w = 6, .box_h = 6, .ofs_x = 0, .ofs_y = 0},
    {.bitmap_index = 1681, .adv_w = 96, .box_w = 6, .box_h = 6, .ofs_x = 0, .ofs_y = 0},
    {.bitmap_index = 1699, .adv_w = 96, .box_w = 6, .box_h = 8, .ofs_x = 0, .ofs_y = -2},
    {.bitmap_index = 1724, .adv_w = 96, .box_w = 6, .box_h = 6, .ofs_x = 0, .ofs_y = 0},
    {.bitmap_index = 1742, .adv_w = 96, .box_w = 4, .box_h = 12, .ofs_x = 2, .ofs_y = -1},
    {.bitmap_index = 1761, .adv_w = 96, .box_w = 2, .box_h = 13, .ofs_x = 2, .ofs_y = -2},
    {.bitmap_index = 1766, .adv_w = 96, .box_w = 4, .box_h = 12, .ofs_x = 0, .ofs_y = -1},
    {.bitmap_index = 1785, .adv_w = 96, .box_w = 6, .box_h = 3, .ofs_x = 0, .ofs_y = 8},
    {.bitmap_index = 1795, .adv_w = 192, .box_w = 2, .box_h = 2, .ofs_x = 5, .ofs_y = 4},
    {.bitmap_index = 1797, .adv_w = 192, .box_w = 10, .box_h = 2, .ofs_x = 1, .ofs_y = 4},
    {.bitmap_index = 1807, .adv_w = 192, .box_w = 4, .box_h = 5, .ofs_x = 1, .ofs_y = -1},
    {.bitmap_index = 1817, .adv_w = 192, .box_w = 4, .box_h = 4, .ofs_x = 1, .ofs_y = -1},
    {.bitmap_index = 1826, .adv_w = 192, .box_w = 12, .box_h = 3, .ofs_x = 0, .ofs_y = 3},
    {.bitmap_index = 1837, .adv_w = 192, .box_w = 12, .box_h = 11, .ofs_x = 0, .ofs_y = -2},
    {.bitmap_index = 1859, .adv_w = 192, .box_w = 12, .box_h = 10, .ofs_x = 0, .ofs_y = -1},
    {.bitmap_index = 1892, .adv_w = 192, .box_w = 12, .box_h = 11, .ofs_x = 0, .ofs_y = -1},
    {.bitmap_index = 1924, .adv_w = 192, .box_w = 12, .box_h = 10, .ofs_x = 0, .ofs_y = -1},
    {.bitmap_index = 1957, .adv_w = 192, .box_w = 12, .box_h = 11, .ofs_x = 0, .ofs_y = -1},
    {.bitmap_index = 2002, .adv_w = 192, .box_w = 11, .box_h = 11, .ofs_x = 0, .ofs_y = -1},
    {.bitmap_index = 2045, .adv_w = 192, .box_w = 12, .box_h = 12, .ofs_x = 0, .ofs_y = -1},
    {.bitmap_index = 2101, .adv_w = 192, .box_w = 12, .box_h = 10, .ofs_x = 0, .ofs_y = -1},
    {.bitmap_index = 2140, .adv_w = 192, .box_w = 12, .box_h = 12, .ofs_x = 0, .ofs_y = -2},
    {.bitmap_index = 2202, .adv_w = 192, .box_w = 12, .box_h = 11, .ofs_x = 0, .ofs_y = -1},
    {.bitmap_index = 2258, .adv_w = 192, .box_w = 12, .box_h = 12, .ofs_x = 0, .ofs_y = -1},
    {.bitmap_index = 2300, .adv_w = 192, .box_w = 10, .box_h = 11, .ofs_x = 1, .ofs_y = -1},
    {.bitmap_index = 2340, .adv_w = 192, .box_w = 10, .box_h = 11, .ofs_x = 1, .ofs_y = -1},
    {.bitmap_index = 2394, .adv_w = 192, .box_w = 12, .box_h = 11, .ofs_x = 0, .ofs_y = -1},
    {.bitmap_index = 2450, .adv_w = 192, .box_w = 11, .box_h = 11, .ofs_x = 0, .ofs_y = -1},
    {.bitmap_index = 2505, .adv_w = 192, .box_w = 12, .box_h = 11, .ofs_x = 0, .ofs_y = -1},
    {.bitmap_index = 2553, .adv_w = 192, .box_w = 12, .box_h = 11, .ofs_x = 0, .ofs_y = -1},
    {.bitmap_index = 2617, .adv_w = 192, .box_w = 12, .box_h = 12, .ofs_x = 0, .ofs_y = -1},
    {.bitmap_index = 2672, .adv_w = 192, .box_w = 12, .box_h = 12, .ofs_x = 0, .ofs_y = -2},
    {.bitmap_index = 2733, .adv_w = 192, .box_w = 12, .box_h = 11, .ofs_x = 0, .ofs_y = -1},
    {.bitmap_index = 2783, .adv_w = 192, .box_w = 11, .box_h = 12, .ofs_x = 1, .ofs_y = -2},
    {.bitmap_index = 2841, .adv_w = 192, .box_w = 12, .box_h = 11, .ofs_x = 0, .ofs_y = -1},
    {.bitmap_index = 2894, .adv_w = 192, .box_w = 11, .box_h = 11, .ofs_x = 0, .ofs_y = -1},
    {.bitmap_index = 2946, .adv_w = 192, .box_w = 12, .box_h = 11, .ofs_x = 0, .ofs_y = -1},
    {.bitmap_index = 2999, .adv_w = 192, .box_w = 10, .box_h = 12, .ofs_x = 1, .ofs_y = -2},
    {.bitmap_index = 3032, .adv_w = 192, .box_w = 12, .box_h = 13, .ofs_x = 0, .ofs_y = -2},
    {.bitmap_index = 3093, .adv_w = 192, .box_w = 12, .box_h = 12, .ofs_x = 0, .ofs_y = -2},
    {.bitmap_index = 3154, .adv_w = 192, .box_w = 12, .box_h = 8, .ofs_x = 0, .ofs_y = 0},
    {.bitmap_index = 3174, .adv_w = 192, .box_w = 12, .box_h = 11, .ofs_x = 0, .ofs_y = -1},
    {.bitmap_index = 3215, .adv_w = 192, .box_w = 12, .box_h = 10, .ofs_x = 0, .ofs_y = -1},
    {.bitmap_index = 3261, .adv_w = 192, .box_w = 12, .box_h = 10, .ofs_x = 0, .ofs_y = -1},
    {.bitmap_index = 3311, .adv_w = 192, .box_w = 12, .box_h = 12, .ofs_x = 0, .ofs_y = -2},
    {.bitmap_index = 3375, .adv_w = 192, .box_w = 12, .box_h = 12, .ofs_x = 0, .ofs_y = -2},
    {.bitmap_index = 3432, .adv_w = 192, .box_w = 12, .box_h = 12, .ofs_x = 0, .ofs_y = -2},
    {.bitmap_index = 3495, .adv_w = 192, .box_w = 12, .box_h = 12, .ofs_x = 0, .ofs_y = -2},
    {.bitmap_index = 3543, .adv_w = 192, .box_w = 12, .box_h = 12, .ofs_x = 0, .ofs_y = -1},
    {.bitmap_index = 3603, .adv_w = 192, .box_w = 12, .box_h = 11, .ofs_x = 0, .ofs_y = -1},
    {.bitmap_index = 3664, .adv_w = 192, .box_w = 12, .box_h = 12, .ofs_x = 0, .ofs_y = -2},
    {.bitmap_index = 3721, .adv_w = 192, .box_w = 12, .box_h = 12, .ofs_x = 0, .ofs_y = -1},
    {.bitmap_index = 3779, .adv_w = 192, .box_w = 12, .box_h = 12, .ofs_x = 0, .ofs_y = -2},
    {.bitmap_index = 3842, .adv_w = 192, .box_w = 11, .box_h = 12, .ofs_x = 1, .ofs_y = -2},
    {.bitmap_index = 3901, .adv_w = 192, .box_w = 12, .box_h = 13, .ofs_x = 0, .ofs_y = -2},
    {.bitmap_index = 3952, .adv_w = 192, .box_w = 12, .box_h = 11, .ofs_x = 0, .ofs_y = -1},
    {.bitmap_index = 4002, .adv_w = 192, .box_w = 12, .box_h = 11, .ofs_x = 0, .ofs_y = -1},
    {.bitmap_index = 4061, .adv_w = 192, .box_w = 12, .box_h = 12, .ofs_x = 0, .ofs_y = -2},
    {.bitmap_index = 4127, .adv_w = 192, .box_w = 12, .box_h = 12, .ofs_x = 0, .ofs_y = -2},
    {.bitmap_index = 4188, .adv_w = 192, .box_w = 12, .box_h = 12, .ofs_x = 0, .ofs_y = -2},
    {.bitmap_index = 4249, .adv_w = 192, .box_w = 12, .box_h = 12, .ofs_x = 0, .ofs_y = -2},
    {.bitmap_index = 4309, .adv_w = 192, .box_w = 12, .box_h = 11, .ofs_x = 0, .ofs_y = -1},
    {.bitmap_index = 4357, .adv_w = 192, .box_w = 12, .box_h = 11, .ofs_x = 0, .ofs_y = -1},
    {.bitmap_index = 4417, .adv_w = 192, .box_w = 12, .box_h = 12, .ofs_x = 0, .ofs_y = -2},
    {.bitmap_index = 4482, .adv_w = 192, .box_w = 12, .box_h = 12, .ofs_x = 0, .ofs_y = -1},
    {.bitmap_index = 4536, .adv_w = 192, .box_w = 12, .box_h = 11, .ofs_x = 0, .ofs_y = -1},
    {.bitmap_index = 4595, .adv_w = 192, .box_w = 12, .box_h = 12, .ofs_x = 0, .ofs_y = -2},
    {.bitmap_index = 4650, .adv_w = 192, .box_w = 12, .box_h = 11, .ofs_x = 0, .ofs_y = -1},
    {.bitmap_index = 4710, .adv_w = 192, .box_w = 11, .box_h = 11, .ofs_x = 0, .ofs_y = -1},
    {.bitmap_index = 4760, .adv_w = 192, .box_w = 12, .box_h = 13, .ofs_x = 0, .ofs_y = -2},
    {.bitmap_index = 4826, .adv_w = 192, .box_w = 12, .box_h = 12, .ofs_x = 0, .ofs_y = -2},
    {.bitmap_index = 4888, .adv_w = 192, .box_w = 12, .box_h = 12, .ofs_x = 0, .ofs_y = -2},
    {.bitmap_index = 4956, .adv_w = 192, .box_w = 12, .box_h = 11, .ofs_x = 0, .ofs_y = -1},
    {.bitmap_index = 5015, .adv_w = 192, .box_w = 12, .box_h = 12, .ofs_x = 0, .ofs_y = -2},
    {.bitmap_index = 5080, .adv_w = 192, .box_w = 12, .box_h = 11, .ofs_x = 0, .ofs_y = -1},
    {.bitmap_index = 5141, .adv_w = 192, .box_w = 12, .box_h = 11, .ofs_x = 0, .ofs_y = -1},
    {.bitmap_index = 5196, .adv_w = 192, .box_w = 12, .box_h = 12, .ofs_x = 0, .ofs_y = -2},
    {.bitmap_index = 5265, .adv_w = 192, .box_w = 12, .box_h = 11, .ofs_x = 0, .ofs_y = -1},
    {.bitmap_index = 5323, .adv_w = 192, .box_w = 12, .box_h = 12, .ofs_x = 0, .ofs_y = -1},
    {.bitmap_index = 5383, .adv_w = 192, .box_w = 12, .box_h = 11, .ofs_x = 0, .ofs_y = -1},
    {.bitmap_index = 5438, .adv_w = 192, .box_w = 12, .box_h = 12, .ofs_x = 0, .ofs_y = -2},
    {.bitmap_index = 5504, .adv_w = 192, .box_w = 12, .box_h = 12, .ofs_x = 0, .ofs_y = -2},
    {.bitmap_index = 5570, .adv_w = 192, .box_w = 12, .box_h = 12, .ofs_x = 0, .ofs_y = -2},
    {.bitmap_index = 5636, .adv_w = 192, .box_w = 12, .box_h = 12, .ofs_x = 0, .ofs_y = -2},
    {.bitmap_index = 5699, .adv_w = 192, .box_w = 12, .box_h = 12, .ofs_x = 0, .ofs_y = -2},
    {.bitmap_index = 5768, .adv_w = 192, .box_w = 12, .box_h = 13, .ofs_x = 0, .ofs_y = -2},
    {.bitmap_index = 5839, .adv_w = 192, .box_w = 12, .box_h = 11, .ofs_x = 0, .ofs_y = -1},
    {.bitmap_index = 5901, .adv_w = 192, .box_w = 12, .box_h = 12, .ofs_x = 0, .ofs_y = -2},
    {.bitmap_index = 5971, .adv_w = 192, .box_w = 12, .box_h = 12, .ofs_x = 0, .ofs_y = -2},
    {.bitmap_index = 6031, .adv_w = 192, .box_w = 12, .box_h = 11, .ofs_x = 0, .ofs_y = -2},
    {.bitmap_index = 6082, .adv_w = 192, .box_w = 12, .box_h = 12, .ofs_x = 0, .ofs_y = -2},
    {.bitmap_index = 6144, .adv_w = 192, .box_w = 12, .box_h = 12, .ofs_x = 0, .ofs_y = -2},
    {.bitmap_index = 6207, .adv_w = 192, .box_w = 12, .box_h = 12, .ofs_x = 0, .ofs_y = -2},
    {.bitmap_index = 6271, .adv_w = 192, .box_w = 12, .box_h = 13, .ofs_x = 0, .ofs_y = -2},
    {.bitmap_index = 6338, .adv_w = 192, .box_w = 12, .box_h = 12, .ofs_x = 0, .ofs_y = -2},
    {.bitmap_index = 6401, .adv_w = 192, .box_w = 12, .box_h = 11, .ofs_x = 0, .ofs_y = -1},
    {.bitmap_index = 6449, .adv_w = 192, .box_w = 12, .box_h = 12, .ofs_x = 0, .ofs_y = -2},
    {.bitmap_index = 6508, .adv_w = 192, .box_w = 12, .box_h = 12, .ofs_x = 0, .ofs_y = -2},
    {.bitmap_index = 6574, .adv_w = 192, .box_w = 12, .box_h = 11, .ofs_x = 0, .ofs_y = -1},
    {.bitmap_index = 6631, .adv_w = 192, .box_w = 12, .box_h = 12, .ofs_x = 0, .ofs_y = -2},
    {.bitmap_index = 6693, .adv_w = 192, .box_w = 12, .box_h = 12, .ofs_x = 0, .ofs_y = -2},
    {.bitmap_index = 6752, .adv_w = 192, .box_w = 12, .box_h = 10, .ofs_x = 0, .ofs_y = -1},
    {.bitmap_index = 6801, .adv_w = 192, .box_w = 12, .box_h = 13, .ofs_x = 0, .ofs_y = -2},
    {.bitmap_index = 6863, .adv_w = 192, .box_w = 10, .box_h = 13, .ofs_x = 1, .ofs_y = -2},
    {.bitmap_index = 6912, .adv_w = 192, .box_w = 12, .box_h = 11, .ofs_x = 0, .ofs_y = -2},
    {.bitmap_index = 6965, .adv_w = 192, .box_w = 12, .box_h = 12, .ofs_x = 0, .ofs_y = -2},
    {.bitmap_index = 7028, .adv_w = 192, .box_w = 11, .box_h = 11, .ofs_x = 0, .ofs_y = -2},
    {.bitmap_index = 7075, .adv_w = 192, .box_w = 10, .box_h = 11, .ofs_x = 1, .ofs_y = -2},
    {.bitmap_index = 7118, .adv_w = 192, .box_w = 11, .box_h = 11, .ofs_x = 0, .ofs_y = -1},
    {.bitmap_index = 7168, .adv_w = 192, .box_w = 12, .box_h = 12, .ofs_x = 0, .ofs_y = -2},
    {.bitmap_index = 7234, .adv_w = 192, .box_w = 12, .box_h = 12, .ofs_x = 0, .ofs_y = -2},
    {.bitmap_index = 7293, .adv_w = 192, .box_w = 12, .box_h = 11, .ofs_x = 0, .ofs_y = -1},
    {.bitmap_index = 7358, .adv_w = 192, .box_w = 12, .box_h = 13, .ofs_x = 0, .ofs_y = -2},
    {.bitmap_index = 7430, .adv_w = 192, .box_w = 10, .box_h = 11, .ofs_x = 1, .ofs_y = -1},
    {.bitmap_index = 7470, .adv_w = 192, .box_w = 12, .box_h = 11, .ofs_x = 0, .ofs_y = -1},
    {.bitmap_index = 7518, .adv_w = 192, .box_w = 10, .box_h = 11, .ofs_x = 1, .ofs_y = -1},
    {.bitmap_index = 7570, .adv_w = 192, .box_w = 12, .box_h = 12, .ofs_x = 0, .ofs_y = -2},
    {.bitmap_index = 7634, .adv_w = 192, .box_w = 12, .box_h = 10, .ofs_x = 0, .ofs_y = -1},
    {.bitmap_index = 7688, .adv_w = 192, .box_w = 12, .box_h = 11, .ofs_x = 0, .ofs_y = -2},
    {.bitmap_index = 7747, .adv_w = 192, .box_w = 11, .box_h = 12, .ofs_x = 0, .ofs_y = -2},
    {.bitmap_index = 7799, .adv_w = 192, .box_w = 12, .box_h = 12, .ofs_x = 0, .ofs_y = -2},
    {.bitmap_index = 7856, .adv_w = 192, .box_w = 11, .box_h = 13, .ofs_x = 0, .ofs_y = -2},
    {.bitmap_index = 7913, .adv_w = 192, .box_w = 12, .box_h = 11, .ofs_x = 0, .ofs_y = -1},
    {.bitmap_index = 7972, .adv_w = 192, .box_w = 12, .box_h = 11, .ofs_x = 0, .ofs_y = -1},
    {.bitmap_index = 8031, .adv_w = 192, .box_w = 11, .box_h = 13, .ofs_x = 0, .ofs_y = -2},
    {.bitmap_index = 8092, .adv_w = 192, .box_w = 12, .box_h = 12, .ofs_x = 0, .ofs_y = -2},
    {.bitmap_index = 8155, .adv_w = 192, .box_w = 12, .box_h = 12, .ofs_x = 0, .ofs_y = -2},
    {.bitmap_index = 8215, .adv_w = 192, .box_w = 12, .box_h = 11, .ofs_x = 0, .ofs_y = -1},
    {.bitmap_index = 8271, .adv_w = 192, .box_w = 12, .box_h = 13, .ofs_x = 0, .ofs_y = -2},
    {.bitmap_index = 8340, .adv_w = 192, .box_w = 12, .box_h = 11, .ofs_x = 0, .ofs_y = -1},
    {.bitmap_index = 8396, .adv_w = 192, .box_w = 11, .box_h = 12, .ofs_x = 0, .ofs_y = -2},
    {.bitmap_index = 8452, .adv_w = 192, .box_w = 12, .box_h = 12, .ofs_x = 0, .ofs_y = -2},
    {.bitmap_index = 8514, .adv_w = 192, .box_w = 11, .box_h = 12, .ofs_x = 0, .ofs_y = -2},
    {.bitmap_index = 8571, .adv_w = 192, .box_w = 12, .box_h = 12, .ofs_x = 0, .ofs_y = -2},
    {.bitmap_index = 8638, .adv_w = 192, .box_w = 12, .box_h = 12, .ofs_x = 0, .ofs_y = -2},
    {.bitmap_index = 8703, .adv_w = 192, .box_w = 12, .box_h = 12, .ofs_x = 0, .ofs_y = -1},
    {.bitmap_index = 8762, .adv_w = 192, .box_w = 12, .box_h = 11, .ofs_x = 0, .ofs_y = -1},
    {.bitmap_index = 8822, .adv_w = 192, .box_w = 11, .box_h = 12, .ofs_x = 0, .ofs_y = -2},
    {.bitmap_index = 8879, .adv_w = 192, .box_w = 12, .box_h = 12, .ofs_x = 0, .ofs_y = -2},
    {.bitmap_index = 8936, .adv_w = 192, .box_w = 12, .box_h = 11, .ofs_x = 0, .ofs_y = -1},
    {.bitmap_index = 8990, .adv_w = 192, .box_w = 10, .box_h = 10, .ofs_x = 1, .ofs_y = -1},
    {.bitmap_index = 9027, .adv_w = 192, .box_w = 11, .box_h = 11, .ofs_x = 1, .ofs_y = -2},
    {.bitmap_index = 9075, .adv_w = 192, .box_w = 12, .box_h = 12, .ofs_x = 0, .ofs_y = -1},
    {.bitmap_index = 9127, .adv_w = 192, .box_w = 12, .box_h = 11, .ofs_x = 0, .ofs_y = -1},
    {.bitmap_index = 9183, .adv_w = 192, .box_w = 11, .box_h = 11, .ofs_x = 1, .ofs_y = -1},
    {.bitmap_index = 9226, .adv_w = 192, .box_w = 12, .box_h = 11, .ofs_x = 0, .ofs_y = -1},
    {.bitmap_index = 9269, .adv_w = 192, .box_w = 12, .box_h = 10, .ofs_x = 0, .ofs_y = -1},
    {.bitmap_index = 9304, .adv_w = 192, .box_w = 11, .box_h = 10, .ofs_x = 0, .ofs_y = -1},
    {.bitmap_index = 9351, .adv_w = 192, .box_w = 12, .box_h = 11, .ofs_x = 0, .ofs_y = -1},
    {.bitmap_index = 9408, .adv_w = 192, .box_w = 12, .box_h = 11, .ofs_x = 0, .ofs_y = -1},
    {.bitmap_index = 9470, .adv_w = 192, .box_w = 12, .box_h = 11, .ofs_x = 0, .ofs_y = -1},
    {.bitmap_index = 9528, .adv_w = 192, .box_w = 11, .box_h = 12, .ofs_x = 0, .ofs_y = -2},
    {.bitmap_index = 9588, .adv_w = 192, .box_w = 11, .box_h = 12, .ofs_x = 0, .ofs_y = -2},
    {.bitmap_index = 9638, .adv_w = 192, .box_w = 12, .box_h = 11, .ofs_x = 0, .ofs_y = -1},
    {.bitmap_index = 9693, .adv_w = 192, .box_w = 12, .box_h = 11, .ofs_x = 0, .ofs_y = -1},
    {.bitmap_index = 9749, .adv_w = 192, .box_w = 12, .box_h = 12, .ofs_x = 0, .ofs_y = -2},
    {.bitmap_index = 9815, .adv_w = 192, .box_w = 12, .box_h = 12, .ofs_x = 0, .ofs_y = -2},
    {.bitmap_index = 9880, .adv_w = 192, .box_w = 12, .box_h = 12, .ofs_x = 0, .ofs_y = -2},
    {.bitmap_index = 9949, .adv_w = 192, .box_w = 12, .box_h = 12, .ofs_x = 0, .ofs_y = -2},
    {.bitmap_index = 10011, .adv_w = 192, .box_w = 12, .box_h = 12, .ofs_x = 0, .ofs_y = -2},
    {.bitmap_index = 10078, .adv_w = 192, .box_w = 12, .box_h = 11, .ofs_x = 0, .ofs_y = -1},
    {.bitmap_index = 10139, .adv_w = 192, .box_w = 11, .box_h = 12, .ofs_x = 1, .ofs_y = -2},
    {.bitmap_index = 10201, .adv_w = 192, .box_w = 12, .box_h = 12, .ofs_x = 0, .ofs_y = -2},
    {.bitmap_index = 10269, .adv_w = 192, .box_w = 12, .box_h = 11, .ofs_x = 0, .ofs_y = -1},
    {.bitmap_index = 10323, .adv_w = 192, .box_w = 10, .box_h = 9, .ofs_x = 1, .ofs_y = -1},
    {.bitmap_index = 10340, .adv_w = 192, .box_w = 12, .box_h = 11, .ofs_x = 0, .ofs_y = -1},
    {.bitmap_index = 10384, .adv_w = 192, .box_w = 11, .box_h = 12, .ofs_x = 0, .ofs_y = -2},
    {.bitmap_index = 10438, .adv_w = 192, .box_w = 11, .box_h = 11, .ofs_x = 0, .ofs_y = -2},
    {.bitmap_index = 10483, .adv_w = 192, .box_w = 12, .box_h = 11, .ofs_x = 0, .ofs_y = -2},
    {.bitmap_index = 10522, .adv_w = 192, .box_w = 11, .box_h = 12, .ofs_x = 1, .ofs_y = -2},
    {.bitmap_index = 10576, .adv_w = 192, .box_w = 12, .box_h = 12, .ofs_x = 0, .ofs_y = -2},
    {.bitmap_index = 10633, .adv_w = 192, .box_w = 12, .box_h = 11, .ofs_x = 0, .ofs_y = -1},
    {.bitmap_index = 10682, .adv_w = 192, .box_w = 12, .box_h = 11, .ofs_x = 0, .ofs_y = -1},
    {.bitmap_index = 10721, .adv_w = 192, .box_w = 12, .box_h = 11, .ofs_x = 0, .ofs_y = -2},
    {.bitmap_index = 10771, .adv_w = 192, .box_w = 12, .box_h = 12, .ofs_x = 0, .ofs_y = -2},
    {.bitmap_index = 10830, .adv_w = 192, .box_w = 12, .box_h = 12, .ofs_x = 0, .ofs_y = -1},
    {.bitmap_index = 10882, .adv_w = 192, .box_w = 10, .box_h = 11, .ofs_x = 1, .ofs_y = -2},
    {.bitmap_index = 10919, .adv_w = 192, .box_w = 11, .box_h = 12, .ofs_x = 0, .ofs_y = -2},
    {.bitmap_index = 10973, .adv_w = 192, .box_w = 12, .box_h = 12, .ofs_x = 0, .ofs_y = -2},
    {.bitmap_index = 11030, .adv_w = 192, .box_w = 10, .box_h = 11, .ofs_x = 1, .ofs_y = -1},
    {.bitmap_index = 11074, .adv_w = 192, .box_w = 12, .box_h = 11, .ofs_x = 0, .ofs_y = -2},
    {.bitmap_index = 11131, .adv_w = 192, .box_w = 12, .box_h = 12, .ofs_x = 0, .ofs_y = -1},
    {.bitmap_index = 11187, .adv_w = 192, .box_w = 12, .box_h = 12, .ofs_x = 0, .ofs_y = -2},
    {.bitmap_index = 11243, .adv_w = 192, .box_w = 11, .box_h = 11, .ofs_x = 0, .ofs_y = -1},
    {.bitmap_index = 11290, .adv_w = 192, .box_w = 12, .box_h = 12, .ofs_x = 0, .ofs_y = -2},
    {.bitmap_index = 11349, .adv_w = 192, .box_w = 11, .box_h = 11, .ofs_x = 0, .ofs_y = -2},
    {.bitmap_index = 11403, .adv_w = 192, .box_w = 12, .box_h = 11, .ofs_x = 0, .ofs_y = -1},
    {.bitmap_index = 11458, .adv_w = 192, .box_w = 11, .box_h = 11, .ofs_x = 0, .ofs_y = -1},
    {.bitmap_index = 11510, .adv_w = 192, .box_w = 11, .box_h = 11, .ofs_x = 1, .ofs_y = -1},
    {.bitmap_index = 11560, .adv_w = 192, .box_w = 11, .box_h = 13, .ofs_x = 1, .ofs_y = -2},
    {.bitmap_index = 11624, .adv_w = 192, .box_w = 11, .box_h = 11, .ofs_x = 1, .ofs_y = -1},
    {.bitmap_index = 11683, .adv_w = 192, .box_w = 11, .box_h = 11, .ofs_x = 1, .ofs_y = -2},
    {.bitmap_index = 11741, .adv_w = 192, .box_w = 12, .box_h = 11, .ofs_x = 0, .ofs_y = -2},
    {.bitmap_index = 11803, .adv_w = 192, .box_w = 10, .box_h = 11, .ofs_x = 1, .ofs_y = -2},
    {.bitmap_index = 11847, .adv_w = 192, .box_w = 10, .box_h = 10, .ofs_x = 1, .ofs_y = -1},
    {.bitmap_index = 11880, .adv_w = 192, .box_w = 10, .box_h = 11, .ofs_x = 1, .ofs_y = -2},
    {.bitmap_index = 11926, .adv_w = 192, .box_w = 10, .box_h = 10, .ofs_x = 1, .ofs_y = -1},
    {.bitmap_index = 11972, .adv_w = 192, .box_w = 10, .box_h = 11, .ofs_x = 1, .ofs_y = -2},
    {.bitmap_index = 12017, .adv_w = 192, .box_w = 10, .box_h = 11, .ofs_x = 1, .ofs_y = -2},
    {.bitmap_index = 12065, .adv_w = 192, .box_w = 10, .box_h = 11, .ofs_x = 1, .ofs_y = -2},
    {.bitmap_index = 12113, .adv_w = 192, .box_w = 12, .box_h = 11, .ofs_x = 0, .ofs_y = -1},
    {.bitmap_index = 12168, .adv_w = 192, .box_w = 12, .box_h = 11, .ofs_x = 0, .ofs_y = -1},
    {.bitmap_index = 12227, .adv_w = 192, .box_w = 12, .box_h = 12, .ofs_x = 0, .ofs_y = -2},
    {.bitmap_index = 12292, .adv_w = 192, .box_w = 11, .box_h = 12, .ofs_x = 0, .ofs_y = -1},
    {.bitmap_index = 12349, .adv_w = 192, .box_w = 12, .box_h = 10, .ofs_x = 0, .ofs_y = -1},
    {.bitmap_index = 12400, .adv_w = 192, .box_w = 12, .box_h = 12, .ofs_x = 0, .ofs_y = -2},
    {.bitmap_index = 12459, .adv_w = 192, .box_w = 12, .box_h = 11, .ofs_x = 0, .ofs_y = -1},
    {.bitmap_index = 12518, .adv_w = 192, .box_w = 12, .box_h = 13, .ofs_x = 0, .ofs_y = -2},
    {.bitmap_index = 12587, .adv_w = 192, .box_w = 12, .box_h = 11, .ofs_x = 0, .ofs_y = -1},
    {.bitmap_index = 12649, .adv_w = 192, .box_w = 12, .box_h = 12, .ofs_x = 0, .ofs_y = -2},
    {.bitmap_index = 12711, .adv_w = 192, .box_w = 12, .box_h = 11, .ofs_x = 0, .ofs_y = -1},
    {.bitmap_index = 12772, .adv_w = 192, .box_w = 12, .box_h = 12, .ofs_x = 0, .ofs_y = -2},
    {.bitmap_index = 12832, .adv_w = 192, .box_w = 12, .box_h = 13, .ofs_x = 0, .ofs_y = -2},
    {.bitmap_index = 12899, .adv_w = 192, .box_w = 11, .box_h = 12, .ofs_x = 0, .ofs_y = -1},
    {.bitmap_index = 12957, .adv_w = 192, .box_w = 12, .box_h = 12, .ofs_x = 0, .ofs_y = -2},
    {.bitmap_index = 13017, .adv_w = 192, .box_w = 12, .box_h = 11, .ofs_x = 0, .ofs_y = -1},
    {.bitmap_index = 13075, .adv_w = 192, .box_w = 11, .box_h = 12, .ofs_x = 1, .ofs_y = -2},
    {.bitmap_index = 13139, .adv_w = 192, .box_w = 12, .box_h = 12, .ofs_x = 0, .ofs_y = -2},
    {.bitmap_index = 13196, .adv_w = 192, .box_w = 12, .box_h = 12, .ofs_x = 0, .ofs_y = -2},
    {.bitmap_index = 13260, .adv_w = 192, .box_w = 12, .box_h = 12, .ofs_x = 0, .ofs_y = -2},
    {.bitmap_index = 13321, .adv_w = 192, .box_w = 12, .box_h = 12, .ofs_x = 0, .ofs_y = -2},
    {.bitmap_index = 13385, .adv_w = 192, .box_w = 12, .box_h = 13, .ofs_x = 0, .ofs_y = -2},
    {.bitmap_index = 13453, .adv_w = 192, .box_w = 12, .box_h = 11, .ofs_x = 0, .ofs_y = -1},
    {.bitmap_index = 13512, .adv_w = 192, .box_w = 12, .box_h = 12, .ofs_x = 0, .ofs_y = -2},
    {.bitmap_index = 13573, .adv_w = 192, .box_w = 12, .box_h = 12, .ofs_x = 0, .ofs_y = -2},
    {.bitmap_index = 13641, .adv_w = 192, .box_w = 12, .box_h = 12, .ofs_x = 0, .ofs_y = -2},
    {.bitmap_index = 13685, .adv_w = 192, .box_w = 12, .box_h = 12, .ofs_x = 0, .ofs_y = -2},
    {.bitmap_index = 13738, .adv_w = 192, .box_w = 11, .box_h = 12, .ofs_x = 1, .ofs_y = -2},
    {.bitmap_index = 13789, .adv_w = 192, .box_w = 12, .box_h = 11, .ofs_x = 0, .ofs_y = -1},
    {.bitmap_index = 13845, .adv_w = 192, .box_w = 11, .box_h = 12, .ofs_x = 0, .ofs_y = -2},
    {.bitmap_index = 13894, .adv_w = 192, .box_w = 12, .box_h = 12, .ofs_x = 0, .ofs_y = -2},
    {.bitmap_index = 13958, .adv_w = 192, .box_w = 12, .box_h = 13, .ofs_x = 0, .ofs_y = -2},
    {.bitmap_index = 14023, .adv_w = 192, .box_w = 11, .box_h = 12, .ofs_x = 0, .ofs_y = -2},
    {.bitmap_index = 14084, .adv_w = 192, .box_w = 11, .box_h = 11, .ofs_x = 0, .ofs_y = -1},
    {.bitmap_index = 14129, .adv_w = 192, .box_w = 12, .box_h = 12, .ofs_x = 0, .ofs_y = -2},
    {.bitmap_index = 14190, .adv_w = 192, .box_w = 12, .box_h = 12, .ofs_x = 0, .ofs_y = -2},
    {.bitmap_index = 14255, .adv_w = 192, .box_w = 12, .box_h = 11, .ofs_x = 0, .ofs_y = -1},
    {.bitmap_index = 14314, .adv_w = 192, .box_w = 12, .box_h = 11, .ofs_x = 0, .ofs_y = -1},
    {.bitmap_index = 14371, .adv_w = 192, .box_w = 12, .box_h = 13, .ofs_x = 0, .ofs_y = -2},
    {.bitmap_index = 14438, .adv_w = 192, .box_w = 12, .box_h = 12, .ofs_x = 0, .ofs_y = -1},
    {.bitmap_index = 14497, .adv_w = 192, .box_w = 12, .box_h = 12, .ofs_x = 0, .ofs_y = -2},
    {.bitmap_index = 14556, .adv_w = 192, .box_w = 12, .box_h = 12, .ofs_x = 0, .ofs_y = -2},
    {.bitmap_index = 14614, .adv_w = 192, .box_w = 12, .box_h = 13, .ofs_x = 0, .ofs_y = -2},
    {.bitmap_index = 14681, .adv_w = 192, .box_w = 12, .box_h = 12, .ofs_x = 0, .ofs_y = -2},
    {.bitmap_index = 14746, .adv_w = 192, .box_w = 11, .box_h = 11, .ofs_x = 1, .ofs_y = -1},
    {.bitmap_index = 14788, .adv_w = 192, .box_w = 12, .box_h = 11, .ofs_x = 0, .ofs_y = -1},
    {.bitmap_index = 14840, .adv_w = 192, .box_w = 12, .box_h = 12, .ofs_x = 0, .ofs_y = -2},
    {.bitmap_index = 14905, .adv_w = 192, .box_w = 12, .box_h = 12, .ofs_x = 0, .ofs_y = -2},
    {.bitmap_index = 14976, .adv_w = 192, .box_w = 12, .box_h = 11, .ofs_x = 0, .ofs_y = -2},
    {.bitmap_index = 15037, .adv_w = 192, .box_w = 11, .box_h = 10, .ofs_x = 0, .ofs_y = -1},
    {.bitmap_index = 15084, .adv_w = 192, .box_w = 12, .box_h = 11, .ofs_x = 0, .ofs_y = -2},
    {.bitmap_index = 15142, .adv_w = 192, .box_w = 12, .box_h = 11, .ofs_x = 0, .ofs_y = -2},
    {.bitmap_index = 15203, .adv_w = 192, .box_w = 12, .box_h = 11, .ofs_x = 0, .ofs_y = -2},
    {.bitmap_index = 15262, .adv_w = 192, .box_w = 12, .box_h = 11, .ofs_x = 0, .ofs_y = -2},
    {.bitmap_index = 15323, .adv_w = 192, .box_w = 11, .box_h = 11, .ofs_x = 0, .ofs_y = -2},
    {.bitmap_index = 15380, .adv_w = 192, .box_w = 12, .box_h = 12, .ofs_x = 0, .ofs_y = -2},
    {.bitmap_index = 15445, .adv_w = 192, .box_w = 12, .box_h = 12, .ofs_x = 0, .ofs_y = -2},
    {.bitmap_index = 15514, .adv_w = 192, .box_w = 12, .box_h = 10, .ofs_x = 0, .ofs_y = -1},
    {.bitmap_index = 15539, .adv_w = 192, .box_w = 12, .box_h = 12, .ofs_x = 0, .ofs_y = -1},
    {.bitmap_index = 15593, .adv_w = 192, .box_w = 12, .box_h = 11, .ofs_x = 0, .ofs_y = -1},
    {.bitmap_index = 15655, .adv_w = 192, .box_w = 11, .box_h = 10, .ofs_x = 1, .ofs_y = -1},
    {.bitmap_index = 15691, .adv_w = 192, .box_w = 12, .box_h = 11, .ofs_x = 0, .ofs_y = -1},
    {.bitmap_index = 15744, .adv_w = 192, .box_w = 12, .box_h = 11, .ofs_x = 0, .ofs_y = -1},
    {.bitmap_index = 15808, .adv_w = 192, .box_w = 13, .box_h = 12, .ofs_x = 0, .ofs_y = -2},
    {.bitmap_index = 15872, .adv_w = 192, .box_w = 12, .box_h = 11, .ofs_x = 0, .ofs_y = -1},
    {.bitmap_index = 15934, .adv_w = 192, .box_w = 12, .box_h = 11, .ofs_x = 0, .ofs_y = -1},
    {.bitmap_index = 15998, .adv_w = 192, .box_w = 12, .box_h = 10, .ofs_x = 0, .ofs_y = -1},
    {.bitmap_index = 16028, .adv_w = 192, .box_w = 12, .box_h = 11, .ofs_x = 0, .ofs_y = -1},
    {.bitmap_index = 16075, .adv_w = 192, .box_w = 12, .box_h = 12, .ofs_x = 0, .ofs_y = -2},
    {.bitmap_index = 16135, .adv_w = 192, .box_w = 12, .box_h = 11, .ofs_x = 0, .ofs_y = -1},
    {.bitmap_index = 16193, .adv_w = 192, .box_w = 12, .box_h = 12, .ofs_x = 0, .ofs_y = -1},
    {.bitmap_index = 16253, .adv_w = 192, .box_w = 12, .box_h = 12, .ofs_x = 0, .ofs_y = -2},
    {.bitmap_index = 16317, .adv_w = 192, .box_w = 12, .box_h = 13, .ofs_x = 0, .ofs_y = -2},
    {.bitmap_index = 16384, .adv_w = 192, .box_w = 12, .box_h = 13, .ofs_x = 0, .ofs_y = -2},
    {.bitmap_index = 16455, .adv_w = 192, .box_w = 12, .box_h = 12, .ofs_x = 0, .ofs_y = -2},
    {.bitmap_index = 16520, .adv_w = 192, .box_w = 12, .box_h = 11, .ofs_x = 0, .ofs_y = -1},
    {.bitmap_index = 16583, .adv_w = 192, .box_w = 12, .box_h = 12, .ofs_x = 0, .ofs_y = -2},
    {.bitmap_index = 16649, .adv_w = 192, .box_w = 12, .box_h = 12, .ofs_x = 0, .ofs_y = -2},
    {.bitmap_index = 16719, .adv_w = 192, .box_w = 12, .box_h = 11, .ofs_x = 0, .ofs_y = -1},
    {.bitmap_index = 16765, .adv_w = 192, .box_w = 12, .box_h = 11, .ofs_x = 0, .ofs_y = -2},
    {.bitmap_index = 16823, .adv_w = 192, .box_w = 12, .box_h = 12, .ofs_x = 0, .ofs_y = -2},
    {.bitmap_index = 16888, .adv_w = 192, .box_w = 12, .box_h = 13, .ofs_x = 0, .ofs_y = -2},
    {.bitmap_index = 16950, .adv_w = 192, .box_w = 10, .box_h = 12, .ofs_x = 1, .ofs_y = -2},
    {.bitmap_index = 16999, .adv_w = 192, .box_w = 12, .box_h = 11, .ofs_x = 0, .ofs_y = -1},
    {.bitmap_index = 17065, .adv_w = 192, .box_w = 12, .box_h = 11, .ofs_x = 0, .ofs_y = -1},
    {.bitmap_index = 17128, .adv_w = 192, .box_w = 11, .box_h = 11, .ofs_x = 0, .ofs_y = -1},
    {.bitmap_index = 17177, .adv_w = 192, .box_w = 11, .box_h = 11, .ofs_x = 1, .ofs_y = -1},
    {.bitmap_index = 17229, .adv_w = 192, .box_w = 12, .box_h = 12, .ofs_x = 0, .ofs_y = -2},
    {.bitmap_index = 17291, .adv_w = 192, .box_w = 12, .box_h = 12, .ofs_x = 0, .ofs_y = -2},
    {.bitmap_index = 17354, .adv_w = 192, .box_w = 12, .box_h = 12, .ofs_x = 0, .ofs_y = -2},
    {.bitmap_index = 17422, .adv_w = 192, .box_w = 12, .box_h = 12, .ofs_x = 0, .ofs_y = -1},
    {.bitmap_index = 17477, .adv_w = 192, .box_w = 12, .box_h = 11, .ofs_x = 0, .ofs_y = -1},
    {.bitmap_index = 17533, .adv_w = 192, .box_w = 12, .box_h = 11, .ofs_x = 0, .ofs_y = -1},
    {.bitmap_index = 17591, .adv_w = 192, .box_w = 12, .box_h = 12, .ofs_x = 0, .ofs_y = -2},
    {.bitmap_index = 17652, .adv_w = 192, .box_w = 12, .box_h = 12, .ofs_x = 0, .ofs_y = -2},
    {.bitmap_index = 17721, .adv_w = 192, .box_w = 12, .box_h = 12, .ofs_x = 0, .ofs_y = -2},
    {.bitmap_index = 17775, .adv_w = 192, .box_w = 12, .box_h = 11, .ofs_x = 0, .ofs_y = -1},
    {.bitmap_index = 17836, .adv_w = 192, .box_w = 12, .box_h = 12, .ofs_x = 0, .ofs_y = -2},
    {.bitmap_index = 17898, .adv_w = 192, .box_w = 12, .box_h = 12, .ofs_x = 0, .ofs_y = -1},
    {.bitmap_index = 17957, .adv_w = 192, .box_w = 12, .box_h = 11, .ofs_x = 0, .ofs_y = -1},
    {.bitmap_index = 18018, .adv_w = 192, .box_w = 12, .box_h = 11, .ofs_x = 0, .ofs_y = -1},
    {.bitmap_index = 18080, .adv_w = 192, .box_w = 12, .box_h = 12, .ofs_x = 0, .ofs_y = -1},
    {.bitmap_index = 18130, .adv_w = 192, .box_w = 11, .box_h = 12, .ofs_x = 0, .ofs_y = -2},
    {.bitmap_index = 18190, .adv_w = 192, .box_w = 12, .box_h = 12, .ofs_x = 0, .ofs_y = -2},
    {.bitmap_index = 18255, .adv_w = 192, .box_w = 12, .box_h = 11, .ofs_x = 0, .ofs_y = -1},
    {.bitmap_index = 18308, .adv_w = 192, .box_w = 12, .box_h = 11, .ofs_x = 0, .ofs_y = -1},
    {.bitmap_index = 18365, .adv_w = 192, .box_w = 12, .box_h = 11, .ofs_x = 0, .ofs_y = -1},
    {.bitmap_index = 18421, .adv_w = 192, .box_w = 12, .box_h = 12, .ofs_x = 0, .ofs_y = -2},
    {.bitmap_index = 18485, .adv_w = 192, .box_w = 12, .box_h = 11, .ofs_x = 0, .ofs_y = -1},
    {.bitmap_index = 18548, .adv_w = 192, .box_w = 12, .box_h = 11, .ofs_x = 0, .ofs_y = -1},
    {.bitmap_index = 18605, .adv_w = 192, .box_w = 12, .box_h = 13, .ofs_x = 0, .ofs_y = -2},
    {.bitmap_index = 18675, .adv_w = 192, .box_w = 12, .box_h = 13, .ofs_x = 0, .ofs_y = -2},
    {.bitmap_index = 18741, .adv_w = 192, .box_w = 12, .box_h = 12, .ofs_x = 0, .ofs_y = -2},
    {.bitmap_index = 18813, .adv_w = 192, .box_w = 12, .box_h = 12, .ofs_x = 0, .ofs_y = -2},
    {.bitmap_index = 18884, .adv_w = 192, .box_w = 11, .box_h = 12, .ofs_x = 0, .ofs_y = -1},
    {.bitmap_index = 18926, .adv_w = 192, .box_w = 12, .box_h = 12, .ofs_x = 0, .ofs_y = -2},
    {.bitmap_index = 18990, .adv_w = 192, .box_w = 12, .box_h = 13, .ofs_x = 0, .ofs_y = -2},
    {.bitmap_index = 19059, .adv_w = 192, .box_w = 12, .box_h = 12, .ofs_x = 0, .ofs_y = -2},
    {.bitmap_index = 19106, .adv_w = 192, .box_w = 12, .box_h = 12, .ofs_x = 0, .ofs_y = -2},
    {.bitmap_index = 19161, .adv_w = 192, .box_w = 12, .box_h = 13, .ofs_x = 0, .ofs_y = -2},
    {.bitmap_index = 19227, .adv_w = 192, .box_w = 12, .box_h = 13, .ofs_x = 0, .ofs_y = -2},
    {.bitmap_index = 19283, .adv_w = 192, .box_w = 12, .box_h = 12, .ofs_x = 0, .ofs_y = -2},
    {.bitmap_index = 19338, .adv_w = 192, .box_w = 12, .box_h = 12, .ofs_x = 0, .ofs_y = -2},
    {.bitmap_index = 19406, .adv_w = 192, .box_w = 12, .box_h = 13, .ofs_x = 0, .ofs_y = -2},
    {.bitmap_index = 19467, .adv_w = 192, .box_w = 12, .box_h = 13, .ofs_x = 0, .ofs_y = -2},
    {.bitmap_index = 19538, .adv_w = 192, .box_w = 12, .box_h = 12, .ofs_x = 0, .ofs_y = -2},
    {.bitmap_index = 19601, .adv_w = 192, .box_w = 12, .box_h = 12, .ofs_x = 0, .ofs_y = -2},
    {.bitmap_index = 19659, .adv_w = 192, .box_w = 12, .box_h = 11, .ofs_x = 0, .ofs_y = -1},
    {.bitmap_index = 19714, .adv_w = 192, .box_w = 11, .box_h = 13, .ofs_x = 0, .ofs_y = -2},
    {.bitmap_index = 19772, .adv_w = 192, .box_w = 12, .box_h = 12, .ofs_x = 0, .ofs_y = -2},
    {.bitmap_index = 19839, .adv_w = 192, .box_w = 12, .box_h = 13, .ofs_x = 0, .ofs_y = -2},
    {.bitmap_index = 19909, .adv_w = 192, .box_w = 12, .box_h = 12, .ofs_x = 0, .ofs_y = -2},
    {.bitmap_index = 19971, .adv_w = 192, .box_w = 12, .box_h = 12, .ofs_x = 0, .ofs_y = -2},
    {.bitmap_index = 20041, .adv_w = 192, .box_w = 12, .box_h = 11, .ofs_x = 0, .ofs_y = -1},
    {.bitmap_index = 20105, .adv_w = 192, .box_w = 12, .box_h = 13, .ofs_x = 0, .ofs_y = -2},
    {.bitmap_index = 20178, .adv_w = 192, .box_w = 12, .box_h = 11, .ofs_x = 0, .ofs_y = -1},
    {.bitmap_index = 20239, .adv_w = 192, .box_w = 12, .box_h = 11, .ofs_x = 0, .ofs_y = -1},
    {.bitmap_index = 20303, .adv_w = 192, .box_w = 12, .box_h = 11, .ofs_x = 0, .ofs_y = -1},
    {.bitmap_index = 20363, .adv_w = 192, .box_w = 12, .box_h = 11, .ofs_x = 0, .ofs_y = -1},
    {.bitmap_index = 20425, .adv_w = 192, .box_w = 12, .box_h = 12, .ofs_x = 0, .ofs_y = -2},
    {.bitmap_index = 20484, .adv_w = 192, .box_w = 11, .box_h = 11, .ofs_x = 0, .ofs_y = -1},
    {.bitmap_index = 20539, .adv_w = 192, .box_w = 12, .box_h = 13, .ofs_x = 0, .ofs_y = -2},
    {.bitmap_index = 20609, .adv_w = 192, .box_w = 12, .box_h = 13, .ofs_x = 0, .ofs_y = -2},
    {.bitmap_index = 20679, .adv_w = 192, .box_w = 12, .box_h = 12, .ofs_x = 0, .ofs_y = -2},
    {.bitmap_index = 20744, .adv_w = 192, .box_w = 12, .box_h = 12, .ofs_x = 0, .ofs_y = -2},
    {.bitmap_index = 20815, .adv_w = 192, .box_w = 12, .box_h = 12, .ofs_x = 0, .ofs_y = -2},
    {.bitmap_index = 20882, .adv_w = 192, .box_w = 12, .box_h = 11, .ofs_x = 0, .ofs_y = -1},
    {.bitmap_index = 20940, .adv_w = 192, .box_w = 12, .box_h = 12, .ofs_x = 0, .ofs_y = -2},
    {.bitmap_index = 21002, .adv_w = 192, .box_w = 12, .box_h = 11, .ofs_x = 0, .ofs_y = -1},
    {.bitmap_index = 21063, .adv_w = 192, .box_w = 12, .box_h = 13, .ofs_x = 0, .ofs_y = -2},
    {.bitmap_index = 21135, .adv_w = 192, .box_w = 12, .box_h = 13, .ofs_x = 0, .ofs_y = -2},
    {.bitmap_index = 21197, .adv_w = 192, .box_w = 12, .box_h = 12, .ofs_x = 0, .ofs_y = -1},
    {.bitmap_index = 21263, .adv_w = 192, .box_w = 12, .box_h = 13, .ofs_x = 0, .ofs_y = -2},
    {.bitmap_index = 21334, .adv_w = 192, .box_w = 12, .box_h = 12, .ofs_x = 0, .ofs_y = -2},
    {.bitmap_index = 21401, .adv_w = 192, .box_w = 12, .box_h = 12, .ofs_x = 0, .ofs_y = -2},
    {.bitmap_index = 21465, .adv_w = 192, .box_w = 12, .box_h = 13, .ofs_x = 0, .ofs_y = -2},
    {.bitmap_index = 21538, .adv_w = 192, .box_w = 12, .box_h = 12, .ofs_x = 0, .ofs_y = -2},
    {.bitmap_index = 21607, .adv_w = 192, .box_w = 12, .box_h = 12, .ofs_x = 0, .ofs_y = -1},
    {.bitmap_index = 21672, .adv_w = 192, .box_w = 12, .box_h = 11, .ofs_x = 0, .ofs_y = -1},
    {.bitmap_index = 21736, .adv_w = 192, .box_w = 12, .box_h = 11, .ofs_x = 0, .ofs_y = -1},
    {.bitmap_index = 21801, .adv_w = 192, .box_w = 12, .box_h = 12, .ofs_x = 0, .ofs_y = -1},
    {.bitmap_index = 21869, .adv_w = 192, .box_w = 12, .box_h = 12, .ofs_x = 0, .ofs_y = -1},
    {.bitmap_index = 21936, .adv_w = 192, .box_w = 12, .box_h = 11, .ofs_x = 0, .ofs_y = -2},
    {.bitmap_index = 21990, .adv_w = 192, .box_w = 12, .box_h = 13, .ofs_x = 0, .ofs_y = -2},
    {.bitmap_index = 22055, .adv_w = 192, .box_w = 12, .box_h = 12, .ofs_x = 0, .ofs_y = -2},
    {.bitmap_index = 22118, .adv_w = 192, .box_w = 12, .box_h = 12, .ofs_x = 0, .ofs_y = -2},
    {.bitmap_index = 22188, .adv_w = 192, .box_w = 12, .box_h = 13, .ofs_x = 0, .ofs_y = -2},
    {.bitmap_index = 22261, .adv_w = 192, .box_w = 12, .box_h = 12, .ofs_x = 0, .ofs_y = -2},
    {.bitmap_index = 22332, .adv_w = 192, .box_w = 12, .box_h = 12, .ofs_x = 0, .ofs_y = -2},
    {.bitmap_index = 22403, .adv_w = 192, .box_w = 12, .box_h = 12, .ofs_x = 0, .ofs_y = -1},
    {.bitmap_index = 22471, .adv_w = 192, .box_w = 12, .box_h = 12, .ofs_x = 0, .ofs_y = -2},
    {.bitmap_index = 22530, .adv_w = 192, .box_w = 12, .box_h = 12, .ofs_x = 0, .ofs_y = -1},
    {.bitmap_index = 22595, .adv_w = 192, .box_w = 12, .box_h = 11, .ofs_x = 0, .ofs_y = -1},
    {.bitmap_index = 22651, .adv_w = 192, .box_w = 12, .box_h = 12, .ofs_x = 0, .ofs_y = -2},
    {.bitmap_index = 22714, .adv_w = 192, .box_w = 12, .box_h = 12, .ofs_x = 0, .ofs_y = -2},
    {.bitmap_index = 22781, .adv_w = 192, .box_w = 12, .box_h = 12, .ofs_x = 0, .ofs_y = -2},
    {.bitmap_index = 22840, .adv_w = 192, .box_w = 12, .box_h = 13, .ofs_x = 0, .ofs_y = -2},
    {.bitmap_index = 22913, .adv_w = 192, .box_w = 12, .box_h = 11, .ofs_x = 0, .ofs_y = -2},
    {.bitmap_index = 22963, .adv_w = 192, .box_w = 8, .box_h = 10, .ofs_x = 2, .ofs_y = -1},
    {.bitmap_index = 22989, .adv_w = 192, .box_w = 10, .box_h = 11, .ofs_x = 1, .ofs_y = -2},
    {.bitmap_index = 23021, .adv_w = 192, .box_w = 11, .box_h = 10, .ofs_x = 0, .ofs_y = -1},
    {.bitmap_index = 23063, .adv_w = 192, .box_w = 12, .box_h = 11, .ofs_x = 0, .ofs_y = -1},
    {.bitmap_index = 23116, .adv_w = 192, .box_w = 10, .box_h = 11, .ofs_x = 1, .ofs_y = -2},
    {.bitmap_index = 23168, .adv_w = 192, .box_w = 11, .box_h = 11, .ofs_x = 0, .ofs_y = -2},
    {.bitmap_index = 23221, .adv_w = 192, .box_w = 12, .box_h = 12, .ofs_x = 0, .ofs_y = -2},
    {.bitmap_index = 23285, .adv_w = 192, .box_w = 11, .box_h = 11, .ofs_x = 1, .ofs_y = -2},
    {.bitmap_index = 23337, .adv_w = 192, .box_w = 12, .box_h = 10, .ofs_x = 0, .ofs_y = -1},
    {.bitmap_index = 23389, .adv_w = 192, .box_w = 13, .box_h = 11, .ofs_x = 0, .ofs_y = -2},
    {.bitmap_index = 23453, .adv_w = 192, .box_w = 12, .box_h = 11, .ofs_x = 0, .ofs_y = -1},
    {.bitmap_index = 23509, .adv_w = 192, .box_w = 12, .box_h = 11, .ofs_x = 0, .ofs_y = -1},
    {.bitmap_index = 23563, .adv_w = 192, .box_w = 12, .box_h = 12, .ofs_x = 0, .ofs_y = -2},
    {.bitmap_index = 23630, .adv_w = 192, .box_w = 12, .box_h = 11, .ofs_x = 0, .ofs_y = -1},
    {.bitmap_index = 23688, .adv_w = 192, .box_w = 12, .box_h = 11, .ofs_x = 0, .ofs_y = -2},
    {.bitmap_index = 23750, .adv_w = 192, .box_w = 10, .box_h = 12, .ofs_x = 1, .ofs_y = -1},
    {.bitmap_index = 23798, .adv_w = 192, .box_w = 12, .box_h = 11, .ofs_x = 0, .ofs_y = -2},
    {.bitmap_index = 23855, .adv_w = 192, .box_w = 12, .box_h = 11, .ofs_x = 0, .ofs_y = -1},
    {.bitmap_index = 23915, .adv_w = 192, .box_w = 12, .box_h = 11, .ofs_x = 0, .ofs_y = -2},
    {.bitmap_index = 23973, .adv_w = 192, .box_w = 12, .box_h = 12, .ofs_x = 0, .ofs_y = -2},
    {.bitmap_index = 24031, .adv_w = 192, .box_w = 12, .box_h = 12, .ofs_x = 0, .ofs_y = -2},
    {.bitmap_index = 24099, .adv_w = 192, .box_w = 12, .box_h = 11, .ofs_x = 0, .ofs_y = -1},
    {.bitmap_index = 24154, .adv_w = 192, .box_w = 12, .box_h = 11, .ofs_x = 0, .ofs_y = -1},
    {.bitmap_index = 24209, .adv_w = 192, .box_w = 12, .box_h = 11, .ofs_x = 0, .ofs_y = -1},
    {.bitmap_index = 24264, .adv_w = 192, .box_w = 12, .box_h = 12, .ofs_x = 0, .ofs_y = -2},
    {.bitmap_index = 24324, .adv_w = 192, .box_w = 12, .box_h = 12, .ofs_x = 0, .ofs_y = -2},
    {.bitmap_index = 24392, .adv_w = 192, .box_w = 12, .box_h = 11, .ofs_x = 0, .ofs_y = -1},
    {.bitmap_index = 24452, .adv_w = 192, .box_w = 12, .box_h = 11, .ofs_x = 0, .ofs_y = -1},
    {.bitmap_index = 24514, .adv_w = 192, .box_w = 12, .box_h = 12, .ofs_x = 0, .ofs_y = -2},
    {.bitmap_index = 24585, .adv_w = 192, .box_w = 12, .box_h = 12, .ofs_x = 0, .ofs_y = -2},
    {.bitmap_index = 24656, .adv_w = 192, .box_w = 12, .box_h = 13, .ofs_x = 0, .ofs_y = -2},
    {.bitmap_index = 24721, .adv_w = 192, .box_w = 12, .box_h = 12, .ofs_x = 0, .ofs_y = -2},
    {.bitmap_index = 24785, .adv_w = 192, .box_w = 12, .box_h = 13, .ofs_x = 0, .ofs_y = -2},
    {.bitmap_index = 24855, .adv_w = 192, .box_w = 12, .box_h = 10, .ofs_x = 0, .ofs_y = -1},
    {.bitmap_index = 24913, .adv_w = 192, .box_w = 12, .box_h = 11, .ofs_x = 0, .ofs_y = -1},
    {.bitmap_index = 24975, .adv_w = 192, .box_w = 11, .box_h = 11, .ofs_x = 0, .ofs_y = -1},
    {.bitmap_index = 25031, .adv_w = 192, .box_w = 12, .box_h = 12, .ofs_x = 0, .ofs_y = -1},
    {.bitmap_index = 25093, .adv_w = 192, .box_w = 12, .box_h = 12, .ofs_x = 0, .ofs_y = -1},
    {.bitmap_index = 25159, .adv_w = 192, .box_w = 12, .box_h = 11, .ofs_x = 0, .ofs_y = -1},
    {.bitmap_index = 25214, .adv_w = 192, .box_w = 11, .box_h = 12, .ofs_x = 0, .ofs_y = -1},
    {.bitmap_index = 25274, .adv_w = 192, .box_w = 12, .box_h = 11, .ofs_x = 0, .ofs_y = -1},
    {.bitmap_index = 25334, .adv_w = 192, .box_w = 12, .box_h = 13, .ofs_x = 0, .ofs_y = -2},
    {.bitmap_index = 25401, .adv_w = 192, .box_w = 12, .box_h = 12, .ofs_x = 0, .ofs_y = -1},
    {.bitmap_index = 25460, .adv_w = 192, .box_w = 12, .box_h = 12, .ofs_x = 0, .ofs_y = -2},
    {.bitmap_index = 25524, .adv_w = 192, .box_w = 12, .box_h = 13, .ofs_x = 0, .ofs_y = -2},
    {.bitmap_index = 25594, .adv_w = 192, .box_w = 11, .box_h = 12, .ofs_x = 0, .ofs_y = -1},
    {.bitmap_index = 25653, .adv_w = 192, .box_w = 12, .box_h = 13, .ofs_x = 0, .ofs_y = -2},
    {.bitmap_index = 25722, .adv_w = 192, .box_w = 12, .box_h = 11, .ofs_x = 0, .ofs_y = -2},
    {.bitmap_index = 25786, .adv_w = 192, .box_w = 12, .box_h = 12, .ofs_x = 0, .ofs_y = -2},
    {.bitmap_index = 25852, .adv_w = 192, .box_w = 12, .box_h = 11, .ofs_x = 0, .ofs_y = -1},
    {.bitmap_index = 25910, .adv_w = 192, .box_w = 12, .box_h = 11, .ofs_x = 0, .ofs_y = -1},
    {.bitmap_index = 25969, .adv_w = 192, .box_w = 12, .box_h = 11, .ofs_x = 0, .ofs_y = -1},
    {.bitmap_index = 26028, .adv_w = 192, .box_w = 12, .box_h = 11, .ofs_x = 0, .ofs_y = -1},
    {.bitmap_index = 26094, .adv_w = 192, .box_w = 12, .box_h = 12, .ofs_x = 0, .ofs_y = -1},
    {.bitmap_index = 26160, .adv_w = 192, .box_w = 12, .box_h = 12, .ofs_x = 0, .ofs_y = -1},
    {.bitmap_index = 26225, .adv_w = 192, .box_w = 12, .box_h = 12, .ofs_x = 0, .ofs_y = -2},
    {.bitmap_index = 26294, .adv_w = 192, .box_w = 12, .box_h = 13, .ofs_x = 0, .ofs_y = -2},
    {.bitmap_index = 26365, .adv_w = 192, .box_w = 12, .box_h = 11, .ofs_x = 0, .ofs_y = -1},
    {.bitmap_index = 26429, .adv_w = 192, .box_w = 12, .box_h = 12, .ofs_x = 0, .ofs_y = -2},
    {.bitmap_index = 26497, .adv_w = 192, .box_w = 12, .box_h = 12, .ofs_x = 0, .ofs_y = -2},
    {.bitmap_index = 26562, .adv_w = 192, .box_w = 12, .box_h = 12, .ofs_x = 0, .ofs_y = -2},
    {.bitmap_index = 26630, .adv_w = 192, .box_w = 12, .box_h = 10, .ofs_x = 0, .ofs_y = -1},
    {.bitmap_index = 26664, .adv_w = 192, .box_w = 12, .box_h = 10, .ofs_x = 0, .ofs_y = -1},
    {.bitmap_index = 26703, .adv_w = 192, .box_w = 12, .box_h = 12, .ofs_x = 0, .ofs_y = -2},
    {.bitmap_index = 26758, .adv_w = 192, .box_w = 12, .box_h = 11, .ofs_x = 0, .ofs_y = -1},
    {.bitmap_index = 26814, .adv_w = 192, .box_w = 12, .box_h = 12, .ofs_x = 0, .ofs_y = -2},
    {.bitmap_index = 26880, .adv_w = 192, .box_w = 11, .box_h = 11, .ofs_x = 0, .ofs_y = -2},
    {.bitmap_index = 26938, .adv_w = 192, .box_w = 12, .box_h = 11, .ofs_x = 0, .ofs_y = -1},
    {.bitmap_index = 27003, .adv_w = 192, .box_w = 12, .box_h = 12, .ofs_x = 0, .ofs_y = -2},
    {.bitmap_index = 27074, .adv_w = 192, .box_w = 12, .box_h = 12, .ofs_x = 0, .ofs_y = -2},
    {.bitmap_index = 27142, .adv_w = 192, .box_w = 12, .box_h = 12, .ofs_x = 0, .ofs_y = -2},
    {.bitmap_index = 27212, .adv_w = 192, .box_w = 12, .box_h = 12, .ofs_x = 0, .ofs_y = -2},
    {.bitmap_index = 27274, .adv_w = 192, .box_w = 12, .box_h = 11, .ofs_x = 0, .ofs_y = -1},
    {.bitmap_index = 27322, .adv_w = 192, .box_w = 12, .box_h = 12, .ofs_x = 0, .ofs_y = -1},
    {.bitmap_index = 27386, .adv_w = 192, .box_w = 12, .box_h = 12, .ofs_x = 0, .ofs_y = -2},
    {.bitmap_index = 27435, .adv_w = 192, .box_w = 12, .box_h = 13, .ofs_x = 0, .ofs_y = -2},
    {.bitmap_index = 27501, .adv_w = 192, .box_w = 12, .box_h = 12, .ofs_x = 0, .ofs_y = -2},
    {.bitmap_index = 27566, .adv_w = 192, .box_w = 12, .box_h = 12, .ofs_x = 0, .ofs_y = -2},
    {.bitmap_index = 27631, .adv_w = 192, .box_w = 12, .box_h = 11, .ofs_x = 0, .ofs_y = -1},
    {.bitmap_index = 27694, .adv_w = 192, .box_w = 12, .box_h = 11, .ofs_x = 0, .ofs_y = -1},
    {.bitmap_index = 27753, .adv_w = 192, .box_w = 12, .box_h = 11, .ofs_x = 0, .ofs_y = -2},
    {.bitmap_index = 27808, .adv_w = 192, .box_w = 12, .box_h = 11, .ofs_x = 0, .ofs_y = -1},
    {.bitmap_index = 27870, .adv_w = 192, .box_w = 12, .box_h = 13, .ofs_x = 0, .ofs_y = -2},
    {.bitmap_index = 27933, .adv_w = 192, .box_w = 12, .box_h = 12, .ofs_x = 0, .ofs_y = -2},
    {.bitmap_index = 27999, .adv_w = 192, .box_w = 12, .box_h = 12, .ofs_x = 0, .ofs_y = -2},
    {.bitmap_index = 28070, .adv_w = 192, .box_w = 12, .box_h = 12, .ofs_x = 0, .ofs_y = -2},
    {.bitmap_index = 28138, .adv_w = 192, .box_w = 11, .box_h = 12, .ofs_x = 0, .ofs_y = -2},
    {.bitmap_index = 28198, .adv_w = 192, .box_w = 12, .box_h = 12, .ofs_x = 0, .ofs_y = -2},
    {.bitmap_index = 28265, .adv_w = 192, .box_w = 12, .box_h = 12, .ofs_x = 0, .ofs_y = -2},
    {.bitmap_index = 28334, .adv_w = 192, .box_w = 12, .box_h = 12, .ofs_x = 0, .ofs_y = -1},
    {.bitmap_index = 28404, .adv_w = 192, .box_w = 12, .box_h = 11, .ofs_x = 0, .ofs_y = -1},
    {.bitmap_index = 28467, .adv_w = 192, .box_w = 12, .box_h = 13, .ofs_x = 0, .ofs_y = -2},
    {.bitmap_index = 28543, .adv_w = 192, .box_w = 12, .box_h = 12, .ofs_x = 0, .ofs_y = -2},
    {.bitmap_index = 28611, .adv_w = 192, .box_w = 12, .box_h = 13, .ofs_x = 0, .ofs_y = -2},
    {.bitmap_index = 28680, .adv_w = 192, .box_w = 12, .box_h = 12, .ofs_x = 0, .ofs_y = -2},
    {.bitmap_index = 28749, .adv_w = 192, .box_w = 12, .box_h = 12, .ofs_x = 0, .ofs_y = -2},
    {.bitmap_index = 28816, .adv_w = 192, .box_w = 12, .box_h = 12, .ofs_x = 0, .ofs_y = -1},
    {.bitmap_index = 28881, .adv_w = 192, .box_w = 12, .box_h = 13, .ofs_x = 0, .ofs_y = -2},
    {.bitmap_index = 28955, .adv_w = 192, .box_w = 12, .box_h = 12, .ofs_x = 0, .ofs_y = -2},
    {.bitmap_index = 29027, .adv_w = 192, .box_w = 12, .box_h = 12, .ofs_x = 0, .ofs_y = -2},
    {.bitmap_index = 29095, .adv_w = 192, .box_w = 12, .box_h = 12, .ofs_x = 0, .ofs_y = -2},
    {.bitmap_index = 29165, .adv_w = 192, .box_w = 12, .box_h = 11, .ofs_x = 0, .ofs_y = -2},
    {.bitmap_index = 29226, .adv_w = 192, .box_w = 12, .box_h = 13, .ofs_x = 0, .ofs_y = -2},
    {.bitmap_index = 29284, .adv_w = 192, .box_w = 12, .box_h = 12, .ofs_x = 0, .ofs_y = -2},
    {.bitmap_index = 29350, .adv_w = 192, .box_w = 12, .box_h = 12, .ofs_x = 0, .ofs_y = -2},
    {.bitmap_index = 29405, .adv_w = 192, .box_w = 12, .box_h = 12, .ofs_x = 0, .ofs_y = -2},
    {.bitmap_index = 29476, .adv_w = 192, .box_w = 12, .box_h = 13, .ofs_x = 0, .ofs_y = -2},
    {.bitmap_index = 29549, .adv_w = 192, .box_w = 12, .box_h = 13, .ofs_x = 0, .ofs_y = -2},
    {.bitmap_index = 29619, .adv_w = 192, .box_w = 11, .box_h = 11, .ofs_x = 0, .ofs_y = -1},
    {.bitmap_index = 29663, .adv_w = 192, .box_w = 12, .box_h = 11, .ofs_x = 0, .ofs_y = -2},
    {.bitmap_index = 29728, .adv_w = 192, .box_w = 12, .box_h = 12, .ofs_x = 0, .ofs_y = -1},
    {.bitmap_index = 29793, .adv_w = 192, .box_w = 12, .box_h = 12, .ofs_x = 0, .ofs_y = -2},
    {.bitmap_index = 29859, .adv_w = 192, .box_w = 12, .box_h = 11, .ofs_x = 0, .ofs_y = -1},
    {.bitmap_index = 29920, .adv_w = 192, .box_w = 12, .box_h = 11, .ofs_x = 0, .ofs_y = -1},
    {.bitmap_index = 29981, .adv_w = 192, .box_w = 12, .box_h = 12, .ofs_x = 0, .ofs_y = -2},
    {.bitmap_index = 30050, .adv_w = 192, .box_w = 12, .box_h = 11, .ofs_x = 0, .ofs_y = -1},
    {.bitmap_index = 30109, .adv_w = 192, .box_w = 12, .box_h = 11, .ofs_x = 0, .ofs_y = -1},
    {.bitmap_index = 30164, .adv_w = 192, .box_w = 12, .box_h = 11, .ofs_x = 0, .ofs_y = -2},
    {.bitmap_index = 30224, .adv_w = 192, .box_w = 12, .box_h = 11, .ofs_x = 0, .ofs_y = -1},
    {.bitmap_index = 30286, .adv_w = 192, .box_w = 12, .box_h = 11, .ofs_x = 0, .ofs_y = -2},
    {.bitmap_index = 30349, .adv_w = 192, .box_w = 11, .box_h = 11, .ofs_x = 0, .ofs_y = -1},
    {.bitmap_index = 30399, .adv_w = 192, .box_w = 11, .box_h = 10, .ofs_x = 0, .ofs_y = -1},
    {.bitmap_index = 30449, .adv_w = 192, .box_w = 10, .box_h = 12, .ofs_x = 1, .ofs_y = -2},
    {.bitmap_index = 30491, .adv_w = 192, .box_w = 11, .box_h = 11, .ofs_x = 1, .ofs_y = -1},
    {.bitmap_index = 30543, .adv_w = 192, .box_w = 11, .box_h = 11, .ofs_x = 1, .ofs_y = -1},
    {.bitmap_index = 30587, .adv_w = 192, .box_w = 12, .box_h = 12, .ofs_x = 0, .ofs_y = -2},
    {.bitmap_index = 30651, .adv_w = 192, .box_w = 11, .box_h = 11, .ofs_x = 0, .ofs_y = -1},
    {.bitmap_index = 30708, .adv_w = 192, .box_w = 12, .box_h = 13, .ofs_x = 0, .ofs_y = -2},
    {.bitmap_index = 30774, .adv_w = 192, .box_w = 12, .box_h = 12, .ofs_x = 0, .ofs_y = -2},
    {.bitmap_index = 30843, .adv_w = 192, .box_w = 10, .box_h = 12, .ofs_x = 1, .ofs_y = -2},
    {.bitmap_index = 30884, .adv_w = 192, .box_w = 12, .box_h = 11, .ofs_x = 0, .ofs_y = -1},
    {.bitmap_index = 30927, .adv_w = 192, .box_w = 10, .box_h = 11, .ofs_x = 1, .ofs_y = -1},
    {.bitmap_index = 30978, .adv_w = 192, .box_w = 12, .box_h = 12, .ofs_x = 0, .ofs_y = -1},
    {.bitmap_index = 31035, .adv_w = 192, .box_w = 13, .box_h = 13, .ofs_x = 0, .ofs_y = -2},
    {.bitmap_index = 31103, .adv_w = 192, .box_w = 12, .box_h = 11, .ofs_x = 0, .ofs_y = -1},
    {.bitmap_index = 31162, .adv_w = 192, .box_w = 12, .box_h = 11, .ofs_x = 0, .ofs_y = -1},
    {.bitmap_index = 31219, .adv_w = 192, .box_w = 10, .box_h = 10, .ofs_x = 1, .ofs_y = -1},
    {.bitmap_index = 31251, .adv_w = 192, .box_w = 12, .box_h = 11, .ofs_x = 0, .ofs_y = -1},
    {.bitmap_index = 31302, .adv_w = 192, .box_w = 12, .box_h = 12, .ofs_x = 0, .ofs_y = -2},
    {.bitmap_index = 31364, .adv_w = 192, .box_w = 12, .box_h = 12, .ofs_x = 0, .ofs_y = -2},
    {.bitmap_index = 31422, .adv_w = 192, .box_w = 12, .box_h = 11, .ofs_x = 0, .ofs_y = -1},
    {.bitmap_index = 31481, .adv_w = 192, .box_w = 12, .box_h = 13, .ofs_x = 0, .ofs_y = -2},
    {.bitmap_index = 31543, .adv_w = 192, .box_w = 12, .box_h = 11, .ofs_x = 0, .ofs_y = -2},
    {.bitmap_index = 31607, .adv_w = 192, .box_w = 12, .box_h = 12, .ofs_x = 0, .ofs_y = -2},
    {.bitmap_index = 31677, .adv_w = 192, .box_w = 12, .box_h = 12, .ofs_x = 0, .ofs_y = -2},
    {.bitmap_index = 31739, .adv_w = 192, .box_w = 11, .box_h = 12, .ofs_x = 0, .ofs_y = -2},
    {.bitmap_index = 31796, .adv_w = 192, .box_w = 12, .box_h = 12, .ofs_x = 0, .ofs_y = -2},
    {.bitmap_index = 31858, .adv_w = 192, .box_w = 12, .box_h = 12, .ofs_x = 0, .ofs_y = -2},
    {.bitmap_index = 31923, .adv_w = 192, .box_w = 12, .box_h = 12, .ofs_x = 0, .ofs_y = -2},
    {.bitmap_index = 31989, .adv_w = 192, .box_w = 12, .box_h = 12, .ofs_x = 0, .ofs_y = -2},
    {.bitmap_index = 32054, .adv_w = 192, .box_w = 12, .box_h = 12, .ofs_x = 0, .ofs_y = -2},
    {.bitmap_index = 32120, .adv_w = 192, .box_w = 12, .box_h = 12, .ofs_x = 0, .ofs_y = -2},
    {.bitmap_index = 32188, .adv_w = 192, .box_w = 12, .box_h = 13, .ofs_x = 0, .ofs_y = -2},
    {.bitmap_index = 32258, .adv_w = 192, .box_w = 12, .box_h = 12, .ofs_x = 0, .ofs_y = -2},
    {.bitmap_index = 32330, .adv_w = 192, .box_w = 12, .box_h = 11, .ofs_x = 0, .ofs_y = -1},
    {.bitmap_index = 32393, .adv_w = 192, .box_w = 12, .box_h = 11, .ofs_x = 0, .ofs_y = -2},
    {.bitmap_index = 32444, .adv_w = 192, .box_w = 12, .box_h = 12, .ofs_x = 0, .ofs_y = -1},
    {.bitmap_index = 32507, .adv_w = 192, .box_w = 12, .box_h = 12, .ofs_x = 0, .ofs_y = -2},
    {.bitmap_index = 32573, .adv_w = 192, .box_w = 12, .box_h = 11, .ofs_x = 0, .ofs_y = -1},
    {.bitmap_index = 32636, .adv_w = 192, .box_w = 12, .box_h = 11, .ofs_x = 0, .ofs_y = -1},
    {.bitmap_index = 32693, .adv_w = 192, .box_w = 12, .box_h = 12, .ofs_x = 0, .ofs_y = -2},
    {.bitmap_index = 32763, .adv_w = 192, .box_w = 12, .box_h = 13, .ofs_x = 0, .ofs_y = -2},
    {.bitmap_index = 32835, .adv_w = 192, .box_w = 12, .box_h = 11, .ofs_x = 0, .ofs_y = -1},
    {.bitmap_index = 32898, .adv_w = 192, .box_w = 12, .box_h = 12, .ofs_x = 0, .ofs_y = -2},
    {.bitmap_index = 32970, .adv_w = 192, .box_w = 12, .box_h = 11, .ofs_x = 0, .ofs_y = -1},
    {.bitmap_index = 33035, .adv_w = 192, .box_w = 12, .box_h = 12, .ofs_x = 0, .ofs_y = -2},
    {.bitmap_index = 33090, .adv_w = 192, .box_w = 12, .box_h = 13, .ofs_x = 0, .ofs_y = -2},
    {.bitmap_index = 33160, .adv_w = 192, .box_w = 12, .box_h = 11, .ofs_x = 0, .ofs_y = -1},
    {.bitmap_index = 33219, .adv_w = 192, .box_w = 11, .box_h = 12, .ofs_x = 0, .ofs_y = -1},
    {.bitmap_index = 33275, .adv_w = 192, .box_w = 12, .box_h = 11, .ofs_x = 0, .ofs_y = -1},
    {.bitmap_index = 33329, .adv_w = 192, .box_w = 12, .box_h = 11, .ofs_x = 0, .ofs_y = -1},
    {.bitmap_index = 33388, .adv_w = 192, .box_w = 12, .box_h = 12, .ofs_x = 0, .ofs_y = -2},
    {.bitmap_index = 33453, .adv_w = 192, .box_w = 12, .box_h = 12, .ofs_x = 0, .ofs_y = -2},
    {.bitmap_index = 33518, .adv_w = 192, .box_w = 12, .box_h = 13, .ofs_x = 0, .ofs_y = -2},
    {.bitmap_index = 33585, .adv_w = 192, .box_w = 12, .box_h = 11, .ofs_x = 0, .ofs_y = -1},
    {.bitmap_index = 33651, .adv_w = 192, .box_w = 12, .box_h = 11, .ofs_x = 0, .ofs_y = -1},
    {.bitmap_index = 33711, .adv_w = 192, .box_w = 12, .box_h = 11, .ofs_x = 0, .ofs_y = -1},
    {.bitmap_index = 33774, .adv_w = 192, .box_w = 12, .box_h = 12, .ofs_x = 0, .ofs_y = -1},
    {.bitmap_index = 33841, .adv_w = 192, .box_w = 12, .box_h = 12, .ofs_x = 0, .ofs_y = -2},
    {.bitmap_index = 33904, .adv_w = 192, .box_w = 12, .box_h = 12, .ofs_x = 0, .ofs_y = -2},
    {.bitmap_index = 33966, .adv_w = 192, .box_w = 12, .box_h = 11, .ofs_x = 0, .ofs_y = -1},
    {.bitmap_index = 34024, .adv_w = 192, .box_w = 12, .box_h = 12, .ofs_x = 0, .ofs_y = -2},
    {.bitmap_index = 34093, .adv_w = 192, .box_w = 12, .box_h = 12, .ofs_x = 0, .ofs_y = -2},
    {.bitmap_index = 34158, .adv_w = 192, .box_w = 12, .box_h = 13, .ofs_x = 0, .ofs_y = -2},
    {.bitmap_index = 34231, .adv_w = 192, .box_w = 12, .box_h = 11, .ofs_x = 0, .ofs_y = -1},
    {.bitmap_index = 34289, .adv_w = 192, .box_w = 11, .box_h = 12, .ofs_x = 0, .ofs_y = -2},
    {.bitmap_index = 34353, .adv_w = 192, .box_w = 12, .box_h = 12, .ofs_x = 0, .ofs_y = -2},
    {.bitmap_index = 34423, .adv_w = 192, .box_w = 11, .box_h = 12, .ofs_x = 0, .ofs_y = -2},
    {.bitmap_index = 34488, .adv_w = 192, .box_w = 12, .box_h = 12, .ofs_x = 0, .ofs_y = -2},
    {.bitmap_index = 34557, .adv_w = 192, .box_w = 10, .box_h = 11, .ofs_x = 1, .ofs_y = -2},
    {.bitmap_index = 34610, .adv_w = 192, .box_w = 12, .box_h = 11, .ofs_x = 0, .ofs_y = -1},
    {.bitmap_index = 34662, .adv_w = 192, .box_w = 12, .box_h = 11, .ofs_x = 0, .ofs_y = -1},
    {.bitmap_index = 34725, .adv_w = 192, .box_w = 12, .box_h = 12, .ofs_x = 0, .ofs_y = -2},
    {.bitmap_index = 34794, .adv_w = 192, .box_w = 12, .box_h = 11, .ofs_x = 0, .ofs_y = -1},
    {.bitmap_index = 34856, .adv_w = 192, .box_w = 12, .box_h = 12, .ofs_x = 0, .ofs_y = -2},
    {.bitmap_index = 34927, .adv_w = 192, .box_w = 12, .box_h = 11, .ofs_x = 0, .ofs_y = -1},
    {.bitmap_index = 34985, .adv_w = 192, .box_w = 12, .box_h = 12, .ofs_x = 0, .ofs_y = -2},
    {.bitmap_index = 35056, .adv_w = 192, .box_w = 12, .box_h = 11, .ofs_x = 0, .ofs_y = -1},
    {.bitmap_index = 35115, .adv_w = 192, .box_w = 12, .box_h = 12, .ofs_x = 0, .ofs_y = -2},
    {.bitmap_index = 35186, .adv_w = 192, .box_w = 12, .box_h = 12, .ofs_x = 0, .ofs_y = -2},
    {.bitmap_index = 35253, .adv_w = 192, .box_w = 12, .box_h = 13, .ofs_x = 0, .ofs_y = -2},
    {.bitmap_index = 35328, .adv_w = 192, .box_w = 12, .box_h = 11, .ofs_x = 0, .ofs_y = -1},
    {.bitmap_index = 35393, .adv_w = 192, .box_w = 13, .box_h = 11, .ofs_x = 0, .ofs_y = -1},
    {.bitmap_index = 35461, .adv_w = 192, .box_w = 12, .box_h = 12, .ofs_x = 0, .ofs_y = -1},
    {.bitmap_index = 35525, .adv_w = 192, .box_w = 12, .box_h = 12, .ofs_x = 0, .ofs_y = -2},
    {.bitmap_index = 35595, .adv_w = 192, .box_w = 12, .box_h = 11, .ofs_x = 0, .ofs_y = -1},
    {.bitmap_index = 35661, .adv_w = 192, .box_w = 12, .box_h = 11, .ofs_x = 0, .ofs_y = -1},
    {.bitmap_index = 35725, .adv_w = 192, .box_w = 12, .box_h = 11, .ofs_x = 0, .ofs_y = -1},
    {.bitmap_index = 35791, .adv_w = 192, .box_w = 12, .box_h = 11, .ofs_x = 0, .ofs_y = -1},
    {.bitmap_index = 35859, .adv_w = 192, .box_w = 12, .box_h = 12, .ofs_x = 0, .ofs_y = -2},
    {.bitmap_index = 35927, .adv_w = 192, .box_w = 12, .box_h = 12, .ofs_x = 0, .ofs_y = -2},
    {.bitmap_index = 35998, .adv_w = 192, .box_w = 12, .box_h = 12, .ofs_x = 0, .ofs_y = -2},
    {.bitmap_index = 36072, .adv_w = 192, .box_w = 12, .box_h = 13, .ofs_x = 0, .ofs_y = -2},
    {.bitmap_index = 36145, .adv_w = 192, .box_w = 12, .box_h = 12, .ofs_x = 0, .ofs_y = -1},
    {.bitmap_index = 36212, .adv_w = 192, .box_w = 12, .box_h = 12, .ofs_x = 0, .ofs_y = -2},
    {.bitmap_index = 36281, .adv_w = 192, .box_w = 11, .box_h = 10, .ofs_x = 1, .ofs_y = -1},
    {.bitmap_index = 36331, .adv_w = 192, .box_w = 12, .box_h = 10, .ofs_x = 0, .ofs_y = -1},
    {.bitmap_index = 36379, .adv_w = 192, .box_w = 11, .box_h = 12, .ofs_x = 0, .ofs_y = -2},
    {.bitmap_index = 36444, .adv_w = 192, .box_w = 12, .box_h = 11, .ofs_x = 0, .ofs_y = -2},
    {.bitmap_index = 36489, .adv_w = 192, .box_w = 12, .box_h = 11, .ofs_x = 0, .ofs_y = -1},
    {.bitmap_index = 36544, .adv_w = 192, .box_w = 12, .box_h = 11, .ofs_x = 0, .ofs_y = -1},
    {.bitmap_index = 36606, .adv_w = 192, .box_w = 12, .box_h = 11, .ofs_x = 0, .ofs_y = -1},
    {.bitmap_index = 36670, .adv_w = 192, .box_w = 12, .box_h = 11, .ofs_x = 0, .ofs_y = -1},
    {.bitmap_index = 36727, .adv_w = 192, .box_w = 12, .box_h = 13, .ofs_x = 0, .ofs_y = -2},
    {.bitmap_index = 36801, .adv_w = 192, .box_w = 12, .box_h = 12, .ofs_x = 0, .ofs_y = -2},
    {.bitmap_index = 36866, .adv_w = 192, .box_w = 11, .box_h = 12, .ofs_x = 0, .ofs_y = -2},
    {.bitmap_index = 36926, .adv_w = 192, .box_w = 12, .box_h = 11, .ofs_x = 0, .ofs_y = -1},
    {.bitmap_index = 36986, .adv_w = 192, .box_w = 10, .box_h = 11, .ofs_x = 1, .ofs_y = -1},
    {.bitmap_index = 37027, .adv_w = 192, .box_w = 12, .box_h = 10, .ofs_x = 0, .ofs_y = -1},
    {.bitmap_index = 37079, .adv_w = 192, .box_w = 12, .box_h = 12, .ofs_x = 0, .ofs_y = -2},
    {.bitmap_index = 37150, .adv_w = 192, .box_w = 11, .box_h = 12, .ofs_x = 1, .ofs_y = -2},
    {.bitmap_index = 37206, .adv_w = 192, .box_w = 12, .box_h = 12, .ofs_x = 0, .ofs_y = -2},
    {.bitmap_index = 37272, .adv_w = 192, .box_w = 11, .box_h = 11, .ofs_x = 0, .ofs_y = -1},
    {.bitmap_index = 37320, .adv_w = 192, .box_w = 12, .box_h = 11, .ofs_x = 0, .ofs_y = -1},
    {.bitmap_index = 37375, .adv_w = 192, .box_w = 12, .box_h = 11, .ofs_x = 0, .ofs_y = -1},
    {.bitmap_index = 37437, .adv_w = 192, .box_w = 12, .box_h = 12, .ofs_x = 0, .ofs_y = -2},
    {.bitmap_index = 37502, .adv_w = 192, .box_w = 12, .box_h = 12, .ofs_x = 0, .ofs_y = -2},
    {.bitmap_index = 37570, .adv_w = 192, .box_w = 12, .box_h = 12, .ofs_x = 0, .ofs_y = -2},
    {.bitmap_index = 37641, .adv_w = 192, .box_w = 12, .box_h = 12, .ofs_x = 0, .ofs_y = -1},
    {.bitmap_index = 37710, .adv_w = 192, .box_w = 12, .box_h = 12, .ofs_x = 0, .ofs_y = -1},
    {.bitmap_index = 37777, .adv_w = 192, .box_w = 12, .box_h = 12, .ofs_x = 0, .ofs_y = -2},
    {.bitmap_index = 37847, .adv_w = 192, .box_w = 12, .box_h = 11, .ofs_x = 0, .ofs_y = -1},
    {.bitmap_index = 37906, .adv_w = 192, .box_w = 12, .box_h = 13, .ofs_x = 0, .ofs_y = -2},
    {.bitmap_index = 37979, .adv_w = 192, .box_w = 12, .box_h = 13, .ofs_x = 0, .ofs_y = -2},
    {.bitmap_index = 38054, .adv_w = 192, .box_w = 11, .box_h = 11, .ofs_x = 1, .ofs_y = -2},
    {.bitmap_index = 38111, .adv_w = 192, .box_w = 12, .box_h = 11, .ofs_x = 0, .ofs_y = -1},
    {.bitmap_index = 38157, .adv_w = 192, .box_w = 12, .box_h = 12, .ofs_x = 0, .ofs_y = -2},
    {.bitmap_index = 38220, .adv_w = 192, .box_w = 12, .box_h = 11, .ofs_x = 0, .ofs_y = -1},
    {.bitmap_index = 38272, .adv_w = 192, .box_w = 12, .box_h = 12, .ofs_x = 0, .ofs_y = -2},
    {.bitmap_index = 38340, .adv_w = 192, .box_w = 12, .box_h = 12, .ofs_x = 0, .ofs_y = -1},
    {.bitmap_index = 38405, .adv_w = 192, .box_w = 12, .box_h = 11, .ofs_x = 0, .ofs_y = -1},
    {.bitmap_index = 38469, .adv_w = 192, .box_w = 12, .box_h = 11, .ofs_x = 0, .ofs_y = -1},
    {.bitmap_index = 38532, .adv_w = 192, .box_w = 12, .box_h = 13, .ofs_x = 0, .ofs_y = -2},
    {.bitmap_index = 38605, .adv_w = 192, .box_w = 12, .box_h = 11, .ofs_x = 0, .ofs_y = -2},
    {.bitmap_index = 38657, .adv_w = 192, .box_w = 12, .box_h = 12, .ofs_x = 0, .ofs_y = -2},
    {.bitmap_index = 38722, .adv_w = 192, .box_w = 12, .box_h = 12, .ofs_x = 0, .ofs_y = -2},
    {.bitmap_index = 38788, .adv_w = 192, .box_w = 12, .box_h = 13, .ofs_x = 0, .ofs_y = -2},
    {.bitmap_index = 38855, .adv_w = 192, .box_w = 11, .box_h = 13, .ofs_x = 0, .ofs_y = -2},
    {.bitmap_index = 38921, .adv_w = 192, .box_w = 12, .box_h = 11, .ofs_x = 0, .ofs_y = -1},
    {.bitmap_index = 38985, .adv_w = 192, .box_w = 12, .box_h = 12, .ofs_x = 0, .ofs_y = -1},
    {.bitmap_index = 39048, .adv_w = 192, .box_w = 12, .box_h = 12, .ofs_x = 0, .ofs_y = -1},
    {.bitmap_index = 39110, .adv_w = 192, .box_w = 12, .box_h = 11, .ofs_x = 0, .ofs_y = -1},
    {.bitmap_index = 39153, .adv_w = 192, .box_w = 12, .box_h = 11, .ofs_x = 0, .ofs_y = -1},
    {.bitmap_index = 39197, .adv_w = 192, .box_w = 12, .box_h = 13, .ofs_x = 0, .ofs_y = -2},
    {.bitmap_index = 39258, .adv_w = 192, .box_w = 12, .box_h = 11, .ofs_x = 0, .ofs_y = -1},
    {.bitmap_index = 39300, .adv_w = 192, .box_w = 12, .box_h = 11, .ofs_x = 0, .ofs_y = -1},
    {.bitmap_index = 39350, .adv_w = 192, .box_w = 12, .box_h = 12, .ofs_x = 0, .ofs_y = -1},
    {.bitmap_index = 39407, .adv_w = 192, .box_w = 12, .box_h = 12, .ofs_x = 0, .ofs_y = -2},
    {.bitmap_index = 39473, .adv_w = 192, .box_w = 12, .box_h = 13, .ofs_x = 0, .ofs_y = -2},
    {.bitmap_index = 39538, .adv_w = 192, .box_w = 12, .box_h = 12, .ofs_x = 0, .ofs_y = -2},
    {.bitmap_index = 39592, .adv_w = 192, .box_w = 12, .box_h = 11, .ofs_x = 0, .ofs_y = -1},
    {.bitmap_index = 39650, .adv_w = 192, .box_w = 12, .box_h = 12, .ofs_x = 0, .ofs_y = -2},
    {.bitmap_index = 39709, .adv_w = 192, .box_w = 12, .box_h = 11, .ofs_x = 0, .ofs_y = -1},
    {.bitmap_index = 39771, .adv_w = 192, .box_w = 12, .box_h = 12, .ofs_x = 0, .ofs_y = -2},
    {.bitmap_index = 39835, .adv_w = 192, .box_w = 12, .box_h = 12, .ofs_x = 0, .ofs_y = -2},
    {.bitmap_index = 39894, .adv_w = 192, .box_w = 12, .box_h = 12, .ofs_x = 0, .ofs_y = -2},
    {.bitmap_index = 39962, .adv_w = 192, .box_w = 12, .box_h = 12, .ofs_x = 0, .ofs_y = -1},
    {.bitmap_index = 40023, .adv_w = 192, .box_w = 12, .box_h = 12, .ofs_x = 0, .ofs_y = -2},
    {.bitmap_index = 40089, .adv_w = 192, .box_w = 12, .box_h = 12, .ofs_x = 0, .ofs_y = -2},
    {.bitmap_index = 40155, .adv_w = 192, .box_w = 12, .box_h = 12, .ofs_x = 0, .ofs_y = -2},
    {.bitmap_index = 40220, .adv_w = 192, .box_w = 12, .box_h = 12, .ofs_x = 0, .ofs_y = -2},
    {.bitmap_index = 40286, .adv_w = 192, .box_w = 12, .box_h = 11, .ofs_x = 0, .ofs_y = -1},
    {.bitmap_index = 40350, .adv_w = 192, .box_w = 12, .box_h = 12, .ofs_x = 0, .ofs_y = -2},
    {.bitmap_index = 40413, .adv_w = 192, .box_w = 12, .box_h = 11, .ofs_x = 0, .ofs_y = -1},
    {.bitmap_index = 40476, .adv_w = 192, .box_w = 12, .box_h = 11, .ofs_x = 0, .ofs_y = -2},
    {.bitmap_index = 40526, .adv_w = 192, .box_w = 11, .box_h = 13, .ofs_x = 0, .ofs_y = -2},
    {.bitmap_index = 40585, .adv_w = 192, .box_w = 11, .box_h = 12, .ofs_x = 0, .ofs_y = -2},
    {.bitmap_index = 40646, .adv_w = 192, .box_w = 12, .box_h = 12, .ofs_x = 0, .ofs_y = -2},
    {.bitmap_index = 40712, .adv_w = 192, .box_w = 12, .box_h = 12, .ofs_x = 0, .ofs_y = -2},
    {.bitmap_index = 40773, .adv_w = 192, .box_w = 12, .box_h = 12, .ofs_x = 0, .ofs_y = -2},
    {.bitmap_index = 40840, .adv_w = 192, .box_w = 12, .box_h = 12, .ofs_x = 0, .ofs_y = -2},
    {.bitmap_index = 40907, .adv_w = 192, .box_w = 12, .box_h = 13, .ofs_x = 0, .ofs_y = -2},
    {.bitmap_index = 40978, .adv_w = 192, .box_w = 12, .box_h = 12, .ofs_x = 0, .ofs_y = -2},
    {.bitmap_index = 41038, .adv_w = 192, .box_w = 12, .box_h = 12, .ofs_x = 0, .ofs_y = -2},
    {.bitmap_index = 41107, .adv_w = 192, .box_w = 12, .box_h = 11, .ofs_x = 0, .ofs_y = -1},
    {.bitmap_index = 41169, .adv_w = 192, .box_w = 11, .box_h = 11, .ofs_x = 0, .ofs_y = -2},
    {.bitmap_index = 41223, .adv_w = 192, .box_w = 12, .box_h = 12, .ofs_x = 0, .ofs_y = -2},
    {.bitmap_index = 41290, .adv_w = 192, .box_w = 12, .box_h = 11, .ofs_x = 0, .ofs_y = -2},
    {.bitmap_index = 41356, .adv_w = 192, .box_w = 12, .box_h = 12, .ofs_x = 0, .ofs_y = -1},
    {.bitmap_index = 41424, .adv_w = 192, .box_w = 12, .box_h = 12, .ofs_x = 0, .ofs_y = -2},
    {.bitmap_index = 41493, .adv_w = 192, .box_w = 12, .box_h = 12, .ofs_x = 0, .ofs_y = -2},
    {.bitmap_index = 41563, .adv_w = 192, .box_w = 12, .box_h = 12, .ofs_x = 0, .ofs_y = -2},
    {.bitmap_index = 41623, .adv_w = 192, .box_w = 12, .box_h = 11, .ofs_x = 0, .ofs_y = -1},
    {.bitmap_index = 41686, .adv_w = 192, .box_w = 12, .box_h = 12, .ofs_x = 0, .ofs_y = -2},
    {.bitmap_index = 41753, .adv_w = 192, .box_w = 12, .box_h = 11, .ofs_x = 0, .ofs_y = -1},
    {.bitmap_index = 41818, .adv_w = 192, .box_w = 12, .box_h = 11, .ofs_x = 0, .ofs_y = -1},
    {.bitmap_index = 41882, .adv_w = 192, .box_w = 12, .box_h = 13, .ofs_x = 0, .ofs_y = -2},
    {.bitmap_index = 41951, .adv_w = 192, .box_w = 12, .box_h = 13, .ofs_x = 0, .ofs_y = -2},
    {.bitmap_index = 42025, .adv_w = 192, .box_w = 12, .box_h = 11, .ofs_x = 0, .ofs_y = -1},
    {.bitmap_index = 42092, .adv_w = 192, .box_w = 12, .box_h = 12, .ofs_x = 0, .ofs_y = -2},
    {.bitmap_index = 42162, .adv_w = 192, .box_w = 12, .box_h = 11, .ofs_x = 0, .ofs_y = -1},
    {.bitmap_index = 42223, .adv_w = 192, .box_w = 12, .box_h = 12, .ofs_x = 0, .ofs_y = -2},
    {.bitmap_index = 42292, .adv_w = 192, .box_w = 12, .box_h = 13, .ofs_x = 0, .ofs_y = -2},
    {.bitmap_index = 42364, .adv_w = 192, .box_w = 12, .box_h = 13, .ofs_x = 0, .ofs_y = -2},
    {.bitmap_index = 42429, .adv_w = 192, .box_w = 12, .box_h = 12, .ofs_x = 0, .ofs_y = -2},
    {.bitmap_index = 42490, .adv_w = 192, .box_w = 12, .box_h = 12, .ofs_x = 0, .ofs_y = -2},
    {.bitmap_index = 42553, .adv_w = 192, .box_w = 12, .box_h = 12, .ofs_x = 0, .ofs_y = -2},
    {.bitmap_index = 42617, .adv_w = 192, .box_w = 12, .box_h = 12, .ofs_x = 0, .ofs_y = -2},
    {.bitmap_index = 42682, .adv_w = 192, .box_w = 12, .box_h = 12, .ofs_x = 0, .ofs_y = -2},
    {.bitmap_index = 42752, .adv_w = 192, .box_w = 12, .box_h = 12, .ofs_x = 0, .ofs_y = -2},
    {.bitmap_index = 42816, .adv_w = 192, .box_w = 12, .box_h = 12, .ofs_x = 0, .ofs_y = -1},
    {.bitmap_index = 42879, .adv_w = 192, .box_w = 12, .box_h = 12, .ofs_x = 0, .ofs_y = -2},
    {.bitmap_index = 42942, .adv_w = 192, .box_w = 12, .box_h = 11, .ofs_x = 0, .ofs_y = -1},
    {.bitmap_index = 43002, .adv_w = 192, .box_w = 12, .box_h = 12, .ofs_x = 0, .ofs_y = -2},
    {.bitmap_index = 43067, .adv_w = 192, .box_w = 12, .box_h = 12, .ofs_x = 0, .ofs_y = -2},
    {.bitmap_index = 43135, .adv_w = 192, .box_w = 12, .box_h = 12, .ofs_x = 0, .ofs_y = -2},
    {.bitmap_index = 43204, .adv_w = 192, .box_w = 12, .box_h = 12, .ofs_x = 0, .ofs_y = -2},
    {.bitmap_index = 43266, .adv_w = 192, .box_w = 12, .box_h = 12, .ofs_x = 0, .ofs_y = -2},
    {.bitmap_index = 43335, .adv_w = 192, .box_w = 12, .box_h = 11, .ofs_x = 0, .ofs_y = -1},
    {.bitmap_index = 43397, .adv_w = 192, .box_w = 12, .box_h = 12, .ofs_x = 0, .ofs_y = -2},
    {.bitmap_index = 43468, .adv_w = 192, .box_w = 12, .box_h = 12, .ofs_x = 0, .ofs_y = -2},
    {.bitmap_index = 43536, .adv_w = 192, .box_w = 12, .box_h = 12, .ofs_x = 0, .ofs_y = -2},
    {.bitmap_index = 43605, .adv_w = 192, .box_w = 12, .box_h = 13, .ofs_x = 0, .ofs_y = -2},
    {.bitmap_index = 43673, .adv_w = 192, .box_w = 12, .box_h = 11, .ofs_x = 0, .ofs_y = -1},
    {.bitmap_index = 43735, .adv_w = 192, .box_w = 12, .box_h = 12, .ofs_x = 0, .ofs_y = -2},
    {.bitmap_index = 43802, .adv_w = 192, .box_w = 12, .box_h = 12, .ofs_x = 0, .ofs_y = -2},
    {.bitmap_index = 43869, .adv_w = 192, .box_w = 12, .box_h = 11, .ofs_x = 0, .ofs_y = -1},
    {.bitmap_index = 43932, .adv_w = 192, .box_w = 12, .box_h = 12, .ofs_x = 0, .ofs_y = -2},
    {.bitmap_index = 44004, .adv_w = 192, .box_w = 12, .box_h = 12, .ofs_x = 0, .ofs_y = -2},
    {.bitmap_index = 44068, .adv_w = 192, .box_w = 12, .box_h = 12, .ofs_x = 0, .ofs_y = -2},
    {.bitmap_index = 44141, .adv_w = 192, .box_w = 12, .box_h = 11, .ofs_x = 0, .ofs_y = -1},
    {.bitmap_index = 44203, .adv_w = 192, .box_w = 12, .box_h = 11, .ofs_x = 0, .ofs_y = -1},
    {.bitmap_index = 44267, .adv_w = 192, .box_w = 12, .box_h = 10, .ofs_x = 0, .ofs_y = -1},
    {.bitmap_index = 44319, .adv_w = 192, .box_w = 11, .box_h = 11, .ofs_x = 0, .ofs_y = -1},
    {.bitmap_index = 44376, .adv_w = 192, .box_w = 12, .box_h = 10, .ofs_x = 0, .ofs_y = -1},
    {.bitmap_index = 44428, .adv_w = 192, .box_w = 12, .box_h = 11, .ofs_x = 0, .ofs_y = -1},
    {.bitmap_index = 44479, .adv_w = 192, .box_w = 11, .box_h = 11, .ofs_x = 0, .ofs_y = -1},
    {.bitmap_index = 44537, .adv_w = 192, .box_w = 12, .box_h = 12, .ofs_x = 0, .ofs_y = -2},
    {.bitmap_index = 44607, .adv_w = 192, .box_w = 12, .box_h = 13, .ofs_x = 0, .ofs_y = -2},
    {.bitmap_index = 44676, .adv_w = 192, .box_w = 12, .box_h = 11, .ofs_x = 0, .ofs_y = -1},
    {.bitmap_index = 44742, .adv_w = 192, .box_w = 12, .box_h = 12, .ofs_x = 0, .ofs_y = -2},
    {.bitmap_index = 44812, .adv_w = 192, .box_w = 12, .box_h = 12, .ofs_x = 0, .ofs_y = -2},
    {.bitmap_index = 44882, .adv_w = 192, .box_w = 12, .box_h = 11, .ofs_x = 0, .ofs_y = -1},
    {.bitmap_index = 44947, .adv_w = 192, .box_w = 12, .box_h = 12, .ofs_x = 0, .ofs_y = -2},
    {.bitmap_index = 45014, .adv_w = 192, .box_w = 12, .box_h = 11, .ofs_x = 0, .ofs_y = -1},
    {.bitmap_index = 45081, .adv_w = 192, .box_w = 12, .box_h = 12, .ofs_x = 0, .ofs_y = -2},
    {.bitmap_index = 45152, .adv_w = 192, .box_w = 12, .box_h = 12, .ofs_x = 0, .ofs_y = -2},
    {.bitmap_index = 45223, .adv_w = 192, .box_w = 12, .box_h = 12, .ofs_x = 0, .ofs_y = -2},
    {.bitmap_index = 45279, .adv_w = 192, .box_w = 10, .box_h = 12, .ofs_x = 1, .ofs_y = -2},
    {.bitmap_index = 45307, .adv_w = 192, .box_w = 10, .box_h = 12, .ofs_x = 1, .ofs_y = -2},
    {.bitmap_index = 45354, .adv_w = 192, .box_w = 10, .box_h = 12, .ofs_x = 1, .ofs_y = -2},
    {.bitmap_index = 45406, .adv_w = 192, .box_w = 10, .box_h = 12, .ofs_x = 1, .ofs_y = -2},
    {.bitmap_index = 45450, .adv_w = 192, .box_w = 10, .box_h = 12, .ofs_x = 1, .ofs_y = -2},
    {.bitmap_index = 45504, .adv_w = 192, .box_w = 10, .box_h = 12, .ofs_x = 1, .ofs_y = -2},
    {.bitmap_index = 45551, .adv_w = 192, .box_w = 10, .box_h = 12, .ofs_x = 1, .ofs_y = -2},
    {.bitmap_index = 45604, .adv_w = 192, .box_w = 11, .box_h = 12, .ofs_x = 1, .ofs_y = -2},
    {.bitmap_index = 45664, .adv_w = 192, .box_w = 11, .box_h = 12, .ofs_x = 1, .ofs_y = -2},
    {.bitmap_index = 45728, .adv_w = 192, .box_w = 11, .box_h = 12, .ofs_x = 1, .ofs_y = -2},
    {.bitmap_index = 45789, .adv_w = 192, .box_w = 11, .box_h = 10, .ofs_x = 1, .ofs_y = -1},
    {.bitmap_index = 45838, .adv_w = 192, .box_w = 12, .box_h = 10, .ofs_x = 0, .ofs_y = -1},
    {.bitmap_index = 45895, .adv_w = 192, .box_w = 11, .box_h = 11, .ofs_x = 1, .ofs_y = -1},
    {.bitmap_index = 45954, .adv_w = 192, .box_w = 11, .box_h = 11, .ofs_x = 1, .ofs_y = -2},
    {.bitmap_index = 46013, .adv_w = 192, .box_w = 11, .box_h = 12, .ofs_x = 1, .ofs_y = -2},
    {.bitmap_index = 46078, .adv_w = 192, .box_w = 11, .box_h = 11, .ofs_x = 1, .ofs_y = -1},
    {.bitmap_index = 46137, .adv_w = 192, .box_w = 12, .box_h = 11, .ofs_x = 0, .ofs_y = -1},
    {.bitmap_index = 46198, .adv_w = 192, .box_w = 11, .box_h = 12, .ofs_x = 1, .ofs_y = -2},
    {.bitmap_index = 46263, .adv_w = 192, .box_w = 12, .box_h = 11, .ofs_x = 0, .ofs_y = -1},
    {.bitmap_index = 46323, .adv_w = 192, .box_w = 12, .box_h = 11, .ofs_x = 0, .ofs_y = -1},
    {.bitmap_index = 46388, .adv_w = 192, .box_w = 12, .box_h = 12, .ofs_x = 0, .ofs_y = -2},
    {.bitmap_index = 46454, .adv_w = 192, .box_w = 12, .box_h = 12, .ofs_x = 0, .ofs_y = -2},
    {.bitmap_index = 46523, .adv_w = 192, .box_w = 12, .box_h = 11, .ofs_x = 0, .ofs_y = -1},
    {.bitmap_index = 46586, .adv_w = 192, .box_w = 11, .box_h = 12, .ofs_x = 0, .ofs_y = -2},
    {.bitmap_index = 46640, .adv_w = 192, .box_w = 12, .box_h = 13, .ofs_x = 0, .ofs_y = -2},
    {.bitmap_index = 46713, .adv_w = 192, .box_w = 12, .box_h = 11, .ofs_x = 0, .ofs_y = -1},
    {.bitmap_index = 46766, .adv_w = 192, .box_w = 11, .box_h = 11, .ofs_x = 0, .ofs_y = -1},
    {.bitmap_index = 46822, .adv_w = 192, .box_w = 12, .box_h = 11, .ofs_x = 0, .ofs_y = -1},
    {.bitmap_index = 46876, .adv_w = 192, .box_w = 12, .box_h = 13, .ofs_x = 0, .ofs_y = -2},
    {.bitmap_index = 46936, .adv_w = 192, .box_w = 12, .box_h = 12, .ofs_x = 0, .ofs_y = -2},
    {.bitmap_index = 46993, .adv_w = 192, .box_w = 12, .box_h = 12, .ofs_x = 0, .ofs_y = -2},
    {.bitmap_index = 47049, .adv_w = 192, .box_w = 12, .box_h = 12, .ofs_x = 0, .ofs_y = -2},
    {.bitmap_index = 47110, .adv_w = 192, .box_w = 12, .box_h = 12, .ofs_x = 0, .ofs_y = -2},
    {.bitmap_index = 47171, .adv_w = 192, .box_w = 12, .box_h = 12, .ofs_x = 0, .ofs_y = -2},
    {.bitmap_index = 47238, .adv_w = 192, .box_w = 12, .box_h = 12, .ofs_x = 0, .ofs_y = -2},
    {.bitmap_index = 47306, .adv_w = 192, .box_w = 12, .box_h = 12, .ofs_x = 0, .ofs_y = -2},
    {.bitmap_index = 47376, .adv_w = 192, .box_w = 12, .box_h = 11, .ofs_x = 0, .ofs_y = -2},
    {.bitmap_index = 47441, .adv_w = 192, .box_w = 12, .box_h = 12, .ofs_x = 0, .ofs_y = -2},
    {.bitmap_index = 47510, .adv_w = 192, .box_w = 12, .box_h = 12, .ofs_x = 0, .ofs_y = -2},
    {.bitmap_index = 47579, .adv_w = 192, .box_w = 12, .box_h = 11, .ofs_x = 0, .ofs_y = -2},
    {.bitmap_index = 47636, .adv_w = 192, .box_w = 12, .box_h = 11, .ofs_x = 0, .ofs_y = -1},
    {.bitmap_index = 47693, .adv_w = 192, .box_w = 12, .box_h = 12, .ofs_x = 0, .ofs_y = -1},
    {.bitmap_index = 47749, .adv_w = 192, .box_w = 12, .box_h = 11, .ofs_x = 0, .ofs_y = -2},
    {.bitmap_index = 47811, .adv_w = 192, .box_w = 12, .box_h = 12, .ofs_x = 0, .ofs_y = -2},
    {.bitmap_index = 47880, .adv_w = 192, .box_w = 12, .box_h = 12, .ofs_x = 0, .ofs_y = -2},
    {.bitmap_index = 47938, .adv_w = 192, .box_w = 12, .box_h = 12, .ofs_x = 0, .ofs_y = -2},
    {.bitmap_index = 48007, .adv_w = 192, .box_w = 12, .box_h = 13, .ofs_x = 0, .ofs_y = -2},
    {.bitmap_index = 48067, .adv_w = 192, .box_w = 4, .box_h = 11, .ofs_x = 7, .ofs_y = -1},
    {.bitmap_index = 48091, .adv_w = 192, .box_w = 4, .box_h = 11, .ofs_x = 1, .ofs_y = -1},
    {.bitmap_index = 48114, .adv_w = 192, .box_w = 3, .box_h = 4, .ofs_x = 1, .ofs_y = -2},
    {.bitmap_index = 48120, .adv_w = 192, .box_w = 2, .box_h = 5, .ofs_x = 2, .ofs_y = 0},
    {.bitmap_index = 48125, .adv_w = 192, .box_w = 3, .box_h = 7, .ofs_x = 1, .ofs_y = -2},
    {.bitmap_index = 48136, .adv_w = 192, .box_w = 6, .box_h = 9, .ofs_x = 1, .ofs_y = 0},
    {.bitmap_index = 48161, .adv_w = 192, .box_w = 2, .box_h = 10, .ofs_x = 5, .ofs_y = -1}
};

/*---------------------
 *  CHARACTER MAPPING
 *--------------------*/

static const uint16_t unicode_list_1[] = {
    0x0, 0x1f6f, 0x2f4a, 0x2f4b, 0x4d49, 0x4d4a, 0x4d52, 0x4d53,
    0x4d54, 0x4d56, 0x4d57, 0x4d5c, 0x4d5d, 0x4d6b, 0x4d6d, 0x4d73,
    0x4d76, 0x4d7b, 0x4d7d, 0x4d83, 0x4d84, 0x4d87, 0x4d8e, 0x4d92,
    0x4d94, 0x4d99, 0x4da8, 0x4daf, 0x4dba, 0x4dcf, 0x4dd2, 0x4dd4,
    0x4dd5, 0x4dd7, 0x4ddb, 0x4ddd, 0x4ded, 0x4df4, 0x4df7, 0x4e03,
    0x4e0e, 0x4e16, 0x4e17, 0x4e1f, 0x4e2c, 0x4e2e, 0x4e3f, 0x4e44,
    0x4e5a, 0x4e61, 0x4e63, 0x4e69, 0x4e79, 0x4e8f, 0x4e96, 0x4e97,
    0x4e98, 0x4e9c, 0x4e9e, 0x4ea2, 0x4ea5, 0x4ec8, 0x4ee4, 0x4ee6,
    0x4ef0, 0x4f08, 0x4f26, 0x4f2a, 0x4f37, 0x4f56, 0x4f5b, 0x4f85,
    0x4f90, 0x4f98, 0x4fa3, 0x4fa5, 0x4fae, 0x4fc8, 0x4ff1, 0x5018,
    0x508a, 0x508c, 0x508e, 0x5091, 0x5092, 0x5096, 0x50a5, 0x50ae,
    0x50b1, 0x50b5, 0x50ba, 0x50bc, 0x50bf, 0x50c0, 0x50c1, 0x50ce,
    0x50d5, 0x50d6, 0x50e0, 0x50e2, 0x50fb, 0x50fc, 0x50fe, 0x510f,
    0x5118, 0x5143, 0x5144, 0x5146, 0x514f, 0x5150, 0x5160, 0x5162,
    0x5163, 0x5164, 0x5166, 0x5169, 0x516d, 0x5179, 0x517f, 0x5180,
    0x5184, 0x5196, 0x51e4, 0x51e8, 0x51e9, 0x51ea, 0x51f1, 0x51f2,
    0x5248, 0x5249, 0x524e, 0x525f, 0x5282, 0x5283, 0x5290, 0x529e,
    0x52a9, 0x52aa, 0x52b4, 0x52bc, 0x52bd, 0x52c0, 0x52c1, 0x52cf,
    0x52d4, 0x52e8, 0x5304, 0x530b, 0x5313, 0x5315, 0x5316, 0x531a,
    0x531f, 0x5320, 0x5321, 0x5329, 0x532c, 0x532d, 0x532e, 0x5333,
    0x5338, 0x5339, 0x533b, 0x533c, 0x533f, 0x5340, 0x534d, 0x5351,
    0x5355, 0x5356, 0x5357, 0x535a, 0x536f, 0x5374, 0x5375, 0x5378,
    0x5393, 0x53b1, 0x53c6, 0x53d5, 0x5416, 0x546d, 0x5478, 0x54cb,
    0x55b1, 0x5624, 0x5627, 0x5629, 0x563d, 0x5643, 0x5647, 0x564f,
    0x5671, 0x5679, 0x5683, 0x5690, 0x5698, 0x56a0, 0x56d4, 0x5728,
    0x5743, 0x57b4, 0x57e7, 0x5839, 0x584d, 0x5850, 0x5856, 0x585f,
    0x5863, 0x5870, 0x587a, 0x587d, 0x5882, 0x58a0, 0x58c6, 0x58cb,
    0x5914, 0x5a99, 0x5a9d, 0x5aa0, 0x5aa1, 0x5ad1, 0x5ad2, 0x5ad5,
    0x5ad8, 0x5ae1, 0x5ae3, 0x5ae7, 0x5aea, 0x5b02, 0x5b06, 0x5b08,
    0x5b42, 0x5b45, 0x5b4d, 0x5b4f, 0x5b58, 0x5b5a, 0x5b66, 0x5b7a,
    0x5b87, 0x5b89, 0x5b8b, 0x5b8e, 0x5b98, 0x5b9e, 0x5ba7, 0x5c72,
    0x5c95, 0x5d2e, 0x5d2f, 0x5d37, 0x5d3b, 0x5d4c, 0x5d6f, 0x5d70,
    0x5d81, 0x5d9e, 0x5dbb, 0x5dbc, 0x5dbf, 0x5dd8, 0x5ddc, 0x5ddd,
    0x5dde, 0x5def, 0x5df0, 0x5e00, 0x5e3f, 0x5e43, 0x5e49, 0x5e4b,
    0x5e4c, 0x5e58, 0x5e5e, 0x5e82, 0x5e83, 0x5e9b, 0x5e9c, 0x5e9e,
    0x5eab, 0x5eba, 0x5eca, 0x5ecd, 0x5ece, 0x5ee0, 0x5ef3, 0x5f0c,
    0x5f0e, 0x5f20, 0x5f34, 0x5f46, 0x5f4a, 0x5f70, 0x5f84, 0x5fab,
    0x5fb8, 0x5ff5, 0x600e, 0x6058, 0x6068, 0x60ab, 0x6159, 0x615f,
    0x6173, 0x617c, 0x6180, 0x6189, 0x6190, 0x6196, 0x619c, 0x61b0,
    0x61b2, 0x61b4, 0x61b5, 0x61c2, 0x61c7, 0x61c8, 0x61d3, 0x61df,
    0x61ed, 0x61ee, 0x6212, 0x621b, 0x621d, 0x6228, 0x6231, 0x6232,
    0x6240, 0x6245, 0x624a, 0x624b, 0x6250, 0x6252, 0x6286, 0x62a8,
    0x62ab, 0x62b7, 0x62d2, 0x62db, 0x62eb, 0x62ee, 0x62f0, 0x62f1,
    0x62f2, 0x6318, 0x6319, 0x631b, 0x6390, 0x63a1, 0x63f6, 0x6416,
    0x6417, 0x642f, 0x6478, 0x647f, 0x6482, 0x6487, 0x6491, 0x64a4,
    0x64b9, 0x64bd, 0x64d0, 0x64e5, 0x64ee, 0x64f6, 0x64f9, 0x6502,
    0x6514, 0x6529, 0x652e, 0x6530, 0x6532, 0x653f, 0x6557, 0x655c,
    0x6569, 0x6578, 0x6587, 0x65a8, 0x65b7, 0x65b8, 0x65b9, 0x65cb,
    0x65fd, 0x663b, 0x663d, 0x6648, 0x6649, 0x6652, 0x6668, 0x6673,
    0x6674, 0x6675, 0x6683, 0x66aa, 0x66ae, 0x66c7, 0x66c8, 0x66ca,
    0x66cd, 0x66d9, 0x66e3, 0x66e5, 0x66ff, 0x670d, 0x6719, 0x671c,
    0x672e, 0x673a, 0x6750, 0x6751, 0x6758, 0x675a, 0x676a, 0x6780,
    0x6781, 0x6782, 0x6785, 0x678f, 0x67ac, 0x67b2, 0x67f8, 0x67f9,
    0x6809, 0x696a, 0x6973, 0x69a2, 0x6a6a, 0x6a6c, 0x6a95, 0x6aab,
    0x6aac, 0x6aad, 0x6aae, 0x6aaf, 0x6ac4, 0x6ad3, 0x6ad4, 0x6afe,
    0x6b0a, 0x6b18, 0x6b1d, 0x6b34, 0x6b5d, 0x6b81, 0x6ba9, 0x6baa,
    0x6bea, 0x6c08, 0x6c0d, 0x6c1e, 0x6c31, 0x6c84, 0x6c87, 0x6c8a,
    0x6c94, 0x6c98, 0x6cd1, 0x6d2a, 0x6d3a, 0x6d44, 0x6d4e, 0x6d7b,
    0x6dcc, 0x6dd9, 0x6e1a, 0x6e23, 0x6e2a, 0x6e4b, 0x6e58, 0x6fb6,
    0x6fb8, 0x6fb9, 0x7002, 0x7030, 0x70cd, 0x714f, 0x7190, 0x7191,
    0x71b2, 0x71c2, 0x71ff, 0x7220, 0x7235, 0x72d0, 0x72f8, 0x72f9,
    0x7329, 0x734f, 0x7468, 0x7471, 0x747a, 0x747e, 0x7484, 0x7495,
    0x74a2, 0x74ae, 0x74da, 0x75c6, 0x75c7, 0x75cd, 0x7613, 0x761a,
    0x761f, 0x7621, 0x7637, 0x763d, 0x7641, 0x764a, 0x7654, 0x7668,
    0x7669, 0x76f5, 0x772b, 0x772e, 0x7732, 0x7736, 0x774a, 0x775f,
    0x777d, 0x77b5, 0x77b7, 0x780a, 0x7831, 0x7883, 0x78ca, 0x7904,
    0x791b, 0x7938, 0x7939, 0x7944, 0x7954, 0x7956, 0x797c, 0x79c3,
    0x79ca, 0x79cd, 0x79e0, 0x7a14, 0x7a1f, 0x7a27, 0x7a38, 0x7a6f,
    0x7a75, 0x7a92, 0x7a9f, 0x7ac7, 0x7ac9, 0x7ae0, 0x7aea, 0x7afa,
    0x7b2a, 0x7bc4, 0x7be0, 0x7c07, 0x7c44, 0x7c69, 0x7c6b, 0x7c78,
    0x7deb, 0x7def, 0x7df0, 0x7df8, 0x7e08, 0x7e0d, 0x7e11, 0x7e18,
    0x7e1a, 0x7e1c, 0x7e1e, 0x7e21, 0x7e22, 0x7e26, 0x7e28, 0x7e30,
    0x7e33, 0x7e36, 0x7e3d, 0x7e48, 0x7e49, 0x7e5c, 0x7e5f, 0x7e72,
    0x7e83, 0x7e9a, 0x7eb7, 0x7f44, 0x7f55, 0x7f59, 0x7f60, 0x7f6f,
    0x8015, 0x8046, 0x8052, 0x8058, 0x8063, 0x8133, 0x813c, 0x813d,
    0x8156, 0x8173, 0x81bb, 0x81cb, 0x81f8, 0x822e, 0x824c, 0x8299,
    0x8300, 0x8325, 0x8386, 0x8426, 0x8486, 0x8518, 0x85c6, 0x8795,
    0x879d, 0x87ae, 0x87b1, 0x87f4, 0x880e, 0x88ca, 0x88cf, 0x890a,
    0x890d, 0x890f, 0x8911, 0x891b, 0x892c, 0x892f, 0x8aaf, 0x8aea,
    0x8aeb, 0x8aed, 0x8af2, 0x8af9, 0x8b01, 0x8b07, 0x8b08, 0x8b0a,
    0x8b0d, 0x8b0f, 0x8b1a, 0x8b1e, 0x8b2b, 0x8b2e, 0x8b2f, 0x8b36,
    0x8b38, 0x8b3d, 0x8b40, 0x8b44, 0x8b4c, 0x8baa, 0x8c66, 0x8c68,
    0x8c6c, 0x8c6e, 0x8c7d, 0x8c8d, 0x8c94, 0x8c9f, 0x8cb9, 0x8cc0,
    0x8cce, 0x8cfc, 0x8d0c, 0x8d28, 0x8d31, 0x8d38, 0x8d3c, 0x8df4,
    0x8eb1, 0x8eb5, 0x8eb7, 0x8eb8, 0x8ebd, 0x8ec6, 0x8ecc, 0x8ece,
    0x8eda, 0x8edc, 0x8f02, 0x8f07, 0x8f0a, 0x8f10, 0x8f19, 0x8f1a,
    0x8f1d, 0x8f21, 0x8f22, 0x8f24, 0x8f27, 0x8f28, 0x8f49, 0x8f4a,
    0x8f4b, 0x8f52, 0x8f59, 0x8f5b, 0x8f63, 0x8f68, 0x8f84, 0x8f9c,
    0x8fa0, 0x8fc8, 0x9031, 0x9046, 0x9096, 0x90db, 0x9110, 0x9113,
    0x9115, 0x9116, 0x9118, 0x93d1, 0x93e8, 0x93f7, 0x93fc, 0x9447,
    0x9449, 0x944a, 0x9462, 0x9463, 0x946e, 0x9477, 0x94a5, 0x94c8,
    0x9531, 0x9533, 0x9536, 0x9537, 0x953b, 0x953d, 0x954e, 0x9551,
    0x957b, 0x957f, 0x9584, 0x958e, 0x9596, 0x9599, 0x95ad, 0x95b2,
    0x95d8, 0x95d9, 0x95dd, 0x960f, 0x963f, 0x9649, 0x967b, 0x969b,
    0x96a2, 0x96a7, 0x96a9, 0x96ab, 0x973c, 0x97be, 0x97bf, 0x97c2,
    0x97c3, 0x97c4, 0x97cd, 0x97da, 0x97e0, 0x97e1, 0x97e5, 0x9817,
    0x98b9, 0x98df, 0x99ba, 0x99d5, 0x9a21, 0x9e21, 0x9e99, 0xfe51,
    0xfe52, 0xfe55, 0xfe63, 0xfe64, 0xfe68, 0xfea5
};

/*Collect the unicode lists and glyph_id offsets*/
static const lv_font_fmt_txt_cmap_t cmaps[] =
{
    {
        .range_start = 32, .range_length = 95, .glyph_id_start = 1,
        .unicode_list = NULL, .glyph_id_ofs_list = NULL, .list_length = 0, .type = LV_FONT_FMT_TXT_CMAP_FORMAT0_TINY
    },
    {
        .range_start = 183, .range_length = 65190, .glyph_id_start = 96,
        .unicode_list = unicode_list_1, .glyph_id_ofs_list = NULL, .list_length = 782, .type = LV_FONT_FMT_TXT_CMAP_SPARSE_TINY
    }
};



/*--------------------
 *  ALL CUSTOM DATA
 *--------------------*/

#if LVGL_VERSION_MAJOR == 8
/*Store all the custom data of the font*/
static  lv_font_fmt_txt_glyph_cache_t cache;
#endif

#if LVGL_VERSION_MAJOR >= 8
static const lv_font_fmt_txt_dsc_t font_dsc = {
#else
static lv_font_fmt_txt_dsc_t font_dsc = {
#endif
    .glyph_bitmap = glyph_bitmap,
    .glyph_dsc = glyph_dsc,
    .cmaps = cmaps,
    .kern_dsc = NULL,
    .kern_scale = 0,
    .cmap_num = 2,
    .bpp = 4,
    .kern_classes = 0,
    .bitmap_format = 1,
#if LVGL_VERSION_MAJOR == 8
    .cache = &cache
#endif
};



/*-----------------
 *  PUBLIC FONT
 *----------------*/

/*Initialize a public general font descriptor*/
#if LVGL_VERSION_MAJOR >= 8
const lv_font_t lv_font_chinese_12 = {
#else
lv_font_t lv_font_chinese_12 = {
#endif
    .get_glyph_dsc = lv_font_get_glyph_dsc_fmt_txt,    /*Function pointer to get glyph's data*/
    .get_glyph_bitmap = lv_font_get_bitmap_fmt_txt,    /*Function pointer to get glyph's bitmap*/
    .line_height = 13,          /*The maximum line height required by the font*/
    .base_line = 2,             /*Baseline measured from the bottom of the line*/
#if !(LVGL_VERSION_MAJOR == 6 && LVGL_VERSION_MINOR == 0)
    .subpx = LV_FONT_SUBPX_NONE,
#endif
#if LV_VERSION_CHECK(7, 4, 0) || LVGL_VERSION_MAJOR >= 8
    .underline_position = -1,
    .underline_thickness = 1,
#endif
    .dsc = &font_dsc,          /*The custom font data. Will be accessed by `get_glyph_bitmap/dsc` */
#if LV_VERSION_CHECK(8, 2, 0) || LVGL_VERSION_MAJOR >= 9
    .fallback = NULL,
#endif
    .user_data = NULL,
};



#endif /*#if LV_FONT_CHINESE_12*/

