/*******************************************************************************
 * Size: 16 px
 * Bpp: 4
 * Opts: --font C:\Windows\Fonts\simhei.ttf --lv-font-name lv_font_chinese_16 --size 16 --bpp 4 --format lvgl -o d:\zhutao\audio_player\main\ui_font_16.c -r 0x20-0x7E -r 0x00B7 -r 0x2026 -r 0x3001-0x3002 -r 0x4E00-0x4E01 -r 0x4E09-0x4E0B -r 0x4E0D-0x4E0E -r 0x4E13-0x4E14 -r 0x4E22 -r 0x4E24 -r 0x4E2A -r 0x4E2D -r 0x4E32 -r 0x4E34 -r 0x4E3A-0x4E3B -r 0x4E3E -r 0x4E45 -r 0x4E49 -r 0x4E4B -r 0x4E50 -r 0x4E5F -r 0x4E66 -r 0x4E71 -r 0x4E86 -r 0x4E89 -r 0x4E8B-0x4E8C -r 0x4E8E -r 0x4E92 -r 0x4E94 -r 0x4EA4 -r 0x4EAB -r 0x4EAE -r 0x4EBA -r 0x4EC5 -r 0x4ECD-0x4ECE -r 0x4ED6 -r 0x4EE3 -r 0x4EE5 -r 0x4EF6 -r 0x4EFB -r 0x4F11 -r 0x4F18 -r 0x4F1A -r 0x4F20 -r 0x4F30 -r 0x4F46 -r 0x4F4D-0x4F4F -r 0x4F53 -r 0x4F55 -r 0x4F59 -r 0x4F5C -r 0x4F7F -r 0x4F9B -r 0x4F9D -r 0x4FA7 -r 0x4FBF -r 0x4FDD -r 0x4FE1 -r 0x4FEE -r 0x500D -r 0x5012 -r 0x503C -r 0x5047 -r 0x504F -r 0x505A -r 0x505C -r 0x5065 -r 0x507F -r 0x50A8 -r 0x50CF -r 0x5141 -r 0x5143 -r 0x5145 -r 0x5148-0x5149 -r 0x514D -r 0x515C -r 0x5165 -r 0x5168 -r 0x516C -r 0x5171 -r 0x5173 -r 0x5176-0x5178 -r 0x5185 -r 0x518C-0x518D -r 0x5197 -r 0x5199 -r 0x51B2-0x51B3 -r 0x51B5 -r 0x51C6 -r 0x51CF -r 0x51FA-0x51FB -r 0x51FD -r 0x5206-0x5207 -r 0x5217 -r 0x5219-0x521B -r 0x521D -r 0x5220 -r 0x5224 -r 0x5230 -r 0x5236-0x5237 -r 0x523B -r 0x524D -r 0x529B -r 0x529F-0x52A1 -r 0x52A8-0x52A9 -r 0x52FF-0x5300 -r 0x5305 -r 0x5316 -r 0x5339-0x533A -r 0x5347 -r 0x5355 -r 0x5360-0x5361 -r 0x536B -r 0x5373-0x5374 -r 0x5377-0x5378 -r 0x5386 -r 0x538B -r 0x539F -r 0x53BB -r 0x53C2 -r 0x53CA -r 0x53CC-0x53CD -r 0x53D1 -r 0x53D6-0x53D8 -r 0x53E0 -r 0x53E3-0x53E5 -r 0x53EA -r 0x53EF-0x53F0 -r 0x53F2-0x53F3 -r 0x53F6-0x53F7 -r 0x5404 -r 0x5408 -r 0x540C-0x540E -r 0x5411 -r 0x5426 -r 0x542B-0x542C -r 0x542F -r 0x544A -r 0x5468 -r 0x547D -r 0x548C -r 0x54CD -r 0x5524 -r 0x552F -r 0x5582 -r 0x5668 -r 0x56DB -r 0x56DE -r 0x56E0 -r 0x56F4 -r 0x56FA -r 0x56FE -r 0x5706 -r 0x5728 -r 0x5730 -r 0x573A -r 0x5747 -r 0x574F -r 0x5757 -r 0x578B -r 0x57DF -r 0x57FA -r 0x586B -r 0x589E -r 0x58F0 -r 0x5904 -r 0x5907 -r 0x590D -r 0x5916 -r 0x591A -r 0x5927 -r 0x5931 -r 0x5934 -r 0x5939 -r 0x5957 -r 0x597D -r 0x5982 -r 0x59CB -r 0x5B50 -r 0x5B54 -r 0x5B57-0x5B58 -r 0x5B88-0x5B89 -r 0x5B8C -r 0x5B8F -r 0x5B98 -r 0x5B9A -r 0x5B9E -r 0x5BA1 -r 0x5BB9 -r 0x5BBD -r 0x5BBF -r 0x5BF9 -r 0x5BFC -r 0x5C04 -r 0x5C06 -r 0x5C0F -r 0x5C11 -r 0x5C1D -r 0x5C31 -r 0x5C3E -r 0x5C40 -r 0x5C42 -r 0x5C45 -r 0x5C4F -r 0x5C55 -r 0x5C5E -r 0x5D29 -r 0x5D4C -r 0x5DE5-0x5DE6 -r 0x5DEE -r 0x5DF2 -r 0x5E03 -r 0x5E26-0x5E27 -r 0x5E38 -r 0x5E55 -r 0x5E72-0x5E73 -r 0x5E76 -r 0x5E8F -r 0x5E93-0x5E95 -r 0x5EA6-0x5EA7 -r 0x5EB7 -r 0x5EF6 -r 0x5EFA -r 0x5F00 -r 0x5F02-0x5F03 -r 0x5F0F -r 0x5F15 -r 0x5F39-0x5F3A -r 0x5F52-0x5F53 -r 0x5F55 -r 0x5F62 -r 0x5F71 -r 0x5F81 -r 0x5F84-0x5F85 -r 0x5F97 -r 0x5FAA -r 0x5FC3 -r 0x5FC5 -r 0x5FD7 -r 0x5FEB -r 0x5FFD -r 0x6001 -r 0x6027 -r 0x603B -r 0x6062 -r 0x606F -r 0x60AC -r 0x60C5 -r 0x610F -r 0x611F -r 0x6162 -r 0x6210 -r 0x6216 -r 0x622A -r 0x6233 -r 0x6237 -r 0x6240 -r 0x6247 -r 0x624D -r 0x6253 -r 0x6267 -r 0x6269 -r 0x626B-0x626C -r 0x6279 -r 0x627E-0x627F -r 0x628A -r 0x6296 -r 0x62A4-0x62A5 -r 0x62C9 -r 0x62D2 -r 0x62D4 -r 0x62DF -r 0x62E8-0x62E9 -r 0x62F7 -r 0x62FC -r 0x6301-0x6302 -r 0x6307 -r 0x6309 -r 0x633D -r 0x635F -r 0x6362 -r 0x636E -r 0x6389 -r 0x6392 -r 0x63A2 -r 0x63A5 -r 0x63A7-0x63A9 -r 0x63CF-0x63D0 -r 0x63D2 -r 0x6447 -r 0x6458 -r 0x64AD -r 0x64CD-0x64CE -r 0x64E6 -r 0x652F -r 0x6536 -r 0x6539 -r 0x653E -r 0x6548 -r 0x655B -r 0x6570 -r 0x6574 -r 0x6587 -r 0x659C -r 0x65A5 -r 0x65AD -r 0x65B0 -r 0x65B9 -r 0x65CB -r 0x65E0 -r 0x65E5 -r 0x65E7 -r 0x65E9 -r 0x65F6 -r 0x660E -r 0x6613 -r 0x6620 -r 0x662F -r 0x663E -r 0x665F -r 0x666E-0x6670 -r 0x6682 -r 0x66B4 -r 0x66F2 -r 0x66F4 -r 0x66FF-0x6700 -r 0x6709 -r 0x671F -r 0x672A-0x672C -r 0x673A -r 0x6761 -r 0x6765 -r 0x677E-0x677F -r 0x6781 -r 0x6784 -r 0x6790 -r 0x679A -r 0x679C -r 0x67B6 -r 0x67C4 -r 0x67D0 -r 0x67D3 -r 0x67E5 -r 0x67F1 -r 0x6807-0x6808 -r 0x680F -r 0x6811 -r 0x6821 -r 0x6837-0x6839 -r 0x683C -r 0x6846 -r 0x6863 -r 0x6869 -r 0x68AF-0x68B0 -r 0x68C0 -r 0x6A21 -r 0x6A2A -r 0x6A59 -r 0x6B21 -r 0x6B23 -r 0x6B4C -r 0x6B62-0x6B66 -r 0x6B7B -r 0x6B8A-0x6B8B -r 0x6BB5 -r 0x6BC1 -r 0x6BCF -r 0x6BD4 -r 0x6BEB -r 0x6C14 -r 0x6C38 -r 0x6C60-0x6C61 -r 0x6CA1 -r 0x6CBF -r 0x6CC4 -r 0x6CD5 -r 0x6CE8 -r 0x6D3B -r 0x6D3E -r 0x6D41 -r 0x6D4B -r 0x6D4F -r 0x6D88 -r 0x6DE1 -r 0x6DF1 -r 0x6DFB -r 0x6E05 -r 0x6E32 -r 0x6E83 -r 0x6E90 -r 0x6ED1 -r 0x6EDA -r 0x6EE1 -r 0x6F02 -r 0x6F0F -r 0x706D -r 0x706F-0x7070 -r 0x70B9 -r 0x70E7 -r 0x7184 -r 0x7206 -r 0x7247-0x7248 -r 0x7269 -r 0x7279 -r 0x72B6 -r 0x72D7 -r 0x72EC -r 0x7387 -r 0x73AF-0x73B0 -r 0x73E0 -r 0x7406 -r 0x751F -r 0x7528 -r 0x7531 -r 0x7535 -r 0x753B -r 0x754C -r 0x7559 -r 0x7565 -r 0x7591 -r 0x767D-0x767E -r 0x7684 -r 0x76CA -r 0x76D1 -r 0x76D6 -r 0x76D8 -r 0x76EE -r 0x76F4 -r 0x76F8 -r 0x7701 -r 0x770B -r 0x771F-0x7720 -r 0x77AC -r 0x77E2 -r 0x77E5 -r 0x77E9 -r 0x77ED -r 0x7801 -r 0x7816 -r 0x7834 -r 0x786C -r 0x786E -r 0x78C1 -r 0x78E8 -r 0x793A -r 0x7981 -r 0x79BB -r 0x79D2 -r 0x79EF-0x79F0 -r 0x79FB -r 0x7A0B -r 0x7A0D -r 0x7A33 -r 0x7A7A -r 0x7A81 -r 0x7A84 -r 0x7A97 -r 0x7ACB -r 0x7AD6 -r 0x7ADE -r 0x7AEF -r 0x7B26 -r 0x7B2C -r 0x7B49 -r 0x7B56 -r 0x7B7E -r 0x7B80 -r 0x7B97 -r 0x7BA1 -r 0x7BB1 -r 0x7BE1 -r 0x7C7B -r 0x7C97 -r 0x7CBE -r 0x7CFB -r 0x7D20 -r 0x7D22 -r 0x7D2F -r 0x7EA2 -r 0x7EA6-0x7EA7 -r 0x7EAF -r 0x7EBF -r 0x7EC4 -r 0x7EC8 -r 0x7ECF -r 0x7ED1 -r 0x7ED3 -r 0x7ED5 -r 0x7ED8-0x7ED9 -r 0x7EDD -r 0x7EDF -r 0x7EE7 -r 0x7EEA -r 0x7EED -r 0x7EF4 -r 0x7EFF-0x7F00 -r 0x7F13 -r 0x7F16 -r 0x7F29 -r 0x7F3A -r 0x7F51 -r 0x7F6E -r 0x7FFB -r 0x800C -r 0x8010 -r 0x8017 -r 0x8026 -r 0x80CC -r 0x80FD -r 0x8109 -r 0x810F -r 0x811A -r 0x81EA -r 0x81F3-0x81F4 -r 0x820D -r 0x822A -r 0x8272 -r 0x8282 -r 0x82AF -r 0x82E5 -r 0x8303 -r 0x8350 -r 0x83B7 -r 0x83DC -r 0x843D -r 0x84DD -r 0x853D -r 0x85CF -r 0x867D -r 0x884C -r 0x8854 -r 0x8865 -r 0x8868 -r 0x88AB -r 0x88C5 -r 0x8981 -r 0x8986 -r 0x89C1 -r 0x89C4 -r 0x89C6 -r 0x89C8 -r 0x89D2 -r 0x89E3 -r 0x89E6 -r 0x8B66 -r 0x8BA1-0x8BA2 -r 0x8BA4 -r 0x8BA9 -r 0x8BB0 -r 0x8BB8 -r 0x8BBE-0x8BBF -r 0x8BC1 -r 0x8BC4 -r 0x8BC6 -r 0x8BD1 -r 0x8BD5 -r 0x8BE2 -r 0x8BE5-0x8BE6 -r 0x8BED -r 0x8BEF -r 0x8BF4 -r 0x8BF7 -r 0x8BFB -r 0x8C03 -r 0x8C61 -r 0x8D1D -r 0x8D1F -r 0x8D23 -r 0x8D25 -r 0x8D34 -r 0x8D44 -r 0x8D4B -r 0x8D56 -r 0x8D70 -r 0x8D77 -r 0x8D85 -r 0x8DB3 -r 0x8DC3 -r 0x8DDF -r 0x8DE8 -r 0x8DEF -r 0x8DF3 -r 0x8EAB -r 0x8F68 -r 0x8F6C -r 0x8F6E-0x8F6F -r 0x8F74 -r 0x8F7D -r 0x8F83 -r 0x8F85 -r 0x8F91 -r 0x8F93 -r 0x8FB9 -r 0x8FBE -r 0x8FC1 -r 0x8FC7 -r 0x8FD0-0x8FD1 -r 0x8FD4 -r 0x8FD8-0x8FD9 -r 0x8FDB -r 0x8FDE-0x8FDF -r 0x9000-0x9002 -r 0x9009 -r 0x9010 -r 0x9012 -r 0x901A -r 0x901F -r 0x903B -r 0x9053 -r 0x9057 -r 0x907F -r 0x90E8 -r 0x90FD -r 0x914D -r 0x9192 -r 0x91C7 -r 0x91CA -r 0x91CC-0x91CD -r 0x91CF -r 0x9488 -r 0x949F -r 0x94AE -r 0x94B3 -r 0x94FE -r 0x9500-0x9501 -r 0x9519-0x951A -r 0x9525 -r 0x952E -r 0x955C -r 0x957F -r 0x95E8 -r 0x95EA -r 0x95ED-0x95EE -r 0x95F2 -r 0x95F4 -r 0x9605 -r 0x9608 -r 0x9632 -r 0x9636 -r 0x963B -r 0x9645 -r 0x964D -r 0x9650 -r 0x9664 -r 0x9669 -r 0x968F-0x9690 -r 0x9694 -r 0x96C6 -r 0x96F6 -r 0x9700 -r 0x9732 -r 0x9752 -r 0x9759 -r 0x975E -r 0x9760 -r 0x9762 -r 0x97F3 -r 0x9875-0x9876 -r 0x9879-0x987B -r 0x9884 -r 0x9891 -r 0x9897-0x9898 -r 0x989C -r 0x98CE -r 0x9970 -r 0x9996 -r 0x9A71 -r 0x9A8C -r 0x9AD8 -r 0x9ED8 -r 0x9F50 -r 0xFF08-0xFF09 -r 0xFF0C -r 0xFF1A-0xFF1B -r 0xFF1F -r 0xFF5C
 ******************************************************************************/

#include "lvgl.h"

#ifndef LV_FONT_CHINESE_16
#define LV_FONT_CHINESE_16 1
#endif

#if LV_FONT_CHINESE_16

/*-----------------
 *    BITMAPS
 *----------------*/

/*Store the image of the glyphs*/
static LV_ATTRIBUTE_LARGE_CONST const uint8_t glyph_bitmap[] = {
    /* U+0020 " " */

    /* U+0021 "!" */
    0xfb, 0x11, 0x0, 0xc, 0xc2, 0x27, 0xf1, 0x10,
    0x0, 0x8e, 0x17, 0xec, 0x1c,

    /* U+0022 "\"" */
    0xf6, 0x7e, 0x12, 0x12, 0x37, 0x37, 0xb2, 0x7e,

    /* U+0023 "#" */
    0x0, 0x3c, 0x3, 0x48, 0x5, 0xdc, 0xe, 0xe0,
    0x4, 0x66, 0x1, 0x10, 0x4, 0xc2, 0x4, 0x61,
    0x7e, 0x77, 0xe9, 0x51, 0x38, 0x19, 0x80, 0xb9,
    0x22, 0x9, 0x98, 0x10, 0x41, 0x48, 0xc, 0x80,
    0x17, 0x63, 0xfc, 0x2f, 0x89, 0x66, 0x63, 0xae,
    0x49, 0x7, 0x98, 0x69, 0x88, 0x11, 0x0, 0x88,
    0x0,

    /* U+0024 "$" */
    0x0, 0xa5, 0x40, 0x35, 0x35, 0x40, 0x2, 0x5d,
    0x15, 0xd0, 0x12, 0xcb, 0xcf, 0x40, 0x1c, 0x0,
    0xeb, 0x5, 0x74, 0x2, 0x20, 0x43, 0x17, 0x8,
    0x5, 0x2c, 0x9e, 0x20, 0x1a, 0x2, 0xb, 0x8c,
    0x9, 0xd4, 0x85, 0x40, 0x6, 0xe0, 0x96, 0x58,
    0xba, 0x14, 0xc8, 0xce, 0xc0, 0x36, 0xd5, 0x0,
    0x1b, 0x5c, 0x0,

    /* U+0025 "%" */
    0x1d, 0xc0, 0x0, 0xa0, 0x32, 0xb2, 0x83, 0x30,
    0x3b, 0x84, 0x40, 0xe2, 0x0, 0xe4, 0xd0, 0x7,
    0x70, 0x89, 0xa8, 0x0, 0x65, 0x66, 0x70, 0x4,
    0x3b, 0x96, 0x9b, 0x60, 0x1d, 0x74, 0x8, 0x0,
    0x6b, 0x22, 0xc0, 0xf, 0x30, 0xe, 0x3c, 0x2,
    0x2c, 0x8, 0xa1, 0x54, 0x4,

    /* U+0026 "&" */
    0x0, 0x47, 0x60, 0x80, 0x48, 0xf6, 0x12, 0x1,
    0x1a, 0x2a, 0x10, 0x4, 0x2e, 0x9, 0xa0, 0x12,
    0x1d, 0x3, 0x80, 0x44, 0x2d, 0x80, 0x1a, 0xcc,
    0xc2, 0xa, 0xc, 0xba, 0x76, 0x54, 0x1e, 0xa1,
    0xeb, 0x22, 0x1c, 0xc0, 0x72, 0x88, 0x5, 0x29,
    0x4c, 0x5, 0x62, 0xb4, 0xb6, 0xd8, 0x50,

    /* U+0027 "'" */
    0x3f, 0x21, 0x2, 0x30, 0x0, 0xc0, 0x0,

    /* U+0028 "(" */
    0x0, 0x88, 0x2, 0x1c, 0x30, 0x5, 0x41, 0x82,
    0xbb, 0x0, 0x26, 0x0, 0x2, 0x48, 0x0, 0x25,
    0x0, 0x98, 0x80, 0x3f, 0x31, 0x0, 0x46, 0xa0,
    0x19, 0x50, 0x2, 0xf9, 0x0, 0x91, 0xe0, 0x2,
    0xa5, 0x30, 0xb, 0xc,

    /* U+0029 ")" */
    0x11, 0x0, 0x4f, 0xa0, 0x13, 0x2c, 0x80, 0x52,
    0xe4, 0x1, 0x4d, 0x80, 0x4c, 0x80, 0x10, 0x98,
    0x6, 0x22, 0x0, 0x7e, 0x22, 0x0, 0x8, 0xc0,
    0x25, 0x50, 0x0, 0x66, 0x40, 0xa, 0x91, 0x6,
    0x7, 0x0, 0x35, 0x80, 0x40,

    /* U+002A "*" */
    0x0, 0xa6, 0x40, 0x10, 0x90, 0x6, 0x21, 0x6d,
    0x71, 0x13, 0xeb, 0x3d, 0x51, 0xdd, 0x54, 0x70,
    0x44, 0x0, 0x11, 0x0, 0xbe, 0xab, 0xbd, 0x5a,
    0x70, 0x89, 0x92, 0xc6, 0xe0, 0x22, 0x7, 0x30,
    0xb, 0x30, 0x1, 0x0,

    /* U+002B "+" */
    0x0, 0x99, 0x0, 0x3d, 0x86, 0x1, 0xff, 0xc7,
    0xaf, 0xf2, 0xc7, 0xf9, 0xef, 0x74, 0xaf, 0xba,
    0x61, 0x22, 0x7, 0x91, 0x4, 0x3, 0xf0,

    /* U+002C "," */
    0x55, 0x74, 0xc2, 0x5d, 0x0,

    /* U+002D "-" */
    0xaf, 0xff, 0x35, 0xee, 0xf9, 0x80,

    /* U+002E "." */
    0x55, 0x4f, 0x0,

    /* U+002F "/" */
    0x0, 0xf1, 0x10, 0x3, 0xd2, 0x1, 0xe3, 0x22,
    0x0, 0x74, 0x40, 0x3, 0x90, 0xc4, 0x3, 0xa2,
    0x40, 0x39, 0x50, 0x40, 0x3a, 0x60, 0x3, 0x96,
    0xc0, 0x3d, 0x2e, 0x1, 0xcd, 0x40, 0x1e, 0xa6,
    0x0, 0xe7, 0xa0, 0xf, 0x23, 0x0, 0x78,

    /* U+0030 "0" */
    0x0, 0x47, 0x71, 0x80, 0x27, 0x74, 0xcc, 0x80,
    0x8, 0x83, 0xb9, 0xbc, 0xc, 0x18, 0x1, 0xa8,
    0xa, 0x22, 0x0, 0x30, 0x8, 0x18, 0x4, 0x60,
    0x60, 0x1f, 0x8c, 0xc0, 0x11, 0x81, 0xb8, 0x90,
    0x1, 0xc0, 0x48, 0x94, 0x0, 0xe5, 0x0, 0x43,
    0xd5, 0xa4, 0x80, 0x16, 0xd8, 0x30, 0xc0, 0x24,
    0xcb, 0x30, 0x0,

    /* U+0031 "1" */
    0x0, 0x36, 0x1, 0xc8, 0x26, 0x18, 0x1d, 0xa0,
    0x3a, 0x0, 0x7f, 0xf4, 0x80,

    /* U+0032 "2" */
    0x0, 0xfe, 0x1b, 0xff, 0x50, 0x5, 0xab, 0x10,
    0x58, 0x4, 0x3c, 0x77, 0x94, 0x13, 0x48, 0x1,
    0xe0, 0x11, 0x0, 0x58, 0xe0, 0x1c, 0x69, 0x20,
    0x1d, 0xca, 0x60, 0x1a, 0xe, 0xc0, 0x32, 0x3d,
    0x8, 0x4, 0x54, 0xe8, 0x1, 0xbc, 0x2c, 0xce,
    0x2, 0x20, 0xe6, 0x61,

    /* U+0033 "3" */
    0x0, 0x2d, 0xd9, 0x80, 0x26, 0xbc, 0x39, 0x70,
    0x4, 0x53, 0xc3, 0xd0, 0x2, 0x90, 0x1, 0xc0,
    0x12, 0x0, 0x6, 0xd4, 0x3, 0x4f, 0x34, 0x0,
    0x6d, 0x64, 0x50, 0xc, 0x92, 0xf6, 0x0, 0x30,
    0xb, 0x4, 0xf, 0x8, 0x0, 0x62, 0x6, 0x6f,
    0x66, 0x44, 0x80, 0x35, 0xe6, 0x20, 0xe0,

    /* U+0034 "4" */
    0x0, 0xc3, 0xe6, 0x1, 0xd4, 0x1, 0xe5, 0x40,
    0xf, 0x5c, 0x80, 0x74, 0x93, 0x0, 0x63, 0x6e,
    0x0, 0xee, 0x82, 0x0, 0xce, 0xe, 0x1, 0xd6,
    0x5f, 0xf0, 0x65, 0x76, 0xee, 0xa, 0xb2, 0x2e,
    0x6, 0x10, 0xf, 0xc0,

    /* U+0035 "5" */
    0x5, 0xff, 0xd6, 0x0, 0xd4, 0xcc, 0xa4, 0x0,
    0x78, 0x67, 0x10, 0x1, 0x4c, 0x3, 0x84, 0x51,
    0xfd, 0x0, 0x5, 0x4, 0xb9, 0x77, 0x2, 0xec,
    0x23, 0xba, 0x40, 0x48, 0x2, 0xc1, 0x2, 0x20,
    0x7, 0xae, 0x40, 0x2e, 0x30, 0xa4, 0x95, 0xa5,
    0x90, 0x3a, 0x4a, 0x6b, 0x50,

    /* U+0036 "6" */
    0x0, 0xdd, 0x0, 0x1d, 0x1, 0x0, 0x18, 0x5e,
    0xc0, 0x3a, 0xcd, 0x40, 0x32, 0x2b, 0xd3, 0x80,
    0x50, 0xe, 0xd1, 0x80, 0x46, 0xf9, 0x8b, 0x35,
    0x70, 0x90, 0x2, 0x16, 0x80, 0x4, 0x2, 0x10,
    0x70, 0x30, 0x0, 0x9e, 0x92, 0x72, 0xa6, 0x92,
    0x85, 0xa5, 0xd8, 0x3c, 0x0,

    /* U+0037 "7" */
    0x5f, 0xff, 0x32, 0x66, 0x6a, 0x5, 0x13, 0x3d,
    0x88, 0x60, 0x18, 0x5a, 0x0, 0x39, 0x8c, 0xc0,
    0x1d, 0x32, 0x0, 0xe4, 0x15, 0x0, 0xee, 0x50,
    0xf, 0x27, 0x80, 0x72, 0xa, 0x80, 0x76, 0x10,
    0x7, 0x91, 0x0, 0x18,

    /* U+0038 "8" */
    0x1, 0xbf, 0xe8, 0x0, 0xb4, 0x6e, 0x1d, 0xc0,
    0x27, 0x48, 0xcf, 0x60, 0x60, 0x1b, 0xc0, 0x4,
    0x30, 0x3, 0x56, 0x0, 0xa7, 0xfe, 0x77, 0x0,
    0x25, 0x2a, 0x11, 0xc1, 0x8e, 0xd5, 0xea, 0x3,
    0x94, 0x2, 0x50, 0x2f, 0x50, 0x9, 0xc0, 0xd4,
    0x72, 0x2a, 0x54, 0x4a, 0xc1, 0xd5, 0x56, 0x0,

    /* U+0039 "9" */
    0x2, 0xbf, 0xe7, 0x0, 0xe, 0x3c, 0xb4, 0x38,
    0x30, 0x6b, 0x43, 0x48, 0x6a, 0x88, 0x3, 0x4,
    0x3, 0xc4, 0x21, 0x88, 0x60, 0x32, 0x80, 0xc7,
    0x98, 0xe1, 0x90, 0x6, 0x5d, 0x85, 0xc, 0x2,
    0x43, 0x18, 0x0, 0xef, 0x43, 0x0, 0xc6, 0x92,
    0x1, 0xd0, 0xa4, 0x1, 0x0,

    /* U+003A ":" */
    0xe9, 0x8d, 0x64, 0x0, 0xf3, 0x24, 0x68,

    /* U+003B ";" */
    0xe9, 0x8d, 0x64, 0x0, 0xf3, 0x24, 0x6c, 0x66,
    0x14,

    /* U+003C "<" */
    0x0, 0xff, 0xe0, 0x8e, 0x90, 0x6, 0x2c, 0x82,
    0x0, 0x8b, 0xe5, 0x40, 0x22, 0xf9, 0x40, 0x8,
    0xbe, 0x50, 0x2, 0x2f, 0x94, 0x0, 0xc6, 0x2,
    0x1, 0xc3, 0x92, 0xc0, 0x1c, 0x3b, 0x4c, 0x1,
    0xc3, 0x94, 0xe0, 0x1e, 0xcb, 0x80, 0xf, 0x61,
    0x90, 0x7, 0xac, 0x80,

    /* U+003D "=" */
    0xaf, 0xff, 0x35, 0xee, 0xf9, 0x84, 0x8b, 0xc0,
    0x1f, 0xd5, 0xff, 0xe6, 0xbd, 0xdf, 0x30,

    /* U+003E ">" */
    0x0, 0xfc, 0x98, 0x20, 0x1c, 0x95, 0xa2, 0x1,
    0xcd, 0x5a, 0x20, 0x1c, 0xd5, 0xa2, 0x1, 0xcd,
    0x3a, 0x20, 0x1c, 0xb3, 0x82, 0x1, 0xc4, 0x22,
    0x0, 0xcf, 0x98, 0x0, 0xd1, 0x96, 0x1, 0xa4,
    0xac, 0x3, 0x49, 0xd0, 0x6, 0x43, 0xa0, 0xe,
    0x4a, 0x0, 0xf0,

    /* U+003F "?" */
    0x0, 0x4f, 0x72, 0x0, 0x12, 0xf1, 0x2e, 0xc0,
    0xd2, 0xce, 0x7a, 0x24, 0x80, 0x13, 0x8e, 0x98,
    0x11, 0xd8, 0x6, 0xf3, 0x70, 0xa, 0xf, 0x40,
    0x32, 0x40, 0x80, 0x68, 0x70, 0xe, 0x41, 0x0,
    0xe9, 0x40, 0xe, 0x63, 0x0, 0x0,

    /* U+0040 "@" */
    0x0, 0x34, 0xc4, 0x88, 0x1, 0x8e, 0x62, 0x20,
    0x7, 0xab, 0xdd, 0x9, 0x2e, 0xae, 0xcb, 0x63,
    0xea, 0xcc, 0x33, 0xb1, 0x8, 0x11, 0x5a, 0x1,
    0x11, 0x3, 0xc9, 0x88, 0x4, 0x85, 0x7, 0x53,
    0x81, 0xf2, 0xa9, 0xe2, 0x8b, 0x3a, 0xfc, 0xc0,
    0x7c, 0x40, 0x4, 0x30, 0x4, 0xd4, 0x40, 0x8c,
    0x0,

    /* U+0041 "A" */
    0x0, 0xb6, 0xc0, 0x38, 0x49, 0x0, 0x39, 0x0,
    0x6, 0x1, 0xb1, 0x49, 0x0, 0x32, 0x6a, 0x60,
    0x4, 0x24, 0x98, 0x80, 0x13, 0x81, 0xb8, 0x20,
    0x3, 0x3, 0xf4, 0x30, 0x0, 0x8d, 0x98, 0x54,
    0x2, 0x1d, 0x33, 0x61, 0x82, 0x2, 0x0, 0x10,
    0x13, 0xc, 0x2, 0x21, 0xc0,

    /* U+0042 "B" */
    0x5f, 0xfb, 0xa4, 0x3, 0x55, 0xc3, 0xd0, 0x4,
    0xe8, 0xd2, 0xa0, 0x1f, 0xfc, 0x12, 0xa4, 0x0,
    0xb7, 0xf4, 0x28, 0x2, 0xac, 0x93, 0xa0, 0x9,
    0xcd, 0xa9, 0xc, 0x3, 0x98, 0x18, 0x3, 0x9c,
    0x4, 0x0, 0xe8, 0xd6, 0x28, 0x0, 0xab, 0x84,
    0xc0,

    /* U+0043 "C" */
    0x0, 0x36, 0xfd, 0x8, 0x1, 0x65, 0x69, 0xe8,
    0x1, 0xb, 0xb, 0x28, 0x45, 0x70, 0x1, 0x41,
    0x9c, 0x18, 0x0, 0x34, 0xa6, 0x6, 0x1, 0x28,
    0x80, 0x7f, 0xf0, 0xb1, 0x54, 0xa, 0x0, 0x13,
    0x3, 0xd, 0x0, 0x20, 0x20, 0x43, 0x43, 0x5a,
    0x88, 0x3c, 0x34, 0xa5, 0x0,

    /* U+0044 "D" */
    0x5f, 0xfa, 0xcc, 0x3, 0x55, 0x1f, 0x10, 0x2,
    0x75, 0xc2, 0x80, 0xf, 0x51, 0x88, 0x7, 0x18,
    0x10, 0x7, 0x38, 0x38, 0x7, 0xff, 0x5, 0xc1,
    0xc0, 0x38, 0xc0, 0x80, 0x3a, 0x90, 0x40, 0xe,
    0xb8, 0x50, 0x1, 0x55, 0x1f, 0x4c, 0x0,

    /* U+0045 "E" */
    0x2f, 0xff, 0x0, 0x4f, 0x77, 0x80, 0x2d, 0x44,
    0xc0, 0x1f, 0xfc, 0x7a, 0xff, 0xa4, 0x2, 0x8c,
    0xca, 0x0, 0x22, 0x33, 0x84, 0x3, 0xff, 0x8e,
    0x48, 0x98, 0x40, 0x11, 0x77, 0x94,

    /* U+0046 "F" */
    0x4f, 0xff, 0x28, 0x2, 0x6e, 0xf2, 0x0, 0x15,
    0x13, 0x8, 0x7, 0xff, 0x3b, 0x3f, 0xe1, 0x0,
    0xa7, 0x32, 0x10, 0x9, 0x4c, 0xe0, 0xf, 0xfe,
    0x70,

    /* U+0047 "G" */
    0x0, 0x3f, 0x7c, 0x80, 0x4d, 0x13, 0x26, 0x70,
    0x4, 0x3b, 0x99, 0xe4, 0x8, 0x70, 0x1, 0x82,
    0xe, 0xc, 0x0, 0x4d, 0x3, 0x3, 0x0, 0x88,
    0x3, 0xf, 0xfc, 0x40, 0x10, 0xe5, 0x0, 0x8,
    0x14, 0xd, 0xc0, 0x8, 0x1a, 0x0, 0x70, 0xa,
    0x1a, 0x1a, 0xc0, 0x27, 0x73, 0x44, 0x80, 0x0,

    /* U+0048 "H" */
    0x5f, 0x20, 0x2, 0xf9, 0x0, 0x7f, 0xf5, 0xb7,
    0xfd, 0x40, 0x1a, 0xb3, 0x10, 0x1, 0x9c, 0xcc,
    0x40, 0x1f, 0xfd, 0x60,

    /* U+0049 "I" */
    0xda, 0x0, 0xff, 0xe5, 0x0,

    /* U+004A "J" */
    0x0, 0xe7, 0xf0, 0xf, 0xfe, 0xf1, 0x51, 0x0,
    0x72, 0xb0, 0x6, 0x20, 0x30, 0x6, 0x90, 0x2c,
    0x3c, 0xad, 0x5, 0x34, 0xbb, 0xc0,

    /* U+004B "K" */
    0x5f, 0x20, 0x5, 0x70, 0x80, 0x65, 0x55, 0x88,
    0x4, 0x36, 0xca, 0x1, 0xa8, 0xe4, 0x3, 0x52,
    0x48, 0x7, 0x38, 0x18, 0x7, 0x1a, 0xc8, 0x7,
    0x7c, 0xb, 0x0, 0x61, 0x24, 0x80, 0xf, 0x40,
    0xb0, 0x7, 0x1a, 0x58, 0x7, 0xa0, 0x98,

    /* U+004C "L" */
    0x4f, 0x30, 0xf, 0xff, 0xf8, 0x6, 0x54, 0x4c,
    0x20, 0x9, 0xbb, 0xca,

    /* U+004D "M" */
    0x7f, 0x90, 0x5, 0xfa, 0x80, 0x14, 0x0, 0xa0,
    0x18, 0x80, 0x2, 0x1, 0x8, 0xc6, 0x20, 0x11,
    0x92, 0xac, 0x1, 0x9c, 0xb8, 0xc0, 0x31, 0x79,
    0xf0, 0x6, 0xd5, 0x58, 0x3, 0x39, 0x89, 0x80,
    0x62, 0x2, 0x0, 0xf1, 0x30, 0x7, 0x9c, 0xc0,
    0x20,

    /* U+004E "N" */
    0x6f, 0x60, 0x2, 0xf9, 0x0, 0x28, 0x3, 0xe3,
    0x20, 0xf, 0x15, 0x80, 0x7a, 0x9c, 0x3, 0xcc,
    0x2a, 0x1, 0xe6, 0x90, 0xf, 0x51, 0x90, 0x7,
    0x19, 0x50, 0x7, 0xac, 0x80, 0x3c, 0xe0, 0x1f,
    0xa, 0x80, 0x0,

    /* U+004F "O" */
    0x0, 0x4f, 0xf4, 0x0, 0x54, 0xd3, 0x27, 0x80,
    0x25, 0x96, 0x76, 0x60, 0x38, 0x38, 0x3, 0x44,
    0x88, 0x2, 0x0, 0x60, 0x6f, 0x0, 0xf0, 0x80,
    0x7e, 0xf0, 0xf, 0x9, 0x0, 0x80, 0x18, 0x19,
    0x1, 0xc0, 0x1a, 0x24, 0x2b, 0x2c, 0xed, 0x20,
    0xa, 0x69, 0x93, 0xb8, 0x0,

    /* U+0050 "P" */
    0x3f, 0xfb, 0xa8, 0x40, 0x28, 0xb8, 0x7d, 0x0,
    0x8d, 0x1a, 0x4c, 0xc0, 0x1c, 0xa0, 0xc0, 0x1c,
    0x40, 0xc0, 0x18, 0xa0, 0x4c, 0x1, 0x7f, 0xab,
    0xa0, 0x14, 0xe6, 0xf1, 0x80, 0x44, 0x64, 0x1,
    0xff, 0xcf,

    /* U+0051 "Q" */
    0x0, 0x4f, 0xf4, 0x0, 0x54, 0xd3, 0x27, 0x80,
    0x25, 0x96, 0x76, 0x60, 0x38, 0x38, 0x3, 0x44,
    0x88, 0x2, 0x0, 0x60, 0x6f, 0x0, 0xf0, 0x80,
    0x7e, 0xf0, 0x9, 0xc4, 0x4, 0x80, 0x42, 0x20,
    0xc, 0x80, 0xe0, 0xe8, 0x24, 0x2b, 0x2c, 0x0,
    0x70, 0x5, 0x34, 0xb1, 0x28, 0x5, 0x3f, 0xdf,
    0xe0,

    /* U+0052 "R" */
    0x5f, 0xfb, 0xa4, 0x3, 0x55, 0xcb, 0x58, 0x4,
    0xe8, 0xf0, 0x82, 0x1, 0xc6, 0x6, 0x1, 0xc4,
    0x6, 0x1, 0x8e, 0xcc, 0x40, 0x1b, 0xf8, 0x1c,
    0x1, 0x55, 0x84, 0x10, 0x4, 0xe8, 0xb0, 0x1,
    0xe8, 0x24, 0x0, 0xe2, 0x48, 0x0, 0xf4, 0x1a,
    0x0,

    /* U+0053 "S" */
    0x0, 0x4f, 0x72, 0x40, 0x2a, 0x78, 0x66, 0x80,
    0xb, 0x6d, 0xb, 0x40, 0x40, 0x1a, 0x24, 0x8,
    0x96, 0x80, 0x4a, 0x0, 0xf2, 0xbc, 0x30, 0x8,
    0xb2, 0x87, 0x14, 0x3, 0x2e, 0xa5, 0x2, 0xe8,
    0x5, 0xe0, 0x62, 0x46, 0x0, 0x10, 0x24, 0x2e,
    0x56, 0xb4, 0x10, 0xf6, 0xb8, 0x7a, 0x0,

    /* U+0054 "T" */
    0x5f, 0xff, 0x12, 0x5d, 0x89, 0x2e, 0xc4, 0x28,
    0x80, 0x14, 0x40, 0x7, 0xff, 0xf4,

    /* U+0055 "U" */
    0x5f, 0x20, 0x2, 0x79, 0x80, 0x7f, 0xfb, 0x4,
    0x3, 0xc2, 0xc0, 0xc0, 0x3, 0x2, 0x21, 0xd2,
    0xb4, 0xa8, 0x3, 0x56, 0xe1, 0x2c, 0x0,

    /* U+0056 "V" */
    0xbb, 0x0, 0x6f, 0x7c, 0x40, 0x8, 0xc1, 0x10,
    0x6, 0x0, 0x40, 0x33, 0x2, 0x0, 0x31, 0x0,
    0x9, 0x80, 0x4, 0xc0, 0x6, 0x28, 0x18, 0x20,
    0x1, 0x44, 0x94, 0x4c, 0x0, 0x42, 0x98, 0x80,
    0x19, 0x31, 0x30, 0x3, 0x62, 0x8a, 0x0, 0x64,
    0x1, 0x20, 0xc, 0x42, 0x80, 0x10,

    /* U+0057 "W" */
    0xe7, 0xe, 0x90, 0xba, 0x2e, 0x1, 0x20, 0x62,
    0x63, 0x10, 0x60, 0x3e, 0x21, 0x23, 0x20, 0x12,
    0xe6, 0x68, 0x4c, 0x18, 0x8c, 0x8a, 0x50, 0x27,
    0x1d, 0xe6, 0xf0, 0x1, 0x3, 0x91, 0x10, 0x80,
    0x40, 0x9b, 0x89, 0x80, 0x4, 0x4, 0x40, 0x20,
    0x3, 0x8, 0x30, 0x70, 0x0, 0x88, 0x4, 0x4,
    0x0,

    /* U+0058 "X" */
    0x3f, 0x40, 0x4, 0x70, 0x1a, 0x70, 0x1, 0xa4,
    0x1, 0xea, 0x2a, 0x2c, 0x0, 0x42, 0x99, 0x30,
    0x80, 0x50, 0xe7, 0x60, 0x19, 0x45, 0x8, 0x3,
    0x18, 0xa8, 0x7, 0x4a, 0x3, 0x0, 0x44, 0xbe,
    0xd6, 0x1, 0x59, 0x24, 0x92, 0x80, 0xb5, 0x80,
    0xac, 0x84, 0x8b, 0x0, 0x24, 0xd0,

    /* U+0059 "Y" */
    0x8e, 0x0, 0x87, 0xd6, 0x45, 0x40, 0x12, 0x2a,
    0x2b, 0x20, 0x6, 0x90, 0x4, 0x99, 0x28, 0xb8,
    0x0, 0xd2, 0xe5, 0xc0, 0x37, 0xb1, 0xd0, 0x6,
    0x41, 0x42, 0x0, 0xe3, 0x10, 0xf, 0xfe, 0xb8,

    /* U+005A "Z" */
    0x1f, 0xff, 0x8, 0xae, 0xf2, 0x8, 0x81, 0x12,
    0x54, 0x80, 0xe, 0x82, 0x60, 0xc, 0x4d, 0x0,
    0x1d, 0x6, 0xa0, 0x18, 0x96, 0x0, 0x3a, 0x51,
    0x0, 0x18, 0xd2, 0x0, 0x3b, 0xd4, 0xc0, 0x32,
    0x1e, 0x22, 0x61, 0x30, 0x9b, 0xbc, 0xa0,

    /* U+005B "[" */
    0xdf, 0xf8, 0xe, 0xf7, 0x40, 0x7, 0x22, 0x0,
    0x7f, 0xfb, 0x73, 0xfc, 0x1f, 0xbb, 0x0,

    /* U+005C "\\" */
    0xe, 0x0, 0xf9, 0x14, 0x3, 0xdd, 0xc0, 0xf,
    0x23, 0x10, 0x7, 0x95, 0x40, 0x1e, 0xaa, 0x0,
    0x78, 0x84, 0xc0, 0x3d, 0x54, 0x0, 0xf3, 0x38,
    0x7, 0xc8, 0xa0, 0x1e, 0xee, 0x0, 0x79, 0x18,
    0x80, 0x3c, 0xaa, 0x0, 0xf5, 0x50, 0x0,

    /* U+005D "]" */
    0x3f, 0xfa, 0x8f, 0x75, 0x2, 0x4, 0x41, 0x0,
    0xff, 0xf6, 0x1f, 0xfa, 0x40, 0xf7, 0x6a,

    /* U+005E "^" */
    0x0, 0x27, 0xf0, 0x80, 0x6, 0x9d, 0x68, 0x1,
    0x4d, 0x16, 0xe,

    /* U+005F "_" */
    0xcc, 0xfa, 0xc0,

    /* U+0060 "`" */
    0x9f, 0x30, 0x95, 0xf0, 0x5, 0x3, 0x0,

    /* U+0061 "a" */
    0x1, 0xae, 0xe4, 0x80, 0x56, 0xf5, 0x47, 0x70,
    0x3, 0x39, 0x10, 0xba, 0x0, 0x65, 0xbe, 0x41,
    0x0, 0x6d, 0x9d, 0xb0, 0x1, 0xb, 0xe1, 0x4c,
    0x0, 0xc0, 0xe3, 0xa, 0x0, 0x28, 0xbf, 0x26,
    0x50,

    /* U+0062 "b" */
    0x4f, 0x0, 0xff, 0xea, 0x2f, 0x7c, 0x0, 0x68,
    0xa9, 0x76, 0x0, 0xa5, 0x19, 0x96, 0x1, 0x20,
    0x3, 0x8, 0x3, 0xfe, 0x40, 0x6, 0x90, 0x5,
    0x28, 0xcf, 0x40, 0x15, 0xd4, 0x3b, 0x80,

    /* U+0063 "c" */
    0x0, 0x57, 0xf4, 0x80, 0x56, 0xf5, 0x6f, 0x20,
    0x69, 0xca, 0xab, 0x0, 0x30, 0x18, 0x1, 0x64,
    0x3, 0xc2, 0x60, 0xc0, 0x60, 0x7, 0xc0, 0x34,
    0xe5, 0x55, 0xb0, 0x2, 0xde, 0xad, 0x24, 0x0,

    /* U+0064 "d" */
    0x0, 0xe6, 0xe0, 0xf, 0xfe, 0x51, 0x5f, 0xe7,
    0x0, 0x39, 0xae, 0xce, 0x6, 0x6e, 0x47, 0x50,
    0x60, 0x30, 0x6, 0x81, 0x80, 0x61, 0x5, 0x2,
    0x0, 0x78, 0x19, 0x49, 0x2b, 0x0, 0x3c, 0x36,
    0x58, 0x0,

    /* U+0065 "e" */
    0x0, 0x4f, 0x72, 0x0, 0x2a, 0x4d, 0xa6, 0x80,
    0x25, 0x93, 0x46, 0x60, 0x30, 0x5f, 0xf9, 0xc4,
    0x2, 0xdd, 0xe0, 0x60, 0x12, 0x20, 0xc0, 0x12,
    0xf2, 0xa7, 0x8, 0x2, 0x92, 0xe9, 0x28, 0x0,

    /* U+0066 "f" */
    0x0, 0x93, 0x7f, 0x44, 0x2, 0xb5, 0xbb, 0x0,
    0x44, 0x12, 0x8c, 0x20, 0x1, 0x0, 0xe5, 0xfc,
    0xe, 0xfa, 0x5, 0xec, 0xe, 0xe5, 0x0, 0x4,
    0x2, 0x10, 0xf, 0xfe, 0xf0,

    /* U+0067 "g" */
    0x0, 0xff, 0x57, 0xeb, 0xeb, 0x4, 0x36, 0x2c,
    0x7b, 0x82, 0x59, 0xc8, 0x0, 0x41, 0x70, 0x1c,
    0x8, 0x1, 0x89, 0xf3, 0x40, 0x15, 0x76, 0xfa,
    0x80, 0x43, 0x2, 0x62, 0x1, 0x33, 0x33, 0x1d,
    0x60, 0x8d, 0xdf, 0xeb, 0x41, 0x47, 0xff, 0x74,
    0x48, 0x80,

    /* U+0068 "h" */
    0x2f, 0x20, 0xf, 0xfe, 0x78, 0xdf, 0xe9, 0x80,
    0x3b, 0x35, 0xbc, 0x0, 0x8e, 0x5e, 0x60, 0xd,
    0x0, 0xf3, 0x0, 0x7f, 0xf3, 0x40,

    /* U+0069 "i" */
    0xc8, 0x5e, 0x96, 0x0, 0x64, 0x0, 0x7f, 0xf0,
    0x80,

    /* U+006A "j" */
    0x0, 0xa3, 0x0, 0x2e, 0x50, 0x9, 0xa4, 0x3,
    0xf4, 0x60, 0x7, 0xff, 0x59, 0xd5, 0x48, 0xa6,
    0x6a, 0xb7, 0x80,

    /* U+006B "k" */
    0x1f, 0x30, 0xf, 0xfe, 0xa9, 0x7b, 0x0, 0x61,
    0xc7, 0x60, 0xd, 0x89, 0x0, 0x1b, 0x8d, 0xc0,
    0x38, 0x7c, 0xd8, 0x3, 0x78, 0xc4, 0x0, 0x3c,
    0xc0, 0xe0, 0x1e, 0x88, 0x8,

    /* U+006C "l" */
    0xb9, 0x0, 0xff, 0xe5, 0x0,

    /* U+006D "m" */
    0xc9, 0xde, 0x5d, 0xe3, 0x7, 0x93, 0xa9, 0x2a,
    0x7, 0x46, 0x54, 0x63, 0x1, 0x0, 0x18, 0x7,
    0xff, 0x5c,

    /* U+006E "n" */
    0x2f, 0x3b, 0xfd, 0x30, 0x6, 0xf7, 0xbf, 0x80,
    0x19, 0x43, 0x8c, 0x1, 0x60, 0x1e, 0x10, 0xf,
    0xfe, 0x68,

    /* U+006F "o" */
    0x0, 0x4f, 0xf4, 0x0, 0x54, 0xf5, 0x6d, 0x0,
    0x4b, 0x4a, 0xa8, 0x71, 0x70, 0x40, 0x2, 0x1,
    0x0, 0x7e, 0x70, 0x30, 0x3, 0x81, 0x11, 0x79,
    0x55, 0x6e, 0x21, 0x49, 0x56, 0xd0, 0x0,

    /* U+0070 "p" */
    0x4f, 0x7e, 0xe4, 0x0, 0x6b, 0xca, 0x67, 0x0,
    0xbc, 0x91, 0xa8, 0x2, 0x30, 0x6, 0x90, 0x4,
    0x20, 0x1f, 0x28, 0x3, 0x8, 0x2, 0x94, 0x66,
    0x58, 0x5, 0x15, 0x2e, 0xc0, 0x12, 0xf7, 0xc0,
    0x7, 0xf8,

    /* U+0071 "q" */
    0x1, 0xbf, 0xc8, 0xe0, 0xc7, 0xbb, 0x38, 0x19,
    0x72, 0x3a, 0x82, 0x81, 0x0, 0x30, 0xc, 0x3,
    0xcc, 0x6, 0x0, 0xc0, 0x33, 0x7a, 0x3a, 0x80,
    0x38, 0x2e, 0xce, 0x0, 0x2c, 0xfc, 0xe0, 0xf,
    0xc0,

    /* U+0072 "r" */
    0x6e, 0x8, 0xe3, 0x0, 0x59, 0xc1, 0x0, 0x8a,
    0xd8, 0x40, 0x16, 0x1, 0x84, 0x40, 0x1f, 0xfc,
    0x90,

    /* U+0073 "s" */
    0x1a, 0xee, 0x50, 0x5b, 0x6d, 0x3c, 0x32, 0x9a,
    0x7d, 0x51, 0xb2, 0x18, 0x9b, 0x6c, 0xed, 0xe0,
    0x1e, 0xde, 0x8e, 0x4c, 0xc8, 0xd4, 0x3b, 0x8f,
    0x40,

    /* U+0074 "t" */
    0x0, 0x1b, 0x0, 0x72, 0x58, 0x7, 0xfa, 0x7e,
    0xb, 0xfc, 0xd3, 0xd0, 0x5d, 0xc6, 0x1, 0x0,
    0x8, 0x80, 0x3f, 0xf8, 0xa2, 0x1, 0xe5, 0x25,
    0x46, 0x0, 0x1c, 0xdd, 0xb4,

    /* U+0075 "u" */
    0x2f, 0x20, 0x2, 0x78, 0x7, 0xff, 0x38, 0x40,
    0xc0, 0x37, 0x80, 0x8a, 0x81, 0x90, 0x1, 0x4d,
    0xf9, 0x60,

    /* U+0076 "v" */
    0x4f, 0x0, 0x93, 0xc1, 0x5, 0x40, 0x1a, 0x80,
    0x7, 0xf0, 0x3, 0xf0, 0x3, 0x54, 0xc, 0x54,
    0x0, 0x80, 0x96, 0x80, 0x19, 0x75, 0x74, 0x3,
    0x73, 0x13, 0x80, 0x64, 0x4, 0x10, 0x0,

    /* U+0077 "w" */
    0xd7, 0xe, 0xa0, 0xb9, 0x7e, 0x1, 0x60, 0x6f,
    0xd5, 0x34, 0x20, 0x25, 0x32, 0x53, 0x24, 0x3,
    0x51, 0xfe, 0x6d, 0x30, 0x12, 0x75, 0xd7, 0x50,
    0x3, 0x89, 0x98, 0x7c, 0x1, 0xa2, 0xc, 0xa,
    0x0,

    /* U+0078 "x" */
    0xe, 0x80, 0x6, 0x58, 0x2, 0xdc, 0x54, 0xe4,
    0x0, 0xa9, 0x11, 0x10, 0x5, 0x2c, 0xe, 0x1,
    0x84, 0xc, 0x40, 0x37, 0x39, 0x40, 0x4, 0xe7,
    0x1e, 0xc6, 0x5, 0x16, 0x6, 0xdc, 0x0,

    /* U+0079 "y" */
    0x5f, 0x10, 0x2, 0x78, 0xa8, 0x38, 0x3, 0x50,
    0x41, 0xb4, 0x0, 0xfc, 0x0, 0xd4, 0x14, 0x15,
    0x0, 0x20, 0xbe, 0xa8, 0x6, 0x6a, 0x7e, 0x0,
    0xd6, 0x60, 0x80, 0x18, 0xc9, 0xc0, 0x32, 0x29,
    0x50, 0x6, 0xea, 0x73, 0x0, 0x80,

    /* U+007A "z" */
    0xe, 0xff, 0xd4, 0x1d, 0xd5, 0x87, 0x0, 0x4,
    0x52, 0xc8, 0x1, 0x50, 0x48, 0x4, 0xaa, 0xf0,
    0x8, 0xaa, 0x48, 0x2, 0xe4, 0x71, 0x10, 0x11,
    0xa7, 0x75, 0xe0,

    /* U+007B "{" */
    0x2, 0xdb, 0xb, 0x6b, 0x3, 0x10, 0xf, 0xf8,
    0xc0, 0x2, 0x20, 0x64, 0xb0, 0x63, 0xb0, 0x3,
    0x8, 0x4, 0x60, 0x1f, 0xe3, 0x10, 0x5, 0x35,
    0x80,

    /* U+007C "|" */
    0xb9, 0x0, 0xff, 0xea, 0x0,

    /* U+007D "}" */
    0xd, 0xc1, 0x0, 0x69, 0x38, 0x4, 0x62, 0x1,
    0xff, 0xc1, 0x10, 0xc, 0xfc, 0x1, 0x6b, 0x18,
    0x3, 0x58, 0xc0, 0xf, 0xc0, 0x10, 0x80, 0x7f,
    0xf0, 0x8c, 0x40, 0x1a, 0x4e, 0x0,

    /* U+007E "~" */
    0x0, 0xfe, 0x3f, 0xb0, 0x3, 0x88, 0x7c, 0x86,
    0x24, 0x88, 0x2b, 0x5b, 0xdc, 0x80, 0x24, 0x1,
    0x78, 0xe0,

    /* U+00B7 "·" */
    0x4f, 0xf1, 0x80, 0x66, 0x55, 0x10,

    /* U+2026 "…" */
    0x8f, 0xf0, 0x1, 0x3f, 0xc6, 0x5, 0xfe, 0x50,
    0xf, 0xfe, 0x16, 0xab, 0x0, 0x19, 0x54, 0x40,
    0x6a, 0xa6,

    /* U+3001 "、" */
    0x0, 0xcf, 0x60, 0x5, 0x46, 0x2, 0x58, 0x10,
    0x91, 0x90, 0x38, 0x90,

    /* U+3002 "。" */
    0x7, 0x60, 0xa2, 0x9, 0x65, 0x65, 0xba, 0xba,
    0x78, 0x96,

    /* U+4E00 "一" */
    0x1a, 0xa4, 0xcf, 0xfd, 0x42, 0xa, 0x8e, 0xff,
    0xf2, 0x80,

    /* U+4E01 "丁" */
    0x0, 0xff, 0xe1, 0xa7, 0xff, 0xff, 0x9, 0x6a,
    0x97, 0x78, 0x1a, 0xef, 0x55, 0x5, 0x54, 0x89,
    0x87, 0x91, 0x32, 0xa8, 0x3, 0xff, 0xfe, 0x1,
    0xff, 0xd9, 0x10, 0xf, 0xf8, 0x96, 0x0, 0x80,
    0x3f, 0xc3, 0x4e, 0x6a, 0x1, 0xfe, 0x3b, 0xec,
    0x0, 0xf8,

    /* U+4E09 "三" */
    0x0, 0x22, 0xa2, 0x7e, 0x53, 0x0, 0xbe, 0xea,
    0xbf, 0x5c, 0x80, 0x57, 0xdd, 0xfe, 0xa0, 0xf,
    0xfe, 0xb2, 0xb2, 0xaf, 0x99, 0x0, 0x3a, 0x62,
    0xef, 0xd1, 0xa0, 0x1d, 0x9d, 0xdf, 0xa4, 0x3,
    0xff, 0xc6, 0x3f, 0xff, 0xfc, 0x21, 0xab, 0xbf,
    0xfa, 0xa8,

    /* U+4E0A "上" */
    0x0, 0xf1, 0xd8, 0x80, 0x7f, 0xf0, 0x5d, 0x0,
    0x3f, 0xfc, 0xa2, 0x3c, 0x1, 0xfe, 0xee, 0xf0,
    0x7, 0xfb, 0x33, 0xc0, 0x1f, 0xe2, 0x33, 0xe0,
    0xf, 0xff, 0xba, 0xa2, 0x63, 0x4, 0x4f, 0x28,
    0x8a, 0xab, 0xa4, 0x6e, 0xab, 0xac, 0xc0,

    /* U+4E0B "下" */
    0x0, 0xff, 0xe1, 0x7f, 0xff, 0xf0, 0x7a, 0xed,
    0x99, 0x50, 0x4e, 0x66, 0xba, 0x44, 0x19, 0xce,
    0xa, 0x67, 0x91, 0x0, 0x1f, 0xfc, 0xa1, 0x30,
    0xf, 0xfe, 0x4, 0x62, 0x0, 0x7f, 0xd2, 0xb6,
    0xa0, 0x1f, 0xf5, 0x2d, 0x28, 0x7, 0xfd, 0x49,
    0x20, 0x1f, 0xfc, 0xb, 0xd0, 0xf, 0xfe, 0x8,
    0x80, 0x7f, 0xf4, 0x40,

    /* U+4E0D "不" */
    0x0, 0xff, 0xe2, 0x5f, 0xff, 0xff, 0x4, 0x2b,
    0x77, 0xa4, 0x33, 0x77, 0x80, 0x48, 0xba, 0xdc,
    0xc8, 0xb8, 0x3, 0xd2, 0x58, 0x1, 0xff, 0x33,
    0x80, 0x17, 0x44, 0x3, 0xe6, 0x9d, 0x0, 0x2b,
    0x79, 0x0, 0x74, 0x4d, 0x98, 0x5, 0x6b, 0x86,
    0x0, 0x2c, 0x6c, 0x40, 0xe, 0xb2, 0xc3, 0xe,
    0x7f, 0x30, 0xf, 0xb0, 0xdc, 0x32, 0xc4, 0x3,
    0xfb, 0x10, 0x3, 0xff, 0xc2,

    /* U+4E0E "与" */
    0x0, 0x8, 0x80, 0x3f, 0xf8, 0x13, 0xe0, 0x1f,
    0xfc, 0x1, 0x40, 0xf, 0xfe, 0x1, 0x2f, 0x77,
    0xef, 0x50, 0x3, 0x46, 0x67, 0xf2, 0x0, 0x8,
    0xc8, 0xbf, 0x18, 0x81, 0x3, 0x0, 0x7f, 0xcc,
    0x1b, 0xff, 0xfb, 0x80, 0x9, 0xff, 0xfd, 0x4,
    0x1, 0xff, 0xc0, 0xe7, 0x4, 0x41, 0x9f, 0xc8,
    0x6, 0x41, 0x35, 0xbb, 0xf5, 0xb, 0x70, 0x6f,
    0x77, 0xf0, 0x91, 0x0, 0x3f, 0xe1, 0x13, 0x0,
    0x7f, 0x56, 0x71, 0x18, 0x7, 0xf7, 0xa5, 0x68,
    0x0,

    /* U+4E13 "专" */
    0x0, 0xf8, 0x40, 0x3f, 0xf8, 0x5e, 0xe0, 0x1f,
    0xfc, 0x2, 0x15, 0x0, 0xfd, 0x1b, 0xb6, 0x7,
    0xee, 0xe6, 0x0, 0xab, 0xba, 0x25, 0xee, 0xe7,
    0x0, 0x88, 0xce, 0x2e, 0x33, 0xe1, 0x0, 0x7f,
    0x76, 0x1a, 0xee, 0xf6, 0x85, 0xee, 0xca, 0x9b,
    0xbf, 0x70, 0x21, 0x98, 0x93, 0x8c, 0xff, 0x0,
    0x67, 0xa, 0xff, 0xf0, 0x7, 0x9a, 0xf7, 0x73,
    0x4, 0x0, 0x7c, 0xc4, 0x53, 0x32, 0x9c, 0x3,
    0xec, 0xe8, 0x4b, 0x95, 0x0, 0xfd, 0xf2, 0xb6,
    0x26, 0x1, 0xfc, 0x2f, 0xb8, 0x95, 0x0, 0x1f,
    0xf1, 0xd7, 0x48, 0x4,

    /* U+4E14 "且" */
    0x0, 0x87, 0xff, 0xf1, 0x0, 0x7e, 0xcf, 0xfd,
    0xa0, 0x1f, 0xfc, 0xe7, 0x11, 0xe0, 0xf, 0xf5,
    0xf7, 0x6c, 0x0, 0xff, 0x67, 0xfe, 0xd0, 0xf,
    0xfe, 0x72, 0xa2, 0x67, 0x0, 0xff, 0x5c, 0x46,
    0x90, 0xf, 0xf7, 0x66, 0x6e, 0x0, 0xff, 0xe5,
    0x19, 0x10, 0x18, 0x8b, 0x30, 0x31, 0x98, 0x7,
    0x31, 0xa3, 0x79, 0x9a, 0x86, 0xb7, 0x44,

    /* U+4E22 "丢" */
    0x0, 0xff, 0xe2, 0x9, 0x99, 0x15, 0x4f, 0x15,
    0xbf, 0x20, 0x12, 0xf7, 0xc7, 0x4c, 0xbf, 0x27,
    0x20, 0x2, 0x4d, 0xcc, 0x5c, 0x9b, 0xb2, 0x18,
    0x80, 0x4f, 0xdd, 0xa8, 0xbb, 0xb5, 0x0, 0x4d,
    0x9f, 0xf4, 0x97, 0xfe, 0xb0, 0x8, 0x48, 0x46,
    0x30, 0x11, 0xe0, 0x6, 0x6e, 0xf5, 0x96, 0xef,
    0x93, 0xfb, 0xb2, 0xa6, 0x77, 0x79, 0x4c, 0xf9,
    0x40, 0xcc, 0x26, 0x78, 0x40, 0x34, 0x8d, 0x0,
    0x32, 0x0, 0x3e, 0x57, 0xd0, 0xa, 0xdd, 0x40,
    0x39, 0xaa, 0xc, 0xe4, 0x13, 0xa4, 0x0, 0xd8,
    0x13, 0x9d, 0xff, 0x31, 0xd0, 0x80, 0x57, 0xdf,
    0xdb, 0x97, 0x6a, 0xc8, 0x10,

    /* U+4E24 "两" */
    0x0, 0xff, 0xe1, 0xdf, 0xff, 0xff, 0x4, 0x6f,
    0xfe, 0xd0, 0xff, 0x50, 0xff, 0xe1, 0x0, 0xc2,
    0x1, 0x8c, 0x3, 0x93, 0xfe, 0xc0, 0xff, 0x51,
    0x7f, 0xc8, 0x1, 0x77, 0x1d, 0x3b, 0x8a, 0xae,
    0xe0, 0x80, 0x61, 0x11, 0x98, 0x44, 0xd8, 0x22,
    0x0, 0xf0, 0xa3, 0xa8, 0x9e, 0x80, 0x7e, 0xb4,
    0xab, 0x91, 0xd, 0x10, 0xe, 0x55, 0x4a, 0xe3,
    0x4d, 0xb4, 0x80, 0x72, 0x51, 0x4, 0x9b, 0x85,
    0xc0, 0x7, 0xa, 0x80, 0x23, 0x80, 0x30, 0x80,
    0x7e, 0x33, 0x0, 0xb4, 0x3, 0x80, 0x7f, 0x86,
    0x95, 0xcc, 0x0,

    /* U+4E2A "个" */
    0x0, 0xfa, 0x10, 0x3, 0xff, 0x82, 0x8f, 0xa0,
    0x1f, 0xfc, 0x19, 0x46, 0x40, 0xf, 0xfa, 0xc2,
    0xe2, 0xd0, 0x3, 0xfa, 0x97, 0xc1, 0xda, 0xd4,
    0x3, 0xc5, 0x89, 0xa5, 0xed, 0x2f, 0x56, 0x40,
    0x1, 0x8d, 0x1c, 0x30, 0x10, 0x4, 0x52, 0xee,
    0x0, 0x15, 0xf4, 0x80, 0x6, 0x1, 0x2f, 0xbd,
    0x80, 0xec, 0x0, 0x7f, 0xc, 0x38, 0x7, 0xff,
    0xf0, 0xc0, 0x3f, 0xf8, 0x82, 0x1, 0xf0,

    /* U+4E2D "中" */
    0x0, 0xf7, 0xb8, 0x7, 0xff, 0x0, 0x40, 0x3f,
    0xe1, 0x0, 0xf0, 0xf7, 0x70, 0xcf, 0x76, 0x90,
    0x1b, 0xff, 0x86, 0x3f, 0xe5, 0x30, 0x0, 0x8e,
    0x1, 0x1c, 0x1, 0xff, 0xd2, 0xbf, 0xf8, 0x67,
    0xfe, 0x40, 0x2, 0x6f, 0xfc, 0x33, 0xff, 0x46,
    0x8d, 0x90, 0x7, 0xe7, 0x70, 0x7, 0xff, 0x84,
    0x44, 0x1, 0xc0,

    /* U+4E32 "串" */
    0x0, 0xef, 0x50, 0xf, 0xfe, 0x2a, 0xff, 0xe0,
    0xaf, 0xfc, 0x62, 0x1f, 0xf0, 0xd7, 0xfc, 0x0,
    0x10, 0xf, 0xfe, 0xf, 0xfc, 0x35, 0xff, 0x0,
    0x17, 0xff, 0xd, 0x7f, 0xe3, 0xcc, 0xe1, 0x8c,
    0xcd, 0x25, 0x5d, 0xd0, 0xdf, 0x74, 0xa4, 0x6,
    0x45, 0x1, 0x91, 0x42, 0x0, 0x23, 0x38, 0x48,
    0xce, 0x20, 0x3b, 0xff, 0x82, 0xbf, 0xe7, 0x1d,
    0xcc, 0xc3, 0x19, 0x96, 0xd0, 0x7, 0x8, 0x7,
    0x80,

    /* U+4E34 "临" */
    0x0, 0x8b, 0xcc, 0x1, 0x14, 0x20, 0x1f, 0x8c,
    0x4, 0x0, 0xc0, 0x20, 0x1e, 0xc4, 0x10, 0x9,
    0x87, 0x88, 0xb1, 0x80, 0xc, 0x40, 0x21, 0x81,
    0x9f, 0xfb, 0x34, 0x0, 0x22, 0x0, 0xac, 0xfd,
    0x1f, 0x75, 0xdc, 0x0, 0xf2, 0x23, 0xc6, 0x1b,
    0x44, 0x3, 0xf2, 0x71, 0x0, 0xe3, 0x90, 0x7,
    0xf2, 0xff, 0xe5, 0xcf, 0xe0, 0xf, 0xef, 0xf0,
    0x5f, 0xc8, 0x80, 0x7c, 0x20, 0x1f, 0xfc, 0xb1,
    0x0, 0x8, 0x80, 0x3f, 0xf8, 0x4a, 0xc2, 0x0,
    0x10, 0xff, 0x5, 0xfc, 0x88, 0x2, 0x8c, 0xc0,
    0x1b, 0xff, 0xac, 0xc0,

    /* U+4E3A "为" */
    0x0, 0xf5, 0x38, 0x7, 0xeb, 0x50, 0x3, 0xf8,
    0x7, 0xe3, 0xa4, 0x3, 0xe0, 0xf, 0xd0, 0xd2,
    0x2, 0x60, 0x1f, 0x19, 0x5f, 0x10, 0x0, 0x8b,
    0x84, 0x33, 0x2d, 0xc0, 0xbc, 0xcd, 0xb2, 0x1f,
    0xdd, 0x40, 0xf7, 0x71, 0x78, 0x7, 0x63, 0x80,
    0x71, 0x10, 0x3, 0xa, 0xec, 0xd0, 0x0, 0x41,
    0x80, 0x34, 0x1a, 0x6a, 0x72, 0x18, 0x8, 0x4,
    0x6d, 0x0, 0x9e, 0x78, 0xc0, 0x40, 0x1, 0xd6,
    0x40, 0x0, 0xec, 0x8, 0x80, 0x5, 0x85, 0x20,
    0x1e, 0xd3, 0x6, 0xd1, 0xd0, 0xc, 0x6f, 0xe,
    0x80, 0x6b, 0x82, 0x1, 0x86, 0x15, 0xa0, 0x0,

    /* U+4E3B "主" */
    0x0, 0xff, 0xe4, 0xeb, 0x0, 0x7f, 0xf0, 0x6e,
    0x50, 0x3, 0xff, 0x80, 0xcc, 0x30, 0xf, 0xa3,
    0xb7, 0x72, 0x56, 0xee, 0xe2, 0xa, 0xa7, 0x76,
    0x25, 0xee, 0xd4, 0x40, 0x48, 0x67, 0x87, 0x8c,
    0xf2, 0x0, 0x7f, 0xf1, 0x8c, 0xf8, 0x78, 0xce,
    0x41, 0x0, 0xa7, 0xbb, 0x3, 0x77, 0x54, 0x40,
    0x15, 0x6e, 0xe1, 0x8d, 0xdb, 0x8c, 0x3, 0xff,
    0xa6, 0x26, 0x62, 0x2c, 0x2, 0x45, 0x8c, 0xcb,
    0xba, 0xcc, 0xc1, 0x39, 0x9b, 0x74,

    /* U+4E3E "举" */
    0x0, 0xff, 0xe3, 0xa, 0x80, 0xf, 0xc8, 0x1,
    0x14, 0x1, 0xcd, 0x48, 0x6, 0x54, 0x0, 0x63,
    0x0, 0xe7, 0x39, 0x0, 0x28, 0x82, 0x8c, 0x0,
    0x61, 0x17, 0xf0, 0x8a, 0x60, 0x65, 0x80, 0x44,
    0x0, 0xee, 0x66, 0x3b, 0xb8, 0xdb, 0xba, 0x0,
    0x77, 0x56, 0x15, 0xba, 0xb0, 0xce, 0xe8, 0x0,
    0x22, 0x2a, 0x65, 0xb8, 0x45, 0xe3, 0x11, 0x0,
    0x4f, 0x8b, 0x64, 0x60, 0x52, 0x1b, 0x4, 0x5,
    0xd3, 0x49, 0xba, 0x55, 0x6e, 0x1c, 0x36, 0x9,
    0x5f, 0xaf, 0xfc, 0xcb, 0xfe, 0xe7, 0xed, 0x10,
    0x52, 0x2e, 0x31, 0x22, 0x8d, 0xc, 0x2, 0xcd,
    0xdc, 0xa9, 0xbb, 0x65, 0x80, 0x6f, 0xfe, 0x65,
    0xff, 0xe0, 0xf, 0xfe, 0xb0,

    /* U+4E45 "久" */
    0x0, 0xff, 0xe5, 0x6b, 0x80, 0x7f, 0xf0, 0x54,
    0x8c, 0x3, 0xff, 0x83, 0x26, 0xa2, 0x30, 0x7,
    0xf2, 0x19, 0xbb, 0xb2, 0x80, 0x7e, 0xa5, 0xcc,
    0x98, 0x14, 0x3, 0xe9, 0xb, 0x33, 0x91, 0x40,
    0x3e, 0x76, 0xb1, 0x0, 0x29, 0x40, 0x7, 0xd4,
    0xea, 0x1, 0x58, 0x90, 0x7, 0xdb, 0x0, 0x15,
    0x0, 0xb8, 0x7, 0xfd, 0xb, 0x4f, 0x4, 0x1,
    0xfd, 0xf, 0x29, 0x5, 0xe2, 0x1, 0xe1, 0xb7,
    0x96, 0x0, 0x79, 0x60, 0x80, 0x67, 0xe5, 0xb6,
    0x0, 0x8b, 0xb, 0xd4, 0x1, 0x70, 0x9e, 0x80,
    0x1c, 0x78, 0x14, 0x41, 0x54, 0xb1, 0x0, 0xf8,
    0xff, 0x8,

    /* U+4E49 "义" */
    0x0, 0xf2, 0xc8, 0x7, 0xfc, 0x20, 0x1, 0x62,
    0x0, 0x22, 0x80, 0x7b, 0xd4, 0x10, 0xec, 0x1,
    0xf0, 0x1, 0xe7, 0xe0, 0x5, 0x30, 0x1, 0x28,
    0x3, 0xd4, 0x84, 0xd, 0xa0, 0xc0, 0xc0, 0x1e,
    0x33, 0x58, 0x0, 0x82, 0xd8, 0x40, 0x3e, 0x96,
    0x20, 0x2, 0x95, 0x80, 0x7e, 0x52, 0x90, 0x4,
    0x31, 0x0, 0x7f, 0x4a, 0x34, 0x9c, 0x0, 0x7f,
    0x91, 0xe5, 0xa8, 0x40, 0x3f, 0xf8, 0x46, 0x1,
    0xfe, 0x3c, 0x6b, 0x78, 0xc3, 0x0, 0xf2, 0x56,
    0x3f, 0xa4, 0x58, 0xe6, 0x18, 0x40, 0x1b, 0x6d,
    0x76, 0x10, 0x2, 0x6c, 0x94, 0xd0, 0x2, 0x73,
    0x8, 0x1, 0xe6, 0xeb, 0x90,

    /* U+4E4B "之" */
    0x0, 0xe8, 0x70, 0xf, 0xfe, 0xf, 0x42, 0x0,
    0x7f, 0xf0, 0x19, 0x78, 0x3, 0xf2, 0x19, 0xee,
    0x93, 0x3c, 0x1, 0x15, 0x6e, 0xea, 0xdd, 0x66,
    0x34, 0x2, 0x2e, 0xef, 0xa8, 0x13, 0xc0, 0x3f,
    0xcb, 0x6f, 0x62, 0x1, 0xfc, 0xd5, 0x30, 0x1,
    0xfe, 0x89, 0xb6, 0x0, 0xff, 0x53, 0x62, 0x0,
    0x7f, 0x1e, 0x26, 0x18, 0x7, 0xf3, 0xe0, 0x9b,
    0x80, 0x7f, 0x3c, 0x56, 0xc5, 0xf5, 0x3a, 0xac,
    0xce, 0x4f, 0x4a, 0xb, 0xd0, 0x77, 0x75, 0x4c,
    0x88,

    /* U+4E50 "乐" */
    0x0, 0xf8, 0x91, 0xeb, 0x40, 0x21, 0xcd, 0xd7,
    0xfb, 0x67, 0x1, 0x48, 0x0, 0x66, 0x8e, 0xe6,
    0xd6, 0xdd, 0x41, 0x0, 0x18, 0x14, 0xc5, 0xa8,
    0x40, 0x3c, 0x42, 0x1, 0xff, 0xc0, 0xc2, 0x0,
    0xff, 0x85, 0x4f, 0xfe, 0xb0, 0xef, 0xfd, 0x43,
    0x57, 0xbb, 0x48, 0x66, 0xed, 0x90, 0xa, 0x8a,
    0x84, 0x40, 0x22, 0x31, 0x19, 0x0, 0xe, 0x3c,
    0x3, 0x25, 0xb8, 0x4, 0x5a, 0xd2, 0x1, 0x92,
    0x62, 0x0, 0x78, 0x92, 0x1, 0xe6, 0x87, 0x87,
    0x4a, 0x0, 0x88, 0x4, 0x0, 0xf1, 0x69, 0x40,
    0x5, 0xf9, 0x30, 0xc, 0xe6, 0x1, 0x96, 0xb3,
    0x0, 0x1e,

    /* U+4E5F "也" */
    0x0, 0xfb, 0x9c, 0x3, 0xf9, 0x8, 0x3, 0xff,
    0x83, 0x4a, 0x0, 0x30, 0xf, 0xf8, 0x40, 0x31,
    0x3d, 0xf8, 0x80, 0x63, 0x0, 0x21, 0xc6, 0xd8,
    0x0, 0x40, 0x22, 0x3b, 0xfa, 0x16, 0xfc, 0xd1,
    0x0, 0xbb, 0x45, 0xf3, 0x8b, 0x80, 0x2, 0x60,
    0x15, 0xf1, 0x61, 0x80, 0x77, 0x30, 0x4, 0xa2,
    0x1, 0xf9, 0x48, 0x3, 0xf8, 0xc2, 0x3c, 0xa8,
    0x3, 0xfd, 0xf3, 0x9c, 0x68, 0x20, 0x1f, 0x64,
    0x89, 0x80, 0x23, 0x40, 0x26, 0xd3, 0x20, 0x32,
    0x28, 0xcc, 0x80, 0x14, 0x36, 0x6e, 0xfb, 0xe,
    0x80,

    /* U+4E66 "书" */
    0x0, 0xe6, 0xf0, 0xa, 0xd8, 0x3, 0xe3, 0x10,
    0xb, 0xa6, 0x0, 0x3f, 0xe5, 0xc7, 0x50, 0x7f,
    0xfa, 0x87, 0xff, 0x56, 0xa8, 0x36, 0xf7, 0x24,
    0x7b, 0xa2, 0xe2, 0x0, 0x9, 0x8, 0x8c, 0x4,
    0x63, 0x10, 0xf, 0xfe, 0x0, 0x98, 0x0, 0xd5,
    0x12, 0xd0, 0x44, 0x80, 0x90, 0xa6, 0xea, 0xa7,
    0x1a, 0xa8, 0x66, 0xea, 0x9d, 0xda, 0x87, 0xbb,
    0x8b, 0x80, 0x3f, 0xf8, 0x6, 0x60, 0xf, 0xf2,
    0x30, 0xb8, 0x7, 0x18, 0x6, 0x8a, 0x82, 0x0,
    0xe1, 0x10, 0x5, 0x98, 0x70,

    /* U+4E71 "乱" */
    0x0, 0xff, 0xe2, 0x91, 0xab, 0xce, 0x68, 0xa7,
    0x80, 0x7a, 0x21, 0x91, 0xdb, 0xa1, 0x0, 0xfd,
    0x57, 0x22, 0x62, 0x1, 0xfc, 0x28, 0x90, 0x1a,
    0x24, 0x1, 0xf2, 0xc7, 0xf8, 0x6f, 0xfd, 0xc0,
    0x1f, 0x26, 0x5d, 0x86, 0x2e, 0xd4, 0x1, 0xff,
    0xcc, 0x3f, 0xf0, 0xdf, 0xf8, 0x40, 0x3f, 0xdf,
    0xf6, 0x0, 0x7f, 0xf6, 0xe8, 0x80, 0x2f, 0xfb,
    0x0, 0xe, 0x8, 0x6c, 0xa2, 0x1, 0x7f, 0xd8,
    0x0, 0x34, 0xac, 0x85, 0x30,

    /* U+4E86 "了" */
    0x0, 0xff, 0xe0, 0x5f, 0xff, 0xfd, 0x5b, 0xbf,
    0x61, 0x83, 0x9, 0x17, 0x9f, 0x47, 0x24, 0x3,
    0x8a, 0xe9, 0xb4, 0xc0, 0x3d, 0x2b, 0x90, 0x1,
    0xf8, 0x48, 0xc0, 0x3f, 0xfe, 0xe2, 0x26, 0x70,
    0xf, 0xdb, 0xc7, 0x80, 0x1f, 0xa2, 0x18, 0xe0,
    0x1c,

    /* U+4E89 "争" */
    0x0, 0xff, 0xe3, 0x1e, 0x10, 0x7, 0xff, 0x3,
    0x81, 0x91, 0x23, 0x0, 0xfa, 0x8c, 0x22, 0x13,
    0x6c, 0x1, 0xea, 0x7f, 0xcc, 0x99, 0x8a, 0x1,
    0xd2, 0xc1, 0xfd, 0xcf, 0x47, 0xee, 0x80, 0x29,
    0xcd, 0xee, 0x86, 0xfb, 0x94, 0x1, 0x88, 0x47,
    0x80, 0x47, 0x0, 0x90, 0x66, 0x78, 0x6f, 0x31,
    0x63, 0x9e, 0x5d, 0xbb, 0xc3, 0x5b, 0xaa, 0x1d,
    0xd1, 0x3, 0x7f, 0x74, 0x35, 0xdc, 0xa0, 0xe,
    0x6f, 0xee, 0x86, 0xbb, 0x9a, 0x80, 0x1f, 0xfc,
    0x13, 0xa0, 0xf, 0x84, 0xc4, 0x3, 0xff, 0x81,
    0x38, 0x2a, 0x1, 0xff, 0x4e, 0xf0, 0x80, 0x7c,

    /* U+4E8B "事" */
    0x0, 0xfb, 0x54, 0x3, 0xe2, 0xed, 0xde, 0x2b,
    0xdd, 0xdd, 0x40, 0x5b, 0xff, 0xc5, 0x1f, 0xfb,
    0x20, 0x0, 0x65, 0x9b, 0xb1, 0x4e, 0xed, 0x84,
    0x40, 0xc, 0x39, 0xfe, 0x2a, 0xff, 0x58, 0x80,
    0x7d, 0xf7, 0x62, 0x9b, 0xb4, 0x0, 0x7d, 0x91,
    0xfe, 0x1b, 0xff, 0x46, 0x0, 0x77, 0xe5, 0xdc,
    0x31, 0x77, 0x60, 0x80, 0x43, 0xbd, 0xd8, 0xab,
    0xb9, 0x80, 0x1, 0x1, 0xed, 0xee, 0xc5, 0x5d,
    0xcc, 0xe, 0xe1, 0xf, 0xf7, 0xfe, 0x2a, 0xff,
    0x68, 0x77, 0x90, 0x3, 0xbf, 0xf1, 0x57, 0xfb,
    0x40, 0x3d, 0xff, 0xc5, 0x7f, 0xee, 0x60, 0xf,
    0xc9, 0xa4, 0xc0, 0x1, 0x91, 0x0, 0xf9, 0x2b,
    0x8, 0x3, 0xe0,

    /* U+4E8C "二" */
    0x0, 0x1b, 0x37, 0xf3, 0x98, 0x6, 0xb9, 0x9f,
    0xe8, 0x50, 0xd, 0x1f, 0xff, 0xe6, 0x0, 0xff,
    0xff, 0x80, 0x7f, 0xf2, 0xc6, 0x1d, 0xff, 0xe8,
    0x80, 0x1, 0xa6, 0x7f, 0xe6, 0x60, 0x0,

    /* U+4E8E "于" */
    0x0, 0xff, 0xe2, 0xf7, 0xff, 0xf9, 0x0, 0x2c,
    0xdd, 0xc3, 0x1b, 0xb9, 0x0, 0x22, 0x2e, 0x1,
    0x22, 0xc0, 0x1f, 0xfc, 0x51, 0x33, 0xf0, 0x71,
    0x9f, 0x9b, 0x33, 0xc2, 0xf9, 0x9d, 0xaf, 0xff,
    0xe1, 0x9f, 0xfe, 0xe0, 0xf, 0xff, 0xac, 0xd0,
    0x98, 0x7, 0xfc, 0x68, 0x90, 0x7, 0x80,

    /* U+4E92 "互" */
    0x1, 0x54, 0x4f, 0xf8, 0x80, 0x5, 0x11, 0x55,
    0x22, 0x3e, 0x50, 0x1, 0xee, 0x60, 0xa7, 0x33,
    0xe7, 0x0, 0xf1, 0xa0, 0x7, 0xff, 0x4, 0xc3,
    0x3f, 0xf8, 0x80, 0x3e, 0x52, 0xee, 0xd6, 0x4,
    0x1, 0xf6, 0x38, 0x8e, 0x22, 0x0, 0x7e, 0x4c,
    0x0, 0xdc, 0xc0, 0x1f, 0x8, 0xa7, 0xff, 0x39,
    0x80, 0x7c, 0x3d, 0xde, 0x1d, 0x0, 0xfc, 0x23,
    0xf3, 0x0, 0x71, 0x91, 0x7c, 0xa0, 0x2, 0x21,
    0x81, 0xe6, 0xef, 0xd4, 0x19, 0xba, 0xc1, 0x3f,
    0xff, 0xfe, 0x10, 0x80,

    /* U+4E94 "五" */
    0x5, 0x44, 0xff, 0x28, 0x2, 0x7f, 0xe8, 0xbf,
    0xfe, 0x91, 0xc, 0xbb, 0xa8, 0xee, 0xfb, 0x4,
    0x3, 0xb9, 0x80, 0x3f, 0x84, 0x0, 0x46, 0x1,
    0xf8, 0xfb, 0xfc, 0xad, 0xff, 0x90, 0x2, 0x3f,
    0xf8, 0x2f, 0xfe, 0x0, 0xfc, 0x20, 0xc0, 0x19,
    0xc0, 0x3c, 0xa0, 0x40, 0x1f, 0xf1, 0x10, 0x2,
    0x10, 0x10, 0xf, 0x73, 0x0, 0x7e, 0xef, 0xf9,
    0xd3, 0xfe, 0xe0, 0xdf, 0xf5, 0x5e, 0x67, 0xfd,
    0x60,

    /* U+4EA4 "交" */
    0x0, 0xff, 0xe5, 0x16, 0xb0, 0x7, 0xff, 0x4,
    0x82, 0xc0, 0x3f, 0x11, 0x91, 0x65, 0x43, 0x22,
    0x8c, 0xc0, 0xb, 0xdc, 0xcc, 0xcf, 0xb9, 0x96,
    0xe8, 0x1, 0x3d, 0xcb, 0x4e, 0xec, 0x93, 0xdd,
    0x0, 0x65, 0xa1, 0x0, 0xdb, 0x16, 0x20, 0x19,
    0xe9, 0xa8, 0x3, 0x1d, 0x2f, 0x90, 0x0, 0xe6,
    0x2f, 0x8c, 0x2, 0xac, 0xf9, 0x20, 0x1, 0xf3,
    0x92, 0x78, 0x2, 0x2, 0x5, 0xc0, 0x3e, 0x93,
    0x64, 0x7a, 0x10, 0xf, 0xe2, 0x89, 0xb8, 0x40,
    0xf, 0xfb, 0x80, 0x3f, 0xf8, 0x7, 0x1c, 0xb9,
    0x73, 0xd2, 0x82, 0x1, 0x4f, 0x62, 0x5e, 0x1a,
    0x74, 0x25, 0xf5, 0x80, 0x36, 0x77, 0x14, 0x3,
    0x36, 0xea, 0x60, 0x0,

    /* U+4EAB "享" */
    0x0, 0xf8, 0x50, 0x3, 0xff, 0x84, 0xf6, 0x20,
    0x1f, 0x1e, 0xe6, 0x6a, 0xc, 0xce, 0xb0, 0x1,
    0x4f, 0xff, 0x67, 0x7f, 0xe8, 0x0, 0xa, 0x7,
    0xff, 0xea, 0x33, 0x0, 0x71, 0x6e, 0xfa, 0xc8,
    0x3, 0xce, 0x35, 0x5f, 0x38, 0x7, 0x93, 0x66,
    0x7d, 0xfa, 0x1, 0xc7, 0xbf, 0xff, 0xb2, 0x40,
    0x31, 0xf7, 0xff, 0x51, 0x99, 0x34, 0x3, 0x8c,
    0x8a, 0x3e, 0xa8, 0xe9, 0x40, 0x1, 0x7f, 0xfb,
    0x8c, 0xa7, 0xff, 0x39, 0x77, 0xff, 0x68, 0x6f,
    0xfe, 0xe7, 0x1, 0x0, 0xf8, 0xc0, 0x30, 0x80,
    0x7c, 0xf8, 0x22, 0x0, 0xff, 0xe0, 0x2d, 0xf8,
    0x7, 0xc0,

    /* U+4EAE "亮" */
    0x0, 0xf2, 0x80, 0x7f, 0xf0, 0x4a, 0x94, 0x3,
    0xe8, 0xfe, 0xeb, 0x2, 0xbb, 0xb7, 0xc0, 0x4e,
    0xff, 0xee, 0xe7, 0xfe, 0xd9, 0x1, 0x25, 0xaa,
    0xfc, 0x44, 0x10, 0x8, 0x52, 0x67, 0xbd, 0x1c,
    0x3, 0x8c, 0x26, 0x7a, 0x0, 0x3e, 0x7d, 0x99,
    0xee, 0xd4, 0x0, 0x91, 0xa, 0xcd, 0xf9, 0x12,
    0xb, 0x9f, 0xff, 0xf4, 0xd0, 0x2, 0xee, 0x99,
    0xeb, 0xbc, 0x0, 0xe6, 0x0, 0x67, 0xcc, 0xb5,
    0x80, 0xd, 0xc0, 0x20, 0x1, 0x14, 0x5d, 0x84,
    0x2, 0x10, 0xc, 0x9a, 0x4a, 0x1, 0x70, 0x1,
    0xb8, 0xb, 0xed, 0xfc, 0x2, 0x47, 0xff, 0x44,
    0x81, 0x5f, 0x59, 0x0, 0x55, 0xff, 0x9c, 0x0,

    /* U+4EBA "人" */
    0x0, 0xfb, 0x20, 0x3, 0xff, 0x84, 0x22, 0x0,
    0xff, 0xe1, 0x88, 0x7, 0xff, 0x48, 0xc4, 0x3,
    0xff, 0x82, 0x22, 0x50, 0xf, 0xfe, 0xa, 0x1,
    0x90, 0x7, 0xff, 0x3, 0xd5, 0xa0, 0x3, 0xfe,
    0x15, 0xeb, 0x53, 0x0, 0xff, 0x51, 0xa1, 0x2f,
    0x0, 0x7f, 0x32, 0x70, 0x2, 0xce, 0x80, 0x3e,
    0x59, 0x91, 0x0, 0x6, 0x96, 0xc4, 0x3, 0x4d,
    0x43, 0x0, 0x64, 0xb4, 0xf6, 0x0, 0x63, 0xdb,
    0x80, 0x79, 0x34, 0xa8, 0x1, 0xbe, 0x80, 0x1f,
    0x8b, 0x34, 0x0,

    /* U+4EC5 "仅" */
    0x0, 0x86, 0xcc, 0x3, 0xff, 0x82, 0x88, 0x5,
    0x44, 0xf1, 0x80, 0x77, 0x28, 0x5d, 0xa6, 0x75,
    0xc0, 0x6, 0x24, 0x93, 0xb0, 0xdd, 0xc4, 0x60,
    0x1a, 0x0, 0x41, 0xc0, 0x80, 0x22, 0xc0, 0x9,
    0x14, 0x2, 0x21, 0x40, 0x2, 0x2, 0x0, 0x6,
    0x94, 0x3, 0x26, 0x0, 0x39, 0x40, 0x21, 0x7b,
    0x0, 0xde, 0xa2, 0x25, 0xe0, 0xd, 0x20, 0x1c,
    0xa3, 0x30, 0x48, 0x1, 0xff, 0x43, 0xb4, 0x0,
    0x7f, 0xf0, 0x10, 0x0, 0x80, 0x1f, 0xf1, 0xe1,
    0x9b, 0xcc, 0x3, 0xf9, 0xf1, 0x33, 0xb, 0x90,
    0x1, 0xe7, 0xd8, 0x85, 0x0, 0x2d, 0xdd, 0xc2,
    0x0, 0x30, 0x67, 0xc7, 0x0, 0xd1, 0x92, 0x20,

    /* U+4ECD "仍" */
    0x0, 0xd0, 0xc0, 0x1f, 0xfc, 0x26, 0xc, 0xff,
    0xf5, 0x0, 0x73, 0x3, 0x6f, 0x5, 0x77, 0x8,
    0x80, 0x1d, 0x70, 0x2, 0x20, 0x61, 0x11, 0x68,
    0x6, 0x62, 0x30, 0xf, 0x10, 0x38, 0x4, 0x30,
    0x1, 0x84, 0x4, 0x1c, 0x4, 0x80, 0x16, 0xa2,
    0x1, 0x18, 0x10, 0x68, 0x66, 0x88, 0x9e, 0x40,
    0x33, 0x88, 0x2, 0x3e, 0xc0, 0x45, 0xa4, 0x1,
    0xb4, 0x80, 0x31, 0x10, 0x3, 0xf2, 0x20, 0x3,
    0xb, 0x0, 0x7c, 0x47, 0x60, 0x1b, 0x88, 0x3,
    0xe8, 0x33, 0x0, 0x62, 0xe0, 0xf, 0x1a, 0xc0,
    0x7, 0x28, 0x80, 0x71, 0xea, 0xa0, 0x5, 0x7c,
    0x28, 0x1, 0xc7, 0x76, 0x0, 0xdb, 0x3a, 0x40,

    /* U+4ECE "从" */
    0x0, 0xc2, 0x1, 0x8d, 0x0, 0x3f, 0xb9, 0x80,
    0x24, 0xa0, 0xf, 0xf1, 0x80, 0x63, 0x0, 0xff,
    0x8, 0x7, 0xff, 0x20, 0xc0, 0x3f, 0xce, 0x1,
    0x78, 0x80, 0x7e, 0x10, 0xe, 0x20, 0x10, 0xf,
    0x88, 0x38, 0x40, 0xe, 0x8, 0x1, 0xf2, 0x13,
    0x68, 0x9, 0x37, 0x0, 0x7d, 0x6b, 0x43, 0x6c,
    0x56, 0x84, 0x1, 0xc8, 0x72, 0x3d, 0x93, 0x64,
    0x92, 0x1, 0xd2, 0xe2, 0x7, 0xc6, 0xc1, 0x8,
    0xc0, 0x15, 0x84, 0x0, 0x15, 0xb8, 0x0, 0x6d,
    0x28, 0x2, 0xfe, 0x0, 0x5a, 0x83, 0x0, 0xa4,
    0xe8, 0x7, 0x8, 0x0, 0xd0, 0xe0, 0x1d, 0x9a,
    0x0,

    /* U+4ED6 "他" */
    0x0, 0xff, 0xe3, 0x8e, 0x98, 0x5, 0xac, 0x1,
    0xf9, 0x8, 0x80, 0x10, 0x98, 0x7, 0xe9, 0x61,
    0x72, 0x0, 0xff, 0x11, 0xd0, 0x4b, 0x80, 0x63,
    0x80, 0xd, 0x0, 0x20, 0x60, 0x14, 0xf6, 0x38,
    0x4, 0x6a, 0x1, 0xbb, 0x4d, 0xea, 0xc0, 0x37,
    0xb0, 0x57, 0x10, 0xf1, 0xf2, 0x0, 0x80, 0x4d,
    0x1, 0xb4, 0x5e, 0x60, 0x10, 0x80, 0x6a, 0x10,
    0x74, 0x0, 0xc6, 0x9e, 0x40, 0x1f, 0xfc, 0x3,
    0xf0, 0xe0, 0xf, 0xfe, 0xd, 0xd1, 0x8, 0x7,
    0xfb, 0xd0, 0x0, 0x5c, 0x60, 0x1e, 0x1c, 0x21,
    0x32, 0x25, 0x89, 0x80, 0x61, 0x8, 0x4c, 0xce,
    0x4b, 0x0,

    /* U+4EE3 "代" */
    0x0, 0xc8, 0x1, 0x10, 0x7, 0xf8, 0x6d, 0x80,
    0x75, 0x1, 0x80, 0x3e, 0x71, 0x60, 0x10, 0xa,
    0xe8, 0x3, 0xd4, 0xe0, 0x18, 0x43, 0x90, 0x40,
    0x31, 0x1e, 0x80, 0x44, 0x60, 0x7c, 0x20, 0x1a,
    0x0, 0x38, 0x79, 0x63, 0x3d, 0x0, 0x8, 0xa0,
    0x5, 0x8b, 0x37, 0x90, 0x9d, 0x40, 0x2a, 0x80,
    0x6, 0xe, 0xa9, 0xe4, 0x29, 0x0, 0xd, 0xdc,
    0x0, 0x99, 0x37, 0x98, 0x7, 0x86, 0x40, 0x3c,
    0xa0, 0x80, 0x1f, 0xfc, 0x24, 0xe0, 0xf, 0xfe,
    0x17, 0xa9, 0x80, 0x7f, 0xf0, 0x51, 0x74, 0x57,
    0x84, 0x3, 0xfd, 0x45, 0xf0, 0x62, 0x1, 0xff,
    0x63, 0x84, 0x0, 0x6f, 0x40, 0xf, 0xa7, 0x54,
    0x0,

    /* U+4EE5 "以" */
    0x0, 0xc4, 0x60, 0x18, 0x48, 0x3, 0xeb, 0xd2,
    0x0, 0x97, 0x54, 0x2, 0xc6, 0x9, 0x2f, 0x0,
    0xe7, 0x0, 0x88, 0x40, 0x1a, 0x74, 0x0, 0x10,
    0x20, 0xf, 0x86, 0xdc, 0x40, 0x84, 0x3, 0xf9,
    0x74, 0x43, 0x8c, 0x3, 0xff, 0x82, 0x4e, 0x1,
    0xf8, 0x40, 0x32, 0x68, 0x7, 0xc7, 0xc8, 0x0,
    0x50, 0x50, 0xf, 0x1e, 0x2a, 0x0, 0x20, 0x88,
    0x1, 0xd9, 0x87, 0xa0, 0x4, 0x91, 0x24, 0x3,
    0xa, 0x3c, 0x0, 0xdb, 0x65, 0x34, 0x0, 0x8,
    0x22, 0x0, 0xbe, 0xb8, 0x6b, 0x4e, 0xe0, 0x2d,
    0x72, 0xea, 0x4f, 0x30, 0x2, 0xbd, 0x0, 0x8,
    0x9, 0xb2, 0x84, 0x3, 0x46, 0x80,

    /* U+4EF6 "件" */
    0x0, 0xc2, 0x1, 0xff, 0xc2, 0x2e, 0x20, 0x9,
    0x3c, 0x3, 0xf5, 0x19, 0x23, 0x0, 0x7f, 0x85,
    0xe4, 0x36, 0x80, 0x3f, 0xd2, 0x8, 0x8, 0xa6,
    0x40, 0x67, 0x8, 0x0, 0x9c, 0x0, 0x64, 0x9d,
    0x1, 0xdc, 0xd5, 0x0, 0x7a, 0x0, 0x21, 0x77,
    0x54, 0x1b, 0xae, 0x40, 0x31, 0x90, 0x37, 0x80,
    0xf, 0xe3, 0xc0, 0x1, 0xe1, 0x0, 0x7f, 0xf0,
    0x57, 0xff, 0x58, 0x7f, 0xe4, 0x0, 0xcb, 0xdd,
    0xac, 0x3b, 0xb2, 0x0, 0x70, 0x8e, 0x0, 0x8,
    0xe0, 0xf, 0xff, 0x39, 0x70, 0x80, 0x64, 0xf0,
    0xe,

    /* U+4EFB "任" */
    0x0, 0xd4, 0xc0, 0x1f, 0xfc, 0x12, 0x53, 0x0,
    0xc6, 0xd3, 0x80, 0x1d, 0x8, 0xb3, 0x9d, 0xf9,
    0x41, 0x42, 0x1, 0x1a, 0xc0, 0x6c, 0xec, 0x8e,
    0x4b, 0x8, 0x5, 0xe0, 0x20, 0x8a, 0x66, 0x0,
    0xf9, 0xc8, 0x3, 0xff, 0x82, 0x71, 0x60, 0x2,
    0x2c, 0x60, 0x45, 0x18, 0x9e, 0x38, 0x3, 0xf3,
    0x28, 0x1c, 0xcc, 0xa0, 0x60, 0x16, 0xf7, 0x56,
    0x3d, 0xd7, 0xa0, 0x7, 0xff, 0xa4, 0xbf, 0xb9,
    0x63, 0xdd, 0x58, 0x7, 0x8b, 0x33, 0x6e, 0x65,
    0x20, 0x1f, 0x19, 0x17, 0xe0,

    /* U+4F11 "休" */
    0x0, 0xa6, 0x40, 0x1b, 0xd0, 0x3, 0xf3, 0x98,
    0x7, 0xff, 0x5, 0x6, 0x40, 0x3f, 0xf8, 0x3c,
    0x4, 0x41, 0x18, 0x4, 0x78, 0x0, 0x4a, 0x0,
    0xce, 0xe8, 0x2b, 0xba, 0x80, 0x4, 0x10, 0x3,
    0xbf, 0xc8, 0x3, 0xff, 0x48, 0x1a, 0xc0, 0x6,
    0x14, 0x1, 0x70, 0xc, 0x72, 0xe0, 0x1a, 0xc,
    0x16, 0x8, 0x3, 0x30, 0x6, 0x26, 0x80, 0xe2,
    0xe0, 0xf, 0xee, 0x34, 0x0, 0x71, 0xc8, 0x7,
    0xd2, 0x7c, 0x1, 0x1c, 0x35, 0x0, 0x71, 0x3c,
    0x90, 0x6, 0x77, 0x8, 0x80, 0x31, 0x73, 0x0,
    0x7a, 0x2c, 0x40, 0x2, 0x20, 0xf, 0xfe, 0x0,

    /* U+4F18 "优" */
    0x0, 0xff, 0xe3, 0x9f, 0x18, 0x3, 0x64, 0x9,
    0x80, 0x3d, 0x60, 0x60, 0x1, 0xe0, 0x69, 0x40,
    0xe, 0x66, 0x0, 0x61, 0x4, 0x63, 0x0, 0xcc,
    0x38, 0x1, 0xf4, 0xb8, 0x6, 0x80, 0x1e, 0xdd,
    0x1c, 0x6e, 0xee, 0x0, 0x38, 0x0, 0x77, 0xfc,
    0x33, 0x41, 0xfe, 0xd0, 0x38, 0xa0, 0x1, 0x91,
    0x5, 0x8, 0x8, 0x86, 0x5, 0x8, 0x1, 0x88,
    0x8, 0x3, 0xc2, 0xe0, 0x1c, 0x82, 0x20, 0xf,
    0xfe, 0xe, 0xa0, 0x7, 0xff, 0x4, 0x93, 0x80,
    0x3f, 0xf8, 0x30, 0x68, 0x1, 0xd8, 0xc0, 0x1c,
    0xeb, 0xe0, 0x1, 0x25, 0x63, 0x30, 0x6, 0x1b,
    0xa3, 0x0, 0x22, 0xcd, 0x32, 0x80, 0x5e, 0xb8,
    0xa0, 0x1a, 0xb3, 0x12, 0x0,

    /* U+4F1A "会" */
    0x0, 0xf8, 0x40, 0x3f, 0xf8, 0x75, 0x80, 0x1f,
    0xfc, 0x17, 0x52, 0x40, 0xf, 0xf9, 0xa7, 0x6a,
    0x88, 0x1, 0xfd, 0x10, 0xd3, 0x4b, 0xb3, 0x80,
    0x78, 0xad, 0x70, 0xc0, 0xb, 0x95, 0xa8, 0x0,
    0x19, 0xd1, 0x5e, 0xcc, 0xdf, 0x9, 0x7a, 0x22,
    0x3a, 0xab, 0xff, 0xc9, 0x3b, 0x2, 0x14, 0xa0,
    0x46, 0x7e, 0x10, 0x25, 0x0, 0x1f, 0xf7, 0x7f,
    0xbc, 0x40, 0x7, 0xdd, 0x91, 0xfb, 0xbc, 0x20,
    0x10, 0x80, 0x1d, 0x70, 0x12, 0x0, 0x2, 0x1,
    0xe6, 0x8b, 0x50, 0x3, 0xb8, 0x3, 0xe8, 0x86,
    0x20, 0x1, 0x62, 0xe, 0x1, 0xce, 0xe1, 0xcf,
    0xed, 0xcb, 0x38, 0x50, 0xc, 0xd7, 0xbf, 0xee,
    0xdd, 0x66, 0x1d, 0xc0, 0x0,

    /* U+4F20 "传" */
    0x0, 0xfc, 0x24, 0x1, 0xf8, 0xb4, 0x80, 0xf,
    0x80, 0x1f, 0xa8, 0x8, 0x1, 0xc8, 0x1, 0xf9,
    0xa9, 0xf3, 0xc, 0x99, 0x96, 0x88, 0x1, 0xc5,
    0x55, 0xfe, 0x9, 0xff, 0xa4, 0x40, 0x64, 0x0,
    0x46, 0x61, 0x53, 0x39, 0x0, 0x16, 0x60, 0xfd,
    0xba, 0xf, 0xdd, 0xd8, 0x8b, 0x20, 0xfb, 0xea,
    0x7f, 0xfd, 0xc9, 0x2a, 0x0, 0x32, 0x34, 0x22,
    0xf0, 0x30, 0x7, 0x23, 0xff, 0xe5, 0x0, 0xfd,
    0xdd, 0x9c, 0x94, 0x3, 0xf0, 0xa8, 0x89, 0xac,
    0x3, 0xf9, 0x2f, 0x68, 0x18, 0x3, 0xf9, 0x39,
    0x54, 0xa, 0x1, 0x8c, 0x3, 0x86, 0x35, 0x28,
    0xc0, 0x22, 0xf2, 0x0, 0xe2, 0xad, 0x30,

    /* U+4F30 "估" */
    0x0, 0x85, 0x80, 0x33, 0x98, 0x7, 0xcd, 0x22,
    0x1, 0x42, 0x80, 0x7d, 0x4c, 0x20, 0x10, 0x98,
    0x7, 0x94, 0xb5, 0x51, 0x21, 0xd4, 0x4c, 0x0,
    0x80, 0x68, 0x8c, 0xb, 0x11, 0x70, 0x41, 0x1,
    0xee, 0x64, 0x31, 0x99, 0x51, 0xbc, 0x0, 0x7f,
    0xf0, 0xa, 0x14, 0x2, 0xbc, 0xc0, 0xc6, 0x64,
    0x2, 0xe0, 0x19, 0x52, 0x2e, 0x62, 0xcc, 0x3,
    0xf6, 0xa2, 0x63, 0x10, 0xf, 0xfe, 0x59, 0x88,
    0xf0, 0x7, 0xf4, 0xf7, 0x6a, 0x10, 0x8, 0x40,
    0x35, 0x7f, 0xeb, 0x0, 0xc7, 0xe2, 0x1e, 0xa0,
    0x19, 0x3c, 0x0,

    /* U+4F46 "但" */
    0x0, 0x88, 0x40, 0x3f, 0xf8, 0x51, 0xe2, 0x1,
    0xff, 0xc1, 0x56, 0x15, 0xdd, 0xf8, 0x3, 0x30,
    0x50, 0x0, 0xff, 0xf5, 0x90, 0x6, 0xb0, 0x20,
    0x8, 0x8b, 0x18, 0x6, 0x62, 0x0, 0xff, 0xe0,
    0x94, 0xa0, 0x6, 0x1e, 0xed, 0x60, 0x18, 0xfc,
    0x3, 0xf, 0xfe, 0x80, 0x8, 0xb0, 0x3, 0xc2,
    0x38, 0xc0, 0x3f, 0xf9, 0xa6, 0x3b, 0xba, 0xc0,
    0x3f, 0x9f, 0x7f, 0xf6, 0x68, 0x7, 0xe1, 0x22,
    0xf8, 0x3, 0xe4, 0x33, 0xfc, 0x82, 0x1, 0xd5,
    0xbb, 0xfa, 0x94, 0x3, 0xbb, 0xbf, 0xc8,

    /* U+4F4D "位" */
    0x0, 0x9a, 0x44, 0x0, 0x78, 0x1, 0xfd, 0xa8,
    0x20, 0x2, 0x24, 0x0, 0x7c, 0x29, 0x60, 0x22,
    0x9, 0xf1, 0x1c, 0x1, 0x30, 0x22, 0xf7, 0x51,
    0xe, 0xeb, 0x40, 0x29, 0x3, 0x5f, 0xff, 0xd8,
    0x0, 0x81, 0x0, 0x8d, 0x80, 0x25, 0xc2, 0x0,
    0x1b, 0xc0, 0x4, 0xb2, 0x1, 0x61, 0x10, 0x0,
    0x4c, 0xa0, 0x13, 0x82, 0x0, 0x15, 0x0, 0x21,
    0x90, 0xc, 0x29, 0xa0, 0x3, 0xf0, 0xf, 0xf6,
    0xb8, 0x18, 0x20, 0x7, 0xf9, 0x4, 0x94, 0x84,
    0x3, 0xfc, 0x56, 0x5a, 0x80, 0x1f, 0xdd, 0xfe,
    0xbf, 0x46, 0xff, 0x8c, 0x3, 0xb7, 0x7f, 0xb0,
    0xc0, 0x2, 0x0, 0x32, 0x2f, 0xc6, 0x0,

    /* U+4F4E "低" */
    0x0, 0xff, 0xe3, 0xbe, 0x0, 0x7c, 0x64, 0x1,
    0xd8, 0xa2, 0xac, 0xf3, 0x7d, 0x92, 0x1, 0x85,
    0x28, 0xab, 0xfc, 0xb, 0x9f, 0x60, 0x19, 0x80,
    0xc0, 0x13, 0x14, 0x4, 0x1, 0xe9, 0x0, 0xff,
    0xe1, 0x38, 0x7, 0x8, 0x80, 0x46, 0x21, 0x2,
    0x89, 0x0, 0xdf, 0xed, 0xf, 0xf6, 0x40, 0x14,
    0x20, 0x6, 0xee, 0x87, 0x7b, 0x92, 0x0, 0x70,
    0xf, 0xc4, 0xc0, 0x1f, 0xfc, 0x25, 0xd0, 0xf,
    0xfe, 0x4, 0x16, 0x28, 0x7, 0xfd, 0xc, 0xa,
    0x48, 0xa, 0x1, 0xe7, 0x6, 0x91, 0x6, 0x90,
    0xa3, 0x0, 0xe1, 0x16, 0x7e, 0x8c, 0x87, 0x9,
    0x80, 0x72, 0xf9, 0x42, 0x10, 0x63, 0x68, 0x0,

    /* U+4F4F "住" */
    0x0, 0xff, 0xe3, 0xa6, 0x98, 0x1, 0x74, 0x3,
    0xfb, 0x4c, 0xc0, 0x7, 0x25, 0x0, 0xf8, 0x59,
    0x86, 0x86, 0x32, 0xc6, 0x64, 0x20, 0xa, 0x2,
    0xe2, 0xb7, 0x53, 0xbb, 0x55, 0x0, 0x4, 0xc0,
    0xb, 0xee, 0x86, 0x3b, 0xa8, 0x0, 0x79, 0x80,
    0x7f, 0xf0, 0x50, 0xf8, 0x3, 0xff, 0x82, 0x9e,
    0x60, 0x1, 0xff, 0x86, 0x7f, 0xd6, 0x1, 0x8,
    0x4, 0x39, 0x8d, 0x18, 0xdc, 0x90, 0xf, 0xc6,
    0x62, 0x1, 0x23, 0x20, 0xf, 0xfe, 0xd9, 0x9e,
    0xe, 0x33, 0xc0, 0x1e, 0xec, 0xc8, 0x5f, 0x33,
    0x8, 0x7, 0x6f, 0xff, 0xf0, 0x80,

    /* U+4F53 "体" */
    0x0, 0x9a, 0x40, 0x37, 0x20, 0x7, 0xed, 0x10,
    0xc, 0x60, 0x1f, 0x85, 0x2c, 0x3, 0xff, 0x82,
    0xc0, 0x7d, 0xbb, 0x15, 0x6e, 0xd6, 0x1, 0x48,
    0x86, 0xfc, 0x90, 0x82, 0xff, 0xa4, 0x0, 0xe2,
    0x0, 0x32, 0x21, 0x99, 0x10, 0x45, 0x0, 0xc4,
    0x0, 0x35, 0x58, 0x79, 0x20, 0x4, 0x34, 0x80,
    0x12, 0x93, 0x80, 0xcc, 0x80, 0x32, 0x80, 0x45,
    0x50, 0x1, 0x38, 0xd8, 0x7, 0x8f, 0x15, 0x80,
    0x36, 0xae, 0x90, 0x6, 0xa4, 0x9d, 0xc2, 0x9c,
    0x9f, 0x52, 0x0, 0xd3, 0x45, 0x3e, 0x37, 0xf4,
    0x30, 0x1, 0xf0, 0xa1, 0x81, 0x19, 0x0, 0x7f,
    0xf0, 0x44, 0x3, 0x80,

    /* U+4F55 "何" */
    0x0, 0x84, 0x40, 0x1f, 0xfc, 0x29, 0xe1, 0x0,
    0xff, 0xe0, 0xab, 0x27, 0xff, 0xf5, 0x0, 0x10,
    0xa1, 0x37, 0x5d, 0xda, 0x87, 0x60, 0x1, 0x2,
    0x31, 0x10, 0x47, 0x80, 0x88, 0x8, 0x60, 0x1,
    0xcc, 0xc6, 0x1, 0xc3, 0x4c, 0x0, 0x13, 0x98,
    0x30, 0xf, 0x92, 0x80, 0x32, 0x20, 0x40, 0x3c,
    0x34, 0x1, 0xff, 0xd9, 0xef, 0x10, 0xf, 0xf8,
    0x43, 0x39, 0xc4, 0x3, 0xfc, 0x3e, 0x63, 0x4,
    0x1, 0xf3, 0x80, 0x7c, 0x4b, 0xc6, 0x1, 0x84,
    0x40, 0x1f, 0x52, 0x58, 0x6, 0x5f, 0x0, 0xf1,
    0x77, 0x18, 0x0,

    /* U+4F59 "余" */
    0x0, 0xf8, 0xc0, 0x3f, 0xf8, 0x4f, 0x8e, 0x1,
    0xff, 0xc0, 0x28, 0x49, 0x20, 0xf, 0xf0, 0xf9,
    0xdc, 0xe2, 0x80, 0x7e, 0x1d, 0xd, 0x7, 0x8a,
    0xb4, 0x0, 0xe4, 0xf1, 0xc1, 0x0, 0x36, 0x3d,
    0xf4, 0x80, 0xd5, 0xab, 0xe6, 0xef, 0xa8, 0xbc,
    0x4, 0xe6, 0xe3, 0xb8, 0x6b, 0xd4, 0x2b, 0x8c,
    0x0, 0x96, 0x2, 0x33, 0xb8, 0xd0, 0x3, 0xe6,
    0x55, 0xc7, 0xea, 0xb3, 0x8, 0x6, 0xa9, 0x9c,
    0x29, 0x33, 0x51, 0x80, 0x6c, 0xc7, 0xe6, 0xa,
    0xf2, 0xb7, 0x8, 0x3, 0x9f, 0x10, 0x3, 0x66,
    0x4, 0x3, 0xaa, 0x25, 0x0, 0x35, 0x37, 0x90,
    0x5, 0x29, 0x8c, 0x54, 0x46, 0x0, 0xb3, 0x40,
    0xa, 0x7c, 0xc0, 0x85, 0x90, 0x2, 0xd6, 0x0,
    0x0,

    /* U+4F5C "作" */
    0x0, 0xff, 0xe4, 0x62, 0x0, 0x2a, 0x80, 0x1f,
    0xca, 0x62, 0x2, 0xa4, 0x1, 0xfd, 0x26, 0xa1,
    0x21, 0x20, 0x18, 0x40, 0x24, 0x3a, 0x2, 0x70,
    0xef, 0xfd, 0xc2, 0x0, 0x90, 0xa, 0x4b, 0x43,
    0xbf, 0xf0, 0x84, 0x18, 0x1, 0xd3, 0x80, 0x3f,
    0x1b, 0xd8, 0x1, 0xf4, 0xc0, 0x1d, 0xff, 0x28,
    0x1c, 0x28, 0x4, 0x40, 0x16, 0xf7, 0x35, 0x40,
    0xe, 0x1, 0xf8, 0xc4, 0x44, 0x1, 0xff, 0xd0,
    0xef, 0xfb, 0x0, 0x3f, 0xed, 0xee, 0xc0, 0x1f,
    0xf1, 0x88, 0xc4, 0x1, 0xff, 0xd5,

    /* U+4F7F "使" */
    0x0, 0xfe, 0x10, 0xf, 0xe9, 0x70, 0xd, 0xb0,
    0x1, 0xf9, 0xc4, 0x3, 0xbc, 0x3, 0xe5, 0x14,
    0xff, 0xc7, 0x1f, 0xf7, 0x0, 0x52, 0x25, 0xdf,
    0xf1, 0xc7, 0xfb, 0xbc, 0x0, 0x86, 0x0, 0x2c,
    0xc8, 0xeb, 0x31, 0xa4, 0x0, 0x95, 0x0, 0x39,
    0x77, 0xd, 0x7b, 0x84, 0xe0, 0x22, 0x90, 0xc,
    0x44, 0xe, 0x22, 0x0, 0x43, 0x80, 0x10, 0x8b,
    0xfc, 0x73, 0xfe, 0x10, 0xf, 0x96, 0xb7, 0xc6,
    0xbf, 0xe4, 0x0, 0xfb, 0xe4, 0x5, 0xc0, 0x3f,
    0xea, 0x7d, 0x12, 0x0, 0xff, 0xe0, 0x71, 0x1,
    0x80, 0x7e, 0x10, 0x2, 0x7b, 0xb6, 0x5b, 0xa1,
    0x0, 0x4e, 0x3, 0x73, 0x28, 0x87, 0x1d, 0xdb,
    0xc0, 0x24, 0xf1, 0xad, 0x40, 0x0, 0xc6, 0x7e,
    0x80,

    /* U+4F9B "供" */
    0x0, 0x85, 0x0, 0x3f, 0xf8, 0x2d, 0x68, 0x9,
    0xa0, 0x3e, 0x80, 0x1d, 0x6a, 0x80, 0x1e, 0x70,
    0xc, 0x66, 0x80, 0x21, 0x2, 0x30, 0x72, 0x10,
    0x4, 0x1, 0xae, 0xd1, 0x6e, 0x82, 0xf6, 0x41,
    0x90, 0x0, 0xbf, 0x65, 0xfc, 0x19, 0xf0, 0x52,
    0xe0, 0x1f, 0xfc, 0x2, 0xab, 0x0, 0xff, 0xe0,
    0xa8, 0x4, 0x88, 0x33, 0x22, 0x1, 0x51, 0x40,
    0x3b, 0xea, 0x42, 0xac, 0x62, 0xa8, 0x1, 0xd7,
    0xdb, 0xae, 0xe6, 0xd7, 0x78, 0x7, 0x8b, 0x64,
    0x1, 0x76, 0x50, 0xf, 0x26, 0x25, 0x0, 0x21,
    0xe9, 0x0, 0x31, 0xc2, 0x50, 0x6, 0x86, 0x30,
    0x1, 0xf9, 0x65, 0x0, 0x7a, 0x5c,

    /* U+4F9D "依" */
    0x0, 0xd2, 0x20, 0x14, 0x90, 0x7, 0xe6, 0x71,
    0x0, 0x9d, 0x40, 0x3f, 0x53, 0x2a, 0xe2, 0xa5,
    0x5c, 0x1, 0x21, 0xde, 0x77, 0x24, 0xdb, 0xbb,
    0x0, 0x50, 0x0, 0x9b, 0xb8, 0xae, 0xf8, 0x0,
    0xa6, 0x1, 0xd4, 0x94, 0x0, 0x51, 0x1, 0xb8,
    0x0, 0xcc, 0x56, 0xa2, 0x95, 0x20, 0x4, 0x70,
    0x8, 0xa0, 0x48, 0xea, 0xe2, 0x0, 0x34, 0x1,
    0xf, 0x80, 0x54, 0x96, 0xe0, 0x1e, 0x6f, 0x1b,
    0x0, 0x30, 0x88, 0x3, 0xe1, 0x7c, 0x0, 0xd1,
    0x0, 0xf, 0x9e, 0x40, 0x24, 0xb6, 0xb, 0x0,
    0xfe, 0x31, 0xbd, 0xf, 0x5c, 0x0, 0xfc, 0x25,
    0x8c, 0x5, 0x90, 0x1, 0xbc, 0xc0, 0xf, 0xa6,
    0x1, 0x12, 0x0,

    /* U+4FA7 "侧" */
    0x0, 0x15, 0x98, 0x7, 0xe9, 0x30, 0x2, 0x21,
    0xee, 0xf8, 0x2, 0x67, 0x0, 0x52, 0xba, 0xff,
    0xb5, 0x42, 0x44, 0x40, 0x2, 0x3e, 0x0, 0x30,
    0x28, 0x1, 0x80, 0x34, 0x3, 0x80, 0x1e, 0x80,
    0x3e, 0x35, 0x10, 0xc, 0x60, 0x1f, 0x23, 0x18,
    0x6, 0x10, 0xf, 0x9e, 0x40, 0x3f, 0xf8, 0xe4,
    0xc0, 0x20, 0x1f, 0xc2, 0xfa, 0x62, 0xc0, 0x1f,
    0xc5, 0x29, 0xed, 0x22, 0x6, 0x1, 0xf2, 0x8,
    0xac, 0xc7, 0xc8, 0x3, 0xe8, 0x47, 0x5e, 0x0,
    0xfe, 0x83, 0x80, 0xb2, 0x51, 0x91, 0x70, 0x1,
    0xb8, 0x39, 0x80, 0xe2, 0x8a, 0x29, 0x80,

    /* U+4FBF "便" */
    0x0, 0xda, 0x80, 0x1f, 0xfc, 0x15, 0x23, 0xff,
    0xfe, 0x20, 0xb, 0xa1, 0xff, 0xec, 0x1f, 0xfc,
    0x40, 0x2, 0x47, 0xd, 0xee, 0x68, 0xf7, 0x48,
    0x1, 0x40, 0x80, 0xe, 0xf2, 0xc7, 0x30, 0x1,
    0x91, 0x40, 0x30, 0x98, 0x81, 0x98, 0x2, 0x1a,
    0x60, 0xd, 0x59, 0x43, 0x98, 0x10, 0x0, 0xdd,
    0x0, 0x6a, 0xdd, 0xe, 0xe8, 0x40, 0x25, 0x0,
    0xeb, 0xfc, 0x1f, 0xf0, 0x80, 0x7e, 0x8a, 0xfa,
    0x4f, 0xf9, 0x0, 0x3f, 0x52, 0x79, 0x80, 0x7f,
    0xcc, 0xf6, 0xb4, 0x1, 0xff, 0xc0, 0xc0, 0x4,
    0xa0, 0x7, 0xc2, 0x7, 0x57, 0x3a, 0x37, 0xf9,
    0x46, 0x0, 0x70, 0x1d, 0x1d, 0x62, 0xae, 0x96,
    0x13, 0x0, 0x27, 0x8f, 0xd9, 0x0, 0x42, 0xd5,
    0x60,

    /* U+4FDD "保" */
    0x0, 0x89, 0x80, 0x3f, 0xf8, 0x4b, 0x40, 0x9f,
    0xfe, 0x50, 0xe, 0xa9, 0x7, 0x1f, 0xfc, 0x42,
    0x1, 0x94, 0x94, 0x3, 0xff, 0x83, 0x0, 0x13,
    0x8e, 0xee, 0x20, 0xd, 0x0, 0x19, 0x37, 0xc2,
    0xbf, 0x50, 0x0, 0x8f, 0x20, 0x18, 0x88, 0x4,
    0x50, 0x4, 0x96, 0xc0, 0x7b, 0xb8, 0xaf, 0x76,
    0xb0, 0x2, 0x0, 0xe, 0x7a, 0x4c, 0x44, 0x9d,
    0xc8, 0x0, 0xf2, 0x1f, 0x49, 0xbb, 0x84, 0xcc,
    0x1, 0xf3, 0xb3, 0x86, 0xce, 0x10, 0x7, 0xd1,
    0x3a, 0x1, 0x3b, 0xb6, 0x40, 0x38, 0xd3, 0x4,
    0x3, 0x4c, 0x84, 0x3, 0x8f, 0x8, 0x2, 0x30,
    0x3, 0x40, 0x0,

    /* U+4FE1 "信" */
    0x0, 0xff, 0xe3, 0xae, 0x0, 0x6e, 0x30, 0xf,
    0xde, 0xc0, 0x19, 0x94, 0x3, 0xf2, 0xf6, 0xff,
    0xcf, 0x3f, 0xf8, 0x40, 0xc, 0xd, 0x9d, 0xff,
    0xee, 0xe0, 0x80, 0x2c, 0x0, 0x2a, 0x89, 0xf0,
    0x80, 0x18, 0xc0, 0x2e, 0xef, 0xc2, 0x3, 0x12,
    0x1, 0x45, 0xdf, 0xa4, 0x40, 0x8, 0xe0, 0x17,
    0xe6, 0x7c, 0x40, 0x34, 0x1, 0xb7, 0x7e, 0xe2,
    0x0, 0xfa, 0xfb, 0xbe, 0x0, 0xfe, 0x9e, 0xed,
    0x82, 0x1, 0xff, 0xcd, 0x8f, 0xfd, 0xa0, 0x1f,
    0xcf, 0x1f, 0xfb, 0x0, 0x38, 0x80, 0x2c, 0x70,
    0xc, 0x7e, 0x0,

    /* U+4FEE "修" */
    0x0, 0xfe, 0x20, 0xf, 0xe6, 0xc0, 0x8, 0xb5,
    0x0, 0x3f, 0x6a, 0x80, 0x56, 0x19, 0x11, 0x0,
    0x62, 0x4a, 0x0, 0xb, 0x17, 0x71, 0x48, 0x3,
    0x50, 0x8b, 0xc2, 0x94, 0x4, 0x8e, 0xc0, 0x21,
    0x70, 0x30, 0x36, 0xaf, 0x9b, 0xb0, 0x80, 0x56,
    0x60, 0x11, 0xea, 0x70, 0x25, 0xb9, 0x88, 0x3c,
    0x0, 0x4d, 0xf6, 0x9f, 0x15, 0x98, 0x40, 0xd6,
    0x0, 0x9a, 0x7f, 0x31, 0xe9, 0x7e, 0xa0, 0x1f,
    0x2e, 0x55, 0xe4, 0x90, 0x7, 0xf1, 0xd7, 0x2e,
    0xa3, 0x0, 0x7f, 0x96, 0xb6, 0xb4, 0x68, 0x3,
    0x86, 0x81, 0x30, 0xbc, 0xb2, 0x8c, 0x40, 0x39,
    0x41, 0x68, 0x7e, 0xd3, 0xa4, 0x40, 0x2, 0x20,
    0x2, 0x75, 0x1d, 0xf4, 0x8, 0x6, 0x3f, 0x0,
    0x26, 0x7d, 0x28, 0x7, 0x0,

    /* U+500D "倍" */
    0x0, 0xfe, 0x20, 0xf, 0xec, 0x70, 0x0, 0xea,
    0x0, 0x7c, 0x46, 0xa0, 0x1, 0x63, 0x0, 0xfa,
    0x18, 0x3f, 0xe6, 0x8f, 0xfa, 0x0, 0x4, 0xb0,
    0x5f, 0x1d, 0xfe, 0x97, 0xf8, 0x0, 0x70, 0x8,
    0x3, 0x28, 0x1, 0x62, 0x1, 0x39, 0x80, 0x69,
    0x1, 0x22, 0x40, 0x0, 0xa2, 0x40, 0x1d, 0xfa,
    0x9d, 0xa1, 0xdf, 0xe2, 0xc5, 0x0, 0x77, 0xff,
    0xf0, 0x18, 0x6, 0x22, 0xfc, 0x1, 0xf7, 0x67,
    0xfe, 0xce, 0x0, 0xfd, 0x1b, 0xba, 0x40, 0x3f,
    0xf9, 0x93, 0xff, 0xa0, 0x3, 0xfa, 0x7f, 0xf4,
    0x0, 0x7f, 0xf0, 0x9f, 0x0,

    /* U+5012 "倒" */
    0x0, 0x84, 0x3, 0xff, 0x87, 0x18, 0x1, 0xfd,
    0xe6, 0x1, 0x22, 0x37, 0xff, 0x18, 0x4, 0x20,
    0x11, 0x95, 0xe4, 0x8e, 0x69, 0xb6, 0x80, 0x75,
    0x1, 0x8f, 0xc8, 0x8, 0x18, 0x7, 0xb, 0x8,
    0x1b, 0xb9, 0x78, 0x3, 0xeb, 0x10, 0x1d, 0x3a,
    0xa1, 0x30, 0x7, 0x12, 0xc8, 0xa, 0x2a, 0xa9,
    0x80, 0x3c, 0x5a, 0x80, 0xa, 0x80, 0x49, 0x60,
    0xf, 0x10, 0x5, 0x56, 0x13, 0x60, 0x1f, 0xf6,
    0x68, 0x66, 0x81, 0x80, 0x7f, 0x33, 0x1, 0x58,
    0x16, 0x80, 0x3f, 0xe5, 0x96, 0x37, 0x0, 0xf8,
    0xb3, 0x82, 0x14, 0xc0, 0x2, 0x20, 0xc, 0x24,
    0x13, 0x9f, 0x8a, 0x19, 0xc0, 0x40, 0x7, 0x0,
    0x63, 0x98, 0x6, 0xa6, 0xc1,

    /* U+503C "值" */
    0x0, 0xc2, 0x1, 0x84, 0x3, 0xf8, 0xf8, 0xc0,
    0x2f, 0x80, 0x0, 0x80, 0x74, 0xad, 0xff, 0xc2,
    0xff, 0xee, 0x90, 0x8, 0xd6, 0x63, 0xfe, 0xb,
    0xff, 0xa4, 0x2, 0xe0, 0x10, 0x4e, 0xe0, 0x57,
    0x70, 0xc0, 0x29, 0x30, 0xe, 0xef, 0xee, 0x0,
    0x62, 0x6b, 0x0, 0xc3, 0xbb, 0x84, 0x2, 0x2d,
    0x40, 0xc, 0x39, 0x98, 0x40, 0x31, 0x0, 0x70,
    0xee, 0xe1, 0x0, 0xff, 0xf, 0x76, 0x10, 0xf,
    0xf0, 0xcc, 0xe1, 0x0, 0xff, 0xc, 0x46, 0x10,
    0xf, 0xc6, 0x40, 0x23, 0x81, 0x8c, 0x3, 0x87,
    0x6c, 0xff, 0xf1, 0xc6, 0x80,

    /* U+5047 "假" */
    0x0, 0x8c, 0xc0, 0x1f, 0xfc, 0x29, 0xad, 0xff,
    0xb6, 0xbf, 0xe5, 0x0, 0xc9, 0x43, 0x9f, 0x81,
    0x5f, 0xe3, 0x0, 0xca, 0x26, 0x1, 0xfc, 0x20,
    0x17, 0x8, 0x3, 0x7b, 0x42, 0xf7, 0x46, 0x20,
    0x3, 0x40, 0xa, 0xbf, 0xd9, 0x59, 0x8e, 0x50,
    0x7, 0x38, 0x4, 0xe2, 0x33, 0xa2, 0x44, 0x0,
    0xba, 0x0, 0xb3, 0xfc, 0x13, 0xdc, 0xa6, 0x0,
    0x30, 0x6, 0xcf, 0xf0, 0x2f, 0xd8, 0x28, 0x7,
    0xf0, 0x86, 0x60, 0xc8, 0x40, 0x3e, 0xcf, 0xe1,
    0x76, 0x9b, 0x0, 0xfd, 0x9f, 0xe1, 0x12, 0x2b,
    0x0, 0x7c, 0x20, 0x19, 0xd0, 0xe8, 0x40, 0x30,
    0x80, 0x76, 0xeb, 0xf0, 0xfc, 0x40, 0x5, 0xe1,
    0xa6, 0x0, 0xca, 0x10, 0x9f, 0x10,

    /* U+504F "偏" */
    0x0, 0xfe, 0x33, 0x0, 0x7e, 0xa2, 0x0, 0x92,
    0x40, 0x3e, 0x55, 0x1e, 0x65, 0x4b, 0x99, 0x10,
    0x5, 0x2c, 0x27, 0xdc, 0xfd, 0xee, 0x18, 0x80,
    0x10, 0xe8, 0x0, 0x45, 0xe0, 0x10, 0x4, 0x81,
    0x80, 0x3f, 0xfc, 0x2, 0x10, 0x40, 0x1, 0xf,
    0xff, 0x8c, 0xcf, 0x20, 0x2, 0xc, 0xcf, 0xc7,
    0xaa, 0x0, 0x50, 0xbf, 0x3e, 0x2f, 0x83, 0x2,
    0x0, 0xb0, 0x8, 0x80, 0x40, 0x4c, 0x20, 0x1c,
    0x85, 0x1a, 0x18, 0x3b, 0xc0, 0x1c, 0xc8, 0x37,
    0xc1, 0xa3, 0xde, 0x1, 0xd9, 0x0, 0x66, 0x1,
    0x3, 0x10, 0xe, 0xa2, 0x0, 0x88, 0x8, 0x3,
    0xfe, 0x1d, 0xc, 0x7c, 0x0, 0xc2, 0x1, 0xf8,
    0x85, 0x80, 0x7, 0xc0, 0xc, 0x50, 0xc, 0x9f,
    0x0,

    /* U+505A "做" */
    0x0, 0xca, 0x1, 0xe3, 0x0, 0xf9, 0x2c, 0x17,
    0x0, 0x5, 0x8c, 0x1, 0xee, 0x90, 0xe, 0x41,
    0x60, 0xe, 0x25, 0x50, 0x98, 0x8, 0x69, 0x3b,
    0xc0, 0x14, 0x81, 0xf4, 0x9f, 0x3a, 0x5f, 0xc0,
    0x80, 0x15, 0x0, 0x1f, 0x47, 0xfc, 0x6f, 0x62,
    0xc0, 0xb, 0x80, 0xf, 0x21, 0x8b, 0x98, 0x5,
    0xac, 0x0, 0xda, 0x3f, 0x82, 0x52, 0x10, 0x8,
    0xc0, 0x23, 0xcf, 0x21, 0x7c, 0xf5, 0x0, 0xff,
    0xe0, 0x62, 0x2f, 0x80, 0x7e, 0x53, 0x30, 0x39,
    0x99, 0xc0, 0x3f, 0x54, 0x8, 0x0, 0x40, 0x3f,
    0x93, 0xaf, 0x47, 0xdd, 0xbd, 0x40, 0x3d, 0x44,
    0x15, 0x76, 0x99, 0xbc, 0x2, 0x1f, 0x10, 0xa,
    0x39, 0x40, 0xf, 0x40,

    /* U+505C "停" */
    0x0, 0x88, 0x3, 0x88, 0x80, 0x1f, 0xa6, 0x80,
    0x34, 0xc8, 0x3, 0xf2, 0x4c, 0xbb, 0xa5, 0x4e,
    0xec, 0x20, 0x6, 0x3, 0x8f, 0xfd, 0xdf, 0xf8,
    0x40, 0x16, 0x20, 0x31, 0xdd, 0xe6, 0x10, 0x2,
    0x90, 0x6, 0x7f, 0xfc, 0xc0, 0x1a, 0xd8, 0x3,
    0x36, 0x66, 0x70, 0x8, 0x8e, 0x80, 0x2b, 0xdf,
    0xfd, 0xac, 0x0, 0x2d, 0x10, 0x2f, 0xdc, 0xcf,
    0x77, 0xa0, 0x7, 0xf, 0xff, 0xe3, 0x0, 0xe2,
    0xf7, 0xee, 0xf4, 0xea, 0x0, 0x70, 0xbf, 0x72,
    0xcb, 0xb9, 0x22, 0x1, 0xff, 0xc8, 0x10, 0xc,
    0x44, 0x0, 0xfc, 0x20, 0x1d, 0xd0, 0x80, 0x1f,
    0x1f, 0x80, 0x6e, 0xe4, 0x0, 0x70,

    /* U+5065 "健" */
    0x0, 0x2b, 0x0, 0x7b, 0xc8, 0x3, 0xdf, 0xe3,
    0x38, 0x15, 0x1, 0x12, 0x0, 0xc9, 0x95, 0xfa,
    0x1d, 0xc0, 0xde, 0xa0, 0x9, 0x5, 0xa6, 0xdc,
    0x66, 0x7, 0xe4, 0xc, 0x1, 0xe0, 0x15, 0xeb,
    0xff, 0xc, 0xf0, 0xf0, 0x9a, 0x8, 0x21, 0xb3,
    0x3b, 0xc6, 0x78, 0x34, 0x59, 0xc8, 0x3c, 0x35,
    0x7b, 0xc6, 0x3d, 0x0, 0xb, 0x0, 0xb, 0xf3,
    0x6d, 0xc1, 0xec, 0xb0, 0xe, 0x79, 0x2, 0xf,
    0xf0, 0xef, 0xf8, 0x40, 0x33, 0xa2, 0x81, 0xf7,
    0x8e, 0xff, 0x84, 0x3, 0xaa, 0x88, 0x8e, 0xf1,
    0xdf, 0xf2, 0x80, 0x73, 0x0, 0x13, 0xfc, 0x3b,
    0xfe, 0x50, 0xe, 0x93, 0x7c, 0x52, 0x1, 0x1,
    0x30, 0x8, 0x51, 0x77, 0x53, 0xd8, 0x39, 0xfd,
    0x0, 0x16, 0xbe, 0x88, 0x2d, 0xf7, 0xfb, 0xb9,
    0x60,

    /* U+507F "偿" */
    0x0, 0x84, 0x40, 0x1f, 0xfc, 0x17, 0xf0, 0x20,
    0x7, 0x98, 0x9, 0x80, 0x6d, 0x74, 0xd2, 0x0,
    0xd1, 0xe0, 0x10, 0xa5, 0x22, 0x38, 0x2, 0x46,
    0xe0, 0x9, 0x80, 0x82, 0xa0, 0x2, 0x6a, 0x20,
    0xa, 0x41, 0x7f, 0xaf, 0xc3, 0x36, 0xbf, 0x1,
    0xcc, 0x0, 0x5f, 0xff, 0x48, 0x14, 0x48, 0x1,
    0x97, 0x33, 0xb4, 0x1c, 0xb1, 0x41, 0x6d, 0x3f,
    0xfa, 0x5a, 0xc0, 0xc0, 0x21, 0x11, 0x9f, 0x20,
    0x8, 0x6, 0x5f, 0xee, 0x7f, 0xbb, 0xb7, 0x80,
    0x65, 0xee, 0x60, 0x67, 0x57, 0x74, 0x1, 0xf7,
    0x39, 0x84, 0xc8, 0x3, 0xf5, 0x4, 0x89, 0x43,
    0x30, 0x3, 0xd0, 0xa7, 0xdf, 0xe9, 0x39, 0x20,
    0xe, 0x9b, 0xdf, 0xed, 0xcc, 0x18, 0x80, 0x7,
    0xc4, 0x48, 0x40, 0x1d, 0x86,

    /* U+50A8 "储" */
    0x0, 0xa5, 0xc0, 0x3a, 0xd8, 0x3, 0xe7, 0xf1,
    0xb0, 0x0, 0x80, 0x5, 0x8, 0x2, 0x41, 0x91,
    0x52, 0x7f, 0x48, 0xb9, 0xa0, 0xb, 0xc8, 0x41,
    0x1d, 0xdc, 0x91, 0xe7, 0x0, 0x3, 0x41, 0x0,
    0x52, 0x80, 0x68, 0x80, 0x5, 0x2, 0xd, 0xda,
    0x9d, 0xc4, 0x92, 0x8e, 0x51, 0x6b, 0x7, 0xa3,
    0x4f, 0xf4, 0xe, 0x7f, 0x94, 0x74, 0x40, 0x58,
    0x0, 0x3d, 0x1, 0xfa, 0x60, 0x1f, 0xd2, 0x15,
    0x9c, 0x42, 0x1, 0xf9, 0xdc, 0xc, 0x44, 0x0,
    0xff, 0x2e, 0xe, 0x7f, 0x84, 0x3, 0xe1, 0x17,
    0x10, 0x67, 0xf8, 0x40, 0x30, 0x80, 0x1d, 0x30,
    0x1, 0xdb, 0xa1, 0x0, 0xc6, 0x20, 0x96, 0x0,
    0x19, 0xcc, 0xb, 0x80,

    /* U+50CF "像" */
    0x0, 0x84, 0x3, 0x10, 0x7, 0xfa, 0x74, 0x0,
    0xfa, 0x40, 0x1f, 0xc8, 0xa0, 0x50, 0x51, 0x54,
    0x20, 0xe, 0x23, 0xa1, 0xc5, 0xe9, 0x27, 0x20,
    0xe, 0xa1, 0xc, 0x11, 0x44, 0x18, 0x2e, 0xc4,
    0x1, 0x30, 0x12, 0x8f, 0x48, 0x37, 0xca, 0x88,
    0x2, 0x0, 0x28, 0x6, 0x26, 0xc2, 0x20, 0x4,
    0x2f, 0x0, 0x11, 0x77, 0x94, 0xee, 0x8c, 0x0,
    0x38, 0x80, 0x17, 0x38, 0x36, 0xe9, 0x78, 0xc0,
    0x6, 0x1, 0x5e, 0x6c, 0x34, 0x6a, 0x0, 0x7e,
    0x8c, 0xec, 0xa7, 0x56, 0x30, 0xf, 0xab, 0x3f,
    0xd6, 0x38, 0xea, 0x1, 0xf6, 0xe7, 0xce, 0xa8,
    0xf5, 0xb8, 0x7, 0xb3, 0x3, 0xa6, 0xa2, 0x7a,
    0x60, 0x10, 0x88, 0x27, 0xe1, 0xbd, 0x50, 0xd,
    0x0, 0x23, 0xf0, 0x11, 0x3, 0xe5, 0x80, 0x70,

    /* U+5141 "允" */
    0x0, 0xff, 0xe4, 0x8e, 0xa0, 0x7, 0xff, 0x6,
    0x4d, 0x40, 0x3f, 0xf8, 0x4, 0xf4, 0x20, 0x32,
    0x1, 0xfd, 0x2c, 0x80, 0x12, 0x48, 0x7, 0xd0,
    0xf2, 0x1, 0xf, 0xb3, 0x80, 0x74, 0xbb, 0xa6,
    0xaf, 0x37, 0x2, 0x14, 0x3, 0x71, 0x92, 0xf,
    0xd9, 0xf7, 0xb1, 0x80, 0x67, 0xc9, 0x13, 0x42,
    0x0, 0xa5, 0x80, 0x3e, 0x2e, 0x0, 0xff, 0xe0,
    0x88, 0x88, 0x3, 0xff, 0x82, 0xc0, 0x80, 0x1f,
    0xfc, 0x3, 0x87, 0x0, 0xf9, 0xe0, 0x2, 0x6c,
    0x48, 0x0, 0x8, 0x94, 0x89, 0x66, 0x0, 0x99,
    0x3d, 0x80, 0x48, 0x77, 0xba, 0x18, 0x0, 0x4e,
    0xc0, 0x7, 0x67, 0x7f, 0xb4, 0xc0,

    /* U+5143 "元" */
    0x0, 0xff, 0xe2, 0xff, 0xff, 0x68, 0x7, 0x6f,
    0x77, 0xef, 0x0, 0xe2, 0x11, 0xfc, 0x40, 0x1f,
    0xfc, 0x66, 0xff, 0xff, 0xe0, 0x10, 0x3d, 0xe6,
    0x10, 0xf2, 0xc2, 0x73, 0x16, 0x40, 0x28, 0x66,
    0x16, 0x35, 0x5, 0x33, 0x20, 0x7, 0x98, 0x80,
    0x3f, 0xf8, 0x27, 0xa0, 0x1f, 0xfc, 0x7, 0x5,
    0x0, 0xff, 0x8a, 0x20, 0x1, 0xf2, 0x48, 0x1,
    0x30, 0xdc, 0x0, 0x21, 0x64, 0x4e, 0x70, 0x8b,
    0x5c, 0x0, 0xca, 0xfb, 0xa4, 0xb0, 0x8b, 0xb0,
    0x7, 0x57, 0xfd, 0xca, 0x0,

    /* U+5145 "充" */
    0x0, 0xff, 0xe4, 0x97, 0xa0, 0x7, 0xff, 0x0,
    0x87, 0x40, 0x3e, 0xcf, 0xfe, 0x16, 0xff, 0xe3,
    0xe, 0xcd, 0xd4, 0xd, 0xee, 0xb3, 0x75, 0x86,
    0x4, 0x64, 0x30, 0x88, 0x20, 0xd6, 0x23, 0x0,
    0xcd, 0xb3, 0x40, 0x2, 0x7b, 0x50, 0xd, 0x12,
    0x15, 0x9b, 0xae, 0x71, 0xa5, 0x0, 0xb1, 0x58,
    0x97, 0xb8, 0x3d, 0xc5, 0x0, 0xc9, 0x50, 0x78,
    0x64, 0x1, 0x52, 0x80, 0x78, 0x98, 0x3, 0xff,
    0x80, 0xa2, 0x60, 0x1f, 0xf0, 0xdb, 0x0, 0x7d,
    0x34, 0x0, 0x4f, 0x38, 0x0, 0xca, 0x44, 0x40,
    0x5, 0xd9, 0x70, 0x2, 0x13, 0xad, 0xd1, 0xc8,
    0x46, 0x58, 0x80, 0x6c, 0xff, 0xb8, 0xc0,

    /* U+5148 "先" */
    0x0, 0xc2, 0x0, 0x77, 0x0, 0x7f, 0x9b, 0x88,
    0x37, 0x80, 0x3f, 0xda, 0xa4, 0x1, 0xff, 0xc0,
    0x24, 0x5f, 0xf2, 0xb7, 0xfe, 0x40, 0xd, 0x5,
    0xbb, 0x22, 0xee, 0xb3, 0x8, 0x1, 0xa, 0x41,
    0x14, 0x26, 0x44, 0x33, 0x0, 0x65, 0xa6, 0x33,
    0x84, 0x8c, 0xf2, 0x20, 0x6, 0xa9, 0xba, 0xcc,
    0x2a, 0xb3, 0x76, 0xab, 0x1, 0xee, 0xc8, 0xbd,
    0xc1, 0xbe, 0xeb, 0xc0, 0x3c, 0xba, 0x1, 0xff,
    0xc1, 0x61, 0x50, 0xf, 0xfe, 0x1, 0x43, 0x10,
    0x7, 0x9d, 0xc0, 0x13, 0x6a, 0xc8, 0x6, 0xc2,
    0x25, 0x60, 0x2, 0x64, 0xf6, 0x1, 0x99, 0x9b,
    0xa0, 0x80, 0x4, 0xec, 0x0, 0x74, 0x7f, 0xda,
    0x60,

    /* U+5149 "光" */
    0x0, 0xfa, 0xb0, 0x3, 0xfc, 0x20, 0x19, 0xc0,
    0x25, 0x0, 0xe2, 0xe5, 0x0, 0xf2, 0x53, 0x0,
    0x62, 0x4a, 0x10, 0xe, 0x95, 0x60, 0xe, 0x90,
    0x90, 0xc, 0xe7, 0x60, 0x1e, 0x2c, 0x80, 0xc,
    0xfe, 0x20, 0x10, 0xff, 0xd9, 0xfe, 0x54, 0xff,
    0x77, 0xfc, 0x43, 0xbd, 0xd4, 0x8f, 0x60, 0x67,
    0x75, 0xa4, 0x4, 0x23, 0x8c, 0x44, 0x2, 0x38,
    0x80, 0x3d, 0x8e, 0x1, 0xff, 0xc1, 0x24, 0xf0,
    0xf, 0xfe, 0x0, 0xf9, 0xa8, 0x7, 0x96, 0x84,
    0x5, 0xf8, 0x34, 0x0, 0x60, 0x82, 0x5e, 0x82,
    0x5d, 0xf, 0xa2, 0x0, 0x14, 0x9e, 0xd4, 0xb0,
    0x2b, 0xe8, 0x0, 0xeb, 0xff, 0xb9, 0x40,

    /* U+514D "免" */
    0x0, 0xe7, 0x80, 0xf, 0xfe, 0x9, 0xc7, 0x80,
    0x7f, 0xf0, 0xf, 0x46, 0x7b, 0x9f, 0xe2, 0x0,
    0xf3, 0x63, 0x77, 0x58, 0x36, 0x40, 0x1d, 0x72,
    0x9, 0x99, 0x86, 0x33, 0x6, 0x1, 0x76, 0x4,
    0xff, 0x81, 0xf3, 0xfc, 0x6e, 0x1, 0x29, 0x83,
    0x19, 0x87, 0xc, 0xe1, 0x0, 0xff, 0x13, 0x80,
    0x7f, 0xd9, 0xfe, 0xd, 0xff, 0x84, 0x3, 0xd3,
    0xde, 0xae, 0x55, 0xff, 0x20, 0x7, 0x30, 0xb2,
    0x48, 0x7, 0xff, 0x2, 0x27, 0x44, 0x3, 0x8d,
    0x80, 0x2, 0xfc, 0xba, 0x60, 0xd, 0x11, 0xae,
    0x40, 0x9, 0x13, 0xa4, 0x0, 0xa7, 0xee, 0x9a,
    0x40, 0xb, 0xee, 0x1, 0x9f, 0xff, 0x73, 0x0,

    /* U+515C "兜" */
    0x0, 0xf9, 0xe4, 0x3, 0xf1, 0x4e, 0x60, 0x1,
    0xc2, 0x0, 0x8a, 0xa0, 0x6, 0x69, 0xe5, 0xf6,
    0x7f, 0x5d, 0xd2, 0x80, 0x72, 0x13, 0x17, 0xf8,
    0xc1, 0x50, 0x3, 0xf8, 0xbf, 0xc6, 0x1, 0xff,
    0xc0, 0x2f, 0xf1, 0x80, 0x7c, 0xc0, 0xd2, 0xe6,
    0x88, 0x10, 0x10, 0xe, 0xe0, 0xa1, 0x75, 0xff,
    0x30, 0xfe, 0x0, 0x68, 0xdd, 0x41, 0x4d, 0xdb,
    0xd7, 0xbf, 0xc0, 0x11, 0x10, 0x0, 0x9a, 0x41,
    0x66, 0x1, 0xfe, 0x20, 0x20, 0xf, 0xfe, 0xd,
    0xa8, 0x7, 0xd8, 0x40, 0x1, 0x5d, 0x28, 0x0,
    0x90, 0x0, 0xe6, 0x3, 0x9d, 0x49, 0xe4, 0x0,
    0x59, 0xff, 0x4b, 0x90, 0xcd, 0x7c, 0x88, 0x5,
    0x5f, 0xf7, 0x40, 0x0,

    /* U+5165 "入" */
    0x0, 0xe8, 0x10, 0xf, 0xfe, 0x9, 0xb6, 0x8,
    0x7, 0xff, 0x0, 0xfc, 0x30, 0x40, 0x3f, 0xf8,
    0x3, 0x87, 0x60, 0x1f, 0xfc, 0x11, 0x55, 0x10,
    0x7, 0xff, 0x0, 0x90, 0xa0, 0x3, 0xff, 0x81,
    0x9, 0xa, 0x20, 0x1f, 0xe3, 0x5f, 0x51, 0x90,
    0xf, 0xf7, 0xa2, 0x2, 0x5c, 0x40, 0x3f, 0x41,
    0xc8, 0x1, 0xc6, 0x80, 0x3e, 0x57, 0x92, 0x0,
    0xa1, 0x28, 0x3, 0x9a, 0x9d, 0x80, 0x33, 0x31,
    0x70, 0x80, 0x6a, 0x5a, 0x0, 0x3d, 0x2c, 0x78,
    0x22, 0x68, 0x90, 0xf, 0xd3, 0x16, 0x21, 0x8e,
    0x1, 0xfe, 0x75, 0x0,

    /* U+5168 "全" */
    0x0, 0xf9, 0xdc, 0x1, 0xff, 0xc1, 0x38, 0x81,
    0x0, 0x7f, 0xc3, 0xcb, 0x3e, 0x20, 0x1f, 0xc3,
    0x81, 0x6c, 0xcc, 0x20, 0xf, 0x8f, 0x3, 0x4,
    0x2d, 0xb6, 0x0, 0x31, 0x56, 0xf, 0x80, 0x8d,
    0x4e, 0xef, 0xa2, 0x9, 0x7a, 0x3d, 0xee, 0xe7,
    0x58, 0x72, 0xa, 0xd5, 0xff, 0xa8, 0x7f, 0xea,
    0x7d, 0x0, 0x8, 0x7, 0xff, 0x17, 0x7f, 0xea,
    0x1f, 0xfc, 0xc0, 0x1d, 0x9f, 0xf5, 0xf, 0xfd,
    0xcc, 0x1, 0xc2, 0x1, 0xf8, 0x40, 0x38, 0x47,
    0x80, 0x2, 0x3e, 0x0, 0x1f, 0x77, 0x50, 0xf7,
    0x73, 0x80, 0xf, 0xff, 0xff, 0x80, 0xc0,

    /* U+516C "公" */
    0x0, 0xe3, 0x10, 0x6, 0x20, 0x7, 0xfb, 0xa0,
    0x0, 0xfc, 0x1, 0xfc, 0x85, 0x0, 0xf, 0x52,
    0x0, 0xfd, 0x2e, 0x20, 0x4, 0x44, 0x80, 0x7d,
    0x7, 0x0, 0x1a, 0x51, 0x40, 0x39, 0x1e, 0xc0,
    0x2, 0x0, 0x29, 0xa4, 0x0, 0x8a, 0x99, 0x41,
    0xb8, 0x80, 0xc, 0xb6, 0xc0, 0xc, 0x29, 0x0,
    0x52, 0x90, 0x5, 0x4b, 0x42, 0x1b, 0x80, 0x4,
    0x3b, 0x0, 0xea, 0xc1, 0x3, 0x0, 0xa1, 0xc4,
    0x7, 0x4c, 0x3, 0xf3, 0x14, 0x0, 0x5, 0x38,
    0x3, 0xe2, 0x88, 0x0, 0x4, 0xf0, 0x9c, 0x3,
    0x8b, 0x6, 0xbb, 0xfb, 0x64, 0xe0, 0x80, 0x31,
    0x1a, 0xdd, 0xb3, 0xfb, 0x30, 0x56, 0x1, 0xdb,
    0x4e, 0xa6, 0x1, 0xbe, 0x40, 0x0,

    /* U+5171 "共" */
    0x0, 0xff, 0x8, 0x7, 0xfb, 0xdc, 0x0, 0x7c,
    0x60, 0x1f, 0xe1, 0x0, 0xc2, 0x1, 0xe1, 0x0,
    0xff, 0x8, 0x4, 0x9d, 0xfe, 0x9, 0xff, 0x60,
    0x6f, 0xf2, 0x80, 0x13, 0xfe, 0x9, 0xff, 0x60,
    0x6f, 0xf9, 0x40, 0x3f, 0xfa, 0xa5, 0xbb, 0x82,
    0x37, 0x5c, 0x1f, 0xbb, 0x9, 0x7f, 0xed, 0xcf,
    0xfb, 0x7f, 0xf0, 0x81, 0x16, 0x9a, 0x22, 0x3f,
    0x9, 0x14, 0x1, 0x8f, 0x57, 0x40, 0xc, 0x19,
    0x20, 0x18, 0xab, 0x1b, 0xd4, 0x0, 0x79, 0x2d,
    0xc6, 0x0, 0x47, 0xab, 0x10, 0xe, 0x6d, 0x26,
    0x0, 0x36, 0xa8, 0x7, 0xe2, 0xc5, 0x0,

    /* U+5173 "关" */
    0x0, 0xff, 0xe2, 0xc3, 0x80, 0x47, 0xa4, 0x1,
    0xed, 0x83, 0x0, 0x50, 0x10, 0x7, 0x95, 0x14,
    0x0, 0xd0, 0x1, 0xd9, 0x93, 0xd6, 0x68, 0x4e,
    0x62, 0x0, 0x13, 0x11, 0x8a, 0xae, 0x22, 0xb0,
    0x2, 0xa2, 0x60, 0x34, 0x4c, 0x60, 0x1f, 0xfc,
    0x31, 0x1f, 0x1, 0x17, 0x18, 0xdf, 0xff, 0xc,
    0xe6, 0x6d, 0x6a, 0xee, 0xd6, 0x3, 0xfd, 0xd9,
    0xc0, 0x30, 0xc3, 0xae, 0x88, 0x7, 0xc3, 0xa3,
    0x14, 0x38, 0x60, 0x1c, 0xde, 0xfa, 0x3, 0x83,
    0x96, 0xa2, 0xfd, 0x10, 0xb1, 0x0, 0xe, 0x42,
    0xd3, 0x2c, 0xf3, 0x0, 0x79, 0xfa, 0x9c,

    /* U+5176 "其" */
    0x0, 0xde, 0xe0, 0x19, 0xb8, 0x3, 0xf0, 0x88,
    0x3, 0xfe, 0x5f, 0xf0, 0xcf, 0xfe, 0x91, 0xff,
    0x20, 0x1, 0x7f, 0xc3, 0x3f, 0xfa, 0x47, 0xfc,
    0x80, 0x1e, 0x12, 0x2c, 0x20, 0x1f, 0xea, 0x99,
    0xd4, 0x1, 0xfe, 0xbb, 0xf0, 0x7, 0xfa, 0x7f,
    0xf4, 0x80, 0x7f, 0xa7, 0xff, 0x48, 0x7, 0xa,
    0x19, 0x87, 0x8c, 0xf7, 0x9, 0x99, 0x0, 0xfa,
    0x64, 0xa5, 0x33, 0x89, 0x66, 0x5e, 0x25, 0x55,
    0x61, 0xd5, 0x56, 0x3f, 0x54, 0xb1, 0x0, 0xa6,
    0x5c, 0x1, 0x9, 0xd5, 0x4, 0x2, 0x3d, 0x4c,
    0x70, 0xd, 0x18, 0xfe, 0x40, 0x12, 0x69, 0x80,
    0x78, 0xf1, 0x88, 0x0,

    /* U+5177 "具" */
    0x0, 0x2f, 0xff, 0xe5, 0x0, 0xf0, 0xf7, 0x78,
    0x40, 0x3e, 0x1e, 0xef, 0x8, 0x7, 0xc3, 0xff,
    0xe1, 0x0, 0xf8, 0x7f, 0xfc, 0x20, 0x1f, 0xf,
    0xff, 0x84, 0x3, 0xe1, 0xcc, 0xf0, 0x80, 0x7c,
    0x3d, 0xde, 0x10, 0xc, 0x67, 0x0, 0x7e, 0x32,
    0x40, 0xff, 0x51, 0x77, 0x78, 0xab, 0xa4, 0x33,
    0x2e, 0x9, 0xcc, 0x23, 0xfe, 0x63, 0x40, 0x26,
    0xd1, 0x10, 0x3, 0x1f, 0x28, 0x40, 0x7, 0xd2,
    0xfa, 0x80, 0x4, 0xcb, 0x7f, 0x10, 0x36, 0xd8,
    0x0, 0xf2, 0x6e, 0x84, 0x0,

    /* U+5178 "典" */
    0x0, 0xfe, 0x10, 0xf, 0xf8, 0xbc, 0x83, 0x90,
    0x3, 0xff, 0x80, 0x60, 0x7, 0x0, 0xf9, 0x37,
    0x5e, 0x19, 0xa1, 0xdb, 0xa4, 0x0, 0xc2, 0x5d,
    0x1, 0x3c, 0x11, 0xc4, 0x20, 0x1e, 0x37, 0x5,
    0x30, 0x63, 0x0, 0xfc, 0x6e, 0xa, 0x60, 0xc6,
    0x1, 0xfb, 0xa0, 0x27, 0x82, 0x38, 0x3, 0xf6,
    0xf8, 0x66, 0x87, 0x68, 0x7, 0xff, 0x27, 0xe8,
    0x3f, 0x43, 0xbc, 0x33, 0xc2, 0xbc, 0xc3, 0x7b,
    0xad, 0xee, 0xd7, 0xdd, 0x69, 0x81, 0x8, 0x8b,
    0x20, 0x44, 0xf7, 0x44, 0x24, 0x1, 0xc, 0x62,
    0x40, 0x1, 0xb0, 0x32, 0x88, 0x0, 0x9c, 0x99,
    0x42, 0x1, 0x1d, 0xd9, 0x1c, 0x0, 0x99, 0x83,
    0x0, 0xf9, 0x39, 0x40,

    /* U+5185 "内" */
    0x0, 0xff, 0xe4, 0x56, 0x0, 0x7f, 0xf0, 0x54,
    0x3, 0xc2, 0x67, 0xc2, 0x67, 0xe1, 0x5c, 0xee,
    0xc8, 0x8e, 0xed, 0x8e, 0x0, 0xcd, 0xd8, 0xe3,
    0x77, 0x1, 0x80, 0x78, 0xcc, 0x1, 0xff, 0x30,
    0x41, 0x80, 0x7f, 0xc, 0x35, 0x63, 0x80, 0x7c,
    0x38, 0x72, 0xf7, 0x14, 0x1, 0xc7, 0xe1, 0x80,
    0x4, 0xc1, 0x10, 0x6, 0x3c, 0xc0, 0x80, 0x47,
    0x62, 0x1, 0xc4, 0x20, 0x1f, 0xfc, 0x73, 0x50,
    0x11, 0x0, 0x7f, 0x75, 0x22, 0xab, 0xc4, 0x3,
    0xed, 0xfb, 0x10,

    /* U+518C "册" */
    0x0, 0x2f, 0xfe, 0x10, 0xff, 0xca, 0x1, 0xc3,
    0xb8, 0x1, 0xaf, 0x44, 0x40, 0x1e, 0x21, 0x0,
    0xce, 0x40, 0x1f, 0xfd, 0x81, 0x33, 0x1, 0x30,
    0x11, 0x1, 0x88, 0x8, 0xc1, 0x76, 0x7, 0x28,
    0x37, 0x2, 0xf0, 0x63, 0x49, 0x3a, 0xb, 0xb0,
    0x3f, 0xc1, 0xfc, 0x35, 0xc4, 0x0, 0x11, 0x0,
    0x63, 0x1, 0x0, 0xfb, 0x54, 0x3, 0x38, 0x80,
    0x7e, 0x4f, 0x0, 0xda, 0xa0, 0x1f, 0x18, 0xa0,
    0x6, 0x5c, 0x0, 0x8, 0x6, 0x83, 0x24, 0xf0,
    0x42, 0x52, 0xd0, 0x60, 0xb, 0x3c, 0x11, 0x71,
    0xa0, 0x88, 0x96, 0x40, 0x0,

    /* U+518D "再" */
    0x0, 0xff, 0xe2, 0xdf, 0xff, 0xff, 0x0, 0xc0,
    0x15, 0xdd, 0xc5, 0x1d, 0xdc, 0x60, 0x1, 0x1f,
    0x0, 0x8f, 0x80, 0x31, 0x7f, 0x74, 0x53, 0xdd,
    0x78, 0x7, 0x18, 0x6f, 0x70, 0xa7, 0xb9, 0x40,
    0x1f, 0xfc, 0xcc, 0xff, 0x14, 0xff, 0xac, 0x3,
    0xf6, 0x7f, 0x8a, 0x7f, 0xd6, 0x1, 0x84, 0x40,
    0x1f, 0xfc, 0x1, 0x13, 0x77, 0x3, 0x3f, 0xc5,
    0x3f, 0xeb, 0xf, 0xe6, 0x7f, 0xe0, 0xcf, 0xff,
    0x58, 0x7f, 0x9c, 0x3, 0xff, 0x9c, 0xbc, 0x1,
    0xe3, 0x0, 0xfb, 0x91, 0xc0, 0x38, 0xbc, 0xc0,
    0x3a, 0xfa, 0x0, 0x20,

    /* U+5197 "冗" */
    0x4, 0xee, 0xff, 0xe0, 0x10, 0x0, 0x77, 0x7f,
    0xac, 0x40, 0x31, 0x9f, 0xf3, 0x80, 0x49, 0xa0,
    0x2, 0x2e, 0x10, 0x2f, 0x20, 0x1, 0x0, 0x37,
    0x7b, 0x80, 0x3f, 0xd9, 0xdc, 0xa1, 0x0, 0xff,
    0x8, 0xe0, 0xf, 0xe2, 0x2, 0x0, 0xff, 0xe0,
    0x30, 0x80, 0x7f, 0xf0, 0x75, 0x0, 0x3f, 0xf8,
    0x4, 0xdc, 0x1, 0xf5, 0x38, 0x0, 0xf1, 0x90,
    0x3, 0xa, 0x1a, 0x78, 0x4e, 0x3c, 0x80, 0x65,
    0x49, 0xe5, 0x90, 0xbc, 0x90, 0xe, 0x1b, 0xdd,
    0x58, 0x80,

    /* U+5199 "写" */
    0x6f, 0xff, 0xfe, 0x7, 0x19, 0x76, 0xeb, 0xbb,
    0xe9, 0x33, 0x0, 0xc4, 0x88, 0xfc, 0x4c, 0xcc,
    0x1, 0x21, 0x1f, 0x12, 0x58, 0x8, 0x3b, 0x7f,
    0xfc, 0x1, 0xc3, 0x3d, 0xde, 0xd0, 0xe, 0x23,
    0x11, 0xfc, 0x1, 0x86, 0xff, 0xfd, 0xdc, 0x0,
    0xdd, 0xdf, 0xa4, 0x40, 0x8, 0x67, 0xf8, 0x0,
    0x60, 0x75, 0xdd, 0xf4, 0x87, 0x8, 0x1f, 0x6e,
    0xfd, 0x40, 0x6a, 0x1, 0xfc, 0x75, 0xa9, 0xa0,
    0x1f, 0xc6, 0x6a, 0xd4, 0x0,

    /* U+51B2 "冲" */
    0x0, 0xfe, 0x6f, 0x0, 0xe1, 0x10, 0x7, 0x8c,
    0x40, 0x3b, 0x70, 0x40, 0x3f, 0xf8, 0x1c, 0x78,
    0x2b, 0xff, 0x50, 0xff, 0xda, 0x5, 0x86, 0xe0,
    0x3d, 0xca, 0x1e, 0xe4, 0x8, 0x0, 0xbd, 0x80,
    0x2, 0x20, 0x0, 0x88, 0x3, 0x84, 0x3, 0xff,
    0x84, 0xd2, 0x1, 0xff, 0xc1, 0xb3, 0x1, 0xff,
    0x50, 0xff, 0xa0, 0x2, 0x62, 0xb0, 0x1e, 0xe4,
    0x8f, 0x71, 0xc4, 0x6, 0x1c, 0x5e, 0x44, 0x46,
    0x2, 0x2a, 0x80, 0xa0, 0x90, 0x27, 0x0, 0xf1,
    0x28, 0xbc, 0x8, 0x7, 0x84, 0x3, 0xe, 0x30,
    0x7, 0xff, 0x0,

    /* U+51B3 "决" */
    0x0, 0xfc, 0xb8, 0x1, 0xf1, 0x98, 0x3, 0xc6,
    0x1, 0xf4, 0xe9, 0x0, 0xc, 0x88, 0x4, 0x50,
    0x80, 0x54, 0x5e, 0x29, 0xb9, 0x21, 0x98, 0xd4,
    0x0, 0xda, 0x8, 0x8e, 0xe5, 0x8f, 0x70, 0x40,
    0x38, 0x75, 0x40, 0x31, 0x80, 0x7f, 0x10, 0x6,
    0x30, 0xf, 0xf7, 0x46, 0xff, 0xa4, 0xbf, 0xc3,
    0x5e, 0x20, 0x4, 0x3a, 0xfd, 0xe3, 0x7, 0xee,
    0xb4, 0x40, 0x10, 0xc4, 0x58, 0xdd, 0x80, 0x44,
    0x40, 0x7, 0x38, 0x0, 0xb9, 0x60, 0xe8, 0x3,
    0xa5, 0x84, 0x1, 0x67, 0x61, 0xc9, 0x64, 0x1,
    0x7c, 0x1, 0x62, 0xe8, 0x81, 0xda, 0xed, 0x10,
    0x8, 0xd8, 0x38, 0x60, 0x12, 0x62, 0xb1, 0x0,
    0x43, 0x9a, 0x40, 0x1c, 0x55, 0x80,

    /* U+51B5 "况" */
    0x0, 0xff, 0xe2, 0xae, 0x88, 0x17, 0xff, 0xcc,
    0x1, 0x20, 0x50, 0x5, 0xbf, 0xf8, 0x40, 0x30,
    0xf2, 0x28, 0x7, 0xff, 0x4, 0xf1, 0x40, 0x3f,
    0xf8, 0x46, 0x1, 0xff, 0xc7, 0xdf, 0xfc, 0x20,
    0x1e, 0x6d, 0x2f, 0x66, 0x78, 0xdf, 0xb0, 0x7,
    0x45, 0x0, 0xc, 0x40, 0x3f, 0xa0, 0x1c, 0x0,
    0xfa, 0x1, 0xf8, 0x9e, 0xc0, 0x8, 0x48, 0x1,
    0xfb, 0x8d, 0x40, 0x65, 0x84, 0x3, 0x26, 0x88,
    0x37, 0x81, 0xe0, 0xc8, 0x4, 0x63, 0x86, 0x21,
    0x46, 0xf8, 0xfa, 0x1, 0x34, 0xf3, 0x58, 0x6,
    0x7b, 0xa1, 0x0, 0xa3, 0xbf, 0x94, 0x0,

    /* U+51C6 "准" */
    0x0, 0xf0, 0xc9, 0x1d, 0x0, 0x79, 0xc8, 0x2,
    0x76, 0x32, 0x7a, 0x0, 0xed, 0xc2, 0x0, 0x52,
    0x0, 0x27, 0x4, 0x84, 0x1, 0x49, 0x82, 0x86,
    0xbf, 0xeb, 0x8f, 0xcb, 0x0, 0xa9, 0x86, 0x2,
    0x3b, 0x81, 0x7d, 0xca, 0x0, 0xd0, 0xe6, 0x2,
    0x30, 0x18, 0x90, 0x7, 0x86, 0x6, 0x7f, 0xc1,
    0x1f, 0x86, 0x1, 0x9d, 0x9c, 0x23, 0xb8, 0x17,
    0xdc, 0x30, 0x9, 0x64, 0x3, 0xff, 0x85, 0x2c,
    0x1, 0x4f, 0xf8, 0x2b, 0xfc, 0x60, 0x3, 0x35,
    0x0, 0x53, 0xfe, 0xa, 0xff, 0x18, 0x3, 0xd0,
    0x80, 0x3f, 0xf8, 0x2, 0x5c, 0x1, 0xa7, 0xfc,
    0x15, 0xff, 0x10, 0xfa, 0x80, 0x68, 0xdd, 0xf6,
    0x10, 0x8, 0x7, 0x9, 0x17, 0x8c, 0x0,

    /* U+51CF "减" */
    0x0, 0xff, 0xe6, 0xa7, 0x8e, 0x90, 0x7, 0xff,
    0x4, 0x5f, 0xc0, 0x2c, 0x40, 0x11, 0xe0, 0x11,
    0x45, 0x8, 0x1, 0xe4, 0x3f, 0xfa, 0x87, 0xf2,
    0x60, 0x1, 0x24, 0xe7, 0xbd, 0xd7, 0x87, 0x75,
    0x20, 0x2, 0xb6, 0x7, 0xff, 0x9c, 0x4, 0x30,
    0xc0, 0x24, 0x10, 0x7f, 0xf9, 0x80, 0xd0, 0xc8,
    0x2, 0x58, 0x30, 0xef, 0xf3, 0x13, 0x6a, 0x88,
    0x5, 0x22, 0x3b, 0x94, 0x1f, 0x5a, 0x40, 0x22,
    0x3a, 0x0, 0xf6, 0x31, 0x98, 0x2, 0x85, 0x0,
    0x10, 0x10, 0x82, 0x84, 0x80, 0x46, 0xb0, 0x84,
    0x9, 0x0, 0x7e, 0x18, 0x4, 0x2, 0xe5, 0x68,
    0x17, 0x77, 0xe, 0x31, 0xcc, 0x14, 0x29, 0xd0,
    0x0, 0xb5, 0xb0, 0xe7, 0x12, 0x40, 0xe, 0xe3,
    0x0, 0x15, 0x60, 0x83, 0x55, 0x4,

    /* U+51FA "出" */
    0x0, 0xf7, 0xa8, 0x7, 0x84, 0x40, 0x10, 0x88,
    0x2, 0x10, 0x4, 0x58, 0x7, 0xee, 0x40, 0x1,
    0x80, 0x7e, 0x10, 0xf, 0xfe, 0x21, 0x91, 0x40,
    0x45, 0x80, 0x21, 0x4c, 0xc8, 0x63, 0x32, 0x0,
    0xa7, 0xbb, 0xd, 0x77, 0x64, 0x47, 0x0, 0x7f,
    0x36, 0x80, 0x7f, 0xc6, 0x1, 0xff, 0xd1, 0xcc,
    0xc3, 0x39, 0x94, 0x2, 0xdc, 0x46, 0xb9, 0x88,
    0x94, 0x5, 0x13, 0xfd, 0xa0,

    /* U+51FB "击" */
    0x0, 0xfb, 0x98, 0x3, 0xff, 0x84, 0x66, 0x0,
    0xfe, 0x32, 0x11, 0x80, 0xc4, 0x62, 0x10, 0xd,
    0x9b, 0xdd, 0x14, 0xf7, 0x5b, 0x0, 0x1b, 0xff,
    0x8a, 0xbf, 0xf4, 0x80, 0x7f, 0xf1, 0x8d, 0x13,
    0xc7, 0xa8, 0x9e, 0x4, 0xff, 0xf0, 0xaf, 0xff,
    0x85, 0xee, 0xfc, 0x51, 0x77, 0xe1, 0x0, 0x2f,
    0x0, 0x7e, 0xf5, 0x0, 0xe1, 0x0, 0xff, 0xea,
    0x22, 0x47, 0xa8, 0x90, 0x7, 0x85, 0x3f, 0xe5,
    0x3f, 0xf8, 0x3, 0x0,

    /* U+51FD "函" */
    0x0, 0xff, 0xe1, 0xbf, 0xff, 0xfa, 0x80, 0xf,
    0xdd, 0xf3, 0x82, 0xc8, 0x4, 0x23, 0x82, 0x3c,
    0xb6, 0x8c, 0x3, 0x50, 0x82, 0xb6, 0x53, 0x0,
    0x64, 0x3, 0xf3, 0x71, 0x27, 0xb3, 0x40, 0x3b,
    0x9, 0x92, 0x80, 0xe, 0xb4, 0xac, 0xc0, 0x33,
    0xb0, 0x0, 0xb0, 0x84, 0x3, 0xcf, 0x80, 0x9,
    0xd1, 0x0, 0xe4, 0xdc, 0xe0, 0x4, 0x3e, 0x8,
    0x6, 0x6b, 0xb0, 0x58, 0x2, 0xdc, 0xc0, 0x31,
    0x30, 0x73, 0xc8, 0x2, 0x88, 0x3, 0x22, 0x55,
    0x66, 0x89, 0x80, 0x2, 0x71, 0x15, 0x44, 0x78,
    0x0, 0x59, 0x9f, 0xf0, 0x0,

    /* U+5206 "分" */
    0x0, 0xff, 0xe3, 0xb9, 0x80, 0xe9, 0x0, 0x7e,
    0x28, 0x50, 0x11, 0x40, 0x7, 0xeb, 0x26, 0x0,
    0x7a, 0xa8, 0x3, 0xc6, 0xd0, 0x1, 0x1b, 0x51,
    0x0, 0x77, 0x2a, 0x80, 0x34, 0x9e, 0xa0, 0x5,
    0x67, 0x60, 0x1e, 0xc4, 0xb9, 0x1a, 0x49, 0xef,
    0xff, 0xb1, 0xd0, 0x23, 0x1a, 0xec, 0x11, 0x99,
    0x8, 0xa3, 0x44, 0x8c, 0x51, 0x81, 0x4c, 0xe1,
    0x20, 0xf, 0x90, 0x48, 0x0, 0x20, 0xc0, 0x1f,
    0x5b, 0x80, 0x44, 0x4, 0x1, 0xeb, 0x38, 0x0,
    0x98, 0x3, 0xc9, 0x8b, 0x82, 0x6, 0xf0, 0x80,
    0x18, 0xed, 0xfc, 0x80, 0x29, 0x69, 0x0, 0xc7,
    0xd6, 0x20, 0x11, 0xf5, 0x90, 0x6,

    /* U+5207 "切" */
    0x0, 0xf, 0x88, 0xa, 0x19, 0xf8, 0x40, 0x3c,
    0x93, 0xf9, 0xbf, 0xed, 0x90, 0xf, 0x2e, 0xe1,
    0xce, 0x61, 0x7c, 0x3, 0x88, 0xc0, 0x3c, 0xe2,
    0x57, 0x81, 0xd9, 0x40, 0x1, 0x10, 0x6, 0x3c,
    0x80, 0xee, 0x48, 0x0, 0xcc, 0x0, 0x13, 0x17,
    0x40, 0xf, 0xb, 0x80, 0xc, 0x40, 0x3f, 0x20,
    0x10, 0x0, 0x40, 0x3c, 0xd8, 0x1c, 0xa0, 0x19,
    0xc0, 0x35, 0x44, 0x92, 0xf0, 0x6, 0x10, 0x3,
    0x0, 0xfa, 0xc9, 0xa0, 0x0, 0x40, 0xc0, 0xd,
    0x34, 0x34, 0xba, 0x0, 0x16, 0x1, 0x0, 0xb,
    0x6, 0x26, 0x88, 0x2f, 0x42, 0x0, 0x7a, 0x34,
    0xc0, 0xb, 0x39, 0x60,

    /* U+5217 "列" */
    0x1f, 0xff, 0xd0, 0x1, 0x37, 0x80, 0xff, 0xb0,
    0x33, 0xfe, 0x87, 0x90, 0x30, 0xe, 0x50, 0x30,
    0xd, 0xaa, 0x0, 0x10, 0xd, 0x41, 0x55, 0x28,
    0x18, 0x7, 0xc4, 0x6f, 0xfe, 0x43, 0x0, 0xfe,
    0x92, 0x85, 0x50, 0xa8, 0x7, 0xe6, 0x4b, 0x70,
    0x40, 0x30, 0xf, 0xd6, 0xaa, 0x9b, 0xe4, 0x0,
    0xfe, 0xca, 0x3c, 0x65, 0xe0, 0x1, 0x80, 0x78,
    0x40, 0x4, 0xc4, 0xa0, 0x1f, 0xfc, 0x9, 0x4e,
    0x0, 0xab, 0x0, 0x3c, 0x58, 0xd6, 0x60, 0x1e,
    0x30, 0x9, 0xf4, 0xb1, 0x0, 0x38, 0x7a, 0x48,
    0x0, 0xcf, 0xc6, 0x1, 0xe1, 0x99, 0x68, 0x0,

    /* U+5219 "则" */
    0x0, 0xff, 0xe0, 0xfa, 0x83, 0x7f, 0xf9, 0x40,
    0x40, 0x2, 0x1, 0xf, 0x76, 0x10, 0x7, 0xb0,
    0x7, 0x86, 0x10, 0x40, 0x23, 0x0, 0xfc, 0xfa,
    0x1, 0xff, 0xc1, 0x3e, 0x0, 0xff, 0xe8, 0x19,
    0x80, 0x3f, 0xf8, 0x22, 0x20, 0xf, 0xf8, 0xcc,
    0xa, 0x4, 0x0, 0x30, 0xe, 0x6d, 0xa3, 0x2,
    0xc5, 0x0, 0xfc, 0x6d, 0x2d, 0xac, 0x0, 0xe6,
    0x0, 0xc9, 0xa8, 0xaf, 0x32, 0x80, 0xc, 0x20,
    0x34, 0xb6, 0x0, 0x6b, 0xb0, 0x1, 0xb4, 0x18,
    0x7e, 0xc0, 0x32, 0x18, 0x1, 0x11, 0x46,

    /* U+521A "刚" */
    0x0, 0xff, 0xe0, 0x72, 0xf7, 0xff, 0xc0, 0x18,
    0xc4, 0xeb, 0xff, 0x68, 0x3, 0x58, 0x3, 0xf4,
    0x30, 0x4, 0x60, 0x18, 0xf8, 0xcc, 0xe0, 0x1f,
    0xc7, 0x1d, 0x6c, 0xc0, 0xf, 0xe6, 0x17, 0xb0,
    0xf, 0xf9, 0x80, 0x3f, 0xf8, 0x4, 0xad, 0x20,
    0x1f, 0xc7, 0xf1, 0x4, 0x40, 0x7, 0xee, 0x77,
    0xd, 0x28, 0x4, 0x60, 0x1b, 0x68, 0x0, 0xa2,
    0x0, 0xd6, 0x0, 0xfc, 0x4e, 0x1, 0xc6, 0x6,
    0x1, 0xaa, 0x86, 0x0, 0x7f, 0x16, 0xc5, 0x0,
    0xa7, 0x70, 0x0, 0xb5, 0xc4,

    /* U+521B "创" */
    0x0, 0xe2, 0x0, 0xff, 0xe0, 0xae, 0x90, 0x7,
    0xb9, 0x0, 0x34, 0x5, 0x80, 0x7f, 0xd2, 0x78,
    0xba, 0x41, 0x44, 0x6, 0x1, 0x2b, 0x51, 0xe3,
    0x61, 0x28, 0x80, 0x65, 0xa9, 0x40, 0x5, 0xa1,
    0x80, 0x80, 0x43, 0x69, 0x1d, 0xda, 0x84, 0x3,
    0x87, 0xe0, 0x77, 0x50, 0x20, 0x1f, 0x84, 0x4,
    0xcc, 0xa0, 0x1f, 0xfc, 0x27, 0x0, 0xff, 0xe0,
    0xc4, 0x98, 0x7, 0xff, 0x5, 0x38, 0x4, 0x4,
    0x3, 0xf4, 0x49, 0x49, 0xf9, 0x80, 0x78, 0x48,
    0x44, 0x6c, 0xc0, 0x8, 0xc0, 0x23, 0x2d, 0xee,
    0x62, 0x20, 0x13, 0xc5, 0x40, 0x2d, 0xff, 0xd6,
    0x0, 0x49, 0xd1,

    /* U+521D "初" */
    0x0, 0xc2, 0x1, 0xff, 0xc1, 0x5f, 0x0, 0xff,
    0xe0, 0xa8, 0x38, 0x56, 0x67, 0xa0, 0x3, 0x63,
    0x87, 0xd2, 0x1c, 0xc9, 0xc8, 0x1b, 0xfd, 0xbe,
    0xea, 0xd8, 0x2a, 0xa2, 0x30, 0x7c, 0xd9, 0x6,
    0x0, 0x9, 0x80, 0xc, 0x40, 0x4c, 0xa9, 0xc4,
    0x40, 0x62, 0x0, 0x1f, 0x0, 0x98, 0xea, 0x74,
    0x5, 0xc0, 0xe, 0x1, 0x1c, 0x87, 0xbf, 0x7,
    0x18, 0x4, 0x20, 0x98, 0x62, 0x4, 0x40, 0x5e,
    0x0, 0x9, 0x8d, 0xb4, 0x6, 0x14, 0x9, 0xa8,
    0x0, 0xc4, 0x59, 0x20, 0x1, 0xd8, 0x61, 0x30,
    0x0, 0x80, 0xc, 0x3, 0x18, 0x4c, 0x80, 0x33,
    0x80, 0x7d, 0x40, 0xe0, 0x2, 0x1, 0x0, 0xf3,
    0xad, 0x0, 0xe6, 0x4, 0x80, 0x21, 0x10, 0x74,
    0x20, 0xb, 0xa6, 0x80,

    /* U+5220 "删" */
    0x0, 0xff, 0xe0, 0xa7, 0x80, 0x3f, 0xe4, 0x47,
    0xfc, 0x6, 0x2e, 0x20, 0x17, 0x13, 0x81, 0x70,
    0x3, 0x50, 0x3, 0xf3, 0x80, 0x63, 0x10, 0xf,
    0xfe, 0x30, 0x80, 0x4e, 0xe0, 0x8, 0x40, 0x31,
    0xf0, 0x71, 0x5d, 0x8b, 0x83, 0x0, 0x31, 0xf8,
    0x79, 0x66, 0xb, 0x83, 0x40, 0x38, 0x40, 0x3f,
    0xf8, 0x46, 0x1, 0x9c, 0x40, 0x3f, 0x31, 0x0,
    0x42, 0xe0, 0x18, 0x40, 0x23, 0x70, 0xb, 0x44,
    0x2, 0xd5, 0x0, 0xaf, 0xc0, 0x25, 0xd0, 0xf,
    0x90, 0xd6, 0x89, 0x9, 0x60, 0x2, 0x98, 0x34,
    0xb0, 0xeb, 0x7f, 0x2e, 0xb0, 0x0, 0x8b, 0x80,

    /* U+5224 "判" */
    0x0, 0xff, 0xe0, 0x88, 0x7, 0x7b, 0x0, 0x7d,
    0xc8, 0xe, 0x20, 0x26, 0xe, 0x60, 0x1c, 0xe1,
    0x50, 0x6, 0x3, 0xe, 0x38, 0x20, 0x1a, 0xd0,
    0x2, 0x75, 0x40, 0x30, 0xe, 0x7c, 0x0, 0x1b,
    0x58, 0x7, 0xee, 0xe7, 0x94, 0xff, 0x8, 0x7,
    0xdf, 0xf1, 0x57, 0xf8, 0x40, 0x3f, 0xf9, 0x31,
    0xdb, 0xa2, 0xbd, 0xe9, 0x0, 0xf4, 0xe7, 0xf0,
    0x57, 0xe4, 0x0, 0x78, 0x48, 0x8c, 0x28, 0x44,
    0x13, 0x3, 0x0, 0xf4, 0x30, 0x6, 0x2f, 0x20,
    0xe, 0xb0, 0x80, 0xf, 0xf1, 0xf3, 0x60, 0x7,
    0xd5, 0xc0, 0x47, 0x7a, 0x20, 0x1f, 0x4c, 0x68,
    0x80,

    /* U+5230 "到" */
    0x0, 0xff, 0xe0, 0xfb, 0x7, 0x7f, 0xfc, 0x20,
    0x10, 0x80, 0x3f, 0xb0, 0x6f, 0xba, 0x1e, 0x50,
    0x1, 0x80, 0x8a, 0x4d, 0x5e, 0x4, 0x0, 0x20,
    0x1c, 0xc9, 0x82, 0x4c, 0x80, 0x1f, 0x54, 0xa3,
    0x46, 0x8d, 0x8, 0x7, 0x8c, 0xc1, 0x4b, 0xd6,
    0x44, 0x0, 0xf4, 0xe5, 0x3b, 0x3a, 0xe1, 0x80,
    0x78, 0xd5, 0x42, 0xea, 0xa4, 0x0, 0xf9, 0x3b,
    0xd4, 0xbf, 0xb0, 0x3, 0xe7, 0xba, 0x45, 0xab,
    0x80, 0x10, 0xf, 0xf1, 0x23, 0x96, 0xa0, 0x4,
    0x33, 0x78, 0xa9, 0xb3, 0x80, 0x40, 0x1, 0x1,
    0x51, 0xbb, 0x6f, 0xed, 0x90, 0x57, 0x3, 0x6,
    0x53, 0xa1, 0x0, 0x77, 0xce, 0x18,

    /* U+5236 "制" */
    0x0, 0xde, 0xe0, 0x1f, 0x6a, 0x84, 0x58, 0x8,
    0x80, 0x3e, 0x30, 0x2, 0xbb, 0xe, 0x33, 0x41,
    0x88, 0x1, 0x21, 0x2f, 0x83, 0x7f, 0xc0, 0x40,
    0x1c, 0xf3, 0x21, 0xa9, 0x98, 0x3, 0xc4, 0x33,
    0x21, 0xd9, 0x98, 0x80, 0x38, 0xbf, 0xe0, 0x1f,
    0xf8, 0xc0, 0x39, 0x19, 0xa1, 0xc6, 0x68, 0x40,
    0x3d, 0xbd, 0xc1, 0x8e, 0xe8, 0x3, 0xe3, 0x8f,
    0x19, 0xfb, 0x10, 0x10, 0xf, 0x18, 0x80, 0x8c,
    0x1, 0xff, 0xc1, 0x3e, 0x0, 0x7a, 0x0, 0x61,
    0x0, 0xcc, 0x8e, 0x1, 0x8, 0xc1, 0xea, 0x2,
    0xb, 0xd0, 0x0, 0x8f, 0x55, 0x0, 0x6f, 0x60,
    0xe, 0x8e, 0xa1,

    /* U+5237 "刷" */
    0x0, 0xff, 0xe0, 0xea, 0x0, 0x3b, 0xff, 0xc6,
    0x8, 0x0, 0x70, 0x1, 0xdf, 0xfe, 0x10, 0x2b,
    0x0, 0xf1, 0xaa, 0xe1, 0x0, 0x8, 0x7, 0x1e,
    0x7f, 0xe5, 0x10, 0xf, 0x86, 0x6a, 0xc2, 0xa8,
    0x40, 0x1f, 0x8c, 0x0, 0xa0, 0x1f, 0xc4, 0x13,
    0xfc, 0x1f, 0xe8, 0x0, 0xf3, 0x90, 0x37, 0x7,
    0xaf, 0x80, 0x78, 0x9c, 0x3, 0xff, 0x83, 0x7a,
    0x1, 0xf8, 0x40, 0x23, 0x32, 0x80, 0x61, 0x60,
    0x2c, 0x0, 0x98, 0xc8, 0x40, 0x27, 0x14, 0x3,
    0x0, 0x97, 0x2, 0xec, 0x60, 0xda, 0x60, 0x58,
    0x40, 0x18, 0x88, 0x0, 0x10, 0x8, 0x9d, 0xc6,

    /* U+523B "刻" */
    0x0, 0xc2, 0x80, 0x1f, 0xfc, 0x28, 0xa0, 0xf,
    0x87, 0xd4, 0x3, 0x58, 0xa0, 0x7, 0x84, 0x4,
    0xae, 0xa9, 0x9, 0xd5, 0x70, 0x50, 0x20, 0x11,
    0xe6, 0x35, 0x73, 0x38, 0x5c, 0x3, 0xb, 0xb7,
    0xa, 0x32, 0xba, 0x0, 0x7e, 0x77, 0x61, 0xae,
    0x18, 0x7, 0xe7, 0x84, 0xba, 0xa4, 0x18, 0x7,
    0xe3, 0x42, 0xe5, 0x77, 0x40, 0x80, 0x7c, 0x97,
    0x69, 0x78, 0x83, 0xa8, 0x7, 0xe7, 0xc9, 0x85,
    0x7a, 0x40, 0xf, 0xb2, 0x29, 0xd6, 0x8d, 0x41,
    0xc0, 0xc0, 0x37, 0xea, 0xcd, 0x40, 0xe0, 0xa7,
    0x90, 0x6, 0x36, 0xd4, 0xc7, 0xc1, 0xc0, 0x8,
    0x80, 0x29, 0xb5, 0xd3, 0x1, 0xf9, 0x0, 0x56,
    0x82, 0x85, 0xe4, 0x0, 0x62, 0x40, 0x4, 0xd7,
    0x8,

    /* U+524D "前" */
    0x0, 0xe4, 0x0, 0xe4, 0x0, 0xfc, 0x56, 0xc0,
    0x12, 0x59, 0x80, 0x7c, 0x51, 0x80, 0x17, 0xb1,
    0x80, 0x45, 0xb9, 0x95, 0xb6, 0x64, 0x88, 0xcc,
    0xa0, 0xa7, 0xff, 0xf6, 0x77, 0xfa, 0x2c, 0x11,
    0x91, 0x38, 0x8c, 0xe1, 0x84, 0x30, 0x7, 0x58,
    0x3, 0xe0, 0xd3, 0x40, 0x8, 0x1, 0x85, 0x1d,
    0xd2, 0x6, 0x6, 0x1, 0xf9, 0xb7, 0x58, 0x1,
    0xff, 0xc0, 0x7c, 0xc7, 0x80, 0x7f, 0xf0, 0x9,
    0x12, 0x0, 0xff, 0xe0, 0x3e, 0x64, 0x0, 0x10,
    0xf, 0xe4, 0x99, 0x58, 0x1, 0x2c, 0x3, 0xff,
    0x84, 0x2a, 0x1, 0xfe, 0x5a, 0x0, 0xcf, 0xc0,
    0x1c, 0x20, 0x6, 0x77, 0x8, 0x0, 0x82, 0x40,
    0x0,

    /* U+529B "力" */
    0x0, 0xe2, 0xd3, 0x0, 0xff, 0xe0, 0x10, 0x7,
    0xff, 0x24, 0x50, 0xce, 0x70, 0x53, 0x3e, 0x25,
    0xad, 0xda, 0xc2, 0x37, 0x76, 0x52, 0x77, 0x6a,
    0xf, 0xee, 0xc1, 0xc0, 0x1c, 0x40, 0x20, 0x1c,
    0x60, 0x1d, 0xe4, 0x1, 0x84, 0x4, 0x3, 0x91,
    0x0, 0x18, 0xc1, 0xc0, 0x32, 0x15, 0x0, 0x61,
    0x1, 0x0, 0xd2, 0x86, 0x1, 0x9c, 0xc, 0x2,
    0xb2, 0x90, 0xe, 0x20, 0x10, 0x2c, 0x4b, 0x20,
    0x0, 0x92, 0x59, 0x3, 0xe9, 0x62, 0x0, 0x45,
    0xb6, 0x50, 0xc, 0xfe, 0x60, 0x18, 0xe6, 0xfd,
    0x40,

    /* U+529F "功" */
    0x0, 0xfe, 0x5b, 0x0, 0xff, 0xe1, 0xa8, 0x7,
    0xa3, 0x33, 0x80, 0x23, 0x0, 0xf5, 0xc2, 0x14,
    0x49, 0x98, 0x8c, 0xf8, 0x0, 0x69, 0xa0, 0x8b,
    0x1d, 0x23, 0xdc, 0xdc, 0x10, 0xf, 0xaf, 0x60,
    0xf7, 0x60, 0x10, 0xf, 0xe1, 0x70, 0x3, 0x80,
    0x7f, 0xde, 0x40, 0x1, 0x10, 0x7, 0xf8, 0xf8,
    0x0, 0x66, 0x0, 0xf0, 0xa9, 0x8a, 0x20, 0x0,
    0x22, 0x0, 0x23, 0xc8, 0xf4, 0xbc, 0x91, 0x80,
    0x39, 0xc0, 0x11, 0x4b, 0x7f, 0x8c, 0xf2, 0x1,
    0x18, 0x80, 0x33, 0x65, 0x0, 0xbd, 0x50, 0xd,
    0x11, 0xa0, 0x1e, 0x3d, 0x6a, 0x0, 0x75, 0xab,
    0x0, 0x78, 0xe6, 0xc0, 0x2c, 0xfb, 0x10,

    /* U+52A0 "加" */
    0x0, 0x8f, 0x4c, 0x3, 0xff, 0x82, 0x44, 0x0,
    0xff, 0xe1, 0x8, 0x5, 0x13, 0x38, 0x82, 0x7b,
    0x43, 0x76, 0x46, 0x31, 0x13, 0x8, 0x5e, 0xc8,
    0xf7, 0xc, 0x1, 0xd1, 0x0, 0x8, 0x8c, 0x4c,
    0xe1, 0x73, 0x0, 0xfc, 0x22, 0x0, 0x84, 0x3,
    0xfb, 0x94, 0x4, 0xc, 0x3, 0xf9, 0x78, 0x2,
    0x10, 0xf, 0xe3, 0x40, 0x30, 0xf, 0xf2, 0x89,
    0x80, 0x88, 0x3, 0xfa, 0x18, 0x0, 0xe6, 0x0,
    0xbf, 0xf0, 0x4, 0xe5, 0x22, 0xf0, 0xc0, 0x71,
    0x76, 0x0, 0xc, 0xc0, 0x8a, 0x9e, 0x40, 0x6,
    0x88, 0x20, 0x1f, 0x70, 0x6, 0xd9, 0x7, 0x20,
    0x3, 0x4c,

    /* U+52A1 "务" */
    0x0, 0xe8, 0x60, 0xf, 0xfe, 0x9, 0x3f, 0x91,
    0x78, 0x3, 0xee, 0x4, 0xee, 0xbf, 0x60, 0x3,
    0xd6, 0x28, 0xd9, 0x90, 0x95, 0x0, 0x76, 0xb6,
    0x53, 0x50, 0xd8, 0xe0, 0x7, 0xbf, 0x44, 0x58,
    0x9c, 0x1a, 0x20, 0x1e, 0x21, 0x49, 0xf3, 0x64,
    0xb6, 0x42, 0x10, 0x6, 0x77, 0x28, 0x35, 0xeb,
    0xb7, 0x57, 0xbe, 0x0, 0x8b, 0xee, 0x49, 0x28,
    0xb, 0x5f, 0xee, 0x0, 0x10, 0xbb, 0xfd, 0xc1,
    0x9f, 0xf8, 0x8, 0x2, 0x7f, 0xf9, 0xcf, 0xfe,
    0xc0, 0x30, 0xf, 0x8d, 0xe4, 0x2, 0x70, 0x10,
    0xf, 0x3e, 0x2a, 0x80, 0x23, 0x10, 0xc, 0x95,
    0xf5, 0x34, 0x0, 0xae, 0x87, 0x0, 0xca, 0x37,
    0xac, 0x1, 0x4c, 0x64, 0x80, 0x40,

    /* U+52A8 "动" */
    0x0, 0xff, 0x3a, 0x80, 0x7f, 0xf0, 0xb3, 0x0,
    0x1c, 0xbb, 0xbb, 0x90, 0x2, 0xe0, 0xe, 0x49,
    0xee, 0xa9, 0x88, 0x81, 0xc4, 0x50, 0x0, 0x50,
    0xce, 0x44, 0x6e, 0x23, 0x66, 0x34, 0x85, 0x13,
    0xc5, 0xfc, 0x91, 0xde, 0x4, 0x4f, 0xf5, 0x53,
    0xfe, 0x0, 0x38, 0x81, 0x80, 0xe, 0xec, 0x77,
    0x78, 0x0, 0x44, 0x1, 0x0, 0xc6, 0x65, 0x48,
    0x0, 0x85, 0x81, 0xc4, 0x2, 0x96, 0x6, 0x73,
    0x3, 0x2, 0x0, 0xe3, 0x59, 0x16, 0x2f, 0xb,
    0x40, 0x0, 0x98, 0x3, 0x83, 0xb9, 0xe, 0x6a,
    0xdc, 0x0, 0x31, 0x0, 0x4d, 0x6f, 0xe5, 0x53,
    0x89, 0x40, 0x1c, 0xe0, 0x4, 0x52, 0x0, 0xbd,
    0x38, 0x22, 0xdf, 0x0, 0x3f, 0x1d, 0x90, 0x69,
    0xdb, 0x80,

    /* U+52A9 "助" */
    0x0, 0xff, 0xe6, 0xf, 0xb0, 0x6, 0x2e, 0xee,
    0x0, 0xc6, 0x1, 0xc3, 0x9f, 0x2, 0x1, 0x84,
    0x3, 0xc6, 0x26, 0x0, 0x89, 0xe, 0x88, 0x20,
    0x4, 0x62, 0x60, 0x3, 0x30, 0x31, 0xb6, 0x0,
    0x5f, 0x90, 0x0, 0xba, 0xf, 0xb2, 0xf0, 0xb,
    0x36, 0xc0, 0x23, 0x2, 0x1, 0x10, 0x7, 0xf3,
    0x0, 0x80, 0xc, 0x2, 0xef, 0xa0, 0x8, 0xc8,
    0x0, 0x62, 0x1, 0x77, 0xd0, 0x5, 0xae, 0x0,
    0x17, 0x0, 0xf8, 0x81, 0x7c, 0x2, 0x10, 0x9,
    0xa6, 0x2, 0x1c, 0x54, 0x4, 0xc, 0xda, 0x14,
    0x33, 0xfd, 0x16, 0xf, 0x60, 0x27, 0x1d, 0xb0,
    0x83, 0x2a, 0xa0, 0xd7, 0x90, 0x3, 0x88, 0x4,
    0x3b, 0x40, 0xa, 0xd6, 0x0,

    /* U+52FF "勿" */
    0x0, 0xca, 0xe0, 0x1f, 0xfc, 0x19, 0xe0, 0xf,
    0xfe, 0x2, 0x1d, 0x11, 0x7e, 0x10, 0xa, 0x43,
    0x37, 0x7f, 0x40, 0x2, 0x43, 0xbd, 0x5b, 0xf0,
    0x3f, 0xc7, 0xc1, 0xd, 0xc2, 0xb, 0x40, 0xa4,
    0x0, 0x21, 0x1, 0xb3, 0x9, 0x43, 0xc, 0x40,
    0x0, 0x90, 0x4a, 0x3, 0x32, 0x40, 0xb, 0xa0,
    0x20, 0xc0, 0x14, 0xc6, 0x10, 0x41, 0x20, 0x10,
    0x18, 0x17, 0x17, 0x98, 0x1b, 0xc8, 0x1, 0x80,
    0x40, 0xbe, 0xc4, 0xb, 0x5d, 0x0, 0x6, 0x40,
    0x10, 0x80, 0x13, 0x1e, 0x0, 0x2e, 0x60, 0xc,
    0x55, 0x73, 0x20, 0x17, 0x73, 0x10, 0x6, 0x33,
    0x6b, 0x80, 0x6, 0xe5, 0x6c, 0x0,

    /* U+5300 "匀" */
    0x0, 0xff, 0xe2, 0x9f, 0x10, 0x7, 0xfd, 0x4a,
    0x40, 0x1f, 0xe2, 0x65, 0xdd, 0xfc, 0x80, 0x9,
    0x4d, 0xee, 0xf8, 0x9c, 0x19, 0x24, 0xcf, 0xf0,
    0xa, 0x4c, 0x89, 0xf9, 0xc0, 0x30, 0x81, 0x99,
    0x58, 0x1e, 0x2b, 0x94, 0x0, 0x60, 0x2f, 0x40,
    0x13, 0x6c, 0xb0, 0x0, 0x40, 0x3f, 0x9d, 0xd2,
    0xe, 0x20, 0x1e, 0x38, 0xea, 0x0, 0x9, 0x80,
    0x4b, 0x5d, 0xa3, 0xbd, 0x20, 0x62, 0x1, 0x58,
    0xdf, 0x49, 0x80, 0x42, 0xe0, 0x17, 0x5a, 0x80,
    0x64, 0x45, 0x10, 0x7, 0xfb, 0xec, 0x28, 0x3,
    0xfd, 0x5d, 0xa6, 0x0,

    /* U+5305 "包" */
    0x0, 0xff, 0xe4, 0x47, 0x8, 0x7, 0xff, 0x0,
    0x59, 0xc4, 0x3, 0xff, 0x81, 0x2, 0xdf, 0xff,
    0x38, 0x6, 0x56, 0xbf, 0xff, 0x88, 0x40, 0x23,
    0xa5, 0x50, 0x8e, 0x0, 0x8c, 0xc0, 0x3, 0xc5,
    0x4e, 0xee, 0xf0, 0xf, 0x1d, 0x50, 0x2b, 0xfe,
    0xa1, 0x0, 0x8, 0x80, 0x25, 0x0, 0xff, 0xe3,
    0x5e, 0xed, 0x62, 0x1, 0x38, 0x7, 0xa7, 0xba,
    0xdc, 0x15, 0x1, 0x0, 0xf1, 0x19, 0xf7, 0x52,
    0x10, 0x80, 0x7f, 0xd9, 0xd6, 0x9c, 0x60, 0x11,
    0xf1, 0x90, 0x88, 0x8, 0xe, 0x4, 0xc0, 0x29,
    0x7d, 0xce, 0xe7, 0xfd, 0xc1, 0x40, 0x19, 0x33,
    0xb9, 0xff, 0x77, 0x37, 0x10, 0x0,

    /* U+5316 "化" */
    0x0, 0xff, 0xe3, 0xf3, 0x0, 0x3d, 0x40, 0x3f,
    0x28, 0xb8, 0x0, 0x40, 0x30, 0x80, 0x68, 0x71,
    0x0, 0xf3, 0x78, 0x80, 0x1c, 0xb4, 0x3, 0xc9,
    0x32, 0x10, 0x38, 0x0, 0xf9, 0x6e, 0x1c, 0xb,
    0x5c, 0x80, 0x3b, 0xaa, 0x5c, 0x0, 0x6d, 0x0,
    0x18, 0x44, 0xb8, 0xc0, 0x10, 0xc0, 0x6, 0x4f,
    0xb, 0x30, 0xf, 0xeb, 0xb4, 0x8, 0x7, 0xfd,
    0xba, 0x60, 0xf, 0xfe, 0x3, 0x10, 0x7, 0xa2,
    0x0, 0x1f, 0xd8, 0x45, 0x29, 0x80, 0x46, 0x60,
    0x9, 0x99, 0xbb, 0x1c, 0x0,

    /* U+5339 "匹" */
    0x0, 0xff, 0xe1, 0x17, 0xff, 0xff, 0x1, 0xcc,
    0x37, 0xb8, 0x71, 0xd4, 0x1d, 0xcd, 0x60, 0x1,
    0x88, 0x80, 0x46, 0x1, 0x11, 0x8, 0x7, 0xff,
    0x1c, 0x4c, 0x3, 0xff, 0x80, 0x4c, 0x1, 0xff,
    0x20, 0x18, 0x7, 0x19, 0x80, 0x34, 0x28, 0x1,
    0xc0, 0x29, 0xf0, 0xa, 0x4e, 0xc0, 0x4, 0x1f,
    0xe5, 0xa0, 0x1, 0x95, 0x88, 0x0, 0x7b, 0x75,
    0xcc, 0x0, 0x3b, 0x40, 0xc, 0x24, 0x41, 0x0,
    0x8c, 0x47, 0xfc, 0x46, 0x1b, 0xdd, 0xfe, 0xf2,
    0xff, 0xff, 0xe0, 0x68,

    /* U+533A "区" */
    0x6f, 0xff, 0xfe, 0x5, 0x1, 0x8f, 0x77, 0xfd,
    0x60, 0x10, 0x88, 0x4, 0x79, 0x10, 0x22, 0x0,
    0xed, 0xc2, 0x0, 0xd, 0x70, 0x7, 0xdc, 0xfa,
    0xc1, 0x45, 0x60, 0x1f, 0x15, 0xcc, 0xb1, 0x3c,
    0x3, 0xfc, 0xce, 0x64, 0x60, 0x1f, 0xe5, 0x78,
    0xf, 0x30, 0xf, 0xcd, 0x54, 0x7c, 0x2c, 0x30,
    0xe, 0x3c, 0x8b, 0x50, 0x1c, 0x3f, 0x0, 0xe7,
    0x6f, 0x40, 0xd, 0xba, 0x0, 0xe4, 0xa1, 0x0,
    0xe1, 0x10, 0x4, 0x3f, 0xff, 0xfc, 0x1, 0x5f,
    0xff, 0xfe, 0x8, 0x80,

    /* U+5347 "升" */
    0x0, 0xff, 0xe5, 0x36, 0x98, 0x7b, 0x0, 0x78,
    0x56, 0xbe, 0x59, 0x80, 0x20, 0x1e, 0x2e, 0xa1,
    0x26, 0xb5, 0x0, 0xfc, 0x5b, 0xf6, 0xc0, 0x1f,
    0xfc, 0x2, 0x0, 0x38, 0x80, 0x7f, 0x84, 0x70,
    0x0, 0x46, 0x0, 0x8, 0xc0, 0xfd, 0xd8, 0xdf,
    0xba, 0x19, 0xee, 0x91, 0xfb, 0xb0, 0x47, 0x74,
    0x33, 0xdd, 0x20, 0x8, 0xc6, 0x8, 0x23, 0x0,
    0x4, 0x60, 0xe, 0x82, 0x30, 0xf, 0xfe, 0x3,
    0x2c, 0x80, 0x7f, 0xf0, 0x1a, 0x61, 0x0, 0x3f,
    0xc3, 0x53, 0xe, 0x1, 0xc2, 0x1, 0xc2, 0x76,
    0xe0, 0x1f, 0xfc, 0x0,

    /* U+5355 "单" */
    0x0, 0xff, 0xe3, 0xb3, 0x80, 0x45, 0xa8, 0x1,
    0xf2, 0x41, 0x0, 0x2c, 0xd4, 0x3, 0xc2, 0x6c,
    0xc1, 0x26, 0x90, 0x10, 0xc, 0x5d, 0xc6, 0xbe,
    0xd0, 0x8e, 0xe1, 0x80, 0x77, 0x7f, 0x86, 0xff,
    0xdc, 0x1, 0xf2, 0x24, 0x6, 0x89, 0x0, 0x7d,
    0xdf, 0xe1, 0xbf, 0xf7, 0x0, 0x7d, 0x57, 0x61,
    0x8b, 0xb5, 0x0, 0x7d, 0xdf, 0xe1, 0xbf, 0xf7,
    0x0, 0x71, 0x7f, 0xe1, 0xaf, 0xfc, 0x60, 0x4,
    0x33, 0xe0, 0x23, 0x3f, 0x15, 0x6e, 0xf0, 0xce,
    0xef, 0x41, 0x77, 0x78, 0x6b, 0xbb, 0xac, 0x3,
    0xff, 0x94, 0x22, 0x0, 0xf0,

    /* U+5360 "占" */
    0x0, 0xcb, 0x62, 0x1, 0xff, 0x12, 0x0, 0x7f,
    0xf4, 0x3b, 0xff, 0xc2, 0x1, 0xec, 0xdd, 0xf0,
    0x80, 0x78, 0x8b, 0xe0, 0xf, 0xfe, 0x1e, 0xff,
    0xd0, 0x1d, 0xff, 0x98, 0x2, 0x5d, 0xdf, 0xc0,
    0x1c, 0x64, 0x5f, 0x80, 0x3f, 0xf9, 0x2, 0x3f,
    0x80, 0x39, 0xbb, 0xbf, 0x0, 0x63, 0x6e, 0xef,
    0xc0, 0x20, 0x0,

    /* U+5361 "卡" */
    0x0, 0xfb, 0xdc, 0x3, 0xff, 0x86, 0x20, 0x1f,
    0xfc, 0x39, 0xee, 0xd8, 0x1, 0xfe, 0x7d, 0xdd,
    0xe0, 0x1f, 0xee, 0x33, 0xe0, 0x8, 0xc8, 0xb8,
    0x38, 0x8b, 0x8c, 0x4b, 0x37, 0x78, 0x1f, 0x77,
    0xb1, 0x8b, 0xff, 0xc1, 0x3f, 0xfe, 0x70, 0xf,
    0xe8, 0x20, 0xf, 0xfe, 0x8, 0xa6, 0xb8, 0x7,
    0xff, 0x0, 0x72, 0x21, 0x82, 0x1, 0xff, 0xc0,
    0x7b, 0x27, 0x0, 0xff, 0xe0, 0xa7, 0xb0, 0x7,
    0xf8, 0x40, 0x21, 0x0, 0xfe, 0x10, 0xf0, 0xf,
    0x80,

    /* U+536B "卫" */
    0x0, 0xff, 0xe2, 0x9f, 0xff, 0xfc, 0xc0, 0x11,
    0x5e, 0x64, 0xf, 0x99, 0x80, 0x38, 0x50, 0xce,
    0x1e, 0x33, 0xc0, 0x1f, 0xfc, 0x53, 0x0, 0xff,
    0xe9, 0x88, 0x7, 0xff, 0x4, 0x40, 0x3f, 0xf8,
    0x24, 0xb2, 0xc, 0x1, 0xff, 0xd, 0x33, 0x8,
    0x3, 0xfe, 0x3f, 0xe9, 0x0, 0xff, 0xe3, 0x9b,
    0x2a, 0xe1, 0xf5, 0x5f, 0x30, 0x24, 0x5d, 0xe1,
    0x7b, 0xbf, 0x40, 0xbf, 0x77, 0xff, 0x8, 0x40,

    /* U+5373 "即" */
    0x4f, 0xff, 0x6, 0x77, 0x64, 0x0, 0x7f, 0xd4,
    0x0, 0x2b, 0xff, 0x0, 0x7f, 0x8c, 0x4, 0x40,
    0x1b, 0xfe, 0xa0, 0xf, 0xf7, 0xfd, 0x40, 0x1f,
    0xfc, 0xcf, 0xfa, 0x80, 0x3f, 0xdf, 0xf6, 0xf8,
    0x7, 0xfd, 0x1c, 0x1, 0xff, 0xc0, 0xc3, 0x50,
    0xc, 0x22, 0x0, 0x8a, 0x6c, 0xac, 0x2, 0x6e,
    0x5, 0xd0, 0xd3, 0xdd, 0x3, 0x80, 0x1e, 0x78,
    0x78, 0xf2, 0x88, 0x29, 0xcc, 0x5, 0x84, 0x1f,
    0xc, 0x2, 0x40, 0xf, 0x80,

    /* U+5374 "却" */
    0x0, 0xde, 0xa0, 0x1f, 0xfc, 0x64, 0xdd, 0xe0,
    0x9c, 0xc0, 0x46, 0x68, 0x0, 0xb7, 0x50, 0x61,
    0x7d, 0xc0, 0xbe, 0xf0, 0xf, 0xc4, 0x50, 0x19,
    0x10, 0x3, 0xf0, 0x80, 0x70, 0x80, 0x7c, 0xdd,
    0xd0, 0xdf, 0x7c, 0x80, 0x79, 0xbf, 0xa6, 0x3b,
    0xa9, 0x0, 0xfe, 0x9f, 0x0, 0xff, 0xe0, 0x31,
    0xc9, 0x71, 0x0, 0x7e, 0x18, 0x90, 0x24, 0xe0,
    0xc, 0x26, 0x3, 0x88, 0xd, 0x2c, 0x6c, 0x1,
    0x6c, 0xa9, 0x92, 0x77, 0x33, 0x9e, 0x80, 0x2f,
    0xbb, 0x17, 0x72, 0xa1, 0x4a, 0x30, 0x2, 0x34,
    0x0, 0x8, 0x7, 0xc2, 0x1, 0xc0,

    /* U+5377 "卷" */
    0x0, 0xf8, 0x80, 0x3f, 0xe6, 0x10, 0x7, 0x48,
    0x0, 0xd0, 0x3, 0xd5, 0x80, 0x2, 0xc0, 0x1e,
    0xf0, 0xf, 0x65, 0x1, 0xb, 0x81, 0x3d, 0x80,
    0x77, 0x7c, 0x7e, 0x86, 0xfe, 0x2f, 0xf8, 0x80,
    0x2c, 0xef, 0xf2, 0xa7, 0xfe, 0xed, 0x20, 0x1,
    0x18, 0x9, 0x2e, 0x8, 0xe0, 0x32, 0x0, 0x7f,
    0xed, 0x9, 0xff, 0x77, 0xfd, 0x84, 0x1b, 0xdc,
    0x62, 0xee, 0xcc, 0x59, 0xdc, 0x20, 0x1, 0x5b,
    0x17, 0x7f, 0xcc, 0x3b, 0x70, 0x21, 0x7a, 0x70,
    0x7f, 0xf9, 0x11, 0x80, 0xe2, 0x11, 0x70, 0x1,
    0x95, 0xd7, 0x8e, 0xf8, 0x0, 0x68, 0x1, 0xc5,
    0x92, 0xe8, 0x2, 0x1, 0xe2, 0x20, 0xb5, 0x31,
    0xdb, 0x80, 0x79, 0xf, 0x7b, 0xb6, 0xa3, 0x80,
    0x0,

    /* U+5378 "卸" */
    0x0, 0x1e, 0x8, 0x7, 0xff, 0x2, 0x9c, 0x40,
    0x2, 0x2, 0xab, 0x84, 0x5, 0xd7, 0xbf, 0xbd,
    0x4e, 0xb3, 0x14, 0x41, 0xb, 0xda, 0x3d, 0xc5,
    0x1, 0x99, 0x8, 0x5, 0x20, 0x1f, 0xfc, 0x2,
    0x4e, 0xce, 0x1c, 0xc4, 0x80, 0x78, 0xa7, 0xfd,
    0x61, 0xfe, 0xa0, 0xf, 0x91, 0x49, 0x44, 0xce,
    0x0, 0xfd, 0x24, 0x3, 0xfe, 0x50, 0xf, 0xc2,
    0x0, 0x1f, 0xf2, 0x80, 0x7f, 0xf1, 0xc4, 0x3,
    0x9c, 0x62, 0xe4, 0x0, 0xbe, 0x4, 0x36, 0x39,
    0x66, 0x3b, 0x60, 0x5, 0x9d, 0x11, 0xa3, 0x3f,
    0x25, 0x88, 0x40, 0xc, 0x40, 0xa, 0x73, 0x0,
    0xe7, 0x0, 0xe0,

    /* U+5386 "历" */
    0x0, 0xff, 0xe2, 0xaf, 0xff, 0xfc, 0xc0, 0x1,
    0xe, 0xed, 0x32, 0xee, 0xcc, 0x1, 0x84, 0x77,
    0xd8, 0x8e, 0x0, 0xff, 0x30, 0x7, 0xf8, 0x84,
    0x46, 0x23, 0xc0, 0x1e, 0xde, 0xe2, 0xab, 0xbb,
    0x20, 0x0, 0x44, 0x1f, 0xf1, 0xc7, 0xfb, 0x41,
    0x80, 0x6, 0x60, 0xc, 0x66, 0x0, 0x8, 0x18,
    0x3, 0x84, 0x2, 0x30, 0x40, 0x3, 0x80, 0x80,
    0xd, 0x80, 0x29, 0x50, 0x8, 0x80, 0x32, 0xe8,
    0x1, 0x16, 0x40, 0x21, 0x10, 0x1, 0x5, 0x1,
    0x2d, 0x8c, 0x2, 0xc2, 0x0, 0x40, 0x9c, 0x5a,
    0x48, 0x1, 0xfd, 0x10, 0x0, 0x48, 0x9, 0x7b,
    0x0, 0x9a, 0x2e, 0x0,

    /* U+538B "压" */
    0x0, 0xff, 0xe2, 0xff, 0xff, 0xf0, 0x8, 0x0,
    0x31, 0xbb, 0x96, 0xb7, 0x71, 0x0, 0xc, 0x48,
    0xb2, 0x89, 0x16, 0x0, 0xff, 0xeb, 0xcf, 0xfc,
    0x17, 0xff, 0x38, 0x7, 0x55, 0xdc, 0x11, 0x76,
    0xa5, 0x0, 0x8c, 0xe4, 0x48, 0xd, 0x85, 0x48,
    0x2, 0x11, 0x0, 0x79, 0xe8, 0x80, 0x22, 0x5,
    0x0, 0xf2, 0x9c, 0x80, 0x4a, 0x22, 0x0, 0xfb,
    0xe8, 0x2, 0xa7, 0x24, 0x33, 0x80, 0xcc, 0x4,
    0x82, 0xc5, 0x57, 0x6c, 0xc8, 0x23, 0x32, 0xb7,
    0x47, 0x39, 0xff, 0xff, 0x30,

    /* U+539F "原" */
    0x0, 0xff, 0xe2, 0xa7, 0xff, 0xfd, 0x40, 0x1b,
    0xff, 0x4c, 0xbf, 0xf5, 0x0, 0x7e, 0xa0, 0xf,
    0xf9, 0x3f, 0x8a, 0x3b, 0xaf, 0x0, 0xf8, 0x7b,
    0xba, 0xc4, 0x3, 0xe1, 0xff, 0xea, 0x0, 0xfc,
    0x3f, 0xfd, 0x40, 0x18, 0x44, 0x0, 0x1e, 0xee,
    0xb1, 0x0, 0xb4, 0x81, 0x3b, 0xfc, 0x37, 0xfe,
    0xe0, 0x8, 0xd4, 0x1, 0x2a, 0x20, 0x27, 0x62,
    0x1, 0x26, 0x3, 0x3b, 0x80, 0x23, 0x6c, 0x0,
    0x38, 0x24, 0xca, 0xcc, 0x40, 0x3, 0x81, 0x61,
    0x4e, 0x3d, 0x88, 0x7c, 0xc, 0x0, 0xcf, 0xd,
    0x80, 0x73, 0x3, 0xbe, 0x20, 0x9, 0x0,

    /* U+53BB "去" */
    0x0, 0xf9, 0xfc, 0x3, 0xff, 0x84, 0x20, 0x1f,
    0xfc, 0x41, 0x0, 0xfe, 0x6f, 0xfd, 0x23, 0xff,
    0xac, 0x3, 0x37, 0x7f, 0xd2, 0x3f, 0xee, 0xe5,
    0x0, 0x70, 0x80, 0x7c, 0x23, 0x0, 0x7f, 0xf1,
    0x8f, 0xff, 0xd2, 0x3f, 0xfe, 0x93, 0xef, 0xfd,
    0x25, 0xbf, 0xfb, 0xb9, 0x0, 0x20, 0x1a, 0x4,
    0x81, 0xc0, 0x2, 0x30, 0x7, 0x51, 0xe0, 0x14,
    0xd0, 0x7, 0xe9, 0x4c, 0x0, 0x16, 0xac, 0x80,
    0x70, 0xd3, 0xd2, 0xa9, 0xe6, 0x5, 0x9c, 0x3,
    0x22, 0x8d, 0x7e, 0x6, 0x47, 0xb4, 0x20, 0x4,
    0xb5, 0xdc, 0xb9, 0x75, 0x31, 0x9b, 0x40,

    /* U+53C2 "参" */
    0x0, 0xff, 0xe5, 0x2d, 0x88, 0x7, 0xff, 0x1,
    0x2b, 0x6, 0x5c, 0x3, 0xf9, 0x6a, 0xdc, 0x36,
    0x6c, 0x40, 0x3d, 0x14, 0x13, 0xbd, 0x40, 0x98,
    0x20, 0x1d, 0x57, 0xac, 0xce, 0xed, 0x62, 0x0,
    0x1f, 0xf6, 0xde, 0x22, 0x3f, 0xee, 0x9f, 0xd0,
    0x1e, 0xe7, 0xd0, 0x57, 0xe6, 0x6, 0x7f, 0xd8,
    0x0, 0x13, 0xab, 0xc4, 0x8c, 0x5d, 0x89, 0x11,
    0x0, 0xd6, 0x84, 0x4f, 0x1e, 0x2d, 0xe1, 0x75,
    0x8, 0xbb, 0x6b, 0x76, 0xaa, 0x61, 0x1d, 0x53,
    0xc4, 0x10, 0x86, 0x6, 0x78, 0xf6, 0xed, 0xe8,
    0xa0, 0x19, 0xb7, 0x37, 0xa9, 0x7d, 0xa8, 0x40,
    0x39, 0xfa, 0xe, 0xff, 0x2b, 0x10, 0x3, 0x97,
    0x7f, 0x7b, 0x3a, 0xd0, 0x3, 0xe5, 0x9d, 0xfb,
    0x61, 0x0, 0xf8,

    /* U+53CA "及" */
    0x0, 0xff, 0xe3, 0x5f, 0xff, 0xf4, 0x80, 0x75,
    0xff, 0x86, 0xff, 0xeb, 0x8, 0x0, 0xfc, 0x2c,
    0x1, 0x43, 0x88, 0x7, 0xc2, 0x6, 0x0, 0x42,
    0x90, 0xf, 0xca, 0xa, 0x0, 0x91, 0xef, 0x70,
    0xf, 0x18, 0xc8, 0x3, 0x7f, 0x41, 0x40, 0x3d,
    0x90, 0xd0, 0x1, 0x5a, 0x10, 0x7, 0x12, 0x3c,
    0xb9, 0x81, 0x37, 0x80, 0x7a, 0xd4, 0x4a, 0x74,
    0xa5, 0x50, 0x3, 0x8d, 0xa0, 0x0, 0xcf, 0xab,
    0x60, 0x1c, 0x3a, 0xe4, 0x0, 0x35, 0x11, 0x40,
    0x80, 0x43, 0xe5, 0x2, 0xd7, 0x89, 0xd8, 0xbd,
    0x6c, 0x22, 0x7d, 0x3e, 0xac, 0xe8, 0x3, 0xca,
    0x7b, 0x10, 0x91, 0x3e, 0xc7, 0x10, 0xc, 0xb9,
    0xa0,

    /* U+53CC "双" */
    0x0, 0xfc, 0x23, 0xe0, 0xb, 0x3f, 0xf9, 0xfb,
    0xbc, 0x20, 0xe, 0xdd, 0xa4, 0x1d, 0x1f, 0xfd,
    0x40, 0x20, 0x2, 0x2c, 0x4, 0x4, 0x20, 0x2,
    0x30, 0x9, 0x74, 0x43, 0x98, 0x38, 0xc0, 0x1a,
    0xa0, 0x12, 0x8e, 0x81, 0xe0, 0x13, 0x80, 0x1f,
    0xc0, 0x36, 0x8d, 0xa2, 0x1, 0xc8, 0x48, 0x88,
    0x1, 0x87, 0xd4, 0xc, 0x8, 0x52, 0x8c, 0x80,
    0x38, 0x8c, 0x24, 0x0, 0xf2, 0xd4, 0x1, 0xe4,
    0x3a, 0x66, 0x5, 0x18, 0x30, 0x7, 0xa6, 0x15,
    0xa4, 0x58, 0xc, 0x3, 0xd6, 0x2c, 0x13, 0x69,
    0x50, 0x18, 0x20, 0x15, 0x2f, 0x0, 0x59, 0x52,
    0xf8, 0x3e, 0xa0, 0xe, 0xd2, 0x1, 0xd6, 0xb6,
    0x1, 0xc5, 0x82, 0x4, 0x30, 0x0, 0xcf, 0xa0,
    0x4, 0x37, 0xa4,

    /* U+53CD "反" */
    0x0, 0xfe, 0x13, 0x69, 0x20, 0xd, 0x79, 0x8d,
    0xef, 0xed, 0xb5, 0x40, 0xc, 0xb7, 0xfd, 0x9d,
    0xfd, 0xb8, 0xc0, 0x1c, 0x46, 0x62, 0x10, 0xf,
    0xf1, 0x91, 0x7e, 0x0, 0xe1, 0x9d, 0xdf, 0xc4,
    0x1, 0xd6, 0x8d, 0xff, 0x94, 0xc8, 0x2, 0x10,
    0x6e, 0x60, 0x8, 0x56, 0x40, 0x32, 0x81, 0x29,
    0x40, 0x2, 0x9, 0x40, 0x36, 0x8, 0x2, 0x5c,
    0xd1, 0xa4, 0x3, 0x91, 0x0, 0x4, 0x7d, 0xa6,
    0x40, 0xc, 0x47, 0xc0, 0x16, 0x8, 0xb0, 0x3,
    0xa4, 0x90, 0x12, 0xec, 0xee, 0xac, 0x61, 0x1,
    0x68, 0x9e, 0xb2, 0xd8, 0x86, 0xb4, 0xf3, 0xe,
    0xae, 0xc7, 0x49, 0x0, 0xa, 0xba, 0x98,

    /* U+53D1 "发" */
    0x0, 0xfa, 0x10, 0x10, 0xc0, 0x3d, 0x90, 0x0,
    0x72, 0xc, 0xd2, 0x0, 0xe3, 0xb0, 0x30, 0x70,
    0x85, 0xf0, 0xc, 0xa4, 0x60, 0xa4, 0x20, 0xa,
    0xe0, 0xd, 0x65, 0xfe, 0x92, 0xff, 0xbb, 0x3e,
    0x0, 0x1b, 0x9b, 0xa0, 0xae, 0xee, 0xd9, 0x0,
    0x19, 0x89, 0x9, 0x44, 0x78, 0x84, 0x3, 0xa0,
    0xbf, 0xfb, 0x80, 0x3d, 0x20, 0x3d, 0xff, 0x1c,
    0x80, 0x73, 0x33, 0x5e, 0x80, 0xc, 0x2e, 0x1,
    0x9a, 0x64, 0x72, 0xd2, 0x91, 0xe0, 0x1a, 0x65,
    0x4c, 0x0, 0xf6, 0xba, 0x20, 0xd, 0xd8, 0xa0,
    0x6, 0xf2, 0x24, 0xb0, 0x80, 0x4e, 0x6f, 0x7f,
    0x51, 0xba, 0xbb, 0x76, 0xb8, 0x4, 0x59, 0xb8,
    0xa0, 0x6, 0xdd, 0x52, 0x0,

    /* U+53D6 "取" */
    0x0, 0xff, 0xe2, 0x17, 0xff, 0xd5, 0xdb, 0xb8,
    0xc0, 0xbc, 0x73, 0xfc, 0x39, 0x63, 0x1f, 0xc4,
    0x20, 0x1f, 0xc2, 0x31, 0x8, 0x10, 0x6, 0xdd,
    0x84, 0x0, 0x42, 0xc, 0x20, 0x1d, 0x59, 0x81,
    0x0, 0x39, 0x81, 0x90, 0x7, 0x38, 0x88, 0x2,
    0x2f, 0xc, 0x40, 0xe, 0x44, 0x80, 0x2c, 0x50,
    0x4c, 0x0, 0xeb, 0xff, 0x8, 0x1, 0xd, 0xc5,
    0x0, 0x3b, 0xee, 0xc2, 0x0, 0x14, 0x89, 0x0,
    0xfc, 0x41, 0xf6, 0x6, 0x6, 0x1, 0x90, 0x7f,
    0xbc, 0x6e, 0x89, 0xce, 0x44, 0x0, 0x36, 0x95,
    0xfa, 0x28, 0x7e, 0xb8, 0xde, 0x80, 0x3d, 0x6c,
    0x20, 0x7, 0xc1, 0xa0, 0xb2, 0xa1, 0x1, 0x0,
    0xc2, 0x19, 0x80, 0xb, 0x30, 0x20,

    /* U+53D7 "受" */
    0x0, 0xff, 0xe2, 0x8, 0x88, 0x86, 0x8a, 0xf3,
    0x7d, 0xa0, 0x16, 0x76, 0xe7, 0xfd, 0xdc, 0xc9,
    0x90, 0x80, 0x32, 0xe3, 0xb0, 0x4a, 0x5c, 0xa0,
    0x44, 0x0, 0x17, 0x83, 0xc, 0x71, 0x8, 0x45,
    0x0, 0xc6, 0xc0, 0x6, 0xa1, 0x83, 0xa0, 0x9,
    0x3f, 0xcd, 0x9f, 0xea, 0xf7, 0x1e, 0xfe, 0x0,
    0xe, 0xef, 0xfa, 0x40, 0x2, 0x4, 0x20, 0x1f,
    0x11, 0x0, 0xb, 0xc1, 0x9b, 0xbe, 0xc0, 0x4e,
    0x0, 0xde, 0xaa, 0xff, 0x70, 0xc8, 0x7, 0xeb,
    0x46, 0xa, 0x27, 0x0, 0xfc, 0x39, 0x3a, 0xfa,
    0x1, 0xf0, 0xa3, 0xf0, 0xb1, 0xd3, 0xa9, 0x98,
    0x7, 0xb9, 0x5b, 0x3d, 0x7d, 0xba, 0x8c, 0x90,
    0x1c, 0xee, 0x52, 0x80, 0x5, 0xab, 0x7e, 0x80,

    /* U+53D8 "变" */
    0x0, 0xff, 0xe5, 0xf3, 0x0, 0x7e, 0x33, 0x11,
    0x65, 0xa2, 0x2c, 0x66, 0x0, 0x76, 0xe6, 0x5a,
    0xa5, 0xb9, 0x96, 0xe8, 0x1, 0xbd, 0x7d, 0x63,
    0xdc, 0x1b, 0xef, 0xee, 0x0, 0x4b, 0x4a, 0x1,
    0xe8, 0xf2, 0x0, 0x8a, 0xd9, 0x40, 0x3d, 0x5,
    0x84, 0x0, 0x95, 0x90, 0x0, 0x80, 0x46, 0x1a,
    0x76, 0x0, 0xbb, 0x0, 0x19, 0x80, 0x7, 0x20,
    0x1c, 0x90, 0x9, 0xff, 0xd8, 0xdf, 0xe6, 0xbf,
    0xa1, 0x0, 0xcf, 0xd2, 0x3b, 0xff, 0x21, 0x58,
    0x7, 0x85, 0x99, 0xc2, 0x12, 0xbe, 0x20, 0x1f,
    0xa1, 0x3f, 0x17, 0x8, 0x3, 0xf0, 0xa9, 0x80,
    0x89, 0x4c, 0x40, 0x33, 0xdf, 0x72, 0x77, 0xb6,
    0x33, 0x1d, 0xf4, 0x0, 0x33, 0x57, 0x63, 0x0,
    0x16, 0xfe, 0xe6, 0x0,

    /* U+53E0 "叠" */
    0x0, 0xff, 0xe3, 0x1e, 0xf6, 0xef, 0x7e, 0x18,
    0x7, 0x1e, 0xd2, 0x21, 0x6c, 0x5f, 0xc, 0x3,
    0xd1, 0x2, 0x1c, 0x49, 0x1e, 0x90, 0xd, 0x3a,
    0xa2, 0xca, 0xae, 0x84, 0x37, 0xc1, 0x0, 0x4d,
    0x8a, 0xb4, 0xf, 0x8a, 0x29, 0xf0, 0x80, 0x4d,
    0x6c, 0x36, 0xc0, 0x8e, 0x61, 0x64, 0x0, 0x4b,
    0xbb, 0xac, 0x24, 0xef, 0xe0, 0x9c, 0x1, 0x64,
    0x9b, 0x9b, 0xc4, 0x7b, 0x9a, 0x74, 0x20, 0x73,
    0x26, 0x44, 0xf2, 0xd4, 0x10, 0x3, 0x0, 0x3,
    0x77, 0xe2, 0x30, 0xd1, 0x0, 0xe2, 0x2f, 0x8,
    0x7, 0xf4, 0xcf, 0x84, 0x3, 0xa7, 0xfc, 0x4,
    0x5e, 0x1f, 0xee, 0x0,

    /* U+53E3 "口" */
    0x5f, 0xff, 0xf3, 0x0, 0xf7, 0x7e, 0x20, 0x8,
    0x47, 0xf0, 0x7, 0xff, 0xfc, 0x4, 0x7f, 0x0,
    0x43, 0xdd, 0xf8, 0x80, 0x3, 0xff, 0xf8, 0x84,

    /* U+53E4 "古" */
    0x0, 0xfa, 0x3c, 0x3, 0xff, 0x85, 0xc0, 0x1f,
    0xfc, 0x41, 0x0, 0xf8, 0xff, 0xfd, 0x23, 0xff,
    0xe9, 0x3b, 0xcd, 0xdd, 0x3, 0xbb, 0xd9, 0x60,
    0x86, 0x45, 0x84, 0x8, 0xb8, 0xc8, 0x3, 0xff,
    0x8c, 0x7d, 0xda, 0x47, 0xbb, 0x18, 0x7, 0xd,
    0xee, 0xb3, 0x1b, 0xab, 0x10, 0xf, 0x98, 0xcf,
    0xcc, 0x1, 0xff, 0xcd, 0x11, 0xf0, 0x7, 0xf6,
    0x77, 0x7b, 0x0, 0x3f, 0x67, 0x77, 0xb0, 0x3,
    0x0,

    /* U+53E5 "句" */
    0x0, 0xc6, 0x1, 0xff, 0xc2, 0xdd, 0x0, 0x7f,
    0xf0, 0x14, 0x78, 0x3, 0xff, 0x81, 0x1, 0xdb,
    0xbf, 0x8c, 0x1, 0x27, 0x9d, 0xdf, 0x41, 0x0,
    0x15, 0xa8, 0xcf, 0xf3, 0x0, 0xad, 0x3b, 0x11,
    0x78, 0x3, 0x1a, 0xc4, 0x33, 0x77, 0xc0, 0x7,
    0x1, 0x7, 0x3, 0x8f, 0xfa, 0x44, 0x3, 0xff,
    0x8a, 0x20, 0x1f, 0xfc, 0x23, 0x10, 0xe, 0x8f,
    0xfa, 0x40, 0x21, 0x30, 0xe, 0x7d, 0xda, 0x4,
    0x1, 0xc2, 0x1, 0xae, 0xc4, 0x53, 0x60, 0x0,
    0xdc, 0x3, 0x31, 0x80, 0x42, 0x73, 0x25, 0x30,
    0xf, 0xf9, 0x5d, 0x24, 0x3, 0xfe, 0xce, 0xb1,
    0x0,

    /* U+53EA "只" */
    0x0, 0xbb, 0xff, 0xf8, 0x3, 0xd1, 0xdd, 0xe9,
    0x10, 0xf, 0x84, 0x7c, 0x1, 0xff, 0xe2, 0x10,
    0xf, 0x47, 0xff, 0xa4, 0x3, 0xd9, 0xb9, 0xbb,
    0xf0, 0x7, 0x10, 0x70, 0x11, 0x7, 0xc0, 0x80,
    0x38, 0x7c, 0x48, 0x0, 0x63, 0x84, 0x1, 0xda,
    0x1a, 0x1, 0xb4, 0xb0, 0x80, 0x2c, 0x1c, 0x10,
    0xc, 0x3a, 0x78, 0x41, 0x85, 0xe2, 0x1, 0xe1,
    0xf0, 0xb0, 0xec, 0x20, 0xf, 0xc5, 0x92,

    /* U+53EF "可" */
    0x5f, 0xee, 0xff, 0xe0, 0x6a, 0x66, 0x7f, 0x81,
    0xb3, 0xc4, 0xc8, 0xbf, 0x83, 0xc8, 0x80, 0x1,
    0xff, 0xee, 0x0, 0xff, 0x67, 0x72, 0x44, 0x3,
    0xfc, 0x23, 0x18, 0x7, 0xff, 0x38, 0x46, 0x30,
    0xf, 0xfb, 0x3b, 0x92, 0x1, 0xff, 0x6f, 0xfb,
    0x10, 0x3, 0xf0, 0xd9, 0x0, 0xe, 0xc0, 0x3f,
    0x90, 0x3, 0xc2, 0x20, 0xf, 0xfe, 0x7, 0xf0,
    0x20, 0x7, 0xfd, 0x54, 0xe3, 0x0, 0x0,

    /* U+53F0 "台" */
    0x0, 0xff, 0xe3, 0xe4, 0x80, 0x7f, 0xcc, 0x78,
    0x0, 0x10, 0xf, 0x8e, 0x61, 0x40, 0x7d, 0xc0,
    0x38, 0xb5, 0x9c, 0x0, 0x31, 0x6, 0x0, 0x8f,
    0x12, 0x40, 0x21, 0x45, 0x95, 0x2, 0xc1, 0x7e,
    0xe7, 0xfb, 0xb5, 0x6, 0x90, 0x95, 0xae, 0xb7,
    0x5d, 0xfe, 0xee, 0x21, 0x85, 0x43, 0xa9, 0x18,
    0x8, 0xeb, 0x70, 0x2e, 0xef, 0xf1, 0x80, 0x6b,
    0xdd, 0xf6, 0x0, 0x79, 0xc8, 0xbc, 0x20, 0x1f,
    0xfc, 0x8d, 0xee, 0xf6, 0x0, 0x7a, 0x2a, 0xbd,
    0x60, 0x18, 0xb9, 0x91, 0x3c, 0xbe, 0x60,

    /* U+53F2 "史" */
    0x0, 0xf9, 0x8, 0x3, 0xff, 0x85, 0x10, 0x0,
    0xff, 0xe1, 0x98, 0x7, 0xf5, 0xe6, 0x63, 0x7c,
    0xcc, 0xa0, 0x19, 0x55, 0x11, 0x12, 0x44, 0x46,
    0x60, 0xc, 0x7c, 0x89, 0x9, 0x22, 0x42, 0x1,
    0xff, 0xc9, 0x3e, 0x33, 0x84, 0x8c, 0xe1, 0x0,
    0xe2, 0x4e, 0xe8, 0x93, 0xba, 0x23, 0x0, 0xd9,
    0x51, 0xba, 0x1b, 0xdd, 0xca, 0x1, 0xea, 0x42,
    0x17, 0x0, 0xff, 0x3b, 0xae, 0x48, 0x80, 0x1f,
    0xf4, 0x22, 0x0, 0xc0, 0x3f, 0x8d, 0xf5, 0xa9,
    0x33, 0x69, 0xd5, 0x60, 0x2e, 0xca, 0xbd, 0x59,
    0xeb, 0x3b, 0xb5, 0x68, 0x16, 0xf6, 0xb0, 0x4,
    0x2d, 0x39, 0xdf, 0x0,

    /* U+53F3 "右" */
    0x0, 0xf0, 0xea, 0x0, 0x7f, 0xf0, 0x14, 0x98,
    0x3, 0xff, 0x81, 0x82, 0x40, 0x1f, 0x7f, 0xf3,
    0x8f, 0xff, 0xb8, 0x37, 0x75, 0x85, 0xee, 0xfb,
    0x0, 0x8b, 0x69, 0xa1, 0x17, 0xc0, 0x18, 0x9b,
    0xc0, 0x3f, 0xf8, 0x1c, 0x19, 0xff, 0xe4, 0x0,
    0xd0, 0x6b, 0xbb, 0xd8, 0x1, 0xd0, 0xe2, 0x64,
    0x5e, 0x0, 0xd2, 0xf0, 0xa0, 0x1f, 0xe2, 0x77,
    0x80, 0x3f, 0xe2, 0xf8, 0x0, 0x12, 0xaf, 0x38,
    0x6, 0x10, 0x9, 0x66, 0x7a, 0x80, 0x3f, 0x3e,
    0x67, 0x68, 0x4,

    /* U+53F6 "叶" */
    0x0, 0xff, 0x3f, 0x80, 0x72, 0xaf, 0x0, 0x61,
    0x10, 0x6, 0x1a, 0x89, 0x8a, 0x0, 0xff, 0xe0,
    0x76, 0x40, 0x7, 0xff, 0x10, 0x40, 0x3f, 0xf8,
    0x89, 0xff, 0x48, 0xff, 0xd4, 0x1, 0xe4, 0xdd,
    0xa0, 0x77, 0x6b, 0x0, 0xf8, 0x8a, 0x10, 0x22,
    0x84, 0x3, 0xff, 0x8d, 0x9f, 0x40, 0x1f, 0xfc,
    0x1b, 0xd9, 0x10, 0xf, 0xfe, 0x3, 0x91, 0x80,
    0x7f, 0xf0, 0x8, 0x41, 0x7c, 0x3, 0xfc, 0x3a,
    0x40, 0x1f, 0x8, 0x80, 0x30,

    /* U+53F7 "号" */
    0x0, 0x9f, 0xff, 0xf4, 0x0, 0x7c, 0x7f, 0xfe,
    0x40, 0xf, 0xfe, 0x61, 0xff, 0xf9, 0x0, 0x3e,
    0x7f, 0xff, 0xd0, 0x1, 0xb7, 0x33, 0xff, 0x81,
    0xa0, 0x9, 0xff, 0x51, 0xff, 0xfe, 0x90, 0x2,
    0x19, 0xb8, 0xcf, 0xf9, 0x0, 0x39, 0xb, 0x77,
    0xd6, 0x1, 0xf7, 0xef, 0x77, 0x30, 0x7, 0xe3,
    0x3f, 0x80, 0x80, 0x3f, 0xf8, 0x4b, 0xc0, 0x1f,
    0xe2, 0x55, 0x40, 0xa0, 0x7, 0xfd, 0x54, 0x48,
    0x30, 0xf, 0xf1, 0x7f, 0xb1, 0xc0, 0x30,

    /* U+5404 "各" */
    0x0, 0xff, 0xe4, 0xdb, 0x0, 0x7f, 0xf0, 0x49,
    0x14, 0x3, 0xff, 0x83, 0x1, 0x9f, 0xfc, 0x80,
    0x1e, 0x45, 0x46, 0xff, 0x8d, 0x90, 0x3, 0x8a,
    0xa6, 0x9d, 0x2, 0x82, 0x40, 0x3c, 0xae, 0xc3,
    0x54, 0xb6, 0xc0, 0xf, 0x9e, 0x40, 0x4, 0x8,
    0xc4, 0x1, 0xf8, 0xe7, 0xb7, 0x5c, 0x7b, 0xa9,
    0x64, 0x1, 0xbe, 0xe1, 0xd5, 0x8, 0x23, 0x6c,
    0xef, 0x40, 0x7b, 0x30, 0xb7, 0xdd, 0xb6, 0x7b,
    0x64, 0x0, 0xa4, 0x0, 0xdf, 0xfe, 0x10, 0xf,
    0xfe, 0x6b, 0xa2, 0x70, 0x80, 0x7f, 0x4c, 0x47,
    0x0, 0x7e, 0x1d, 0xcc, 0xf7, 0xa0, 0x4,

    /* U+5408 "合" */
    0x0, 0xff, 0xe5, 0xea, 0x0, 0x7f, 0xf0, 0x60,
    0xb8, 0x3, 0xff, 0x80, 0x8f, 0x8d, 0x20, 0x1f,
    0xe3, 0xb9, 0x3d, 0x49, 0x0, 0xfc, 0x99, 0xc,
    0x3, 0x89, 0x84, 0x1, 0xd3, 0x6e, 0xc2, 0x30,
    0x78, 0x6d, 0x20, 0xf, 0x3d, 0xa7, 0x77, 0x6c,
    0xd2, 0x68, 0xd, 0xfa, 0x67, 0xff, 0x95, 0x5d,
    0x0, 0x5, 0x14, 0x4f, 0xe1, 0x1, 0x0, 0xd5,
    0x1f, 0xfe, 0xb4, 0x0, 0xf1, 0xcd, 0xdf, 0x84,
    0x3, 0xff, 0x99, 0x5f, 0xfe, 0x10, 0xf, 0xd5,
    0xff, 0xe1, 0x0, 0xf8, 0xc0, 0x3e, 0xe5, 0x0,
    0x80,

    /* U+540C "同" */
    0x6f, 0xff, 0xfe, 0x3, 0x0, 0xe6, 0x7f, 0x84,
    0xc0, 0x6, 0x2, 0x3e, 0x3, 0x0, 0xec, 0xdd,
    0xf6, 0x8, 0x7, 0x7f, 0xfe, 0x10, 0xf, 0x11,
    0x78, 0x3, 0xf7, 0xe7, 0xfb, 0x30, 0x1, 0xfd,
    0x7b, 0xaa, 0x30, 0xf, 0xfe, 0x9, 0x80, 0x7f,
    0x57, 0xfa, 0xc0, 0x3f, 0xb3, 0xbb, 0x78, 0x7,
    0xe1, 0x1f, 0x0, 0x7f, 0xf0, 0x96, 0xc4, 0x60,
    0xf, 0xe6, 0x43, 0x57, 0xe0, 0xf, 0xc7, 0xf8,
    0x20,

    /* U+540D "名" */
    0x0, 0xff, 0xe3, 0x9e, 0x90, 0x7, 0xfd, 0x2,
    0x40, 0x1f, 0xe6, 0x43, 0xff, 0xf1, 0x80, 0x49,
    0x35, 0xff, 0xb8, 0xa0, 0xc0, 0xd, 0x73, 0xb6,
    0x20, 0xa, 0x67, 0x0, 0xb2, 0x5a, 0x5f, 0xd3,
    0x1e, 0xc0, 0x35, 0x30, 0xe, 0x2d, 0xbe, 0x0,
    0x7e, 0x29, 0x48, 0xb0, 0xf, 0x92, 0xb5, 0x82,
    0x3f, 0xf8, 0x27, 0xe8, 0x4b, 0xff, 0xd4, 0x0,
    0xab, 0xee, 0x0, 0x7e, 0x10, 0x34, 0x0, 0xff,
    0xe2, 0x17, 0xff, 0xa8, 0x3, 0xc5, 0xff, 0xea,
    0x10, 0xc, 0x60, 0x1f, 0xfc, 0x16, 0xd0, 0xf,
    0x2f, 0x80,

    /* U+540E "后" */
    0x0, 0xff, 0x85, 0x8, 0x2, 0x14, 0x42, 0xbc,
    0x56, 0x77, 0x2e, 0x40, 0x24, 0xb8, 0xed, 0x1d,
    0x9a, 0xdf, 0xb0, 0xe, 0xcb, 0xa9, 0x75, 0x42,
    0x0, 0xf8, 0xcf, 0xf9, 0x10, 0x1, 0xb7, 0x7f,
    0xaa, 0x80, 0x3, 0x1e, 0xef, 0xf8, 0x0, 0x24,
    0x4, 0x5f, 0xc0, 0x17, 0x38, 0x66, 0x7d, 0xb8,
    0x1, 0x29, 0x80, 0x2f, 0xbb, 0xa8, 0xc0, 0x23,
    0xc0, 0xf, 0xfe, 0x3, 0x2, 0x0, 0x7f, 0xc3,
    0xc, 0x1, 0x57, 0xff, 0x50, 0x5, 0x10, 0x0,
    0xab, 0xff, 0xa8, 0xc0, 0x58, 0x40, 0x1e, 0xa0,
    0x1c, 0xbc, 0x0,

    /* U+5411 "向" */
    0x0, 0xc8, 0xe2, 0x1, 0xff, 0x6c, 0x88, 0x7,
    0xe2, 0x29, 0x1c, 0x8b, 0xe1, 0x2d, 0xd8, 0x9b,
    0x77, 0xe7, 0x0, 0x6f, 0xff, 0xf0, 0x98, 0x7,
    0xff, 0x1b, 0xff, 0xc2, 0x1, 0xf0, 0xd7, 0xfa,
    0xc0, 0x3f, 0xfb, 0x55, 0xfe, 0xb0, 0xf, 0xee,
    0xff, 0xe1, 0x0, 0xff, 0xe0, 0xab, 0x8, 0x80,
    0x6, 0x1, 0xf1, 0x42, 0x20,

    /* U+5426 "否" */
    0x0, 0xff, 0xe2, 0x8f, 0xff, 0xff, 0x2, 0x0,
    0x3, 0xba, 0xee, 0x69, 0x8e, 0x77, 0x5b, 0x20,
    0x11, 0x10, 0x43, 0x8d, 0x8c, 0xc2, 0x22, 0x10,
    0xe, 0x5f, 0x21, 0x1, 0xdd, 0x28, 0x7, 0x2e,
    0xd3, 0xf9, 0x80, 0xe3, 0xd6, 0xa8, 0x3, 0x69,
    0xf6, 0x44, 0x2, 0x3a, 0xc1, 0xa3, 0xe, 0xda,
    0x20, 0xf, 0x8f, 0x30, 0x60, 0x65, 0x9f, 0xf1,
    0x3f, 0xfe, 0x23, 0x0, 0xe6, 0xdd, 0xf5, 0x1,
    0x80, 0x78, 0x48, 0xbc, 0xc0, 0x1f, 0xfc, 0xc7,
    0xff, 0xf6, 0x0, 0x7e, 0x6d, 0xdf, 0x50, 0x18,
    0x7, 0x6c, 0x11, 0x79, 0x7c, 0x80, 0x0,

    /* U+542B "含" */
    0x0, 0xff, 0xe5, 0x17, 0x20, 0x7, 0xff, 0x7,
    0x87, 0x40, 0x3f, 0xf8, 0x14, 0x5a, 0xb8, 0x20,
    0x1f, 0x86, 0xde, 0x9f, 0x1b, 0x9c, 0x3, 0xcf,
    0xc1, 0xad, 0x45, 0x53, 0x2f, 0x94, 0x3, 0xf9,
    0x95, 0x81, 0x49, 0x83, 0x7b, 0xbb, 0x40, 0xef,
    0xab, 0xba, 0x8f, 0xf8, 0xa3, 0xa4, 0x0, 0x81,
    0x9d, 0xdb, 0x6, 0xcc, 0x3, 0xff, 0x81, 0xd4,
    0x80, 0x1f, 0xb3, 0x77, 0xc, 0xee, 0x90, 0x3,
    0xc5, 0x5f, 0xfe, 0x31, 0x0, 0xf1, 0x89, 0x17,
    0x80, 0x3f, 0xbd, 0x13, 0xc2, 0x1, 0xf9, 0x3f,
    0xfc, 0x1, 0xf8, 0xee, 0xfe, 0x30, 0xc,

    /* U+542C "听" */
    0x0, 0xfc, 0x26, 0xb1, 0x41, 0xbf, 0xf7, 0x6,
    0x6d, 0x4e, 0x7e, 0x9, 0xcf, 0x48, 0x80, 0x2e,
    0xd5, 0x2e, 0xc2, 0x66, 0x13, 0x10, 0x70, 0xf,
    0xfe, 0x7b, 0xcf, 0xff, 0x68, 0x7, 0xd3, 0xfe,
    0x2a, 0xec, 0x0, 0xf0, 0x98, 0x6, 0x11, 0x0,
    0x78, 0xc0, 0x3f, 0x57, 0xd0, 0x0, 0x5c, 0x3,
    0xea, 0xfb, 0x34, 0x2, 0x0, 0xf5, 0xb8, 0x26,
    0xfa, 0x0, 0x7c, 0xc4, 0x0, 0x34, 0xe0, 0xf,
    0xf0, 0xe9, 0xa8, 0x4, 0x60, 0x1f, 0x2f, 0x0,
    0x71, 0x80, 0x70, 0xd9, 0x0, 0x6e, 0x60, 0x0,

    /* U+542F "启" */
    0x0, 0xfc, 0x20, 0x1f, 0xfc, 0x8, 0xc0, 0xf,
    0xfe, 0x5, 0x93, 0x0, 0x7d, 0xdf, 0xf6, 0x4,
    0xff, 0xcc, 0x1, 0xb3, 0xff, 0xe1, 0x0, 0xff,
    0xe3, 0xaa, 0x27, 0xc2, 0x1, 0x86, 0xe2, 0x3e,
    0x33, 0x0, 0x6c, 0xcf, 0xe5, 0x0, 0x20, 0x3e,
    0xef, 0xe8, 0x0, 0x18, 0x81, 0xff, 0xf8, 0x44,
    0x0, 0xc4, 0x0, 0x11, 0x79, 0xc0, 0x2, 0x98,
    0x1, 0xff, 0x40, 0x30, 0xf, 0xff, 0x90, 0x9,
    0x9c, 0x0, 0x3d, 0xde, 0x30, 0x2a, 0x90, 0x1,
    0x88, 0xf9, 0xc0,

    /* U+544A "告" */
    0x0, 0x84, 0x80, 0xd, 0xe0, 0x1f, 0xe9, 0xc0,
    0xf, 0xfe, 0x13, 0x38, 0x88, 0x0, 0x23, 0xc0,
    0x1a, 0x5, 0xff, 0xd2, 0x1f, 0xfa, 0xc0, 0x21,
    0x78, 0xee, 0xa4, 0x3b, 0xb5, 0x0, 0x43, 0xae,
    0x1, 0xff, 0xc0, 0x2f, 0xdf, 0xfd, 0x21, 0xff,
    0xe2, 0x27, 0xff, 0xff, 0x8, 0x80, 0x2d, 0xdf,
    0xf0, 0x80, 0x71, 0x57, 0x77, 0xac, 0x80, 0x3e,
    0x23, 0x3f, 0x10, 0x7, 0xff, 0x32, 0xbf, 0xfd,
    0x60, 0x1f, 0xa7, 0xbb, 0xd4, 0x1, 0xf7, 0xb0,
    0x8f, 0x97, 0x84, 0x0,

    /* U+5468 "周" */
    0x0, 0x3f, 0xff, 0xfc, 0x1, 0x8f, 0xfe, 0xb7,
    0xff, 0xb0, 0x3, 0x8, 0x1, 0x11, 0x8a, 0x88,
    0x10, 0xf, 0xd1, 0x2a, 0x51, 0x5, 0x0, 0xf3,
    0x86, 0x6c, 0x1e, 0x61, 0x0, 0x3e, 0x8f, 0xf5,
    0x1f, 0x7f, 0x94, 0x3, 0x70, 0xc7, 0xfe, 0xef,
    0xe2, 0x0, 0xc2, 0x61, 0xdf, 0xfc, 0xe, 0x1,
    0x97, 0x80, 0x17, 0xfe, 0xd0, 0xf, 0x8c, 0xc0,
    0x1c, 0x60, 0x1e, 0x50, 0x50, 0x5, 0xff, 0xb8,
    0x3, 0xd0, 0x82, 0x1d, 0xff, 0xb4, 0x90, 0x40,
    0x5b, 0xc0, 0x3e, 0x1c, 0x96, 0x1, 0xb4, 0x0,
    0xf8, 0xff, 0xa0, 0x0,

    /* U+547D "命" */
    0x0, 0xff, 0xe5, 0xcc, 0x80, 0x3f, 0xf8, 0x28,
    0xce, 0x20, 0x1f, 0xf1, 0xdd, 0x36, 0x8, 0x7,
    0xf2, 0x6c, 0xac, 0x27, 0xa0, 0x7, 0x86, 0x6a,
    0x50, 0x89, 0x6f, 0x76, 0x40, 0xa, 0x78, 0xff,
    0x7f, 0xf3, 0xe8, 0xdd, 0x80, 0x3, 0x72, 0x53,
    0xd9, 0x8e, 0xd1, 0x9c, 0x90, 0x4, 0x3e, 0x44,
    0x31, 0x17, 0x22, 0x18, 0xe4, 0x1, 0xd7, 0x62,
    0x0, 0xd, 0xd8, 0x80, 0x3f, 0xf9, 0x73, 0x23,
    0x0, 0xe3, 0x0, 0xfb, 0x30, 0x1, 0x8b, 0x85,
    0x40, 0x30, 0xba, 0xab, 0x50, 0x0, 0x57, 0xc2,
    0x1, 0x8a, 0x0, 0x6, 0x20, 0x12, 0x88, 0x7,
    0xff, 0x1c,

    /* U+548C "和" */
    0x0, 0xf8, 0x80, 0x3f, 0x91, 0x5e, 0xb7, 0x46,
    0x1, 0xfa, 0x65, 0x89, 0x1a, 0x62, 0x89, 0xc0,
    0xd, 0xcf, 0x35, 0x20, 0x5b, 0x88, 0x4d, 0x80,
    0x7f, 0x87, 0x31, 0x22, 0x15, 0xfe, 0xb2, 0xff,
    0x80, 0x3e, 0xaf, 0xf2, 0x97, 0xfc, 0x1, 0xfc,
    0x4a, 0x10, 0xc0, 0x1f, 0xe8, 0x10, 0xe9, 0x30,
    0xf, 0xc8, 0xb0, 0xc, 0x9c, 0x1, 0xf0, 0xd4,
    0x10, 0x2, 0x60, 0x0, 0x66, 0x20, 0x6, 0xab,
    0x80, 0x44, 0xa0, 0x3f, 0xeb, 0x0, 0x7d, 0x0,
    0x7c, 0x39, 0x89, 0x10, 0x31, 0x1, 0x30, 0x9,
    0x6c, 0x0, 0xb6,

    /* U+54CD "响" */
    0x0, 0xf8, 0x40, 0x3f, 0xf8, 0x35, 0x80, 0x1c,
    0xac, 0xd0, 0x4, 0xb4, 0x1, 0xd7, 0x9f, 0x21,
    0xfe, 0x19, 0xff, 0xca, 0x13, 0x20, 0xb, 0x3f,
    0xf8, 0x40, 0xc0, 0x3f, 0xf9, 0x19, 0xff, 0x0,
    0x7f, 0x86, 0xb8, 0x3, 0xff, 0x80, 0x22, 0x0,
    0xff, 0xe3, 0xa2, 0x80, 0x7f, 0xc7, 0xb8, 0x1,
    0x86, 0xfc, 0x3, 0xa6, 0x4e, 0x1, 0x67, 0xfc,
    0x1, 0x51, 0x4, 0x0, 0x78, 0x50, 0x41, 0x4,
    0x3, 0xf1, 0x4a, 0xa8,

    /* U+5524 "唤" */
    0x0, 0xf8, 0x48, 0x3, 0xff, 0x83, 0x18, 0x20,
    0x1d, 0x79, 0x90, 0x81, 0xb0, 0x6e, 0x60, 0x40,
    0xb, 0x50, 0x60, 0x5a, 0xdb, 0xec, 0xe2, 0x0,
    0x35, 0x40, 0x3c, 0x49, 0x33, 0x27, 0x80, 0x7c,
    0x76, 0xd9, 0x8d, 0x18, 0xc1, 0x0, 0xf3, 0x17,
    0x41, 0x6f, 0x98, 0x7, 0xf1, 0x28, 0x11, 0x80,
    0x7f, 0xf1, 0xd8, 0xc0, 0x98, 0x9, 0x40, 0x8c,
    0x8, 0x42, 0x3c, 0x2e, 0x4b, 0xa4, 0x33, 0xcf,
    0xd0, 0xfb, 0x16, 0x73, 0x26, 0x60, 0x66, 0x4a,
    0x42, 0x14, 0x20, 0x8, 0x59, 0x4a, 0x0, 0xb0,
    0x80, 0x25, 0xc6, 0xc0, 0xb7, 0xd6, 0x0, 0xe9,
    0xa5, 0xf2, 0x1, 0xd4, 0xa0, 0xe, 0x9f, 0x91,
    0x0, 0xd3, 0x80,

    /* U+552F "唯" */
    0x0, 0xf2, 0xd9, 0x24, 0x80, 0x64, 0x4c, 0x0,
    0xc7, 0x26, 0x62, 0x0, 0x55, 0x1f, 0x64, 0xe,
    0x86, 0x2c, 0x6, 0x80, 0x8, 0xb0, 0x1, 0x8a,
    0x47, 0xb7, 0xc4, 0x0, 0xc0, 0x34, 0x87, 0x5f,
    0x8d, 0xdb, 0x0, 0x39, 0x94, 0x4, 0x4e, 0x2,
    0x42, 0x1, 0xd0, 0xc1, 0xbf, 0x43, 0xf9, 0x0,
    0x1d, 0x10, 0xc, 0xed, 0x1e, 0xe4, 0x80, 0x73,
    0x8, 0x7, 0xf8, 0x8c, 0x3, 0x7e, 0xe8, 0x77,
    0x52, 0x0, 0xbf, 0x0, 0xdd, 0x94, 0x39, 0x88,
    0x3, 0x9c, 0x40, 0x8, 0x44, 0xe0, 0x23, 0x0,
    0x6b, 0x20, 0x6, 0xfe, 0xf, 0xfd, 0x1c, 0x80,
    0x1d, 0xbf, 0xfb, 0xb9, 0x0, 0x1f, 0xfc, 0x1,
    0x10, 0x0,

    /* U+5582 "喂" */
    0x12, 0x28, 0x13, 0xff, 0xe5, 0xf, 0x9b, 0xd2,
    0x71, 0xfd, 0xf, 0xf1, 0x8, 0x3, 0xe4, 0x2,
    0x1f, 0xd0, 0xff, 0x10, 0x7, 0xe1, 0xfd, 0xf,
    0xf1, 0x0, 0x7f, 0x8, 0x80, 0x44, 0x1, 0xfc,
    0x79, 0xc5, 0x98, 0x0, 0xf8, 0x43, 0xbb, 0xe7,
    0x0, 0xe7, 0x9c, 0x8e, 0xe4, 0xcd, 0x4, 0x17,
    0xe0, 0xd4, 0x5f, 0x21, 0x52, 0x56, 0x41, 0x7e,
    0x1, 0xc8, 0x6d, 0xc0, 0x1e, 0x43, 0x0, 0x86,
    0x26, 0xa0, 0x0, 0xae, 0x16, 0x20, 0x8, 0xb6,
    0x59, 0x60, 0x5, 0x98, 0x4, 0x24, 0xf4, 0x15,
    0x32, 0xe1, 0x0, 0xe1, 0xab, 0x0, 0x9f, 0xb4,
    0x40,

    /* U+5668 "器" */
    0x0, 0x4f, 0xf7, 0x3d, 0x17, 0xfb, 0xb0, 0x6,
    0x17, 0xee, 0x1b, 0x89, 0xf7, 0x34, 0xc0, 0x39,
    0xbb, 0x84, 0x0, 0x2e, 0xe6, 0x80, 0x74, 0x77,
    0x6a, 0x3e, 0xd6, 0xed, 0x0, 0x89, 0x51, 0x33,
    0xea, 0x2a, 0xc8, 0x80, 0x3, 0x77, 0x69, 0x15,
    0x9c, 0x7f, 0xee, 0x0, 0x12, 0xed, 0xc6, 0x17,
    0xa2, 0x2c, 0x9b, 0xb0, 0x2, 0xff, 0xdd, 0x9a,
    0x85, 0x9f, 0xf7, 0x70, 0x42, 0x9c, 0x9a, 0x70,
    0xcd, 0x90, 0xa0, 0x9e, 0x20, 0x20, 0xbd, 0xc1,
    0x0, 0xf, 0x72, 0x58, 0x3, 0x84, 0x88, 0x20,
    0x1, 0x22, 0x30, 0x7, 0x9b, 0x74, 0x60, 0x3,
    0xdd, 0x80, 0x38, 0x5b, 0x74, 0x6e, 0xe3, 0xdd,
    0x80, 0x3a, 0x60, 0x1, 0x88, 0x8c, 0x0, 0x1e,
    0x80, 0x0,

    /* U+56DB "四" */
    0x5f, 0xff, 0xfe, 0x2, 0x80, 0xff, 0xb8, 0x33,
    0x1, 0xff, 0x8, 0x7, 0x8, 0x10, 0x7, 0xfc,
    0x40, 0x20, 0x1f, 0xf3, 0x90, 0x7, 0xff, 0x3,
    0x90, 0x3, 0xfe, 0x34, 0xb0, 0x8, 0x40, 0x3c,
    0x5a, 0xe4, 0x4, 0x1d, 0xec, 0x1, 0x99, 0xe0,
    0x0, 0x3d, 0xba, 0x60, 0xc, 0x92, 0x1, 0x84,
    0x88, 0x1, 0xc2, 0x3f, 0xe0, 0x8, 0x7b, 0xbf,
    0xc2, 0x6, 0x3f, 0xff, 0xe1, 0x36, 0xf0, 0xf,
    0xf7, 0x30,

    /* U+56DE "回" */
    0x3f, 0xff, 0xfe, 0x0, 0x80, 0x3b, 0xbf, 0xb4,
    0x3, 0x8, 0xff, 0x0, 0x7d, 0xdf, 0xfb, 0x80,
    0x3f, 0xaf, 0xfd, 0x60, 0x1f, 0xfd, 0xa9, 0xcc,
    0x48, 0x80, 0x7e, 0xa9, 0x88, 0x4d, 0x80, 0x7e,
    0x44, 0xf0, 0x7, 0xff, 0x23, 0xff, 0xfb, 0x40,
    0x37, 0xff, 0xf6, 0x80, 0xf, 0xc0, 0x3f, 0x8b,
    0x84,

    /* U+56E0 "因" */
    0x5f, 0xff, 0xfe, 0x2, 0x88, 0xbf, 0xf6, 0x4f,
    0xfe, 0x11, 0x0, 0x79, 0x2c, 0x3, 0xf8, 0xcc,
    0x5e, 0x24, 0x43, 0x10, 0xe, 0xcd, 0xc7, 0x3c,
    0xc6, 0xb0, 0x7, 0x7f, 0x71, 0x1b, 0xba, 0x70,
    0xf, 0x85, 0x10, 0x60, 0x1f, 0xeb, 0x38, 0xc8,
    0x0, 0xf8, 0xad, 0xf5, 0x71, 0xb0, 0x40, 0x3a,
    0x43, 0x4, 0xf, 0x18, 0x40, 0x3a, 0xec, 0x20,
    0x11, 0x50, 0x6, 0x1f, 0xff, 0xf0, 0x80, 0x8b,
    0xbb, 0xfc, 0x22, 0x5f, 0x11, 0xff, 0x72, 0x80,

    /* U+56F4 "围" */
    0x5f, 0xff, 0xfe, 0x2, 0x88, 0xbf, 0xf3, 0x6f,
    0xfe, 0x11, 0x0, 0x53, 0x33, 0x44, 0xcc, 0x1,
    0xeb, 0xb8, 0x7e, 0xee, 0x0, 0xf2, 0xff, 0x86,
    0xff, 0xc8, 0x1, 0xe7, 0xdd, 0x16, 0xec, 0xc0,
    0x1c, 0x28, 0x67, 0x29, 0x9c, 0x1, 0xc5, 0xf1,
    0x1, 0xa8, 0xfc, 0x0, 0xe3, 0xbb, 0x8b, 0xe6,
    0x88, 0x3, 0xfe, 0x89, 0x40, 0xf, 0xe3, 0x8,
    0xd9, 0x0, 0xc3, 0x99, 0x87, 0xba, 0xcc, 0x8,
    0x0, 0x7b, 0xb6, 0xff, 0x76, 0x11, 0x80, 0x8b,
    0xfd, 0xca,

    /* U+56FA "固" */
    0x5f, 0xff, 0xfe, 0x7, 0x0, 0xee, 0xec, 0xad,
    0xdd, 0x20, 0x20, 0x45, 0x9e, 0x88, 0xb1, 0x80,
    0x6d, 0xee, 0x50, 0x77, 0x4a, 0x1, 0xdf, 0x98,
    0x81, 0xcc, 0x90, 0x3, 0x88, 0xb0, 0x11, 0x42,
    0x1, 0xef, 0xf5, 0x8f, 0xf9, 0x80, 0x3f, 0x67,
    0x74, 0x40, 0x1f, 0xc2, 0x38, 0x3, 0xfd, 0x9d,
    0xd1, 0x0, 0x7e, 0xdc, 0xcd, 0xae, 0x1, 0x8,
    0x22, 0x19, 0xbc, 0xa9, 0xa0, 0x1, 0x99, 0xff,
    0x30, 0x2f, 0x6e, 0xff, 0xbb, 0x80,

    /* U+56FE "图" */
    0x5f, 0xff, 0xfe, 0x2, 0x88, 0xbf, 0xe9, 0x7f,
    0xfe, 0x20, 0xe, 0x29, 0x7f, 0xf8, 0xc0, 0x3c,
    0x3e, 0x5d, 0xe8, 0xa6, 0x1, 0xed, 0x57, 0xa8,
    0x7a, 0x0, 0xfb, 0x62, 0x51, 0xe8, 0x3, 0xe1,
    0x7b, 0xd8, 0xa8, 0xe9, 0x30, 0xc, 0x35, 0x98,
    0x9c, 0xdb, 0x22, 0x0, 0x76, 0x39, 0x69, 0x6a,
    0xd8, 0x80, 0x78, 0x7a, 0x7b, 0xc0, 0x3f, 0x87,
    0x4e, 0xbc, 0x3, 0xe2, 0x28, 0x6f, 0x20, 0x8a,
    0x30, 0x0, 0xe6, 0x76, 0xc6, 0x64, 0x20, 0x22,
    0xee, 0xff, 0x11, 0xaf, 0x80, 0x7f, 0xb5, 0x80,

    /* U+5706 "圆" */
    0x4f, 0xff, 0xfe, 0x2, 0xb8, 0xff, 0x9d, 0x13,
    0xbb, 0xcc, 0x3, 0x8f, 0x22, 0x24, 0x10, 0xf,
    0xd5, 0xff, 0x0, 0x80, 0x7d, 0x5f, 0xdd, 0x68,
    0x80, 0x78, 0xf3, 0xff, 0x9c, 0x3, 0xe3, 0xc9,
    0x96, 0x27, 0x80, 0x7e, 0x1e, 0xd1, 0x0, 0xfe,
    0x20, 0x4c, 0x4c, 0xd0, 0xf, 0x1e, 0x40, 0x35,
    0xfa, 0x80, 0x7a, 0x75, 0xb4, 0xf5, 0xb4, 0x40,
    0x38, 0x6f, 0xcc, 0xb, 0x6c, 0x40, 0x21, 0xf7,
    0x9e, 0xff, 0xba, 0x7c, 0xc1, 0xc7, 0xff, 0xfc,
    0x66, 0x4e, 0x0, 0xff, 0x63, 0x0,

    /* U+5728 "在" */
    0x0, 0xf2, 0x58, 0x80, 0x7f, 0xf0, 0x75, 0x84,
    0x3, 0xf1, 0x2a, 0x24, 0xee, 0x44, 0xf8, 0x0,
    0xf3, 0x10, 0x91, 0x68, 0x8f, 0x80, 0xb, 0x99,
    0x3a, 0xe6, 0x16, 0xb3, 0x30, 0x7, 0x12, 0xc0,
    0x1, 0x78, 0x3, 0xf3, 0x7c, 0x90, 0x7, 0xfc,
    0x50, 0xcf, 0xdb, 0xa3, 0x6d, 0xd7, 0x0, 0x47,
    0x82, 0x43, 0x5d, 0xc3, 0x7e, 0xe5, 0x0, 0xb,
    0x11, 0x80, 0x8, 0x66, 0x1, 0x33, 0x20, 0x0,
    0xae, 0x80, 0x3f, 0xf8, 0x48, 0x1, 0xff, 0xc7,
    0x22, 0xc0, 0x24, 0x51, 0x80, 0x63, 0x8, 0xff,
    0x85, 0x3f, 0xed, 0x0, 0xe3, 0xad, 0xdf, 0xdc,
    0x0,

    /* U+5730 "地" */
    0x0, 0x1f, 0x8, 0x6, 0x2f, 0x10, 0xf, 0x84,
    0x0, 0x2a, 0x1, 0xff, 0xc2, 0x3a, 0x0, 0xff,
    0xe3, 0x93, 0x5a, 0x0, 0xe7, 0x6, 0xd8, 0x0,
    0xa8, 0x33, 0x50, 0x0, 0x33, 0x61, 0x3b, 0x41,
    0xa8, 0x1d, 0x60, 0x19, 0x54, 0x9, 0xca, 0x1d,
    0xc0, 0xf, 0xfa, 0x3c, 0x4, 0x3, 0x9c, 0x3,
    0xff, 0x82, 0x20, 0x1f, 0xfc, 0x27, 0xe2, 0x30,
    0xe, 0x6d, 0x0, 0xe4, 0xad, 0x0, 0xc, 0x70,
    0x65, 0x80, 0x46, 0xe4, 0xa1, 0x44, 0x27, 0x5d,
    0x6c, 0x60, 0x81, 0x22, 0x27, 0x50, 0x5, 0xb8,
    0x80, 0x5, 0x6f, 0xbb, 0x4b, 0x90,

    /* U+573A "场" */
    0x0, 0xac, 0x80, 0x3f, 0xf8, 0x28, 0x20, 0xbf,
    0xff, 0x8, 0x7, 0x97, 0xba, 0xd2, 0x4c, 0x10,
    0xf, 0x84, 0x45, 0x97, 0x63, 0x2, 0xba, 0x8,
    0xb1, 0x8, 0xed, 0x60, 0x8, 0xa2, 0x1, 0xd0,
    0x5e, 0xe5, 0x9f, 0xf7, 0x1, 0x90, 0x31, 0x9a,
    0xa0, 0x78, 0xa2, 0x40, 0x3f, 0x2e, 0xa0, 0x92,
    0x1, 0x80, 0x7c, 0x6b, 0x28, 0x6, 0x2, 0x1,
    0xaf, 0x17, 0x98, 0xf9, 0x40, 0x5c, 0x16, 0x81,
    0x11, 0x6d, 0x26, 0xb2, 0x1e, 0x7, 0x47, 0xb9,
    0x13, 0x65, 0xac, 0x60, 0x1, 0x3e, 0x92, 0x0,
    0x3a, 0xe2, 0xc9, 0xaa, 0x88, 0x4, 0x3, 0x15,
    0x3d, 0x83, 0x50, 0x50, 0x7, 0x8b, 0xa4, 0x0,
    0xbd, 0xa4,

    /* U+5747 "均" */
    0x0, 0xfc, 0x20, 0x1f, 0xde, 0xa0, 0x14, 0xe8,
    0x7, 0xe1, 0x0, 0xc9, 0x40, 0x1f, 0xfc, 0x1,
    0x30, 0x66, 0xc6, 0x2, 0x20, 0x0, 0x83, 0x8e,
    0x6e, 0xd2, 0x81, 0xdc, 0x1a, 0xe4, 0xb9, 0xbb,
    0xc4, 0x0, 0xee, 0xd, 0x70, 0x92, 0x40, 0x6,
    0x10, 0x11, 0x0, 0x7, 0x1c, 0x5d, 0x80, 0x3f,
    0xd3, 0x5, 0x5a, 0x0, 0x33, 0x0, 0x7f, 0x2c,
    0xd8, 0x7, 0xff, 0x0, 0xf0, 0x40, 0x2, 0x1,
    0xbb, 0x86, 0x11, 0x91, 0x40, 0x20, 0x77, 0xe2,
    0x2b, 0x3b, 0x6c, 0x60, 0x9, 0xc9, 0xa7, 0xe9,
    0x42, 0x30, 0xc0, 0x38, 0x75, 0x80, 0x31, 0x90,
    0x24, 0xe0, 0x10, 0x7, 0xf9, 0xd8, 0x24, 0x40,

    /* U+574F "坏" */
    0x0, 0xf, 0x90, 0x2a, 0x27, 0xca, 0x1, 0xf4,
    0x46, 0xba, 0x88, 0x84, 0x3, 0xdb, 0x99, 0x6,
    0xe6, 0x34, 0x4f, 0xf8, 0x37, 0xd0, 0x0, 0x80,
    0x60, 0x18, 0xf7, 0x41, 0x9a, 0x80, 0xd, 0x0,
    0x28, 0x6, 0x23, 0x1, 0x20, 0x0, 0xb0, 0x25,
    0x18, 0x7, 0xfa, 0xc, 0x11, 0x78, 0x3, 0xe2,
    0x3, 0x78, 0x0, 0x59, 0x38, 0x7, 0x4e, 0x9f,
    0x43, 0x80, 0x5, 0xe0, 0x45, 0x1e, 0x5, 0x9e,
    0xec, 0x1, 0xa5, 0x40, 0xdd, 0xdd, 0x36, 0x14,
    0x1, 0xc3, 0x42, 0x5d, 0x22, 0x11, 0xa0, 0x1f,
    0xe1, 0x0, 0xc2, 0x1, 0xff, 0xcd,

    /* U+5757 "块" */
    0x0, 0xfe, 0x20, 0xf, 0xc7, 0xe0, 0x18, 0xb4,
    0x40, 0x3f, 0xf9, 0xf5, 0x9c, 0x1b, 0x9e, 0xa0,
    0x2, 0xed, 0xd, 0xca, 0xce, 0xd, 0xc1, 0x10,
    0x0, 0xbe, 0x83, 0x34, 0x3, 0xfe, 0x17, 0x1,
    0x10, 0x7, 0xff, 0xc, 0xd1, 0xe, 0x8, 0x80,
    0x35, 0x0, 0xf5, 0xf7, 0x24, 0x2f, 0x93, 0x78,
    0x3, 0xdb, 0x75, 0x62, 0x17, 0x54, 0xb0, 0x1,
    0xd8, 0x7f, 0x0, 0x2a, 0x12, 0x40, 0x32, 0x62,
    0xc7, 0x58, 0xc0, 0x34, 0x3a, 0x0, 0x49, 0x9a,
    0xe2, 0x10, 0xfe, 0x5, 0x36, 0x80, 0x11, 0x80,
    0x6, 0xde, 0xc8, 0x0, 0xd1, 0x72, 0x1, 0xf6,
    0xa0, 0x6, 0x7a, 0xe0,

    /* U+578B "型" */
    0x0, 0xff, 0xe0, 0x63, 0x0, 0x3f, 0xfe, 0x53,
    0xc0, 0xe, 0xfc, 0x1f, 0xd0, 0xf5, 0x72, 0x0,
    0xf3, 0x98, 0x7, 0xfc, 0xee, 0xd3, 0x7a, 0x8,
    0x60, 0xf, 0x7f, 0x28, 0x71, 0x0, 0x88, 0x3,
    0xd1, 0x20, 0xd3, 0x1, 0x2e, 0x1, 0x8c, 0x1,
    0x7, 0x20, 0x1c, 0x9c, 0x64, 0x0, 0x87, 0xa1,
    0x3, 0x55, 0x0, 0x50, 0x68, 0x11, 0xaa, 0x0,
    0x1e, 0xb0, 0xa, 0xf4, 0x40, 0x3, 0xff, 0xac,
    0x7f, 0xf4, 0x80, 0x47, 0xba, 0xee, 0x50, 0xf7,
    0x5b, 0x0, 0x2, 0x20, 0x0, 0xcc, 0x0, 0x33,
    0x80, 0xc8, 0x3b, 0x77, 0xa8, 0x77, 0x7c, 0x60,

    /* U+57DF "域" */
    0x0, 0xfe, 0x11, 0x0, 0x7d, 0xac, 0x1, 0xc9,
    0xc5, 0x2e, 0x1, 0x84, 0xc0, 0x39, 0x80, 0xb6,
    0x40, 0x3e, 0x33, 0x11, 0x18, 0xd, 0xa8, 0xc0,
    0x3d, 0x9b, 0x98, 0xb0, 0xdc, 0xae, 0x2, 0x61,
    0xc4, 0xfe, 0xec, 0x19, 0xdc, 0xd0, 0x11, 0x19,
    0x8b, 0x3b, 0xa3, 0x1, 0x4e, 0x20, 0x37, 0x2f,
    0x61, 0x8e, 0x0, 0xb, 0x90, 0x10, 0x7, 0xfc,
    0x44, 0xf4, 0x0, 0xff, 0xe0, 0x37, 0xa7, 0x80,
    0x78, 0x42, 0x7c, 0x43, 0x1c, 0x94, 0x3, 0xa3,
    0x75, 0xff, 0x1a, 0xa, 0x80, 0x49, 0xc4, 0xba,
    0x4, 0xfa, 0x68, 0x1, 0x40, 0xac, 0xf4, 0x1e,
    0xe7, 0x71, 0xe6, 0x16, 0x9c, 0x85, 0xc0, 0x5,
    0x1d, 0x2d, 0x70, 0xf6, 0x8c, 0x60, 0x1c, 0xa0,
    0x5, 0xb7, 0x4, 0xe9, 0x0,

    /* U+57FA "基" */
    0x0, 0xcb, 0xe0, 0x1b, 0x58, 0x3, 0xc4, 0x43,
    0x12, 0x2c, 0x2, 0x46, 0x1, 0xa2, 0x68, 0x66,
    0x71, 0x54, 0xf8, 0x6, 0xab, 0x81, 0x88, 0xc5,
    0x76, 0xc0, 0xf, 0x87, 0xff, 0x10, 0x7, 0xfd,
    0x77, 0x84, 0x3, 0xfc, 0x24, 0x58, 0xc0, 0x3d,
    0x59, 0x89, 0x19, 0x9c, 0x57, 0x98, 0xd0, 0x7,
    0x7f, 0x40, 0x4f, 0x74, 0x8f, 0xdf, 0x20, 0x4,
    0x31, 0xb8, 0x51, 0x92, 0xa7, 0xa3, 0x40, 0x0,
    0xc6, 0x32, 0x12, 0xa1, 0x1f, 0x26, 0x28, 0x3,
    0x4f, 0x73, 0xbe, 0x3, 0xf1, 0x71, 0x20, 0x1,
    0x94, 0x6b, 0x98, 0xa1, 0xcf, 0x71, 0x9d, 0x0,
    0xaf, 0xbb, 0x58, 0xf7, 0x6c, 0x0, 0x0,

    /* U+586B "填" */
    0x0, 0xfe, 0x28, 0x0, 0xf8, 0xfc, 0x1, 0xfd,
    0xcc, 0x7e, 0xec, 0x1, 0x84, 0x1, 0xdd, 0x32,
    0xf7, 0x5e, 0x1, 0xf0, 0xe6, 0xb2, 0x6e, 0xac,
    0x40, 0x17, 0xe3, 0x8e, 0x5, 0x19, 0x8f, 0xb6,
    0x0, 0xbe, 0x82, 0x14, 0x1, 0x79, 0x94, 0x8,
    0x4, 0x8a, 0x28, 0x40, 0xa, 0xff, 0xa0, 0x3,
    0xfe, 0x9d, 0xda, 0xc0, 0x3f, 0xe4, 0x4c, 0xe0,
    0x1f, 0x19, 0x80, 0x1d, 0x99, 0x10, 0x6, 0x3a,
    0x1e, 0x5f, 0x18, 0xbb, 0x9c, 0xfc, 0x83, 0x8f,
    0x35, 0xbf, 0x23, 0xfe, 0x8e, 0xf2, 0xd, 0xa3,
    0x0, 0x36, 0x70, 0x5, 0xb8, 0x40, 0x1e, 0xd8,
    0xb9, 0x0, 0xa9, 0x7c, 0x3, 0xdd, 0xc4, 0x0,
    0xe8, 0xf0,

    /* U+589E "增" */
    0x0, 0xf8, 0xd4, 0x2, 0x81, 0x0, 0x8b, 0xc4,
    0x0, 0xf4, 0x60, 0x8c, 0x60, 0x1f, 0x5c, 0x17,
    0xe5, 0x7, 0x50, 0x7, 0x9a, 0x73, 0x8f, 0x31,
    0x4e, 0x28, 0xe0, 0xa6, 0x1b, 0x46, 0x0, 0xce,
    0x5, 0x98, 0x8, 0x90, 0xe4, 0x50, 0xa3, 0xd0,
    0x4d, 0xf0, 0xda, 0x32, 0xc5, 0xa, 0xe0, 0xf,
    0xcb, 0x3d, 0x85, 0xfd, 0xc, 0x1, 0xeb, 0xff,
    0xfa, 0xc0, 0x3c, 0x7b, 0xff, 0xda, 0x80, 0x1a,
    0x34, 0x1, 0xbb, 0xc2, 0x7, 0x7a, 0x43, 0xc2,
    0x1f, 0xfc, 0x20, 0x44, 0xcd, 0x83, 0x0, 0x7f,
    0xf0, 0x80, 0xc9, 0x80, 0x77, 0xff, 0x8, 0x7,
    0xc2, 0x1f, 0xfc, 0x20,

    /* U+58F0 "声" */
    0x0, 0xf9, 0x7c, 0x3, 0xe6, 0xff, 0xea, 0xf,
    0xfe, 0xd0, 0x6e, 0xff, 0xd4, 0x3f, 0xfb, 0xb0,
    0x2, 0x21, 0x18, 0xc0, 0x46, 0x23, 0x10, 0x2,
    0x67, 0xfd, 0x1, 0xff, 0x66, 0x0, 0x25, 0xee,
    0xff, 0x80, 0x23, 0xff, 0xff, 0x70, 0x7, 0x67,
    0x72, 0x87, 0xba, 0x90, 0xf, 0x84, 0x40, 0x1,
    0x18, 0xc0, 0x33, 0x87, 0x6e, 0xac, 0x77, 0x6b,
    0x0, 0xc4, 0x3f, 0xf6, 0x6f, 0xfd, 0x22, 0x1,
    0x6a, 0x11, 0x7e, 0x6c, 0x0, 0x22, 0x24, 0x3,
    0xf0, 0x98, 0xd, 0x29, 0x80, 0x7f, 0xc3, 0x56,
    0x1, 0xff, 0xc0,

    /* U+5904 "处" */
    0x0, 0xff, 0xe3, 0x9f, 0x18, 0x6, 0xf3, 0x0,
    0xf9, 0x44, 0xc0, 0x3f, 0xf8, 0x38, 0x82, 0x30,
    0x7, 0xfc, 0xa9, 0xdd, 0x38, 0x7, 0xf2, 0x87,
    0xfc, 0x24, 0x0, 0x5e, 0x20, 0xd, 0x0, 0x18,
    0x5c, 0x0, 0xa9, 0xe2, 0x0, 0x63, 0x25, 0x4,
    0x12, 0x0, 0xa8, 0x70, 0x45, 0x31, 0x52, 0x18,
    0x80, 0x1d, 0xce, 0x22, 0xb6, 0x61, 0xb3, 0x3c,
    0x3, 0x8a, 0x80, 0x8, 0x3, 0x12, 0xa, 0x1,
    0xff, 0xc0, 0x40, 0x21, 0x0, 0xff, 0x9b, 0x21,
    0xfd, 0x85, 0x44, 0x3, 0x93, 0x22, 0xde, 0xe6,
    0x5c, 0xd0, 0xef, 0x11, 0x29, 0xbd, 0x0, 0xf,
    0xf4, 0xad, 0x31, 0x44, 0x4e, 0xa1, 0x0, 0xe5,
    0x9c, 0xef, 0xd0,

    /* U+5907 "备" */
    0x0, 0xff, 0xe4, 0x62, 0x0, 0x7f, 0xf0, 0x1c,
    0x9c, 0x8b, 0x80, 0x3c, 0x70, 0xb1, 0x33, 0x67,
    0x80, 0x71, 0xe8, 0x8a, 0xee, 0xf1, 0xe0, 0xc,
    0x3a, 0xdc, 0x38, 0x2b, 0x54, 0x30, 0xc, 0x3f,
    0x1, 0x6f, 0xd5, 0x45, 0x0, 0xf8, 0xdf, 0x15,
    0x8a, 0xa8, 0xc8, 0x64, 0x9d, 0xda, 0x7a, 0x77,
    0x6c, 0x9c, 0xb4, 0xae, 0x36, 0xaf, 0xfb, 0x21,
    0x7b, 0xe4, 0x10, 0x4e, 0xff, 0xc3, 0x9f, 0xe0,
    0xf, 0xd5, 0xba, 0x1d, 0xd8, 0x3, 0xf5, 0xe6,
    0x6, 0xb3, 0x0, 0x1f, 0xc2, 0x20, 0x71, 0x10,
    0x7, 0xea, 0xff, 0xe, 0x7f, 0x80, 0x3e, 0x3b,
    0xff, 0xf0, 0x6,

    /* U+590D "复" */
    0x0, 0xc5, 0x20, 0x1f, 0xfc, 0x2e, 0x54, 0x4f,
    0xc4, 0x1, 0xac, 0x9b, 0xbb, 0xef, 0x70, 0x1,
    0xeb, 0x39, 0x17, 0xea, 0x50, 0x5, 0x53, 0x9b,
    0x33, 0xe7, 0x30, 0xa, 0x5c, 0x1, 0x55, 0xf0,
    0x18, 0x7, 0x87, 0xbb, 0xe0, 0xf, 0xc3, 0xff,
    0xf0, 0x18, 0x7, 0x1f, 0x14, 0x7f, 0xf8, 0x80,
    0x3d, 0x65, 0x1f, 0xfd, 0x0, 0x1c, 0x36, 0xc6,
    0xff, 0xf3, 0x14, 0x0, 0x75, 0xe, 0x7b, 0x59,
    0x4a, 0xe0, 0x7, 0xae, 0x80, 0xf1, 0x75, 0xa4,
    0x3, 0xc9, 0x13, 0x7d, 0xed, 0x6f, 0x1d, 0xcc,
    0xa2, 0x6, 0x1e, 0xe7, 0xec, 0x24, 0x6f, 0x55,
    0x8, 0x80,

    /* U+5916 "外" */
    0x0, 0x92, 0x44, 0x2, 0xe6, 0x0, 0xfd, 0xa8,
    0x20, 0x11, 0x80, 0x7f, 0x3d, 0x80, 0x7f, 0xf0,
    0x50, 0x67, 0xfd, 0xc0, 0x1f, 0xe8, 0x5e, 0xe3,
    0x98, 0x4, 0xc0, 0x1c, 0xa7, 0x62, 0x22, 0x40,
    0x0, 0xc4, 0x80, 0x47, 0x51, 0x22, 0xb, 0xa0,
    0x1, 0xc6, 0x70, 0x0, 0xbb, 0x8b, 0xe4, 0x50,
    0x2, 0x2b, 0x84, 0x2, 0x80, 0xa6, 0x64, 0x80,
    0x72, 0x3c, 0x80, 0x78, 0x9c, 0x3, 0xd1, 0x80,
    0x19, 0x9f, 0xc0, 0x3f, 0x8, 0x5, 0x13, 0x64,
    0x1, 0xfe, 0x3c, 0x6c, 0x40, 0xc, 0x60, 0x1e,
    0x3b, 0xf3, 0x0, 0xf0, 0x80, 0x70,

    /* U+591A "多" */
    0x0, 0xe9, 0x20, 0xf, 0xfa, 0x5c, 0x48, 0xb8,
    0x3, 0xd, 0xb9, 0x7f, 0x75, 0xb4, 0x1, 0x37,
    0x96, 0xc6, 0x64, 0xeb, 0x0, 0x1, 0xcd, 0x96,
    0xb5, 0x2c, 0x2a, 0x0, 0x86, 0x8c, 0x16, 0x2b,
    0xd6, 0x40, 0x38, 0x96, 0x32, 0xa6, 0xd9, 0x0,
    0x31, 0x6c, 0x7, 0xe8, 0xc8, 0x57, 0x75, 0x5,
    0xfb, 0x1, 0x95, 0x9f, 0xdc, 0xb1, 0xa0, 0x2,
    0xde, 0x5c, 0xc8, 0x0, 0x37, 0x4, 0x0, 0x23,
    0xe7, 0x57, 0xa2, 0xc4, 0x70, 0x9, 0xe0, 0x40,
    0x7d, 0x75, 0x28, 0x3, 0xc6, 0xd7, 0xa9, 0x92,
    0x1, 0x16, 0xf7, 0xe5, 0x66, 0xd9, 0x80, 0x62,
    0x8b, 0xcf, 0xc7, 0x20, 0xf, 0x0,

    /* U+5927 "大" */
    0x0, 0xfa, 0x18, 0x3, 0xff, 0x84, 0x98, 0x1,
    0xff, 0xc2, 0x73, 0x0, 0xff, 0xe1, 0x88, 0x7,
    0xe4, 0x54, 0x4c, 0xc4, 0x89, 0x2a, 0xc0, 0xd,
    0xba, 0xac, 0x4b, 0x55, 0x5d, 0xa4, 0x1, 0x3d,
    0xdc, 0x9, 0xdd, 0xd8, 0x1, 0xf1, 0x82, 0x10,
    0x7, 0xff, 0x2, 0x55, 0xa4, 0x3, 0xfe, 0x45,
    0x88, 0x23, 0x0, 0x7f, 0x15, 0x39, 0xc, 0xc8,
    0xc0, 0x3e, 0x3c, 0x28, 0x0, 0x33, 0x31, 0x0,
    0x30, 0xce, 0x2e, 0x0, 0x69, 0x5b, 0x80, 0x1,
    0x73, 0x45, 0x80, 0x7a, 0x9d, 0xd6, 0x5, 0x5a,
    0xe0, 0x1f, 0xa3, 0x24, 0x0,

    /* U+5931 "失" */
    0x0, 0xf9, 0x54, 0x1, 0xfe, 0x22, 0x0, 0x3f,
    0xc0, 0x1f, 0xeb, 0xe0, 0x8, 0xc0, 0x3f, 0xcf,
    0x64, 0x41, 0x32, 0x28, 0xc8, 0x3, 0x38, 0xce,
    0x61, 0x17, 0x32, 0xda, 0x0, 0x86, 0x6b, 0xba,
    0x47, 0xee, 0xd0, 0x1, 0x32, 0xa8, 0x2, 0x7f,
    0x0, 0xfc, 0x7c, 0x89, 0x87, 0x91, 0x38, 0xc0,
    0x11, 0x31, 0x18, 0x9a, 0x23, 0xac, 0x1, 0x99,
    0xd4, 0x22, 0x9c, 0xcd, 0x0, 0x1e, 0x18, 0x85,
    0xd1, 0x80, 0x7f, 0x16, 0x23, 0x2b, 0xe3, 0x80,
    0x7c, 0xfa, 0xf4, 0x0, 0x89, 0x8e, 0x83, 0x0,
    0x47, 0x44, 0x28, 0x3, 0x37, 0x23, 0xc0, 0x3,
    0x5b, 0x9c, 0x3, 0xc3, 0x5d, 0x40,

    /* U+5934 "头" */
    0x0, 0xfc, 0x5a, 0x60, 0x1f, 0x97, 0x90, 0x0,
    0x24, 0x40, 0xf, 0xcb, 0x37, 0x42, 0x0, 0x10,
    0xf, 0xe7, 0xc6, 0x0, 0xff, 0xe, 0xb8, 0x1e,
    0xb, 0x80, 0x7e, 0x1a, 0x8d, 0x30, 0x0, 0x90,
    0x7, 0xe7, 0xe6, 0x60, 0x0, 0xc4, 0x3, 0xe5,
    0x45, 0xf1, 0x44, 0x60, 0x22, 0x65, 0x10, 0xaa,
    0xf9, 0x4a, 0xab, 0x59, 0x7, 0xf7, 0x76, 0x6,
    0x77, 0x71, 0x80, 0x7d, 0xec, 0x10, 0x1, 0xfe,
    0x2d, 0x19, 0x16, 0xe4, 0x0, 0xfa, 0x35, 0x30,
    0xf, 0x9a, 0xe8, 0x2, 0x39, 0xf5, 0xb9, 0x0,
    0xd1, 0x69, 0x60, 0x3, 0x35, 0x6a, 0x0, 0x79,
    0x3e, 0x80,

    /* U+5939 "夹" */
    0x0, 0xf5, 0xc8, 0x7, 0xff, 0x4, 0x40, 0x3e,
    0x54, 0x4c, 0xe4, 0x89, 0xc0, 0x9, 0xff, 0xc4,
    0xff, 0xfb, 0x80, 0x18, 0x11, 0x76, 0x5a, 0xbb,
    0x43, 0xc0, 0x4, 0x3c, 0x0, 0x71, 0x0, 0x4b,
    0x90, 0x5, 0x64, 0xe0, 0x19, 0x16, 0x40, 0x4,
    0x43, 0x94, 0x21, 0x11, 0x1a, 0x81, 0x94, 0xe6,
    0x23, 0x70, 0xa3, 0x25, 0x33, 0x62, 0xfb, 0xb6,
    0x83, 0x27, 0x76, 0xa0, 0xe, 0xf6, 0x94, 0x60,
    0xf, 0xd4, 0x12, 0x1b, 0x2c, 0x1, 0xc9, 0xcd,
    0xa0, 0x3, 0xb9, 0x90, 0x83, 0x65, 0xb6, 0x8,
    0x4, 0x98, 0x9e, 0xc2, 0x9d, 0x0, 0x1e, 0x3d,
    0x65,

    /* U+5957 "套" */
    0x0, 0xff, 0xe4, 0xeb, 0x0, 0x7c, 0x24, 0x23,
    0x29, 0x28, 0x8e, 0x22, 0x3, 0x67, 0xfd, 0x43,
    0xbd, 0xcf, 0xf6, 0x78, 0x3f, 0x74, 0xe7, 0xdc,
    0xc0, 0xde, 0xe6, 0x80, 0x6a, 0x67, 0xaa, 0x49,
    0x63, 0x80, 0x65, 0xd7, 0x38, 0x99, 0xba, 0xed,
    0xf4, 0x51, 0x71, 0x3, 0xee, 0xea, 0xcb, 0x22,
    0x47, 0xa8, 0x1e, 0x67, 0x81, 0x20, 0x0, 0x20,
    0x3, 0xff, 0xed, 0x0, 0xfc, 0x7f, 0xfd, 0xa0,
    0x19, 0xbf, 0xd4, 0x7d, 0xdd, 0xbf, 0xee, 0x7,
    0xee, 0x79, 0xb7, 0xfc, 0xe9, 0xdc, 0xc0, 0x11,
    0xa0, 0x24, 0x2, 0xd4, 0xd0, 0x20, 0xa, 0x9c,
    0xbb, 0xfd, 0xd0, 0x66, 0xc1, 0x0, 0xba, 0x2f,
    0x7f, 0xdd, 0xb9, 0xb2, 0x20,

    /* U+597D "好" */
    0x0, 0x96, 0x0, 0x3f, 0xf8, 0x58, 0x60, 0x1,
    0x44, 0xf8, 0x3, 0x16, 0x80, 0xf, 0xff, 0xae,
    0x80, 0x8, 0x6a, 0x6, 0x62, 0xbb, 0xc2, 0x2d,
    0x0, 0x4f, 0xd, 0x76, 0x10, 0x0, 0x70, 0x7c,
    0xc0, 0x1b, 0x49, 0x92, 0x4, 0x0, 0x53, 0xb1,
    0x0, 0xd7, 0xa1, 0x88, 0x23, 0x0, 0x4, 0x60,
    0x1, 0x1b, 0x82, 0x6f, 0xf7, 0x2c, 0x3b, 0xa7,
    0x4, 0x4, 0x23, 0x7e, 0xff, 0x60, 0x7f, 0xce,
    0xd, 0x54, 0xc5, 0x10, 0xf, 0xf9, 0x64, 0x58,
    0x40, 0x3f, 0xe3, 0x89, 0xf, 0x20, 0xf, 0xe5,
    0xc8, 0x6c, 0x25, 0x0, 0x30, 0x7, 0x1d, 0x4b,
    0x0, 0x31, 0xc7, 0xe9, 0x40, 0x31, 0xf3, 0x0,
    0x70, 0xd6, 0x50, 0x6,

    /* U+5982 "如" */
    0x0, 0xc6, 0x1, 0xff, 0xc2, 0xc5, 0x0, 0xff,
    0xe0, 0x18, 0x28, 0x7, 0xff, 0x1, 0x48, 0x3,
    0x44, 0xce, 0x30, 0xfe, 0x92, 0xee, 0x50, 0x30,
    0x77, 0x19, 0xc3, 0x7c, 0x67, 0xdc, 0xc0, 0xf5,
    0xdc, 0x20, 0x2, 0x31, 0x61, 0x21, 0x0, 0xfe,
    0x53, 0x0, 0x36, 0x80, 0x7f, 0x5d, 0x80, 0x4,
    0xe0, 0x1f, 0x88, 0xc8, 0x10, 0x48, 0x3, 0xf1,
    0xbd, 0x5f, 0xa0, 0x7, 0xf0, 0xc7, 0x2, 0x8,
    0x80, 0x2, 0x30, 0x7, 0x1a, 0xa9, 0xfc, 0xc2,
    0xbb, 0x82, 0x0, 0x18, 0xd9, 0xac, 0x92, 0x3b,
    0xff, 0x8, 0xde, 0xd6, 0xe0, 0x7, 0x10, 0xd,
    0x2e, 0x39, 0xc8, 0x1, 0xdc, 0x80, 0x7, 0x20,

    /* U+59CB "始" */
    0x0, 0xff, 0xe3, 0x26, 0x80, 0x75, 0xa8, 0x7,
    0xc4, 0x20, 0x18, 0xd1, 0x80, 0x3e, 0xe5, 0x0,
    0xd2, 0xc6, 0x8, 0x1, 0x25, 0xb2, 0x5d, 0x84,
    0xd2, 0x1, 0x6c, 0xc0, 0xf, 0x82, 0xa6, 0x81,
    0xd6, 0x20, 0xad, 0xa2, 0x6, 0xe1, 0x16, 0x32,
    0x57, 0xdf, 0xc8, 0x1a, 0x0, 0x42, 0x5, 0x55,
    0x4e, 0xff, 0xbb, 0x7e, 0x0, 0x18, 0x81, 0x86,
    0x4e, 0x26, 0x45, 0x1a, 0x0, 0x10, 0x41, 0x2c,
    0x33, 0x77, 0xc2, 0x0, 0xa6, 0xc0, 0x30, 0x19,
    0xff, 0xb0, 0x4, 0x0, 0xde, 0x60, 0x40, 0x1f,
    0xfc, 0x4, 0x16, 0xd3, 0x0, 0xff, 0x15, 0xc4,
    0x24, 0x82, 0x7f, 0xec, 0x0, 0x8b, 0x15, 0x81,
    0x84, 0x23, 0xba, 0xb0, 0x8, 0xd6, 0x80, 0x30,
    0x8f, 0x38, 0x8, 0xd, 0x88, 0x6, 0xd6, 0x0,
    0x8f, 0xc4, 0x0,

    /* U+5B50 "子" */
    0x0, 0xff, 0xe3, 0x5f, 0xff, 0xf9, 0x0, 0x35,
    0xff, 0xfb, 0x90, 0x21, 0x0, 0x3f, 0xcd, 0xe5,
    0xce, 0x1, 0xfe, 0xc8, 0xa9, 0x10, 0xf, 0xf8,
    0x61, 0x0, 0x3e, 0x54, 0x4e, 0x3f, 0x44, 0xe5,
    0x11, 0x4f, 0xff, 0xa, 0x7f, 0xf7, 0x18, 0xe5,
    0xdf, 0x15, 0xdf, 0xc4, 0x1, 0xff, 0xeb, 0x30,
    0xf, 0xfe, 0xd, 0x70, 0xa8, 0x7, 0xff, 0x3,
    0xe7, 0xc, 0x3, 0xe0,

    /* U+5B54 "孔" */
    0x0, 0xfe, 0x6f, 0x0, 0xf7, 0x7f, 0xf9, 0xcc,
    0x40, 0x3d, 0xbb, 0xa8, 0x9, 0x40, 0x3f, 0x19,
    0x10, 0x2d, 0xb4, 0x80, 0x3f, 0xc3, 0x8d, 0x20,
    0x1f, 0xfc, 0x3, 0x19, 0x0, 0xff, 0xe1, 0x93,
    0xd8, 0x7, 0xf8, 0xe8, 0x33, 0x78, 0x3, 0xf1,
    0x76, 0x28, 0x75, 0x28, 0x7, 0xe2, 0x8d, 0xf0,
    0xf, 0xfe, 0xb, 0x10, 0x7, 0xff, 0x38, 0xa0,
    0x40, 0x7, 0x40, 0x20, 0x18, 0x50, 0xad, 0xc0,
    0x2b, 0x76, 0x0, 0xc8, 0x57, 0xad, 0x2, 0x0,
    0x9e, 0x90, 0xc, 0x3b, 0xff, 0x38, 0x0,

    /* U+5B57 "字" */
    0x0, 0xff, 0xe4, 0x26, 0x0, 0x7f, 0xf0, 0x54,
    0x64, 0x3, 0xe4, 0xff, 0xdc, 0x4d, 0xff, 0xca,
    0x0, 0x1f, 0xff, 0xf1, 0x0, 0x1d, 0x0, 0x84,
    0x7e, 0x5, 0x60, 0x3a, 0x5d, 0xee, 0xf9, 0x60,
    0xc0, 0x25, 0xff, 0xe8, 0x8, 0x50, 0xf, 0xe2,
    0xca, 0xd7, 0x0, 0xc2, 0x42, 0x3a, 0x8f, 0xcc,
    0x46, 0x20, 0xad, 0xee, 0xce, 0x1b, 0xdd, 0xb4,
    0xaf, 0xff, 0xa4, 0x7f, 0xfc, 0x40, 0x1f, 0xfd,
    0x63, 0x8a, 0x30, 0xf, 0xf8, 0x55, 0xe4, 0x3,
    0xe0,

    /* U+5B58 "存" */
    0x0, 0xff, 0xe5, 0x37, 0x90, 0x7, 0xff, 0x6,
    0x94, 0x80, 0x3f, 0xf, 0xfe, 0x35, 0xff, 0xf5,
    0x80, 0x7, 0x75, 0xc8, 0xbd, 0xde, 0xda, 0x0,
    0x88, 0xd9, 0x20, 0x47, 0xc4, 0x20, 0x19, 0x22,
    0xd, 0xff, 0xf2, 0x0, 0x68, 0x27, 0x4d, 0xee,
    0xa4, 0x11, 0x40, 0x2b, 0x26, 0x0, 0x10, 0x8a,
    0xe2, 0xac, 0x40, 0x14, 0xb0, 0x2, 0x45, 0x96,
    0x1c, 0x88, 0x0, 0x9d, 0x20, 0x4d, 0xdc, 0x13,
    0xbb, 0x10, 0x19, 0x80, 0xb, 0xff, 0x86, 0xbf,
    0xe2, 0x0, 0xff, 0xec, 0x38, 0x4, 0x6c, 0x22,
    0x0, 0xf9, 0x70, 0x2, 0x5b, 0x64, 0x0, 0xc0,

    /* U+5B88 "守" */
    0x0, 0xf1, 0x0, 0x7f, 0xf0, 0x7, 0x5c, 0x3,
    0xfe, 0x17, 0xc0, 0xf, 0x17, 0xff, 0x3a, 0x7f,
    0xf2, 0x80, 0x2f, 0x77, 0xf8, 0x3, 0x31, 0x17,
    0x2, 0x91, 0x0, 0x5, 0x84, 0x1, 0xcf, 0x0,
    0xf, 0x54, 0x65, 0x5f, 0x60, 0x2a, 0xc9, 0xb3,
    0x3f, 0x20, 0x4c, 0xdb, 0x39, 0xd9, 0x9d, 0x3,
    0x99, 0x48, 0xe, 0xb0, 0x7, 0xfc, 0x35, 0x28,
    0x1, 0xff, 0x2b, 0x48, 0x7, 0xff, 0x2, 0x70,
    0x3, 0xff, 0x82, 0x20, 0xaa, 0xf0, 0xf, 0xfb,
    0x29, 0xec, 0x3, 0xfd, 0x3f, 0xaa, 0x1, 0x80,

    /* U+5B89 "安" */
    0x0, 0xf1, 0x80, 0x7f, 0xf0, 0xb, 0x10, 0x3,
    0xfe, 0x27, 0xf0, 0xf, 0xbb, 0xff, 0x3a, 0x7f,
    0xed, 0x0, 0xa7, 0xfd, 0x79, 0xff, 0xa4, 0xc0,
    0x4, 0x60, 0xf, 0xf0, 0x6, 0x30, 0xb, 0x14,
    0x5, 0x20, 0x3, 0x2f, 0x0, 0x8e, 0x61, 0x51,
    0x1f, 0x15, 0x7f, 0xd0, 0x1f, 0xf7, 0x73, 0xfd,
    0x97, 0xdc, 0x81, 0xee, 0xc8, 0xbd, 0xd0, 0x0,
    0x61, 0xc0, 0x23, 0x48, 0x0, 0xe3, 0x65, 0xfb,
    0x6e, 0x72, 0x0, 0xe2, 0x8c, 0xe0, 0x92, 0x21,
    0x80, 0x78, 0x57, 0x52, 0x70, 0x33, 0x8, 0x7,
    0x5b, 0xd1, 0x7c, 0xc7, 0x5a, 0xf7, 0x6, 0x15,
    0xba, 0x71, 0x0, 0x8a, 0xed, 0x20,

    /* U+5B8C "完" */
    0x0, 0xff, 0xe5, 0x16, 0x88, 0x7, 0xe1, 0x1e,
    0x3, 0xa1, 0x1f, 0x0, 0x37, 0xbb, 0x68, 0xa7,
    0x77, 0x78, 0x4, 0xdf, 0xff, 0xea, 0x0, 0x9c,
    0x44, 0x86, 0x7e, 0x40, 0x1, 0x80, 0x2e, 0x12,
    0xb7, 0x7d, 0x44, 0xba, 0x1, 0x97, 0xbb, 0xf1,
    0x0, 0x43, 0xdb, 0xbf, 0xfc, 0xe, 0x11, 0x57,
    0x74, 0xf, 0xd0, 0x51, 0xdd, 0x50, 0x82, 0x19,
    0xc5, 0xa6, 0xe0, 0xe6, 0x72, 0x0, 0x72, 0x2,
    0x0, 0x7f, 0xf0, 0x60, 0xcc, 0x1, 0xe3, 0x70,
    0x8, 0xf4, 0xb8, 0x3, 0x21, 0x12, 0xa4, 0x7,
    0x30, 0x38, 0x40, 0x2, 0x39, 0xdd, 0x35, 0x80,
    0xcd, 0xe1, 0x0, 0x6c, 0xff, 0xca, 0x0,

    /* U+5B8F "宏" */
    0x0, 0xf8, 0xc0, 0x3f, 0xf8, 0x2d, 0x86, 0x1,
    0xff, 0xc0, 0x63, 0x50, 0xf, 0x87, 0xff, 0x8e,
    0x7f, 0xf6, 0x0, 0x4, 0x2f, 0xfd, 0x2f, 0xff,
    0xa0, 0x3, 0x3a, 0x80, 0x35, 0x0, 0x31, 0xd8,
    0x5, 0x2, 0x2, 0x92, 0x1, 0x91, 0xc0, 0x19,
    0xff, 0x70, 0x57, 0xff, 0x94, 0x3f, 0x32, 0x8,
    0xdd, 0xec, 0xb4, 0x3, 0x3a, 0x89, 0xc3, 0x80,
    0x88, 0x68, 0x20, 0x12, 0x34, 0x85, 0x91, 0x81,
    0x0, 0x71, 0x53, 0x21, 0x35, 0x89, 0xea, 0x0,
    0x45, 0x8b, 0x21, 0xcc, 0xa0, 0x69, 0x20, 0x2,
    0xd5, 0xb1, 0xb1, 0xb2, 0x34, 0xc2, 0x70, 0x2b,
    0xb0, 0x22, 0xb, 0x76, 0x9b, 0x29, 0x0, 0x20,
    0x1, 0x67, 0x3b, 0xfb, 0x73, 0xec, 0x0,

    /* U+5B98 "官" */
    0x0, 0xf0, 0x80, 0x7f, 0xf0, 0x1f, 0xc4, 0x3,
    0xfe, 0x73, 0x40, 0xf, 0x77, 0xff, 0x15, 0x7f,
    0xf2, 0x85, 0x7f, 0xff, 0x84, 0x19, 0x84, 0x89,
    0xf8, 0x19, 0x90, 0x69, 0x71, 0x1d, 0x36, 0x30,
    0x60, 0x10, 0xe6, 0x77, 0x80, 0x7c, 0x3f, 0xfd,
    0xa0, 0x60, 0x1c, 0x3f, 0xff, 0x10, 0x7, 0x84,
    0x7f, 0x0, 0x70, 0xff, 0xfb, 0xb0, 0x3, 0x87,
    0xbb, 0xd2, 0x1, 0xe1, 0x33, 0xf7, 0x0, 0x7d,
    0xdd, 0xe6, 0x0, 0xe1, 0xd, 0xdf, 0x41, 0x80,
    0x0,

    /* U+5B9A "定" */
    0x0, 0xf9, 0x0, 0x3f, 0xf8, 0x43, 0x6e, 0x1,
    0xff, 0xc1, 0x18, 0xe0, 0xf, 0xc7, 0xdd, 0xd2,
    0xfd, 0xdc, 0xa0, 0x10, 0xe7, 0xff, 0xf0, 0x80,
    0x42, 0xc4, 0x23, 0xfc, 0xec, 0x0, 0x29, 0x7f,
    0xff, 0xe8, 0x30, 0xc, 0xdb, 0xdc, 0x91, 0xee,
    0xb4, 0x3, 0xe1, 0x18, 0xc0, 0x46, 0x20, 0xf,
    0x26, 0x10, 0x4, 0x45, 0x18, 0x80, 0x77, 0x21,
    0x0, 0x7, 0x32, 0xd6, 0x0, 0xc4, 0x80, 0x18,
    0x7b, 0xb3, 0x80, 0x69, 0x20, 0xb1, 0x0, 0xff,
    0x42, 0x75, 0x97, 0x48, 0xa1, 0x91, 0xa2, 0x81,
    0xbc, 0x98, 0x4e, 0x29, 0xd6, 0x6e, 0x5f, 0x1,
    0xf3, 0x0, 0x47, 0x39, 0xdf, 0xfa, 0xc0,

    /* U+5B9E "实" */
    0x0, 0xff, 0xe3, 0x8f, 0x30, 0x7, 0xfc, 0x2b,
    0x40, 0x1e, 0x4f, 0xfe, 0x43, 0xff, 0xe6, 0x0,
    0x77, 0xfe, 0xef, 0xfc, 0x1, 0x8, 0x95, 0xc0,
    0x5, 0xe6, 0x0, 0x33, 0x27, 0x0, 0xd6, 0xa0,
    0x0, 0x80, 0x18, 0xa0, 0xb2, 0xbb, 0x44, 0xe0,
    0x20, 0x1c, 0xe5, 0xcc, 0xec, 0x24, 0x1, 0xe2,
    0xba, 0x30, 0x1, 0x30, 0x7, 0x77, 0xfa, 0xa9,
    0xfe, 0x84, 0xff, 0xdd, 0x9b, 0xdd, 0xa4, 0x33,
    0x7b, 0x9b, 0x84, 0x41, 0x19, 0x26, 0x49, 0xe8,
    0x24, 0x40, 0x0, 0xb6, 0x55, 0x19, 0x8b, 0x58,
    0x80, 0x99, 0xd0, 0x9c, 0xa0, 0x31, 0xcd, 0x6e,
    0x97, 0x6e, 0x81, 0x0, 0xc3, 0x56, 0xc0,

    /* U+5BA1 "审" */
    0x0, 0xf0, 0x80, 0x7f, 0xf0, 0xb, 0x98, 0x3,
    0xc2, 0x3c, 0x66, 0xa1, 0x1f, 0x77, 0x78, 0xcd,
    0xdd, 0xd2, 0x35, 0xff, 0xb6, 0x3f, 0xf2, 0x81,
    0x8, 0x6, 0x68, 0x0, 0xd9, 0xb8, 0xdf, 0xfa,
    0xc3, 0xff, 0x2a, 0x80, 0xc3, 0x7f, 0xd6, 0x3f,
    0xf0, 0x80, 0x70, 0x8e, 0x1, 0x18, 0x3, 0xd9,
    0xdc, 0xa1, 0xee, 0x84, 0x3, 0xbb, 0xfd, 0x63,
    0xff, 0x8, 0x7, 0x66, 0xea, 0x87, 0x76, 0x10,
    0x8, 0xc2, 0x7b, 0x90, 0x1d, 0xd0, 0x80, 0x45,
    0xe8, 0x66, 0x21, 0x33, 0xb8, 0xc0, 0x3f, 0x8,
    0x7, 0xff, 0x0, 0x40, 0x3e,

    /* U+5BB9 "容" */
    0x0, 0xf8, 0x40, 0x3f, 0xf8, 0x45, 0xc8, 0x1,
    0xff, 0xc1, 0x25, 0xd0, 0xf, 0xc7, 0xdd, 0xc8,
    0xfd, 0xdc, 0x80, 0x10, 0xf7, 0x7d, 0xfd, 0xc0,
    0xc, 0x2c, 0x9, 0xca, 0x0, 0x5e, 0x70, 0x96,
    0x0, 0x15, 0x5d, 0x5a, 0xcd, 0xae, 0x5f, 0x11,
    0x0, 0x2b, 0xce, 0x57, 0x67, 0x23, 0xc8, 0x10,
    0xd, 0xe, 0x13, 0x5d, 0x78, 0xc0, 0xc8, 0x1,
    0xcd, 0xc1, 0xa2, 0xfb, 0x5d, 0x4, 0x0, 0x2a,
    0xfb, 0x2, 0xbb, 0xa1, 0xc1, 0x37, 0x0, 0x8e,
    0xf4, 0x7a, 0x23, 0x87, 0xb9, 0xe0, 0x9, 0x40,
    0x3, 0x99, 0xf0, 0x0, 0x4c, 0x3, 0xcc, 0x45,
    0xc0, 0x1f, 0xe8, 0xee, 0xe0, 0xf, 0xf7, 0x66,
    0x77, 0x90, 0x4,

    /* U+5BBD "宽" */
    0x0, 0xff, 0xe4, 0xdc, 0x0, 0x7c, 0x67, 0xe1,
    0x63, 0x3f, 0x6, 0xf7, 0xfe, 0x62, 0xff, 0xdd,
    0xa0, 0xb, 0xcc, 0x48, 0x66, 0x6, 0x33, 0x10,
    0x0, 0x42, 0xdf, 0xa3, 0xff, 0x15, 0xfd, 0xa6,
    0x5, 0x27, 0xf4, 0x9f, 0xf8, 0xaf, 0x64, 0x48,
    0x2, 0x21, 0x30, 0xc, 0xe4, 0x40, 0xe, 0xaf,
    0xa3, 0xff, 0x16, 0x7a, 0x80, 0x71, 0xb7, 0xea,
    0xef, 0xf8, 0x44, 0x1, 0xf9, 0xd4, 0x58, 0x3,
    0xf1, 0x80, 0x31, 0x1a, 0x40, 0x2, 0x1, 0xd3,
    0x68, 0xd0, 0x2, 0x1c, 0xa0, 0x40, 0x26, 0xd1,
    0x70, 0x60, 0x23, 0x8f, 0x57, 0x72, 0x83, 0x1c,
    0x10, 0xbb, 0xad, 0x75, 0xfb, 0xfa, 0x30, 0x0,
    0xef, 0xfd, 0xd0, 0x0,

    /* U+5BBF "宿" */
    0x0, 0xfa, 0xe0, 0x3, 0xe3, 0x3f, 0x3, 0x19,
    0xf1, 0x6, 0x77, 0xfe, 0x72, 0xff, 0xdb, 0xc0,
    0x31, 0x91, 0x99, 0xfa, 0x40, 0xe, 0xc7, 0x68,
    0x42, 0x3e, 0x4f, 0x9, 0x38, 0x55, 0x66, 0x5d,
    0xf9, 0x8d, 0x50, 0x3, 0x24, 0x8f, 0x6e, 0x8a,
    0x37, 0x5c, 0xc0, 0x70, 0x1, 0x46, 0xe8, 0xa3,
    0x76, 0x2, 0xd8, 0x0, 0x85, 0x33, 0xbf, 0x38,
    0x80, 0xd9, 0x80, 0x18, 0x47, 0xc0, 0x1, 0x80,
    0xe, 0x7f, 0xfd, 0xa0, 0x1f, 0xcf, 0xff, 0xb4,
    0x3, 0xff, 0x98, 0xfd, 0xdb, 0x0, 0x3f, 0x9f,
    0xbb, 0x60, 0x0,

    /* U+5BF9 "对" */
    0x0, 0xff, 0xe0, 0x7a, 0x80, 0x7f, 0xf1, 0xda,
    0x67, 0x80, 0x3f, 0xe1, 0x18, 0xdc, 0x48, 0x46,
    0x3, 0x20, 0x3, 0x44, 0x5a, 0xb7, 0x9f, 0xf0,
    0x46, 0x28, 0x25, 0x0, 0x37, 0x2b, 0xbb, 0x5,
    0xf2, 0x82, 0xbc, 0x82, 0x20, 0x5c, 0x3, 0xf0,
    0xe3, 0xd8, 0x18, 0x42, 0x0, 0x7e, 0x1d, 0x47,
    0x1, 0x78, 0x0, 0xfe, 0x70, 0x61, 0x9, 0x33,
    0x0, 0x7e, 0x98, 0x5a, 0x1, 0xd3, 0x0, 0xfa,
    0x85, 0xed, 0x58, 0x8, 0x3, 0xeb, 0x7d, 0x1,
    0x83, 0x0, 0xe1, 0x0, 0x10, 0x60, 0x80, 0x19,
    0x40, 0x11, 0x80, 0xc0, 0x2, 0xb1, 0x0, 0xfb,
    0x53, 0x8, 0x0,

    /* U+5BFC "导" */
    0x5, 0xff, 0xff, 0x0, 0x61, 0xf, 0xff, 0xac,
    0x40, 0x3f, 0xf9, 0x3f, 0xff, 0x58, 0x80, 0x7b,
    0xbb, 0xf9, 0x4c, 0x0, 0xe0, 0xa0, 0x1f, 0x1c,
    0xf8, 0x0, 0xcd, 0x7d, 0xdf, 0x69, 0x78, 0x5,
    0x9f, 0xfe, 0xc7, 0xfe, 0x30, 0x22, 0x8, 0xfc,
    0xae, 0x22, 0x21, 0xcc, 0x7f, 0xfd, 0x1, 0xfe,
    0xc7, 0xee, 0x6e, 0xbb, 0xba, 0xc7, 0xba, 0x60,
    0x5, 0x68, 0x80, 0x7f, 0xf0, 0x24, 0xe8, 0x3,
    0xff, 0x83, 0xd0, 0x0, 0x4b, 0xb2, 0x80, 0x7c,
    0x66, 0x0, 0x30, 0x4d, 0x0, 0x60,

    /* U+5C04 "射" */
    0x0, 0xff, 0xe3, 0xb7, 0x88, 0x7, 0xbc, 0xc0,
    0x3b, 0x94, 0x40, 0x3f, 0xf8, 0x1e, 0xeb, 0xff,
    0x0, 0x61, 0x0, 0xf6, 0xff, 0xb4, 0x3, 0xff,
    0x81, 0xbf, 0xed, 0xa, 0xff, 0x87, 0x3d, 0x0,
    0x2d, 0xff, 0x68, 0x5f, 0x7f, 0x86, 0xf9, 0x0,
    0x2e, 0xcc, 0x70, 0x2, 0x0, 0x27, 0x10, 0xd,
    0x3f, 0xe9, 0x1, 0x63, 0x0, 0xf1, 0x3, 0x11,
    0x18, 0x0, 0x96, 0x1, 0xcb, 0xa1, 0x9d, 0xcc,
    0x0, 0x76, 0x80, 0x72, 0xff, 0xce, 0x5a, 0x0,
    0x55, 0x0, 0x7e, 0x67, 0xe0, 0xf, 0xf8, 0x66,
    0x56, 0x60, 0x1e, 0x10, 0x8, 0xb9, 0x35, 0x1f,
    0x80, 0x28, 0xd0, 0x30, 0x1, 0x6e, 0x88, 0x9,
    0x70, 0x1, 0x89, 0xa0, 0x10,

    /* U+5C06 "将" */
    0x0, 0xfc, 0x4a, 0x1, 0xfc, 0x5e, 0x20, 0x8,
    0x82, 0x19, 0xe0, 0x3, 0x0, 0x73, 0x28, 0xc7,
    0xfb, 0x2c, 0xa, 0x64, 0x1, 0x3c, 0xe7, 0x66,
    0x14, 0xa0, 0xa, 0x99, 0x40, 0x1f, 0x65, 0xac,
    0xed, 0xc0, 0x12, 0xb9, 0x0, 0x21, 0x5, 0xe6,
    0x58, 0x60, 0x1a, 0x1c, 0x0, 0x75, 0xce, 0xec,
    0xe2, 0x0, 0xeb, 0x0, 0x10, 0x5f, 0xc1, 0x90,
    0x80, 0x66, 0x60, 0x3, 0xd6, 0xbf, 0xdc, 0x19,
    0xe8, 0xd, 0x32, 0x0, 0x7f, 0x57, 0x74, 0x19,
    0xc8, 0x53, 0x8, 0x0, 0x15, 0xa3, 0x10, 0x8,
    0x40, 0xad, 0xc0, 0x32, 0x14, 0x80, 0x7c, 0x80,
    0x1e, 0x9d, 0x0, 0xff, 0xe1, 0x23, 0x25, 0x81,
    0x0, 0x7f, 0xf0, 0x5, 0x1c, 0x40, 0x38, 0xbc,
    0x40, 0x32, 0xf4, 0x0, 0x40,

    /* U+5C0F "小" */
    0x0, 0xf3, 0x78, 0x7, 0xff, 0x0, 0xc4, 0x3,
    0xff, 0xb0, 0x5a, 0x60, 0x1d, 0xa6, 0x1, 0x94,
    0x8c, 0x3, 0x9b, 0xc0, 0x35, 0xa8, 0x7, 0xa0,
    0xd4, 0x0, 0x47, 0xc0, 0x1e, 0x35, 0x80, 0x5,
    0x8a, 0x0, 0x7d, 0x24, 0x82, 0xd2, 0x1, 0xf8,
    0xcd, 0xe4, 0x6c, 0x1, 0xfd, 0xf2, 0x78, 0x20,
    0x1f, 0xc6, 0x40, 0x1c, 0x24, 0x1, 0xff, 0x17,
    0x43, 0x80, 0x7f, 0x8a, 0xf6, 0x40, 0x3c,

    /* U+5C11 "少" */
    0x0, 0xfb, 0xd8, 0x3, 0xff, 0x82, 0x20, 0x1f,
    0xf3, 0x0, 0xc, 0x0, 0x88, 0x0, 0xf2, 0x4a,
    0x0, 0x6c, 0xb6, 0x0, 0xe9, 0x74, 0x0, 0xd1,
    0x33, 0x0, 0x54, 0x30, 0x1, 0xe6, 0xb6, 0x90,
    0x75, 0xe0, 0xf, 0xc9, 0x54, 0x19, 0xa2, 0x0,
    0xf8, 0xd5, 0x46, 0x3e, 0xa0, 0x18, 0xc0, 0x3,
    0xd0, 0x20, 0x1, 0x0, 0xe8, 0x51, 0xd0, 0xc1,
    0x0, 0xfc, 0xcf, 0xe3, 0x82, 0x1, 0xf9, 0x2a,
    0xdf, 0x44, 0x3, 0x9, 0xb4, 0xed, 0x8e, 0x48,
    0x7, 0x9f, 0x20, 0xab, 0xac, 0xc0, 0x3e, 0x6e,
    0xe5, 0xb8, 0x80, 0x7e,

    /* U+5C1D "尝" */
    0x0, 0x18, 0x5, 0xac, 0x0, 0x31, 0x0, 0x97,
    0x10, 0x0, 0x26, 0x0, 0xfa, 0x0, 0x95, 0xec,
    0x80, 0x32, 0x1c, 0x80, 0x8, 0x94, 0xe0, 0x42,
    0x44, 0x96, 0x2, 0x1c, 0xc7, 0xaf, 0xf8, 0x2b,
    0xc1, 0x3f, 0x20, 0xeb, 0x77, 0xfc, 0xe2, 0x60,
    0xff, 0xff, 0x8c, 0x7, 0xd1, 0xfb, 0xff, 0xdc,
    0x73, 0x23, 0x11, 0x0, 0x8f, 0x80, 0x48, 0x7f,
    0xfb, 0xb9, 0xff, 0xd8, 0xdb, 0xdd, 0x58, 0xef,
    0x72, 0x3b, 0xa7, 0x0, 0x92, 0xa8, 0x40, 0x31,
    0x40, 0x1c, 0xf7, 0x64, 0x1, 0x38, 0x5a, 0x0,
    0x8a, 0x2, 0xbf, 0xf5, 0x22, 0xc8, 0x0, 0xa6,
    0xf3, 0xbf, 0xb7, 0x2e, 0x70, 0x0,

    /* U+5C31 "就" */
    0x0, 0x92, 0x0, 0x3a, 0x50, 0x3, 0xe6, 0x63,
    0x80, 0x64, 0x24, 0x20, 0x9, 0x51, 0x99, 0xe8,
    0x83, 0x0, 0x1e, 0xf8, 0x5, 0xdd, 0x11, 0x3b,
    0x96, 0x0, 0x19, 0x36, 0x0, 0x5c, 0x47, 0x5d,
    0x10, 0x11, 0x29, 0x40, 0x3, 0xbd, 0xd6, 0x5c,
    0x79, 0x47, 0xcf, 0x0, 0x6c, 0xca, 0x4e, 0xb4,
    0x77, 0x70, 0x6, 0x21, 0x17, 0x98, 0x0, 0x62,
    0x0, 0x1c, 0x5f, 0xf2, 0x90, 0x8, 0x8, 0x80,
    0x30, 0xf6, 0xbc, 0xd4, 0x2, 0x89, 0x88, 0x6,
    0x1c, 0x50, 0x5, 0xc8, 0x6a, 0x0, 0x7a, 0xd1,
    0x40, 0x1c, 0xc6, 0xdc, 0x1, 0x8, 0xb, 0xc8,
    0x4, 0x5b, 0x26, 0x80, 0x16, 0xa8, 0xe8, 0x43,
    0x88, 0x52, 0xf0, 0x73, 0x51, 0xb8, 0x0, 0x8d,
    0x98, 0x3, 0x64, 0xf, 0x1b, 0x64,

    /* U+5C3E "尾" */
    0x0, 0x6f, 0xff, 0xfb, 0x80, 0x30, 0xc7, 0xff,
    0xea, 0x30, 0xe, 0x8f, 0xff, 0xd4, 0x60, 0x1d,
    0x1d, 0xdf, 0x65, 0xf8, 0x7, 0xa, 0xa3, 0xcd,
    0xef, 0xe4, 0x88, 0x6, 0x10, 0xde, 0xf0, 0x5b,
    0xcf, 0xd0, 0xf, 0xa6, 0xe2, 0x80, 0x8, 0xf2,
    0x80, 0x18, 0x8e, 0x7f, 0xb0, 0x2b, 0x3b, 0x8e,
    0x1, 0xcd, 0x1d, 0xfc, 0x13, 0x56, 0x8c, 0x20,
    0x3, 0x0, 0x4c, 0x55, 0x85, 0xfe, 0x74, 0x98,
    0x1, 0x4, 0x6e, 0xcf, 0xb, 0xfe, 0xdc, 0x30,
    0x5, 0xa1, 0x4b, 0xb2, 0x9, 0x0, 0x49, 0xc0,
    0x47, 0xe0, 0x1c, 0x93, 0xff, 0x5c, 0x1, 0x6a,
    0x80, 0x75, 0x7f, 0xf3, 0x80,

    /* U+5C40 "局" */
    0x0, 0xf, 0xff, 0xfc, 0x1, 0xec, 0xee, 0xfa,
    0xc4, 0x3, 0xdb, 0xff, 0xf5, 0x8, 0x7, 0xaf,
    0x33, 0xf6, 0x80, 0x7f, 0xf1, 0x8, 0x3, 0xaf,
    0x33, 0xfb, 0x44, 0x0, 0x61, 0xdd, 0xfd, 0xa0,
    0x20, 0x6, 0x0, 0x6f, 0x77, 0x18, 0x7, 0x8c,
    0xc0, 0x71, 0x99, 0x8, 0x1, 0xc0, 0x36, 0x20,
    0x19, 0x88, 0xa0, 0xc, 0x20, 0x2, 0x4b, 0x3,
    0xd4, 0x48, 0x2, 0x10, 0xa, 0x4c, 0xc0, 0x87,
    0xff, 0x20, 0x81, 0x18, 0x8, 0x78, 0x2, 0xae,
    0xf8, 0x3e, 0xa0, 0x0,

    /* U+5C42 "层" */
    0x0, 0x27, 0xff, 0xfc, 0x1, 0xc3, 0xdd, 0xfb,
    0x4, 0x3, 0x38, 0xe6, 0x7e, 0xe1, 0x0, 0xe1,
    0xee, 0xfe, 0xc0, 0xc, 0xe0, 0x67, 0xfe, 0x0,
    0xe3, 0x6, 0xff, 0xfb, 0x80, 0x30, 0x88, 0x1f,
    0x7b, 0xbd, 0x80, 0x18, 0xdc, 0x4, 0x84, 0x7c,
    0x40, 0x1b, 0x86, 0xff, 0xff, 0xc4, 0x0, 0x3d,
    0xad, 0xe8, 0x1d, 0xed, 0xce, 0xd2, 0x0, 0x2a,
    0x9, 0x4, 0xd1, 0xd, 0xf0, 0x10, 0x1, 0x0,
    0xc0, 0x76, 0x50, 0x1, 0x61, 0xa0, 0x14, 0xb0,
    0x2, 0xce, 0x3f, 0xec, 0x2, 0xc0, 0x4, 0xc8,
    0x1, 0x15, 0x9d, 0xfe, 0xed, 0xca, 0x0,

    /* U+5C45 "居" */
    0x0, 0x37, 0xff, 0xfc, 0x1, 0xc3, 0xdd, 0xfa,
    0xc4, 0x3, 0x87, 0xbb, 0xf5, 0x88, 0x6, 0x31,
    0xee, 0xd2, 0x3d, 0xd8, 0x3, 0xc2, 0x38, 0xc0,
    0x47, 0x0, 0x63, 0x1f, 0xfd, 0x43, 0xff, 0xc8,
    0x0, 0x12, 0xee, 0xd2, 0x3d, 0xd6, 0xe9, 0x0,
    0x1e, 0xc2, 0x38, 0xc0, 0x46, 0x22, 0x0, 0x46,
    0x60, 0xee, 0xac, 0x7b, 0xb0, 0x6, 0x5c, 0x1,
    0xdf, 0xf7, 0x7f, 0xac, 0x40, 0x23, 0x14, 0x0,
    0x8, 0xfe, 0x0, 0xbd, 0x80, 0x2c, 0xee, 0xea,
    0x10, 0x9, 0x6c, 0x2, 0xdf, 0xfe, 0xb0, 0xd,
    0x24, 0x0, 0xe3, 0x11, 0xe5, 0xf0, 0x0,

    /* U+5C4F "屏" */
    0x0, 0x2f, 0xff, 0xfc, 0x1, 0xc5, 0xff, 0xfb,
    0x44, 0x3, 0x9, 0x7f, 0xfe, 0xd1, 0x0, 0xe2,
    0xff, 0x6d, 0x7f, 0xd5, 0xbe, 0x1, 0xc2, 0x0,
    0x7b, 0x10, 0x5, 0xa0, 0x7, 0x8, 0xa, 0xa,
    0xba, 0x38, 0x12, 0x18, 0x4, 0x6e, 0xbf, 0xe4,
    0xaf, 0xc1, 0x88, 0x20, 0x5, 0xc2, 0x97, 0x62,
    0xfb, 0xb0, 0x6e, 0x38, 0x4, 0x7b, 0x9b, 0xa2,
    0xdd, 0x83, 0x37, 0x88, 0x5, 0xf, 0x73, 0x1,
    0xb9, 0x80, 0xfc, 0xf2, 0x6, 0x14, 0x11, 0x20,
    0x98, 0x88, 0xc, 0x44, 0x0, 0x96, 0x0, 0x25,
    0x40, 0x7, 0xf7, 0xc8, 0x15, 0xc3, 0x0, 0x4,
    0xc, 0x3, 0x8, 0x80, 0xbd, 0xc0, 0x21, 0xf2,
    0x0, 0x80,

    /* U+5C55 "展" */
    0x0, 0x7f, 0xff, 0xc6, 0x1, 0xd7, 0xdd, 0xf8,
    0x40, 0x38, 0x6f, 0xbb, 0xf0, 0xb8, 0x7, 0x67,
    0xf0, 0x67, 0xe0, 0xff, 0x90, 0x3, 0xc6, 0xa0,
    0xc6, 0xa2, 0x68, 0x1, 0xf7, 0xc0, 0x47, 0xd8,
    0x7c, 0x8, 0x7, 0xb3, 0x1, 0xf9, 0xc3, 0x98,
    0x10, 0xe, 0xcf, 0xf0, 0x6f, 0xe0, 0xff, 0xd6,
    0x1, 0xe, 0xf8, 0xe7, 0x9c, 0x7e, 0xc7, 0x50,
    0x0, 0xc0, 0x80, 0x35, 0x48, 0xde, 0x8, 0x80,
    0xa, 0x60, 0x18, 0x9c, 0xb1, 0x2c, 0x3, 0x52,
    0x0, 0x6, 0x35, 0x34, 0x4d, 0x80, 0x22, 0x3a,
    0x2, 0x5, 0xb5, 0x1c, 0x98, 0xf9, 0x2, 0xb2,
    0x2, 0x9e, 0x40, 0x9, 0xfa, 0xac, 0x0,

    /* U+5C5E "属" */
    0x0, 0x27, 0xff, 0xfc, 0x60, 0x13, 0x8f, 0xff,
    0xf0, 0x7, 0x87, 0x77, 0xf8, 0x80, 0x38, 0x72,
    0x65, 0x10, 0xba, 0x57, 0x43, 0x0, 0xe3, 0xed,
    0xcc, 0x48, 0x77, 0xe0, 0x7, 0x89, 0x91, 0x20,
    0xab, 0x8e, 0x0, 0xce, 0x60, 0x59, 0xbe, 0x3b,
    0xae, 0x60, 0xc, 0x2c, 0x3, 0x9b, 0xe3, 0xba,
    0xe0, 0xe, 0xd2, 0xe, 0xcc, 0x70, 0xe6, 0x60,
    0xc, 0x98, 0xfd, 0xfe, 0xd1, 0xff, 0xe1, 0x2,
    0x34, 0x7, 0xee, 0x60, 0xf2, 0x47, 0x80, 0x50,
    0x82, 0x0, 0x8d, 0xc0, 0xd6, 0x83, 0x0, 0x8e,
    0x0, 0x28, 0xce, 0xe6, 0xe5, 0xf0, 0x88, 0x24,
    0xc1, 0xe0, 0x4, 0x3, 0x2f, 0x70, 0x0,

    /* U+5D29 "崩" */
    0x0, 0xf9, 0xb4, 0x3, 0xf5, 0xc8, 0x4, 0x60,
    0x18, 0x7c, 0x80, 0x2, 0xb1, 0x17, 0x1c, 0x45,
    0x20, 0x1a, 0x65, 0xbb, 0x75, 0xee, 0xea, 0x30,
    0x4, 0x4c, 0xe5, 0x49, 0x9e, 0x50, 0x2, 0xa4,
    0x59, 0x80, 0xe, 0xa2, 0x6, 0x20, 0x16, 0xa2,
    0x0, 0x2, 0x8, 0x90, 0x88, 0x2, 0xaf, 0xc0,
    0xd, 0xbf, 0xe1, 0x0, 0xd5, 0xf6, 0x0, 0x10,
    0xdf, 0xf0, 0x80, 0x42, 0x1, 0xc6, 0x6, 0x1,
    0xc2, 0x15, 0xf6, 0x0, 0x60, 0xef, 0xf0, 0x80,
    0x14, 0x3f, 0xd8, 0x0, 0x33, 0x7f, 0xc2, 0x0,
    0xe3, 0x0, 0x28, 0x85, 0x20, 0x4, 0x20, 0x6b,
    0x21, 0x32, 0x66, 0x15, 0x1, 0xe0, 0x31, 0xd2,
    0x84, 0x74, 0x24, 0x90, 0x1a, 0x61, 0x0,

    /* U+5D4C "嵌" */
    0x0, 0xfa, 0x64, 0x1, 0xfd, 0xa8, 0x1, 0x8,
    0x6, 0x6b, 0x0, 0xc2, 0x45, 0x84, 0xc8, 0xa1,
    0x0, 0xe6, 0xae, 0xe9, 0x5b, 0xba, 0xb2, 0x0,
    0xc7, 0xf9, 0xa1, 0xd9, 0xc5, 0xd9, 0x20, 0x19,
    0x1c, 0x0, 0x60, 0xa, 0x34, 0x66, 0x81, 0xf4,
    0xa7, 0x34, 0x3c, 0xd9, 0x7b, 0x95, 0x80, 0xde,
    0x31, 0xdc, 0x9, 0x92, 0xc4, 0x45, 0xc0, 0x24,
    0x62, 0x44, 0x6, 0xc9, 0x6d, 0xc, 0x40, 0xd,
    0x7f, 0xe0, 0x3, 0x17, 0x0, 0x8, 0x3, 0xaf,
    0xfc, 0x1, 0x94, 0x88, 0x1, 0xff, 0xc0, 0x53,
    0x9e, 0x0, 0xe3, 0xbf, 0xf0, 0x0, 0xee, 0xcc,
    0xf6, 0x1, 0xd7, 0xfe, 0x56, 0xd9, 0x50, 0xb1,
    0xd0, 0xb, 0x90, 0x1, 0x49, 0xee, 0x1, 0x56,
    0x0,

    /* U+5DE5 "工" */
    0x3, 0xfe, 0xef, 0xef, 0xb0, 0x8, 0xaf, 0x77,
    0xb, 0xee, 0xd7, 0x0, 0x10, 0xa1, 0x9e, 0x1e,
    0x33, 0x90, 0xc0, 0x3f, 0xff, 0xe0, 0x1f, 0xfe,
    0xb7, 0xee, 0xf0, 0xc7, 0x77, 0x79, 0x2e, 0xef,
    0xb3, 0x1b, 0xbd, 0x64,

    /* U+5DE6 "左" */
    0x0, 0xf0, 0x80, 0x7f, 0xf0, 0xef, 0x40, 0x3f,
    0xf8, 0x42, 0xe0, 0x1f, 0xe4, 0x32, 0x23, 0x19,
    0x17, 0x19, 0x80, 0x3, 0x5b, 0x98, 0x27, 0xcc,
    0xed, 0xf0, 0x0, 0xf7, 0x56, 0x1d, 0xdf, 0x60,
    0x7, 0xbd, 0x40, 0x3f, 0xf8, 0x22, 0xb2, 0x1,
    0xff, 0xc1, 0x90, 0xcf, 0xff, 0x58, 0x7, 0x13,
    0xd6, 0xe9, 0x8b, 0x75, 0x92, 0x1, 0xdc, 0xca,
    0x44, 0x10, 0x22, 0x19, 0x0, 0x6a, 0x19, 0x0,
    0xff, 0xe0, 0x5a, 0x78, 0x7, 0xff, 0x7, 0x74,
    0x6, 0x78, 0x40, 0xcf, 0x80, 0xc, 0x71, 0x99,
    0x98, 0xb3, 0x38, 0x40,

    /* U+5DEE "差" */
    0x0, 0xe1, 0x0, 0xc4, 0x1, 0xfc, 0x5c, 0x60,
    0x16, 0x40, 0x7, 0xe2, 0x5b, 0x0, 0x28, 0x48,
    0x7, 0x2f, 0xf7, 0x11, 0xbb, 0x94, 0x3f, 0xdc,
    0x80, 0x2, 0xef, 0xfd, 0xa3, 0xbd, 0xcf, 0xfa,
    0x40, 0x23, 0x30, 0x1, 0x40, 0x80, 0x23, 0x30,
    0x80, 0x4d, 0x9f, 0xe9, 0xf, 0xfd, 0x9c, 0x1,
    0x9f, 0xba, 0x1a, 0xee, 0xec, 0x0, 0xf, 0xff,
    0xd, 0x7f, 0xfc, 0x3, 0xdf, 0xed, 0x9, 0xff,
    0xfb, 0x80, 0x2, 0x0, 0xe1, 0x41, 0x1e, 0x20,
    0x10, 0x8, 0x70, 0x93, 0x3f, 0xb9, 0xfe, 0xc5,
    0x0, 0x8f, 0x7, 0x2b, 0xb9, 0x5, 0xdd, 0x28,
    0x0, 0xf1, 0xfc, 0x8, 0xaf, 0x2, 0x2e, 0x3,
    0xda, 0x5d, 0xdc, 0xe5, 0xbb, 0xa4, 0x0,

    /* U+5DF2 "已" */
    0x0, 0xff, 0xe1, 0x3f, 0xff, 0xfc, 0x0, 0x6c,
    0xdd, 0xfd, 0x20, 0x10, 0x99, 0x17, 0xf0, 0x6,
    0xa6, 0x0, 0xff, 0xe0, 0x27, 0x0, 0x7f, 0xf0,
    0xd, 0xff, 0xfe, 0xb0, 0xe, 0x7e, 0xef, 0xa8,
    0x4, 0x2, 0xf1, 0x1f, 0x97, 0x84, 0x3, 0xff,
    0x80, 0x20, 0x1f, 0xfc, 0x26, 0x20, 0xf, 0xfe,
    0x4, 0x48, 0xd, 0x22, 0x7e, 0x81, 0xd0, 0x80,
    0xab, 0xbf, 0x99, 0x58,

    /* U+5E03 "布" */
    0x0, 0xf9, 0x0, 0x3f, 0xf8, 0x4b, 0x66, 0x1,
    0xff, 0xc1, 0x94, 0x30, 0xf, 0xdb, 0x99, 0x8d,
    0xb3, 0x3d, 0xa0, 0x8, 0x98, 0x81, 0x24, 0xd4,
    0xc4, 0x69, 0x0, 0x2a, 0x90, 0x86, 0x92, 0xcd,
    0x13, 0x80, 0x31, 0x4d, 0x8, 0x7, 0xfc, 0x3e,
    0x17, 0xdc, 0x29, 0xee, 0xa8, 0x2, 0x2f, 0x10,
    0xbc, 0xc1, 0x46, 0x61, 0xc4, 0x0, 0x7a, 0x58,
    0x2, 0x44, 0x1, 0x22, 0x8, 0x4, 0x75, 0x80,
    0x1f, 0xfc, 0x25, 0x0, 0xff, 0x84, 0x3, 0xff,
    0x80, 0x54, 0xc6, 0x1, 0xe3, 0x70, 0xc, 0x4c,
    0xf0, 0x1, 0xec, 0x30, 0xe, 0xc9, 0x10, 0xf,
    0xfe, 0x30,

    /* U+5E26 "带" */
    0x0, 0xbc, 0x83, 0x1c, 0x7, 0xc0, 0x22, 0x11,
    0x0, 0x88, 0x3c, 0x48, 0x4, 0x45, 0xbd, 0xc0,
    0xce, 0x37, 0xec, 0xe, 0xe6, 0x7f, 0xc1, 0xbe,
    0x71, 0xfa, 0x1f, 0xee, 0x0, 0x90, 0xc2, 0xcc,
    0xd, 0x80, 0x2d, 0xff, 0x27, 0x7c, 0x5f, 0xf3,
    0x7f, 0xb4, 0x27, 0xbb, 0x35, 0x77, 0x6a, 0x1,
    0x21, 0x1c, 0xe6, 0x23, 0x98, 0x71, 0x7b, 0xb0,
    0xcf, 0x76, 0x2c, 0x0, 0xd, 0xe6, 0x6, 0x33,
    0x16, 0x22, 0x0, 0xcc, 0x44, 0x31, 0x22, 0x8,
    0x7, 0xff, 0x2c, 0xc0, 0x17, 0x46, 0x1, 0xf,
    0x18, 0x4, 0x21, 0xf5, 0x80, 0x0,

    /* U+5E27 "帧" */
    0x0, 0xb9, 0x0, 0x31, 0xf8, 0x7, 0xe3, 0x0,
    0xfa, 0xef, 0x8, 0x22, 0xc, 0xc8, 0x20, 0x1a,
    0x22, 0xf1, 0xb, 0xd1, 0xca, 0x40, 0xc, 0x67,
    0x20, 0x5, 0x5, 0xe6, 0x39, 0x8e, 0xc, 0xc9,
    0x0, 0x3f, 0x15, 0x67, 0x6e, 0x88, 0x3, 0xfc,
    0x66, 0xe5, 0x10, 0xf, 0xfe, 0x13, 0x0, 0x7f,
    0xf0, 0xcc, 0x3, 0xf0, 0x98, 0x8, 0x8, 0x8,
    0x7, 0xee, 0x15, 0x53, 0x29, 0x89, 0x4b, 0x0,
    0x10, 0x43, 0xb8, 0x34, 0x31, 0x2d, 0xa2, 0x40,
    0xb, 0x3, 0x11, 0x3, 0x63, 0xab, 0xb4, 0xd0,
    0x7, 0xd5, 0x17, 0x20, 0x9, 0x93, 0x90, 0x5,
    0xc8, 0x15, 0xca, 0x1, 0x9b, 0x48,

    /* U+5E38 "常" */
    0x0, 0x38, 0x5, 0xca, 0x0, 0x72, 0x0, 0xd5,
    0x0, 0x1c, 0x50, 0x20, 0x1a, 0x8, 0x0, 0x60,
    0x8, 0x53, 0x0, 0x7f, 0xa9, 0x7f, 0xc5, 0x5e,
    0xaa, 0xff, 0x28, 0xdf, 0xff, 0xf8, 0x40, 0x2e,
    0xff, 0xfc, 0x64, 0x3c, 0x81, 0x7f, 0xfe, 0x10,
    0xc4, 0x0, 0xab, 0xbb, 0xc2, 0x1, 0xdf, 0xf8,
    0xe3, 0xfd, 0xc6, 0x1, 0x22, 0xae, 0x3e, 0x55,
    0x90, 0x40, 0x15, 0xff, 0x85, 0x3f, 0xea, 0x70,
    0xa, 0xae, 0xe2, 0x9b, 0xb9, 0x0, 0x3f, 0xe1,
    0x26, 0x30, 0x1, 0x0, 0x63, 0x0, 0x46, 0x82,
    0x0, 0x30, 0x40, 0x3d, 0x3f, 0x82, 0x0,

    /* U+5E55 "幕" */
    0x0, 0xee, 0x40, 0x4, 0xc8, 0x3, 0xcf, 0xbb,
    0xc, 0xee, 0x9d, 0xdb, 0xb2, 0x0, 0x1f, 0x76,
    0x19, 0xdd, 0x3b, 0xb7, 0x64, 0x0, 0xd9, 0x83,
    0x8c, 0xc2, 0x23, 0x60, 0x3, 0xc5, 0x3b, 0x99,
    0x6e, 0x9c, 0x40, 0x3e, 0x9b, 0xbf, 0x20, 0x7,
    0xe6, 0xcc, 0xf1, 0x0, 0x7d, 0xbc, 0x50, 0x6,
    0x74, 0x58, 0x6, 0xdd, 0x74, 0xd1, 0x54, 0xd5,
    0xcf, 0xec, 0x80, 0x37, 0x52, 0x2d, 0xb7, 0x6f,
    0x46, 0x9d, 0x90, 0x2b, 0xe8, 0x35, 0xc8, 0x86,
    0xba, 0x57, 0xe8, 0x96, 0xfc, 0x6, 0x61, 0xdd,
    0x98, 0x49, 0xe9, 0x10, 0x61, 0x0, 0xf8, 0x9c,
    0x44, 0x80, 0x19, 0xd4, 0x3, 0xb8, 0xd0, 0x3,
    0xc7, 0x40, 0x1d, 0xbe, 0x40, 0x10,

    /* U+5E72 "干" */
    0x0, 0xff, 0xe2, 0xf7, 0xff, 0xfa, 0x0, 0x2d,
    0xcd, 0xd8, 0x9f, 0x76, 0xc9, 0x0, 0x8c, 0xc4,
    0x50, 0x79, 0x14, 0x62, 0x1, 0xff, 0xd4, 0x32,
    0x2e, 0xf, 0x22, 0xf1, 0xe6, 0xef, 0x13, 0xee,
    0xf7, 0x1f, 0xff, 0x8a, 0x3f, 0xfb, 0x0, 0x3f,
    0xff, 0xe0, 0x1f, 0x1f, 0x80, 0x78,

    /* U+5E73 "平" */
    0x0, 0xff, 0xe2, 0xff, 0xff, 0xcc, 0x1, 0x77,
    0x71, 0x3f, 0x75, 0xac, 0x1, 0x2e, 0x88, 0xc1,
    0xe2, 0x27, 0xc1, 0x0, 0x94, 0xa8, 0x3, 0xd0,
    0xe2, 0x1, 0xd, 0x2b, 0x0, 0x6a, 0x9, 0x0,
    0xe4, 0x51, 0x0, 0x89, 0x74, 0x3, 0x8, 0xd6,
    0xc2, 0x1e, 0x7a, 0x42, 0x32, 0x77, 0x78, 0x9f,
    0xb7, 0xba, 0xc4, 0xff, 0xf1, 0x47, 0xff, 0x68,
    0x7, 0xff, 0xa0, 0xc0, 0x3f, 0xf8, 0x7e, 0x1,
    0xe0,

    /* U+5E76 "并" */
    0x0, 0xff, 0x8, 0x7, 0xf6, 0x28, 0x6, 0xcc,
    0x0, 0x7e, 0x6a, 0x10, 0x0, 0x95, 0x0, 0x7e,
    0xb1, 0x40, 0x3, 0x83, 0x0, 0x71, 0xff, 0xb8,
    0x6b, 0xfd, 0x21, 0xff, 0x8, 0x0, 0xf3, 0x1a,
    0x15, 0xba, 0xa0, 0xdd, 0x60, 0x80, 0x46, 0x62,
    0x6, 0x22, 0x30, 0x11, 0xc, 0x3, 0xff, 0x8e,
    0x86, 0x70, 0x29, 0x99, 0x40, 0xce, 0x40, 0x2a,
    0xdd, 0x82, 0x37, 0x50, 0x1b, 0xb5, 0x11, 0x3b,
    0xaa, 0xe, 0xeb, 0x43, 0xbb, 0x10, 0x6, 0xd3,
    0x0, 0xff, 0xe0, 0xab, 0x40, 0x7, 0xff, 0x2,
    0x29, 0xd0, 0x3, 0xfe, 0x57, 0x98, 0x0, 0xff,
    0xe0, 0x2f, 0x30, 0x7, 0x1f, 0x80, 0x70,

    /* U+5E8F "序" */
    0x0, 0xfd, 0x8e, 0x1, 0xf0, 0x8f, 0x82, 0xc4,
    0x71, 0x0, 0x3f, 0xd9, 0x98, 0x45, 0x99, 0x7f,
    0x80, 0x29, 0xdf, 0xcc, 0xfb, 0xb4, 0x0, 0x60,
    0x39, 0xff, 0xdd, 0xc8, 0x0, 0xc2, 0x2e, 0xe6,
    0x5f, 0x48, 0x34, 0x80, 0x46, 0x1, 0x92, 0xb6,
    0xf2, 0x44, 0x3, 0x18, 0x4, 0xd4, 0x54, 0x60,
    0x1c, 0x2d, 0x9f, 0xf5, 0x4, 0xff, 0xd6, 0x4,
    0x5, 0x9f, 0xf8, 0x37, 0xf8, 0x38, 0x10, 0x4,
    0x3, 0xf0, 0xd2, 0x85, 0x20, 0x7, 0xf9, 0x40,
    0xcd, 0xc0, 0x18, 0xd4, 0x3, 0xc7, 0x4a, 0x1,
    0xbe, 0xd4, 0x80, 0x30,

    /* U+5E93 "库" */
    0x0, 0xff, 0xe5, 0xa7, 0x0, 0x7f, 0xf0, 0x98,
    0x58, 0x3, 0x8, 0x5, 0xbd, 0xdb, 0x6, 0x3b,
    0xb8, 0x3, 0x5f, 0x75, 0x49, 0xdd, 0xde, 0x1,
    0xc2, 0x0, 0xf0, 0xe, 0x10, 0xe, 0x3f, 0xef,
    0x44, 0x77, 0x6f, 0x40, 0xc, 0x7d, 0xc3, 0x8e,
    0x8f, 0xee, 0x90, 0x3, 0x8, 0x43, 0xb8, 0x64,
    0xc0, 0x3e, 0x37, 0x47, 0x4f, 0xe0, 0xdf, 0xf6,
    0x0, 0x61, 0x12, 0x67, 0x7f, 0x6, 0xff, 0xb4,
    0x2, 0x20, 0x1, 0x10, 0x4, 0xc0, 0x46, 0x2,
    0x0, 0x30, 0xd6, 0x7f, 0xd8, 0x1b, 0xff, 0x68,
    0x3, 0x56, 0x3b, 0xb7, 0x86, 0x77, 0x5e, 0x2,
    0xd8, 0x1, 0xff, 0xc2, 0x46, 0x0, 0xff, 0xe0,
    0x80,

    /* U+5E94 "应" */
    0x0, 0xff, 0xe5, 0x1f, 0x90, 0x7, 0xff, 0x0,
    0xc2, 0x80, 0x3e, 0x6f, 0xfe, 0x7, 0xff, 0xd6,
    0x1, 0x1f, 0xff, 0xfa, 0xc0, 0x3e, 0x13, 0x0,
    0x84, 0x3, 0x9c, 0x2, 0x6e, 0x0, 0xa7, 0x80,
    0x39, 0x68, 0x1c, 0xd8, 0x0, 0x88, 0x0, 0x84,
    0x4e, 0xa6, 0x13, 0x60, 0x27, 0x20, 0x17, 0x99,
    0x37, 0x83, 0x12, 0xb9, 0x18, 0x4, 0x7c, 0x10,
    0x68, 0x36, 0xb5, 0x40, 0xc, 0xc4, 0x2, 0xd8,
    0x8, 0x66, 0x60, 0x8, 0x88, 0xe0, 0x9, 0x80,
    0x5, 0x28, 0x80, 0x4a, 0x26, 0xca, 0xbc, 0xc6,
    0xab, 0x4, 0xb2, 0xc4, 0x78, 0x92, 0x21, 0x21,
    0x12, 0x9d, 0xbb, 0xfd, 0x80,

    /* U+5E95 "底" */
    0x0, 0xf9, 0xf4, 0x3, 0xf8, 0x48, 0xb0, 0x93,
    0x91, 0x46, 0x60, 0x9, 0x37, 0x32, 0x81, 0x9c,
    0xcb, 0x78, 0x3, 0xf, 0x77, 0xb2, 0xa7, 0xb4,
    0x3, 0xd9, 0xdc, 0xff, 0x6d, 0xc3, 0x0, 0x7c,
    0x51, 0xde, 0x8f, 0xdc, 0x70, 0xf, 0x8c, 0xc0,
    0x1, 0x1e, 0x0, 0xc6, 0x60, 0x1, 0x14, 0x4,
    0x51, 0x88, 0x4, 0x22, 0x0, 0x4e, 0x61, 0x11,
    0x98, 0xd7, 0x0, 0xb9, 0x80, 0x17, 0xdc, 0xd1,
    0xee, 0x98, 0x2, 0x4d, 0x0, 0xc8, 0x60, 0x80,
    0x1c, 0x64, 0x80, 0xc, 0xdf, 0x6, 0xf0, 0x22,
    0x0, 0x24, 0x4c, 0x49, 0x9c, 0x82, 0x16, 0x2f,
    0x48, 0x8b, 0x20, 0x29, 0x76, 0x7a, 0xd, 0x66,
    0x21, 0x13, 0x1c, 0x1, 0x68, 0x35, 0x20, 0x7d,
    0x54, 0x0,

    /* U+5EA6 "度" */
    0x0, 0xf9, 0x2c, 0x3, 0xf8, 0x47, 0x81, 0x14,
    0x46, 0x20, 0xd, 0xbd, 0xff, 0x50, 0xdf, 0xfd,
    0x86, 0x1, 0xa7, 0xb8, 0xd5, 0xdc, 0xd4, 0xee,
    0x18, 0x7, 0x8, 0x29, 0x0, 0x1d, 0x40, 0x40,
    0x3d, 0xfc, 0x51, 0xdc, 0xa0, 0xef, 0x40, 0xe,
    0xee, 0x14, 0x77, 0x28, 0x3b, 0x88, 0x1, 0x9,
    0x80, 0x57, 0x74, 0x0, 0x7c, 0x62, 0x3, 0x32,
    0xff, 0x45, 0x80, 0x78, 0x5a, 0x7e, 0xea, 0xb5,
    0xc8, 0x6, 0x20, 0x29, 0xe6, 0x4e, 0xe4, 0xc,
    0x80, 0x64, 0x20, 0xa, 0x5e, 0x16, 0x34, 0x3,
    0xb5, 0x40, 0x34, 0xbd, 0x49, 0x80, 0x62, 0x4a,
    0x46, 0x9d, 0x97, 0x75, 0x7e, 0x5c, 0x81, 0x61,
    0x6, 0x7f, 0x6c, 0x43, 0x75, 0x27, 0xc0,

    /* U+5EA7 "座" */
    0x0, 0xf9, 0xf4, 0x3, 0xff, 0x84, 0x45, 0x0,
    0x4, 0x40, 0x1b, 0x3f, 0xba, 0xb1, 0xce, 0xe7,
    0xf9, 0x80, 0x34, 0x77, 0x6d, 0x6e, 0xec, 0xc0,
    0x1e, 0x6d, 0x6, 0x70, 0x6, 0xa8, 0x7, 0xd4,
    0x80, 0x1, 0x3, 0x27, 0x0, 0xf1, 0x99, 0xc8,
    0x2, 0x90, 0x40, 0xc, 0x22, 0xf4, 0x6c, 0x20,
    0x35, 0x89, 0xa0, 0x8, 0xf8, 0xa6, 0x1c, 0x1,
    0x2a, 0xf9, 0x80, 0x8, 0x6b, 0x1d, 0x37, 0xc7,
    0xbd, 0x19, 0x80, 0x3, 0x2, 0x7e, 0xe9, 0x3,
    0xbf, 0xb8, 0x20, 0x4, 0x20, 0x5b, 0xaa, 0x48,
    0xd5, 0x56, 0x20, 0xa, 0x40, 0x10, 0xf, 0xe1,
    0x1, 0xa, 0x7e, 0xff, 0xa8, 0x7f, 0xf7, 0x10,
    0xe9, 0xbf, 0xff, 0xfc, 0x40,

    /* U+5EB7 "康" */
    0x0, 0xf8, 0x50, 0x3, 0xff, 0x84, 0x96, 0x20,
    0x1f, 0x9b, 0x33, 0x40, 0x66, 0x6d, 0x50, 0x8,
    0x45, 0xbb, 0x60, 0xc6, 0xed, 0xea, 0x1, 0x8,
    0x80, 0xce, 0x3, 0x3c, 0x40, 0x1e, 0x5f, 0xee,
    0xd, 0xf7, 0x35, 0x40, 0x3c, 0xff, 0xdc, 0x1b,
    0xee, 0x9, 0x10, 0x3, 0xf, 0x76, 0x1b, 0xee,
    0xd, 0x48, 0x4, 0x2d, 0x9d, 0xd0, 0xdf, 0x70,
    0x62, 0xc0, 0x2f, 0x14, 0xe9, 0x90, 0xcc, 0xca,
    0x20, 0x18, 0x8f, 0x62, 0xec, 0x21, 0x17, 0x8e,
    0x1, 0x9f, 0xfa, 0xd1, 0xc5, 0xb9, 0xa4, 0x3,
    0x11, 0x11, 0xaa, 0x2c, 0x35, 0xa7, 0x4c, 0x2,
    0x83, 0x24, 0xb5, 0xc1, 0xb, 0x3e, 0x40, 0x2,
    0x2c, 0xd, 0x46, 0xb0, 0xb8, 0x63, 0xdd, 0x81,
    0x25, 0x7, 0xd8, 0xed, 0xcc, 0x1, 0x57, 0x0,

    /* U+5EF6 "延" */
    0x0, 0xff, 0xe7, 0x13, 0xeb, 0x0, 0x5f, 0xf7,
    0xb, 0x56, 0x7e, 0xd2, 0x0, 0x6e, 0xf4, 0x71,
    0x32, 0x9c, 0x9, 0x93, 0x0, 0x42, 0x24, 0xa0,
    0x58, 0x53, 0x0, 0xfc, 0xc6, 0x60, 0x3d, 0x20,
    0xf, 0xc5, 0x14, 0x1, 0x10, 0x5, 0xf5, 0x40,
    0x9, 0xc2, 0x7d, 0x40, 0x6, 0x0, 0x2d, 0xd0,
    0x4, 0xbf, 0xe0, 0x70, 0xe, 0xd7, 0x70, 0x5,
    0x26, 0x82, 0x40, 0x1f, 0xf0, 0xf6, 0xa0, 0x7,
    0xff, 0x2, 0x1, 0xbc, 0x2, 0xef, 0xb, 0xff,
    0x18, 0x4, 0x81, 0xe4, 0x7d, 0xdf, 0x18, 0x2,
    0x1b, 0xb, 0x72, 0x54, 0x8c, 0xc, 0x90, 0x49,
    0xac, 0xe3, 0xa8, 0xa3, 0x75, 0xdb, 0x94, 0x25,
    0xc8, 0x0, 0x16, 0xac, 0xef, 0xfd, 0xc0,

    /* U+5EFA "建" */
    0x0, 0xfe, 0xf3, 0x0, 0xf4, 0xe6, 0x2c, 0x2f,
    0xb8, 0x1b, 0xdc, 0x50, 0xa, 0xfd, 0x8c, 0x2f,
    0xb8, 0x3b, 0xc6, 0x20, 0x11, 0x1a, 0x53, 0xf6,
    0xe8, 0x77, 0x45, 0x58, 0x1, 0x2a, 0x89, 0xb3,
    0x21, 0xac, 0x2b, 0xd0, 0x0, 0xc1, 0x28, 0x55,
    0x43, 0x14, 0x40, 0x20, 0x7, 0x24, 0xa3, 0xa8,
    0x80, 0x54, 0x62, 0x0, 0x4d, 0xfe, 0x2, 0x1,
    0x18, 0xc4, 0x60, 0x9, 0x91, 0xc8, 0x3f, 0xdc,
    0x31, 0xde, 0x60, 0x1a, 0x71, 0x7, 0xf3, 0x46,
    0x77, 0x4, 0x2, 0x61, 0x6d, 0x7c, 0xff, 0xd,
    0x7f, 0xb1, 0x0, 0x24, 0xd, 0x6e, 0xe8, 0x77,
    0xba, 0x40, 0x3, 0x3d, 0x17, 0xd3, 0x20, 0x31,
    0x10, 0xcc, 0x5, 0x16, 0xb7, 0x85, 0xb2, 0x15,
    0xba, 0xc8, 0x2, 0xe4, 0x0, 0x1c, 0x5e, 0xf7,
    0xfe, 0xb0,

    /* U+5F00 "开" */
    0x0, 0xff, 0xe3, 0x77, 0xff, 0xfc, 0xc0, 0x16,
    0x6e, 0xa0, 0x77, 0x60, 0x8d, 0xd3, 0x80, 0x44,
    0x50, 0x81, 0x14, 0x4, 0x50, 0x80, 0x7f, 0xf5,
    0x95, 0x12, 0xe1, 0x44, 0x83, 0x51, 0xa, 0x21,
    0x73, 0x28, 0x60, 0x88, 0x81, 0x62, 0x60, 0x83,
    0xb7, 0x58, 0xe9, 0x99, 0x4, 0x66, 0xe8, 0xc0,
    0x39, 0xf0, 0x3, 0xff, 0x82, 0xe2, 0xa0, 0x1f,
    0xfc, 0x4, 0x87, 0x20, 0xf, 0xf0, 0xc5, 0xac,
    0x0, 0x71, 0x80, 0x71, 0x99, 0xe8, 0x3, 0xfe,

    /* U+5F02 "异" */
    0x0, 0x17, 0xff, 0xf6, 0x0, 0x7d, 0xbf, 0xfe,
    0x87, 0x0, 0xfb, 0x7f, 0xfd, 0xe, 0x1, 0xf6,
    0xff, 0xfd, 0x88, 0x1, 0x8c, 0x1c, 0x47, 0xf5,
    0xa8, 0x4, 0x29, 0x7d, 0xdf, 0x7a, 0x28, 0x6,
    0xbe, 0x9d, 0xff, 0xa7, 0x3a, 0xc0, 0x3e, 0x97,
    0x0, 0xa1, 0x40, 0x30, 0xff, 0xe0, 0xaf, 0xf8,
    0x67, 0xfe, 0x1, 0xde, 0xe5, 0x6, 0xf7, 0x45,
    0x1d, 0xba, 0x0, 0x10, 0x8a, 0x58, 0x84, 0x60,
    0x11, 0x11, 0x0, 0x4, 0xda, 0x12, 0x1, 0xff,
    0x24, 0x5e, 0x0, 0x71, 0x88, 0x7, 0x37, 0x30,
    0x7, 0xb9, 0xc0, 0x30,

    /* U+5F03 "弃" */
    0x0, 0xff, 0xe5, 0xdc, 0x0, 0x7e, 0x11, 0xf1,
    0x20, 0x8f, 0x80, 0x1d, 0xde, 0x63, 0xee, 0xed,
    0x0, 0x7f, 0xea, 0x1c, 0xff, 0x4f, 0xfd, 0x80,
    0x1c, 0xd7, 0xa6, 0x0, 0xdb, 0x0, 0xf0, 0xf4,
    0x94, 0xde, 0xf2, 0xab, 0x4, 0x3, 0xb, 0xc4,
    0xcd, 0xbd, 0xcf, 0x60, 0xf, 0x4b, 0xc2, 0x10,
    0x3, 0x92, 0x84, 0x2, 0x22, 0xc6, 0x4, 0x50,
    0x19, 0x14, 0x5, 0xbb, 0x86, 0x37, 0x61, 0x9d,
    0xd8, 0x4b, 0xff, 0x7, 0x7f, 0xc3, 0x5f, 0xf0,
    0x80, 0x68, 0x21, 0x0, 0xff, 0x86, 0x1f, 0x80,
    0x3f, 0xe1, 0xc4, 0xc3, 0x0, 0xff, 0x87, 0x30,
    0x60, 0x1d, 0xca, 0x1, 0x80,

    /* U+5F0F "式" */
    0x0, 0xfc, 0x20, 0x1f, 0xfc, 0x21, 0xe7, 0x18,
    0x0, 0xff, 0x84, 0x4, 0xda, 0xc0, 0x3f, 0xf8,
    0x2, 0x5a, 0x60, 0x12, 0x7f, 0xfc, 0x11, 0xf8,
    0xfe, 0xc0, 0xb9, 0xbb, 0xe3, 0x5d, 0xdb, 0x1c,
    0x4, 0xc8, 0xbc, 0xa2, 0x45, 0x18, 0x80, 0x4,
    0xcf, 0xde, 0xa0, 0x1f, 0x3f, 0x73, 0x37, 0x52,
    0xa2, 0x20, 0xf, 0x36, 0xe8, 0x6f, 0xa8, 0xc5,
    0xc0, 0x3f, 0xf8, 0x49, 0xa0, 0x1f, 0xfc, 0x2f,
    0x42, 0x0, 0xfe, 0xd8, 0xc4, 0x52, 0x80, 0x6a,
    0x10, 0x69, 0xc1, 0x40, 0x95, 0x9, 0x57, 0xe5,
    0x10, 0xd5, 0xae, 0xc8, 0x51, 0x4, 0x88, 0x3a,
    0x0, 0x2f, 0x18, 0x40, 0x3c, 0xf8, 0xf2, 0x0,

    /* U+5F15 "引" */
    0x0, 0xff, 0xe6, 0x73, 0x7, 0xff, 0x98, 0x3,
    0xdd, 0xdc, 0x20, 0x18, 0xc0, 0x2, 0x3c, 0x6,
    0x1, 0xea, 0xdd, 0xc2, 0x60, 0x1e, 0x75, 0xff,
    0xb5, 0xc0, 0x3e, 0xe2, 0x2c, 0x20, 0x1e, 0x30,
    0xf, 0xfe, 0xc, 0xff, 0xe7, 0x0, 0xf7, 0x7f,
    0xe0, 0x20, 0xf, 0xf0, 0x80, 0x80, 0x7f, 0x8c,
    0x18, 0x3, 0xfc, 0xc0, 0x40, 0x11, 0x80, 0x46,
    0xcf, 0x24, 0x1, 0xc2, 0x1, 0x4c, 0x9b, 0x80,
    0x37, 0x38, 0x0, 0xff, 0xac, 0xc0, 0x3c,

    /* U+5F39 "弹" */
    0x0, 0xff, 0xe5, 0xae, 0x80, 0x12, 0x80, 0x25,
    0xff, 0xc2, 0xc, 0x4a, 0x1c, 0x1, 0x97, 0xfd,
    0xc0, 0x24, 0x2c, 0x24, 0xbe, 0x40, 0x1f, 0xb3,
    0xd6, 0x74, 0xe7, 0x48, 0x1, 0x79, 0xa0, 0x27,
    0x19, 0xc3, 0x98, 0x3, 0x0, 0x27, 0xe7, 0x88,
    0x5f, 0x68, 0xf7, 0x0, 0x38, 0x40, 0x34, 0x7d,
    0xf, 0xf8, 0x2, 0x10, 0x9b, 0xb0, 0x99, 0x85,
    0xc0, 0x44, 0x1, 0xc, 0xe9, 0xa0, 0x85, 0x7e,
    0xf, 0xf8, 0xc, 0x0, 0xcc, 0xb0, 0x7, 0x7f,
    0xb0, 0x7f, 0xe2, 0x0, 0xcc, 0x42, 0x20, 0xf,
    0x84, 0x3, 0x18, 0xc7, 0x75, 0xa3, 0xdd, 0x79,
    0x81, 0xa6, 0xbc, 0xff, 0x73, 0x47, 0xbb, 0x18,
    0x55, 0xa7, 0x0, 0x70, 0x80, 0x7a, 0xa9, 0xca,
    0x1, 0x9c, 0x3, 0xc0,

    /* U+5F3A "强" */
    0x0, 0xff, 0xe1, 0x77, 0xfc, 0xc9, 0xff, 0xe5,
    0xe, 0xff, 0x21, 0x80, 0x3f, 0xf1, 0x0, 0x7f,
    0x4c, 0xe3, 0x0, 0x5f, 0xf9, 0xd, 0x6f, 0x7d,
    0xb6, 0x90, 0x1e, 0x3f, 0xcc, 0x28, 0x85, 0x14,
    0x40, 0x80, 0x88, 0x2, 0xdf, 0xf6, 0xf, 0xfb,
    0x80, 0x18, 0xee, 0x10, 0xaf, 0xc1, 0xfa, 0x0,
    0x5e, 0x84, 0x0, 0x7f, 0x99, 0xd8, 0x4, 0x2b,
    0xf0, 0x7e, 0x80, 0x31, 0x80, 0x1f, 0x3f, 0x7,
    0xfd, 0xc0, 0x10, 0x88, 0x28, 0xc0, 0x34, 0x50,
    0x4, 0xc6, 0x0, 0x13, 0x41, 0x95, 0x51, 0xb6,
    0x52, 0xa7, 0xf6, 0xea, 0x37, 0x4d, 0xe8, 0x8b,
    0x84, 0x9d, 0xea, 0x74, 0x8, 0xd0,

    /* U+5F52 "归" */
    0x0, 0xc9, 0xe2, 0x1, 0xfc, 0x42, 0xe, 0x7,
    0x31, 0x1e, 0x30, 0xc7, 0x0, 0xc6, 0x23, 0xce,
    0xa0, 0x60, 0x1, 0x2, 0xa9, 0x9e, 0x10, 0xe,
    0x10, 0xf, 0xfe, 0x13, 0x80, 0x7f, 0xf0, 0x84,
    0x40, 0xb9, 0x77, 0x84, 0x3, 0x88, 0x80, 0xf3,
    0xdd, 0x80, 0x23, 0x0, 0x6b, 0x1, 0x2a, 0xf0,
    0x80, 0xc, 0x0, 0xbc, 0x1, 0xfe, 0xd6, 0x60,
    0xa0, 0x7, 0xfc, 0x53, 0x1, 0x5f, 0xfe, 0x10,
    0x1, 0xe2, 0xb0, 0x5e, 0xf7, 0x70, 0x80, 0xea,
    0xd0, 0x0, 0x48, 0x47, 0x94, 0xc7, 0x2c, 0x3,
    0xfd, 0x6a,

    /* U+5F53 "当" */
    0x0, 0xf3, 0xf8, 0x7, 0xcb, 0xa2, 0x0, 0x11,
    0x0, 0x4d, 0xc2, 0xe, 0x54, 0x1, 0xe1, 0x85,
    0x10, 0x29, 0x46, 0x0, 0xed, 0x3a, 0x0, 0x99,
    0x48, 0x3, 0x8, 0x70, 0x80, 0xc, 0xd0, 0xc4,
    0x20, 0x47, 0xc2, 0x40, 0xc, 0xdc, 0xca, 0x43,
    0x33, 0x69, 0x7, 0xf7, 0x7f, 0x68, 0x18, 0x9,
    0x17, 0xf3, 0x80, 0x57, 0xbb, 0xfd, 0x60, 0x15,
    0x7f, 0xff, 0x60, 0x7, 0xff, 0x10, 0xff, 0xff,
    0xd8, 0x0, 0x3d, 0xd7, 0x77, 0xeb, 0x0, 0x88,
    0x82, 0x3f, 0x9c, 0xc,

    /* U+5F55 "录" */
    0x0, 0x84, 0x3, 0xff, 0x84, 0xbd, 0xff, 0xfc,
    0x20, 0x19, 0x7f, 0xff, 0x58, 0x8, 0x7, 0x67,
    0xff, 0xd6, 0x20, 0x1e, 0xde, 0xef, 0xa0, 0xc0,
    0x31, 0x10, 0x3, 0xf7, 0x89, 0x10, 0x1, 0x98,
    0xff, 0xee, 0xff, 0x31, 0x66, 0x10, 0x3b, 0x9b,
    0xdd, 0x40, 0xf7, 0x59, 0xdc, 0x40, 0x1, 0xe3,
    0x80, 0x42, 0x40, 0xba, 0xe0, 0x18, 0xf2, 0x54,
    0x44, 0x1f, 0x37, 0x2e, 0x1, 0xc7, 0x85, 0xfc,
    0x28, 0xda, 0xc0, 0x1c, 0x31, 0x98, 0xdf, 0x9,
    0x5d, 0x40, 0xd, 0x5c, 0x95, 0x66, 0x1, 0x54,
    0xde, 0xc0, 0x87, 0x56, 0x20, 0x45, 0x98, 0x1,
    0xf5, 0xd0, 0x41, 0x14, 0x3, 0x27, 0x0, 0x45,
    0x58, 0x0,

    /* U+5F62 "形" */
    0x0, 0xff, 0xe0, 0x29, 0x0, 0x51, 0xff, 0xf0,
    0x0, 0xaa, 0xc0, 0x28, 0xf0, 0xcf, 0x1c, 0xf0,
    0x7, 0x24, 0x80, 0x7f, 0xf0, 0x2c, 0x68, 0x3,
    0xff, 0x81, 0x6d, 0x82, 0x20, 0xf, 0xfa, 0x70,
    0x57, 0x88, 0x1, 0xbc, 0x1b, 0xa1, 0xde, 0x1,
    0x4a, 0x92, 0x0, 0x75, 0x5, 0x70, 0x5e, 0x92,
    0xdc, 0x30, 0x4, 0x6c, 0x8, 0x62, 0xc5, 0x35,
    0x2e, 0x1, 0xcc, 0x20, 0x1c, 0x58, 0xc1, 0x74,
    0x1, 0x62, 0x80, 0x61, 0xb3, 0xb, 0x59, 0x0,
    0x9b, 0x40, 0x3c, 0x5a, 0xd8, 0x60, 0x7, 0x6,
    0x0, 0xe7, 0xd7, 0xd2, 0x0, 0xae, 0x40, 0x25,
    0x15, 0x89, 0xa0, 0xe, 0xc7, 0x0, 0xac, 0x97,
    0xd8, 0x3, 0x80,

    /* U+5F71 "影" */
    0x0, 0xff, 0xe0, 0x88, 0x6, 0xfe, 0xee, 0xd0,
    0xa, 0x7c, 0x40, 0x33, 0x4c, 0xc8, 0x20, 0x6,
    0x7c, 0x10, 0xd, 0xe4, 0x58, 0x0, 0xd1, 0x84,
    0x1, 0x86, 0x6e, 0xe6, 0x2, 0xac, 0x23, 0x10,
    0x0, 0xf7, 0x28, 0x3b, 0x98, 0x78, 0x43, 0xb2,
    0x9, 0xfd, 0xca, 0xe, 0xec, 0x21, 0xaf, 0x0,
    0x9c, 0xcd, 0xe9, 0xf0, 0xc5, 0x90, 0xc, 0xfd,
    0x99, 0x5, 0x97, 0xdc, 0x81, 0x80, 0x68, 0xaa,
    0x98, 0x4b, 0xdc, 0x17, 0x8, 0x1, 0xdc, 0xf1,
    0xdc, 0xd0, 0x10, 0x5a, 0xa1, 0x0, 0x35, 0xc0,
    0x2f, 0x70, 0x3, 0xd5, 0x14, 0x7, 0x19, 0xc8,
    0x7, 0xbc, 0xae, 0x71, 0x40, 0x3, 0x34, 0x78,
    0x64, 0x77, 0xa3, 0xe6, 0x1, 0x94, 0xf, 0x70,
    0x0, 0x79, 0x42, 0x1, 0x80,

    /* U+5F81 "征" */
    0x0, 0x84, 0x40, 0x1f, 0xfc, 0x28, 0xe1, 0x0,
    0xff, 0xe0, 0x1b, 0x40, 0xe6, 0xef, 0xe0, 0x0,
    0xea, 0xb8, 0x44, 0xca, 0xca, 0x26, 0x60, 0x1f,
    0x2a, 0x40, 0x44, 0x94, 0x1d, 0x12, 0x1, 0x7d,
    0x2b, 0x60, 0xf, 0xfa, 0x46, 0x45, 0x80, 0x40,
    0x3f, 0xcc, 0x94, 0xd, 0xc0, 0x12, 0x2a, 0x90,
    0x0, 0x92, 0xa, 0x6, 0x20, 0x15, 0x77, 0x30,
    0xa, 0x90, 0x3, 0xf7, 0x5d, 0xa0, 0xd, 0x20,
    0x3, 0xff, 0x82, 0x34, 0x1, 0xff, 0xd6, 0x35,
    0xd1, 0x45, 0x7, 0x44, 0x28, 0x80, 0x67, 0x84,
    0x38, 0xa3, 0x98, 0x89, 0x40, 0x32, 0x6e, 0x67,
    0xed, 0x40,

    /* U+5F84 "径" */
    0x0, 0xff, 0xe4, 0x63, 0x0, 0x7f, 0xf0, 0x64,
    0x5d, 0xbf, 0xfd, 0x60, 0x1a, 0x5f, 0xc5, 0xbb,
    0xfe, 0x80, 0x90, 0xa, 0xdf, 0xf, 0x8, 0x40,
    0xb, 0x16, 0x40, 0x17, 0xf8, 0xa9, 0xc8, 0x1,
    0x34, 0x20, 0x1c, 0x83, 0xf, 0x60, 0xba, 0xbb,
    0x15, 0x41, 0x0, 0x9d, 0xd0, 0x5d, 0x76, 0xc2,
    0x6f, 0x6c, 0x0, 0x4c, 0x84, 0xa, 0xf9, 0x80,
    0x21, 0xcc, 0x0, 0x9f, 0x98, 0x0, 0xbf, 0xbb,
    0xc4, 0x3, 0x42, 0x1, 0x36, 0x62, 0x3, 0x32,
    0x30, 0xf, 0x84, 0xc8, 0x80, 0x45, 0x0, 0x7f,
    0xf2, 0xc8, 0xc8, 0xa0, 0x22, 0x90, 0x40, 0x23,
    0x9, 0xdc, 0xc4, 0x6, 0x65, 0x44, 0x1, 0x86,
    0xfb, 0xbf, 0x8c,

    /* U+5F85 "待" */
    0x0, 0xd8, 0x60, 0x16, 0x38, 0x7, 0xea, 0x73,
    0x0, 0xc2, 0x1, 0xf4, 0xbd, 0x6, 0x77, 0xe,
    0x7b, 0xec, 0x2, 0xa7, 0xc5, 0x2d, 0xcf, 0x38,
    0xfe, 0xa0, 0xb, 0x30, 0x35, 0x41, 0x21, 0x1,
    0x1c, 0x1, 0x31, 0x51, 0xff, 0x6e, 0x8e, 0x37,
    0x72, 0x80, 0x15, 0x50, 0xdb, 0xdf, 0xb9, 0x67,
    0xfc, 0x80, 0x74, 0x0, 0x13, 0x31, 0x16, 0x2,
    0x31, 0x2c, 0x81, 0x9, 0xff, 0xeb, 0x1f, 0xf1,
    0x12, 0x9c, 0x1, 0x1b, 0x5d, 0xd5, 0xf, 0x69,
    0x2, 0x80, 0x42, 0x14, 0xe2, 0x30, 0x9, 0x0,
    0x7c, 0x4b, 0x22, 0x1, 0xff, 0xc1, 0xb8, 0x10,
    0x10, 0xf, 0xf8, 0x5c, 0xb2, 0x88, 0x3, 0xff,
    0x80, 0x4e, 0xed, 0x0, 0x80,

    /* U+5F97 "得" */
    0x0, 0xca, 0x1, 0xff, 0xc2, 0x8a, 0x23, 0xff,
    0xf7, 0x0, 0x66, 0x7b, 0x20, 0x1d, 0xdd, 0x40,
    0x19, 0xa6, 0x90, 0x0, 0x3d, 0xda, 0x0, 0x32,
    0xd2, 0x73, 0x0, 0xe6, 0x69, 0x0, 0xc6, 0xb6,
    0xe, 0x3, 0xff, 0xac, 0xc0, 0x33, 0x2d, 0x9,
    0x7f, 0xfb, 0x44, 0x0, 0xd2, 0xa, 0x5f, 0xdd,
    0xdf, 0xd4, 0x3, 0x12, 0x0, 0x2e, 0xee, 0xf0,
    0xfb, 0x1, 0xe7, 0x2, 0xff, 0xf7, 0x7, 0x79,
    0x80, 0x62, 0xfe, 0x9f, 0xfb, 0x83, 0xbc, 0xc0,
    0x3c, 0x52, 0x80, 0x1f, 0xfc, 0x13, 0x8c, 0x3,
    0x70, 0x10, 0xf, 0xe7, 0x80, 0xf8, 0x80, 0x7,
    0xf, 0x88, 0x7, 0x67, 0x38, 0x4,

    /* U+5FAA "循" */
    0x0, 0x9e, 0x0, 0x46, 0x24, 0x69, 0xc1, 0x0,
    0x8a, 0x38, 0x3b, 0xac, 0xb8, 0x34, 0x20, 0xb,
    0xd5, 0x80, 0x1f, 0xee, 0x46, 0xa8, 0x30, 0x5,
    0x8d, 0x41, 0x5, 0xdc, 0xaa, 0xbb, 0x88, 0x3b,
    0x55, 0xc0, 0x11, 0x32, 0xa, 0x99, 0x41, 0x2,
    0x8d, 0xb9, 0x1, 0x91, 0x0, 0xc8, 0x86, 0x1,
    0x50, 0xc0, 0x5, 0xbc, 0x15, 0xdc, 0x20, 0x4,
    0x28, 0x80, 0x88, 0xe, 0xbb, 0xa0, 0xc, 0x92,
    0x0, 0x32, 0x3, 0x9d, 0xd8, 0x40, 0x2c, 0x50,
    0x3, 0xb8, 0x1, 0x3b, 0xb0, 0x80, 0x7d, 0xa4,
    0x0, 0x9c, 0xc8, 0x40, 0x3e, 0x5c, 0x0, 0x4e,
    0x64, 0x20, 0x1c, 0x28, 0x48, 0x7, 0x5b, 0xb0,
    0x80, 0x67, 0x4, 0x81, 0x0, 0x5e, 0x64, 0x20,
    0x19, 0x38, 0x1c, 0x1, 0xea, 0x23, 0x71, 0x0,

    /* U+5FC3 "心" */
    0x0, 0xff, 0xe5, 0x36, 0x80, 0x7f, 0xf0, 0x9c,
    0xa0, 0x3, 0xff, 0x82, 0x30, 0xe6, 0x1, 0xff,
    0xc1, 0x74, 0x0, 0xff, 0xe0, 0x4a, 0x85, 0x98,
    0x0, 0x40, 0x31, 0x7a, 0x83, 0xe8, 0x6, 0x5e,
    0x20, 0x9, 0xc1, 0xc0, 0xc0, 0x39, 0x4b, 0x80,
    0x2d, 0x2, 0x0, 0xfd, 0xc6, 0xe0, 0x3, 0x40,
    0xf, 0xe3, 0x58, 0x10, 0x43, 0x0, 0xff, 0x5e,
    0x9, 0x8e, 0x0, 0x7e, 0x20, 0x13, 0x3, 0xe4,
    0x0, 0xfd, 0x16, 0x1, 0xfc, 0x89, 0xe3, 0x0,
    0xfc, 0xa7, 0x77, 0x82, 0x80, 0x3f, 0x47, 0xff,
    0x71, 0x0, 0x40,

    /* U+5FC5 "必" */
    0x0, 0xf4, 0x88, 0x7, 0xff, 0x9, 0x34, 0x2,
    0x70, 0xf, 0xf7, 0x9c, 0x82, 0xc3, 0x0, 0x7f,
    0x14, 0xe8, 0x71, 0x30, 0x7, 0xc3, 0x86, 0xc8,
    0x49, 0x0, 0x1e, 0xa3, 0x3, 0x70, 0x4, 0x12,
    0x50, 0x6, 0x45, 0x0, 0xe3, 0x59, 0x35, 0xb0,
    0xb, 0x44, 0xc0, 0x21, 0xd5, 0x42, 0xa4, 0x70,
    0x3, 0xb0, 0x6, 0xa3, 0xb0, 0x2, 0xaa, 0x8,
    0xc6, 0xc0, 0x29, 0x5f, 0x10, 0xa, 0xe0, 0x8f,
    0xcc, 0x1c, 0xf, 0x8, 0x0, 0x82, 0x27, 0x0,
    0x97, 0x24, 0x28, 0x80, 0x29, 0xd0, 0xd, 0xb4,
    0xf8, 0x1c, 0x89, 0x31, 0x58, 0x6, 0x9c, 0xb3,
    0x87, 0xaa, 0xa1, 0x5c, 0x2,

    /* U+5FD7 "志" */
    0x0, 0xfb, 0xdc, 0x3, 0xff, 0x84, 0x22, 0x0,
    0xfc, 0xa6, 0x7c, 0x1c, 0x67, 0x90, 0x80, 0xa3,
    0xff, 0x85, 0x7f, 0xf4, 0x28, 0x16, 0xe6, 0x70,
    0xde, 0x67, 0x38, 0x7, 0xff, 0x1e, 0xff, 0xf0,
    0xcf, 0xfe, 0x50, 0xd, 0x5b, 0xdd, 0x6f, 0x76,
    0xd5, 0x0, 0xc2, 0x42, 0x37, 0xb0, 0x8e, 0x0,
    0xec, 0x84, 0xe1, 0x88, 0x18, 0x26, 0x20, 0x4,
    0x87, 0x60, 0x20, 0xaa, 0x70, 0x47, 0xb3, 0x0,
    0x42, 0x18, 0x6, 0xa4, 0x43, 0xc2, 0x70, 0x21,
    0xc0, 0x38, 0x29, 0x15, 0xf2, 0x15, 0xe0, 0x9a,
    0x60, 0x44, 0xbd, 0xd9, 0x68, 0x4, 0x80, 0x4,
    0x0, 0x1d, 0xff, 0xdc, 0x80, 0x18,

    /* U+5FEB "快" */
    0x0, 0x84, 0x3, 0xff, 0x84, 0x3c, 0x20, 0x10,
    0xf9, 0x0, 0x7f, 0xf0, 0xcc, 0x3, 0xff, 0x94,
    0xa4, 0x12, 0xf5, 0xfc, 0x1d, 0xfe, 0x30, 0xa,
    0x50, 0x32, 0x6b, 0xf8, 0x3b, 0xc4, 0x3, 0x19,
    0x81, 0x41, 0x0, 0x3f, 0x88, 0x14, 0x1, 0x88,
    0x1, 0xfc, 0x2c, 0x1, 0x3e, 0xe6, 0x86, 0xe0,
    0xf6, 0x1, 0xc8, 0x4, 0x9d, 0xcb, 0x2, 0xed,
    0xef, 0x0, 0xf0, 0x99, 0x73, 0x93, 0x91, 0x98,
    0x3, 0xf0, 0xb5, 0x45, 0x88, 0x7, 0xfa, 0x94,
    0x91, 0x6c, 0x3, 0xfa, 0x16, 0xc0, 0x14, 0x92,
    0x1, 0xe3, 0xa7, 0xd1, 0x0, 0xd, 0x35, 0x80,
    0x78, 0x6c, 0xc0, 0x32, 0x59, 0x0,

    /* U+5FFD "忽" */
    0x0, 0x96, 0x0, 0x3f, 0xf8, 0x30, 0x42, 0x3f,
    0x0, 0x73, 0x92, 0xf7, 0x7c, 0xa0, 0x12, 0x45,
    0xf8, 0xd7, 0x85, 0xf8, 0x88, 0x0, 0x35, 0x29,
    0x24, 0xaa, 0x14, 0x1, 0x70, 0x0, 0xe3, 0x43,
    0xf0, 0x5c, 0x80, 0x80, 0x80, 0x6b, 0x6c, 0x2b,
    0x37, 0x2, 0x2, 0x0, 0x84, 0x3c, 0xed, 0x7c,
    0x6b, 0x88, 0x3, 0x1d, 0x8c, 0xbd, 0x80, 0x89,
    0x7c, 0x3, 0x21, 0x4, 0xe6, 0x3c, 0x2e, 0x14,
    0xc0, 0x29, 0x56, 0xe0, 0x93, 0x40, 0x7, 0x68,
    0x81, 0x93, 0x18, 0x80, 0x39, 0x1, 0xa0, 0xa8,
    0x21, 0x44, 0x4, 0x79, 0x64, 0xb8, 0x82, 0xa0,
    0x1c, 0x7b, 0xb5, 0xb9, 0x94, 0x80,

    /* U+6001 "态" */
    0x0, 0xf8, 0x40, 0x3f, 0xf8, 0x4b, 0xc4, 0x1,
    0xff, 0xc1, 0xd2, 0x20, 0x7, 0xee, 0xff, 0xce,
    0x5f, 0xfe, 0x80, 0x6, 0xe6, 0xea, 0x42, 0xec,
    0x17, 0xba, 0xc9, 0x0, 0x19, 0x88, 0x94, 0xa8,
    0x85, 0xe2, 0x21, 0x88, 0x7, 0x58, 0x91, 0x2,
    0xd2, 0x40, 0x3c, 0x7a, 0xde, 0x5a, 0x63, 0x8f,
    0x8a, 0x1, 0x5e, 0x3e, 0x15, 0x30, 0x0, 0xbd,
    0x6a, 0xc0, 0x1d, 0x54, 0x10, 0x4, 0x38, 0x0,
    0x67, 0xa8, 0x0, 0xa4, 0x22, 0x92, 0x7a, 0x0,
    0xad, 0x44, 0x0, 0x50, 0xa6, 0xc2, 0xc6, 0x80,
    0x3, 0xa1, 0x0, 0x29, 0x21, 0x80, 0x5a, 0x83,
    0x12, 0x74, 0x0, 0x9a, 0x0, 0x90, 0xce, 0x87,
    0x3e, 0xd0, 0x4, 0x30, 0xa, 0x4e, 0x64, 0xf0,
    0x46, 0xc0,

    /* U+6027 "性" */
    0x0, 0x88, 0x3, 0xff, 0x87, 0xa6, 0x1, 0xdc,
    0xa0, 0x1f, 0xf3, 0xa0, 0x7, 0xff, 0xa, 0x88,
    0x3, 0xf1, 0x8, 0x5b, 0x81, 0x1, 0x1, 0x91,
    0x88, 0x3, 0x90, 0x3e, 0x50, 0x23, 0x6, 0x33,
    0x58, 0x0, 0x6e, 0x8, 0x7e, 0x9d, 0xc1, 0xbe,
    0xe3, 0x81, 0x1, 0x0, 0x35, 0x78, 0x3, 0xfa,
    0x0, 0x35, 0x20, 0x7, 0xe2, 0x70, 0xc, 0x99,
    0xfe, 0x1a, 0xff, 0x28, 0x7, 0xec, 0xee, 0xd,
    0x77, 0x14, 0x3, 0xf0, 0x8c, 0x0, 0x11, 0x0,
    0x7f, 0xf3, 0x4, 0x70, 0x0, 0x46, 0x0, 0xfb,
    0xbb, 0xd, 0x77, 0x42, 0x1, 0xef, 0xff, 0xe1,

    /* U+603B "总" */
    0x0, 0xd0, 0x20, 0x10, 0xd9, 0x80, 0x7e, 0x2c,
    0x0, 0x9d, 0x8, 0x3, 0xf5, 0x1, 0x80, 0x29,
    0xc4, 0x3, 0xef, 0xf1, 0x67, 0xf8, 0xdf, 0xf8,
    0x3, 0xed, 0xff, 0xf5, 0x80, 0x7f, 0xf3, 0x4,
    0x7f, 0x0, 0x7e, 0xce, 0xef, 0x50, 0x7, 0xdf,
    0xfa, 0xbf, 0xf7, 0x0, 0x75, 0x13, 0x40, 0x44,
    0x0, 0x3, 0x86, 0x1, 0x12, 0x9f, 0x18, 0x7b,
    0xa0, 0xa, 0x69, 0x0, 0x14, 0xc7, 0xc4, 0xb,
    0x10, 0x12, 0x13, 0x0, 0x15, 0x40, 0x3, 0x0,
    0xc, 0xa, 0xd6, 0xac, 0x1, 0x2e, 0x6, 0x6f,
    0xfd, 0xa8, 0xa0, 0xa0, 0x4, 0x10, 0x4f, 0xff,
    0x58, 0x6,

    /* U+6062 "恢" */
    0x0, 0xfc, 0x44, 0x0, 0xfe, 0xe4, 0x0, 0xa6,
    0x80, 0x3f, 0xe1, 0xed, 0x46, 0xdd, 0xd8, 0x0,
    0x74, 0x3, 0x9d, 0x81, 0xcf, 0xfb, 0xbc, 0x1,
    0x44, 0x2, 0xe2, 0x48, 0x49, 0x4, 0x66, 0x0,
    0x12, 0x81, 0x22, 0x2b, 0xc0, 0x58, 0xc, 0x80,
    0x40, 0xc0, 0x16, 0x46, 0x57, 0xee, 0x1f, 0x40,
    0x4a, 0x1, 0xbd, 0xb0, 0xc4, 0x8, 0xe4, 0xe,
    0x80, 0x26, 0x5b, 0x4a, 0x47, 0xa5, 0x10, 0xe,
    0x29, 0x83, 0xd1, 0x22, 0x55, 0x0, 0x3d, 0x88,
    0xc0, 0x5e, 0xcc, 0x90, 0xf, 0xba, 0xc0, 0x14,
    0x33, 0xb, 0x20, 0x1f, 0x9b, 0x5b, 0x0, 0x18,
    0xf8, 0x40, 0x1c, 0x51, 0x58, 0x20, 0x2, 0xc5,
    0x20, 0xb, 0x90, 0xb9, 0xc0, 0x38, 0xa4, 0x0,

    /* U+606F "息" */
    0x0, 0xf5, 0xb0, 0x7, 0xfc, 0x22, 0x24, 0x51,
    0x1e, 0x0, 0xe1, 0xed, 0xe3, 0xfd, 0xdd, 0xc6,
    0x1, 0xef, 0xdd, 0xf8, 0x3, 0xf7, 0xee, 0xfc,
    0x1, 0xfb, 0xf7, 0x7e, 0x0, 0xfd, 0xfb, 0xbf,
    0x0, 0x7e, 0xfd, 0xdf, 0x80, 0x3e, 0x3f, 0xdd,
    0xf8, 0xc4, 0x3, 0xe, 0x7d, 0x67, 0xd6, 0x65,
    0xc0, 0x18, 0xb8, 0x16, 0xc1, 0xe4, 0x80, 0x11,
    0xe2, 0x0, 0x52, 0x0, 0xc9, 0x6, 0x5, 0x43,
    0xa0, 0x9, 0xa0, 0xe, 0x71, 0x4d, 0x1e, 0x71,
    0xb, 0x60, 0x53, 0xff, 0xd6, 0xc2, 0x56, 0x20,

    /* U+60AC "悬" */
    0x0, 0xbb, 0xff, 0xf2, 0x0, 0x7d, 0x7f, 0xfe,
    0x17, 0x0, 0xf1, 0xdf, 0xff, 0x84, 0x3, 0xf5,
    0xff, 0xf8, 0x40, 0x3f, 0x5f, 0xff, 0x84, 0x3,
    0xf5, 0xf7, 0x78, 0x40, 0x33, 0xf6, 0x95, 0x66,
    0x78, 0x77, 0x5c, 0x2d, 0x98, 0xea, 0x2a, 0xcc,
    0x78, 0x4f, 0xe6, 0x4, 0x44, 0x25, 0x4c, 0xc3,
    0x27, 0x39, 0x71, 0x20, 0x8, 0xf0, 0x5f, 0x26,
    0x58, 0xcc, 0x83, 0x0, 0xc9, 0xd5, 0x1b, 0xc7,
    0x31, 0x32, 0x30, 0x9, 0x64, 0x73, 0x41, 0x1c,
    0x44, 0x17, 0x60, 0xa, 0x58, 0x0, 0xc2, 0x1e,
    0x1b, 0x1a, 0xb2, 0x4, 0x34, 0x1e, 0x5d, 0xd8,
    0xa8, 0x76, 0x0,

    /* U+60C5 "情" */
    0x0, 0xf, 0x90, 0x6, 0x1f, 0x20, 0xf, 0x8,
    0x5, 0x59, 0x8d, 0xe, 0xcc, 0x50, 0x7, 0x86,
    0x3f, 0xbc, 0x3f, 0xbe, 0x0, 0x10, 0xe1, 0x74,
    0x99, 0xb8, 0x19, 0xb8, 0xe0, 0x4, 0x10, 0xc4,
    0x6f, 0xf7, 0x6, 0xff, 0x94, 0x0, 0x4a, 0xf,
    0xbf, 0xf7, 0x6, 0xff, 0xcc, 0x42, 0x60, 0x2,
    0xed, 0xdf, 0xbd, 0x8e, 0x40, 0x3b, 0x7f, 0xfb,
    0x40, 0x2, 0xc0, 0x1e, 0xcd, 0xdb, 0x80, 0x3f,
    0xef, 0xee, 0xb4, 0x3, 0xfe, 0xfe, 0xeb, 0x40,
    0x3f, 0xee, 0xff, 0xb0, 0x3, 0xfe, 0xef, 0xfb,
    0x40, 0x3f, 0xf8, 0x74, 0x20, 0x18, 0x40, 0x3f,
    0x95, 0x80, 0x0,

    /* U+610F "意" */
    0x0, 0xf8, 0x4c, 0x3, 0xff, 0x85, 0x3a, 0x1,
    0xf9, 0x77, 0x33, 0x28, 0xe6, 0x6d, 0x10, 0x2,
    0x77, 0x20, 0x3b, 0xf7, 0xde, 0x3b, 0x82, 0x1,
    0x11, 0x14, 0x44, 0x44, 0x64, 0x52, 0x20, 0x81,
    0x77, 0xf7, 0x9e, 0xf7, 0x2c, 0x7f, 0xbf, 0x88,
    0x9f, 0xdd, 0xff, 0xc0, 0xf2, 0x0, 0xbf, 0xb7,
    0x7d, 0xdc, 0x0, 0xf9, 0xa2, 0x3c, 0xe0, 0x1f,
    0x88, 0xbe, 0x30, 0xf, 0xcf, 0x77, 0xe7, 0x0,
    0xfb, 0x7b, 0xfa, 0x6f, 0xb9, 0xf8, 0x40, 0x11,
    0xf1, 0x57, 0x90, 0x40, 0x19, 0xe, 0x98, 0x2,
    0x90, 0x38, 0x0, 0xb4, 0x51, 0xa6, 0xfa, 0x22,
    0x79, 0x2, 0x3f, 0xf5, 0x7b, 0x50, 0x44, 0x88,
    0xb8, 0xc1, 0x7f, 0xfc, 0xe0, 0x7, 0x0,

    /* U+611F "感" */
    0x0, 0xfc, 0xb2, 0x38, 0x40, 0x1f, 0xf1, 0x28,
    0xda, 0x8, 0x6, 0xcf, 0xfe, 0x83, 0xf8, 0x9e,
    0x90, 0xd, 0x7f, 0xfb, 0x47, 0xfd, 0xbf, 0x20,
    0x18, 0x7f, 0xf1, 0x8, 0x8b, 0x48, 0x3, 0x87,
    0xff, 0x1, 0xaa, 0x90, 0x80, 0x31, 0x7, 0xf7,
    0x3c, 0x6f, 0xab, 0xc0, 0x30, 0x89, 0x8b, 0xb8,
    0x20, 0xea, 0x28, 0x2, 0x0, 0x93, 0x31, 0x77,
    0x4, 0x1c, 0x4d, 0x97, 0xc0, 0x5a, 0x7, 0xfb,
    0x98, 0xd9, 0xf7, 0x14, 0xe0, 0x3c, 0x2, 0x6e,
    0x58, 0x76, 0x29, 0x93, 0x20, 0xa, 0x91, 0xac,
    0xa7, 0x40, 0x42, 0xec, 0x20, 0x6, 0x5, 0x11,
    0x3, 0x48, 0x46, 0x48, 0x58, 0x0, 0xac, 0x14,
    0xff, 0xf3, 0x50, 0x74, 0x80,

    /* U+6162 "慢" */
    0x0, 0xbc, 0x80, 0x3f, 0xf8, 0xa3, 0xfd, 0xdd,
    0xa0, 0x1e, 0x12, 0x10, 0xf, 0x8, 0x4, 0xa8,
    0x11, 0xc0, 0x55, 0x59, 0xc0, 0x34, 0x98, 0x41,
    0x99, 0x73, 0x30, 0xd8, 0x4, 0x68, 0x3, 0x7a,
    0xcd, 0xe9, 0xd0, 0x41, 0x30, 0x2, 0x87, 0x7,
    0xf8, 0x7b, 0xc, 0x13, 0x80, 0x23, 0x18, 0x18,
    0x90, 0x8b, 0x10, 0xf, 0x15, 0x6d, 0x66, 0xd6,
    0xe5, 0x0, 0x7d, 0x95, 0x77, 0xe6, 0x0, 0xfa,
    0x64, 0x5d, 0xcc, 0x6, 0x30, 0xf, 0xcc, 0xf6,
    0xb8, 0xf0, 0x1, 0xfe, 0xe4, 0xa2, 0x80, 0xf,
    0xc9, 0x1b, 0x4d, 0x4f, 0xd9, 0x24, 0x1, 0xc4,
    0xaa, 0xe9, 0x5b, 0xdb, 0x22, 0x0,

    /* U+6210 "成" */
    0x0, 0xff, 0xe6, 0x2f, 0x85, 0x40, 0x7, 0xff,
    0xa, 0x5a, 0x40, 0x3f, 0xc2, 0x0, 0x3a, 0xe0,
    0xd, 0x9f, 0xfd, 0x61, 0xfe, 0xb8, 0xa0, 0xc,
    0xfd, 0xdb, 0x43, 0x7b, 0xab, 0x0, 0x9f, 0xc4,
    0x71, 0x0, 0x5, 0xa0, 0x40, 0x34, 0x7f, 0xce,
    0x4, 0xc1, 0x46, 0x1, 0x9d, 0xdb, 0xa2, 0x10,
    0x6c, 0x42, 0x80, 0xe, 0xe2, 0x20, 0x18, 0x19,
    0xa5, 0x88, 0x3, 0x11, 0x80, 0xd, 0x82, 0xd0,
    0xe0, 0x3, 0x8, 0x98, 0x0, 0x22, 0x7, 0x7,
    0x10, 0x30, 0x2, 0x1, 0xce, 0x81, 0x25, 0xab,
    0x10, 0xe1, 0x84, 0xa8, 0x7a, 0xdc, 0x5c, 0xd2,
    0xe4, 0x81, 0x19, 0xa0, 0x1a, 0x20, 0xb8, 0xc1,
    0x64, 0xe6, 0x27, 0xe4, 0x1, 0x76, 0x98, 0x0,
    0x73, 0x1a, 0x0,

    /* U+6216 "或" */
    0x0, 0xff, 0xe5, 0x27, 0x85, 0xa0, 0x7, 0xff,
    0x7, 0x6c, 0xc0, 0x2, 0x42, 0x3f, 0x9d, 0xc0,
    0x21, 0x59, 0xff, 0xd6, 0x3f, 0xe6, 0xda, 0xb,
    0xee, 0xf6, 0x7, 0x76, 0xb0, 0x6, 0xff, 0xe1,
    0x30, 0x10, 0x38, 0x0, 0x8e, 0xff, 0x80, 0x2,
    0x4, 0x16, 0xa0, 0x1f, 0xe3, 0x50, 0x68, 0x0,
    0xff, 0x2f, 0xb1, 0xa8, 0x6, 0xbf, 0xe0, 0xb,
    0x1e, 0x20, 0x1, 0xbb, 0xff, 0x10, 0x28, 0xaa,
    0x80, 0x30, 0xa3, 0xdf, 0xe8, 0x48, 0x38, 0x0,
    0x82, 0xba, 0xbb, 0x9b, 0xf6, 0x9a, 0x4e, 0x3a,
    0x73, 0xbd, 0x2b, 0x5c, 0x38, 0x55, 0x18, 0x46,
    0x62, 0x0, 0xbe, 0xe8, 0x41, 0x2d, 0xf8, 0x0,

    /* U+622A "截" */
    0x0, 0xc9, 0xc0, 0x13, 0x60, 0x3a, 0x80, 0x6d,
    0xc9, 0x1c, 0xc3, 0x0, 0x80, 0xd8, 0x80, 0x5d,
    0xc8, 0x1e, 0xe3, 0x98, 0x1, 0xa4, 0x40, 0xc,
    0xd1, 0x3, 0x31, 0x74, 0x11, 0x6, 0xa2, 0x1b,
    0xfe, 0xd4, 0xee, 0x8c, 0xbb, 0xb1, 0x85, 0xfa,
    0xd8, 0x1d, 0x52, 0x42, 0xa9, 0x34, 0x40, 0x36,
    0x1a, 0x8d, 0xda, 0x60, 0x21, 0x8e, 0x3, 0x83,
    0xba, 0x48, 0xfc, 0x11, 0x11, 0x83, 0x81, 0x30,
    0xe7, 0x2c, 0x75, 0x81, 0x2d, 0x28, 0x81, 0xd8,
    0x67, 0xac, 0x7d, 0x82, 0x6b, 0x48, 0x7, 0x6f,
    0x2c, 0x7c, 0x5, 0xa2, 0xc, 0x3, 0xb7, 0x96,
    0x3e, 0x41, 0x80, 0x40, 0x80, 0x36, 0x7a, 0xc7,
    0xdb, 0xd4, 0xab, 0x73, 0x80, 0x7, 0x3f, 0xed,
    0x5a, 0xd6, 0xb9, 0x33, 0x0, 0x3c, 0xc0, 0x22,
    0xdd, 0x10, 0x26, 0xca, 0x0,

    /* U+6233 "戳" */
    0x0, 0xff, 0x69, 0x80, 0x76, 0x77, 0x28, 0xfb,
    0x9e, 0x4, 0x18, 0x60, 0x17, 0xc6, 0x83, 0xef,
    0x8, 0x8, 0x56, 0x80, 0x45, 0xe, 0x3, 0x0,
    0x1c, 0xda, 0x20, 0x1, 0x8f, 0x6, 0xcb, 0x0,
    0xaa, 0xf5, 0x80, 0x19, 0x8e, 0x25, 0xe8, 0xd,
    0x13, 0xfe, 0x70, 0x6, 0x7f, 0xa6, 0x24, 0xf3,
    0x53, 0xd1, 0x94, 0x2, 0x84, 0xa0, 0xbb, 0x40,
    0x9, 0x5, 0x18, 0x2, 0xa, 0xa8, 0x73, 0x56,
    0x1b, 0xa3, 0x26, 0x3, 0x61, 0x9c, 0x2f, 0xc2,
    0x2, 0x78, 0x60, 0x1, 0xf9, 0xf6, 0x96, 0x69,
    0x82, 0x12, 0xc8, 0x4, 0x21, 0xbc, 0x5f, 0xc6,
    0x1, 0x30, 0x80, 0x75, 0x79, 0x67, 0x90, 0xe2,
    0xb1, 0x68, 0x4, 0x73, 0xa3, 0xdb, 0x54, 0x9a,
    0x7d, 0x20, 0xb, 0xb7, 0x33, 0x5d, 0x90, 0x26,
    0x20, 0x0,

    /* U+6237 "户" */
    0x0, 0xff, 0xe5, 0x3e, 0x80, 0x7f, 0xf0, 0x54,
    0x90, 0x3, 0xf0, 0x91, 0x40, 0xe0, 0x45, 0x80,
    0x37, 0xee, 0xe7, 0xbd, 0xdc, 0xc0, 0x1a, 0xbf,
    0xff, 0x0, 0x7f, 0xf6, 0x2b, 0xff, 0xf0, 0x7,
    0xc, 0xee, 0xfe, 0x0, 0xc2, 0x8, 0x45, 0xfb,
    0x1c, 0x0, 0x80, 0x40, 0x1f, 0x8c, 0x40, 0x12,
    0xa0, 0x1f, 0xfc, 0x5, 0x39, 0x0, 0xff, 0x86,
    0x94, 0xc0, 0x3f, 0xe1, 0xbb, 0x0, 0x7f, 0xf0,
    0x0,

    /* U+6240 "所" */
    0x0, 0xe3, 0x60, 0xe, 0x37, 0x0, 0xab, 0x7f,
    0xb4, 0x6b, 0x3b, 0xf6, 0xcc, 0x0, 0x97, 0xfb,
    0x62, 0x95, 0xfe, 0xec, 0x30, 0x8, 0xc0, 0x31,
    0x90, 0x80, 0x7d, 0x35, 0x49, 0x0, 0xff, 0x1a,
    0x7e, 0xb8, 0x1c, 0xe6, 0x6b, 0x0, 0xb5, 0x50,
    0x2, 0xbf, 0xa3, 0xf8, 0x0, 0x18, 0x4, 0x60,
    0x28, 0x64, 0x26, 0x60, 0x0, 0x99, 0x30, 0x4,
    0x60, 0x1f, 0xa3, 0x2c, 0x48, 0x44, 0x1, 0xe2,
    0xc, 0xee, 0x62, 0x28, 0x7, 0xc8, 0x4, 0x1,
    0x56, 0x80, 0x7d, 0x4e, 0x1, 0x29, 0xb8, 0x4,
    0x20, 0x1, 0x9, 0x0, 0xa2, 0x2, 0x0, 0x10,
    0x8, 0x70, 0x40, 0x2c, 0x70, 0x9, 0x7c, 0x0,

    /* U+6247 "扇" */
    0x0, 0xf9, 0x2c, 0x3, 0xf1, 0x19, 0xe2, 0x47,
    0x33, 0xc2, 0x0, 0xed, 0xff, 0xa8, 0xef, 0xfe,
    0xc5, 0x0, 0xa7, 0x33, 0xf8, 0x1c, 0x2, 0x9d,
    0xdf, 0xe0, 0x70, 0xa, 0x77, 0x7f, 0xbd, 0x0,
    0x34, 0x7f, 0xdc, 0x3f, 0xfa, 0x40, 0x2, 0x28,
    0xef, 0xb0, 0x1e, 0xff, 0x18, 0x4, 0x46, 0x9e,
    0x40, 0x14, 0x50, 0x0, 0x40, 0x41, 0x91, 0x80,
    0xc0, 0x11, 0xaa, 0x60, 0x4, 0x3, 0xc, 0xe8,
    0x0, 0xb6, 0xc4, 0x1, 0xe6, 0x99, 0x77, 0x2,
    0x70, 0xf9, 0x0, 0xaa, 0x2b, 0x6b, 0x88, 0x25,
    0x58, 0x80, 0x10, 0x28, 0x68, 0xb2, 0x94, 0x14,
    0x7c, 0xf1, 0x74, 0x80, 0x28, 0xcb, 0x0, 0xd,
    0xf2, 0x0,

    /* U+624D "才" */
    0x0, 0xfd, 0xce, 0x1, 0xff, 0xc1, 0x10, 0xf,
    0xfe, 0x31, 0xa1, 0x9f, 0x83, 0x8d, 0x10, 0x71,
    0x5b, 0xbe, 0x16, 0xda, 0xbf, 0xbe, 0xef, 0x20,
    0x47, 0x73, 0xf0, 0x3, 0xcc, 0xa0, 0x1f, 0xf2,
    0x4d, 0x10, 0x7, 0xf2, 0x5c, 0x28, 0x7, 0xf3,
    0x5c, 0xb8, 0x7, 0xe1, 0xa9, 0xb6, 0x0, 0xfc,
    0xfc, 0xda, 0x80, 0x1f, 0xc7, 0x18, 0x40, 0x18,
    0x80, 0x39, 0x1c, 0x3, 0x6f, 0x82, 0x80, 0x7f,
    0xae, 0x74, 0xc0, 0x30,

    /* U+6253 "打" */
    0x0, 0x9b, 0xc0, 0x3f, 0xf8, 0x46, 0x1, 0x2b,
    0xbf, 0xc6, 0x1, 0x84, 0x0, 0x7d, 0xd4, 0x67,
    0x71, 0xc2, 0xf6, 0xc7, 0x74, 0x73, 0x30, 0x7c,
    0xc9, 0x3, 0xe6, 0x41, 0xdc, 0x40, 0xf, 0xe4,
    0x41, 0x9, 0x98, 0x40, 0x3f, 0xf8, 0x27, 0x22,
    0x1, 0xfe, 0x4f, 0x1d, 0x1, 0x0, 0xfe, 0xea,
    0x61, 0xe9, 0x0, 0xff, 0x6f, 0x48, 0x7, 0xff,
    0x4, 0xc0, 0x3f, 0xfa, 0x87, 0x80, 0x1c, 0x2a,
    0x1, 0xf6, 0xb4, 0x80, 0x6d, 0xa2, 0x40, 0xe,
    0xff, 0x38, 0x6, 0xed, 0xd0, 0x6,

    /* U+6267 "执" */
    0x0, 0xff, 0xe3, 0xf1, 0x80, 0x49, 0xe0, 0x1f,
    0xc2, 0x1, 0xff, 0xd1, 0x32, 0x6, 0x24, 0xaf,
    0xa, 0xa4, 0x0, 0x47, 0xb8, 0x17, 0x2f, 0xa4,
    0x1a, 0x68, 0x1, 0x1f, 0x70, 0x36, 0xcd, 0xf4,
    0x5f, 0x40, 0x3f, 0x8c, 0x4, 0x46, 0x1, 0xf8,
    0x43, 0x24, 0xba, 0x58, 0x3, 0xc7, 0x9c, 0x13,
    0x45, 0x26, 0xe0, 0x7, 0x0, 0x88, 0x30, 0x14,
    0x0, 0xc2, 0x7a, 0x2e, 0x1, 0xe, 0x18, 0x6,
    0x51, 0xc5, 0x72, 0x0, 0xfe, 0x1b, 0x73, 0x82,
    0x11, 0x80, 0x3c, 0x3a, 0x70, 0x1, 0x24, 0xe2,
    0x2, 0x58, 0x3, 0xcb, 0x0, 0x37, 0x39, 0xa0,
    0x30, 0xd1, 0xd6, 0x8, 0x6, 0x57, 0xa0, 0x1,
    0x52, 0x82, 0x10, 0x7, 0xa1, 0x0,

    /* U+6269 "扩" */
    0x0, 0xff, 0xe3, 0xfa, 0x80, 0x76, 0x40, 0x7,
    0xff, 0xa, 0x98, 0x40, 0x3c, 0x20, 0x15, 0x66,
    0x28, 0xf7, 0x61, 0x2c, 0xc0, 0xc5, 0x83, 0x2f,
    0xfb, 0xbf, 0xa4, 0x4a, 0x3c, 0x2a, 0x0, 0x1c,
    0x67, 0xc8, 0x0, 0x43, 0x12, 0x30, 0x70, 0xf,
    0xfe, 0x1, 0x28, 0x7, 0xfc, 0x6e, 0x31, 0x80,
    0xe0, 0x1f, 0x97, 0x2c, 0x2a, 0x40, 0x44, 0x1,
    0xf2, 0xde, 0x8, 0x4, 0x66, 0x0, 0xfc, 0x80,
    0x18, 0x85, 0x0, 0x3f, 0xf8, 0x2a, 0x42, 0x1,
    0xf8, 0x90, 0x44, 0x12, 0xa0, 0x1f, 0xc9, 0x66,
    0xae, 0x34, 0x1, 0xfc, 0xdd, 0x82, 0xfa, 0x40,
    0x1f, 0x80,

    /* U+626B "扫" */
    0x0, 0x9f, 0xc0, 0x3f, 0xf8, 0x22, 0x20, 0x4,
    0x7f, 0xfc, 0x1, 0xf5, 0x66, 0x74, 0x0, 0x3f,
    0xa0, 0x77, 0x80, 0xcf, 0x88, 0x42, 0xe9, 0x82,
    0x68, 0x80, 0x3f, 0x22, 0x38, 0x51, 0x40, 0x3f,
    0xf8, 0x3, 0x1e, 0x19, 0xff, 0xa8, 0x2, 0x2d,
    0x2, 0xc0, 0xed, 0xee, 0xa4, 0x1, 0x5a, 0xc3,
    0x44, 0x4, 0x41, 0x18, 0xc0, 0x1b, 0x96, 0x1,
    0xff, 0xc0, 0x73, 0x0, 0xff, 0xe3, 0xaa, 0x27,
    0x68, 0x7, 0xe8, 0x99, 0xe6, 0x10, 0x5, 0xc3,
    0x0, 0x37, 0x7d, 0x60, 0x14, 0xf4, 0x0, 0x7e,
    0x5f,

    /* U+626C "扬" */
    0x0, 0xb9, 0x40, 0x3f, 0xf8, 0x62, 0x0, 0xff,
    0xf9, 0x40, 0x31, 0x80, 0x5b, 0xb9, 0xa, 0x94,
    0x5, 0x10, 0x66, 0x40, 0x22, 0xf, 0x96, 0xa8,
    0x0, 0xf3, 0x1, 0xb8, 0x3, 0x1b, 0x12, 0x1,
    0x8a, 0x20, 0x7d, 0x1, 0xee, 0x35, 0xff, 0x8c,
    0x3, 0x1b, 0x86, 0x68, 0x53, 0x2e, 0x1, 0x2,
    0x41, 0x48, 0x0, 0x90, 0x54, 0xb4, 0x0, 0x27,
    0x64, 0x34, 0xe0, 0x31, 0x0, 0x43, 0x70, 0x1,
    0xf5, 0x18, 0x0, 0x71, 0x59, 0x45, 0x4, 0x40,
    0x1, 0x0, 0x9b, 0x9a, 0xc6, 0xd8, 0xc, 0xc0,
    0x1e, 0x77, 0x58, 0x51, 0xc0, 0x8, 0x80, 0x4,
    0x86, 0x3, 0x9, 0xad, 0x82, 0x76, 0xc0, 0x15,
    0x92, 0x83, 0x5a, 0x68, 0xbe, 0xc, 0x0, 0xb,
    0xf0, 0x41, 0xb6, 0x40, 0xd, 0xba, 0x20,

    /* U+6279 "批" */
    0x0, 0xff, 0x84, 0x3, 0xef, 0x50, 0xe, 0x1e,
    0x20, 0xf, 0x84, 0xf, 0xc0, 0x2, 0x1, 0xf8,
    0x40, 0x2, 0x1, 0xfe, 0x33, 0x9, 0x18, 0x7,
    0xfd, 0xbc, 0x11, 0xe0, 0x1f, 0x14, 0x80, 0x3b,
    0x46, 0xb0, 0x0, 0x88, 0x10, 0x6f, 0x21, 0x0,
    0xfd, 0x12, 0x0, 0xba, 0xb1, 0x0, 0xdb, 0x20,
    0xc, 0xd1, 0xb, 0x70, 0x0, 0xb6, 0x9, 0x50,
    0x7, 0x98, 0x3, 0x5d, 0xf, 0x98, 0x7, 0xf8,
    0x75, 0x80, 0x3f, 0xf9, 0x4e, 0x1, 0x94, 0x3,
    0x8, 0x1, 0x83, 0x74, 0x1, 0xa8, 0xc1, 0x3c,
    0x18, 0x8, 0x9d, 0x40, 0x79, 0xc6, 0x60, 0x49,
    0xe2, 0x6, 0xd3, 0x0, 0x67, 0x73, 0x0,

    /* U+627E "找" */
    0x0, 0xfc, 0x40, 0x1f, 0xde, 0xa0, 0x17, 0xc0,
    0xa8, 0x7, 0xc2, 0x1, 0xbc, 0xaa, 0x0, 0x38,
    0x40, 0x30, 0x81, 0xe3, 0xa8, 0x0, 0x88, 0x4,
    0x40, 0xb, 0xc0, 0xf1, 0x40, 0x19, 0xe3, 0x18,
    0x0, 0x72, 0x69, 0xff, 0x8, 0x76, 0x8d, 0x7c,
    0xe2, 0x2d, 0x85, 0x58, 0x80, 0x71, 0x1d, 0xa9,
    0xec, 0x9a, 0x0, 0x74, 0xc5, 0x3f, 0x90, 0xd,
    0x30, 0xb, 0x68, 0xad, 0x80, 0x18, 0x45, 0x66,
    0xc0, 0x71, 0x63, 0x80, 0x11, 0x85, 0xaf, 0x0,
    0xb, 0x98, 0x3, 0xc8, 0xb4, 0x40, 0x1f, 0xe4,
    0x40, 0x20, 0x18, 0x7, 0xe8, 0xb8, 0x3b, 0x8,
    0xa0, 0x36, 0x17, 0x3e, 0x6b, 0x7e, 0x5c, 0x4c,
    0x5, 0x94, 0x33, 0x47, 0x20, 0x16, 0x11, 0xb0,
    0x37, 0xd8, 0x1, 0x80, 0x31, 0xf6, 0x0,

    /* U+627F "承" */
    0x0, 0xff, 0xe3, 0xf7, 0xff, 0xe4, 0x0, 0xf7,
    0xf7, 0x72, 0x8c, 0xa0, 0x7, 0x84, 0x71, 0x60,
    0x7b, 0x0, 0x71, 0xa1, 0x98, 0x1, 0x4f, 0x4c,
    0xa0, 0x60, 0x14, 0x43, 0xb1, 0x79, 0x97, 0xb3,
    0xb, 0x8e, 0x0, 0xbc, 0x91, 0x4c, 0x55, 0x61,
    0xb5, 0x4b, 0x80, 0x63, 0x20, 0x60, 0x0, 0xe8,
    0x63, 0x0, 0x76, 0x2a, 0xa1, 0x11, 0xee, 0x2,
    0x1, 0xc2, 0x9a, 0xb8, 0xee, 0xc3, 0x4b, 0x0,
    0xeb, 0x24, 0xfe, 0x66, 0x76, 0x7b, 0x20, 0x4,
    0xaa, 0x80, 0xee, 0x33, 0x3b, 0x51, 0x6d, 0x40,
    0xa9, 0x94, 0x3, 0x8, 0x5, 0x47, 0x80, 0x57,
    0x20, 0x3, 0xb6, 0xe0, 0xd, 0x92, 0x0, 0x40,
    0x8, 0xcd, 0x6c, 0x1, 0xf0,

    /* U+628A "把" */
    0x0, 0xb9, 0x0, 0x3f, 0xf8, 0xa3, 0xbb, 0xf0,
    0x80, 0x63, 0x0, 0x9, 0x7f, 0x16, 0x71, 0x0,
    0x17, 0xf8, 0xab, 0x9c, 0xc, 0x80, 0x48, 0x2,
    0x5e, 0xe1, 0x57, 0x30, 0x7, 0xf8, 0x40, 0x30,
    0x80, 0x7f, 0xf0, 0x73, 0xa, 0x1, 0xfe, 0x17,
    0x25, 0x94, 0xf, 0xf0, 0x77, 0x80, 0x4b, 0xd6,
    0x32, 0xa2, 0x19, 0xfd, 0xfa, 0x1, 0x2c, 0xe1,
    0x80, 0x63, 0x11, 0x8e, 0x84, 0x0, 0xc0, 0x1f,
    0xf2, 0x80, 0x7f, 0xf0, 0xc6, 0x4, 0x0, 0x24,
    0xe0, 0x12, 0x80, 0x66, 0x71, 0xa, 0xe3, 0x30,
    0x1, 0xaf, 0xff, 0x44, 0x80, 0x2f, 0xb0, 0x2,
    0x9f, 0xff, 0x30, 0x0,

    /* U+6296 "抖" */
    0x0, 0x9b, 0xc0, 0x3c, 0x5e, 0x60, 0x1c, 0x60,
    0x19, 0x98, 0x6, 0x2, 0x1, 0xe1, 0x0, 0xba,
    0x44, 0x3, 0xc6, 0x9a, 0x8, 0xa1, 0x3, 0x0,
    0x1e, 0xa9, 0x51, 0x88, 0x10, 0x6c, 0x80, 0x7a,
    0x76, 0x7, 0x34, 0x84, 0xc0, 0x3f, 0xf8, 0x5e,
    0xc0, 0x1f, 0xc6, 0x35, 0xa1, 0x32, 0x30, 0xf,
    0x4e, 0xc8, 0x6e, 0x3, 0xc1, 0x80, 0x78, 0x96,
    0x5, 0xc4, 0x0, 0xe0, 0x41, 0x52, 0xc1, 0x70,
    0x40, 0x3, 0x8a, 0xdf, 0xc0, 0x31, 0x50, 0xf,
    0x32, 0x1d, 0xe6, 0x84, 0xc1, 0x80, 0x79, 0x72,
    0x58, 0xcc, 0x1, 0xe8, 0x81, 0x80, 0x7e, 0x10,
    0xc, 0x4f, 0xe0, 0x1e, 0x30, 0xc,

    /* U+62A4 "护" */
    0x0, 0xff, 0x10, 0x7, 0xdc, 0xc0, 0x18, 0x74,
    0xc0, 0x3c, 0x66, 0x0, 0xc2, 0xb2, 0x1, 0xff,
    0x11, 0x3a, 0x48, 0x80, 0x2, 0x10, 0x32, 0x15,
    0xdd, 0x5e, 0x6e, 0x94, 0xf3, 0xca, 0x32, 0x40,
    0x7f, 0xf1, 0x1, 0xf7, 0xa, 0xfa, 0x4, 0x3,
    0xff, 0x82, 0x20, 0x1f, 0xc4, 0xa7, 0x1e, 0xc2,
    0x2f, 0xfc, 0x40, 0xbb, 0xc1, 0x5e, 0xe6, 0x6f,
    0xfc, 0x40, 0xbf, 0x66, 0x40, 0xe, 0x60, 0xd,
    0xaa, 0x1, 0xf1, 0xe8, 0x7, 0xff, 0x0, 0x51,
    0x0, 0x1f, 0xc6, 0x0, 0x92, 0x30, 0xf, 0x97,
    0x85, 0xd1, 0xe0, 0x3, 0xf2, 0x5f, 0x13, 0xb9,
    0x40, 0x3e,

    /* U+62A5 "报" */
    0x0, 0x93, 0xc0, 0x3f, 0xf8, 0x4e, 0x20, 0x4,
    0xff, 0xf0, 0x7, 0xf8, 0x7b, 0xab, 0x0, 0xc8,
    0x90, 0x22, 0x80, 0x4, 0x60, 0x10, 0xb, 0xe2,
    0x86, 0x24, 0x2, 0x27, 0x85, 0x0, 0xaf, 0x38,
    0x73, 0x0, 0x11, 0xf5, 0xd0, 0x7, 0xc2, 0xc0,
    0x3f, 0xcd, 0x1c, 0xc0, 0x1, 0x59, 0x1f, 0xf0,
    0xb, 0xb7, 0x58, 0x20, 0xf, 0x58, 0x8b, 0xa4,
    0x1, 0x4e, 0x24, 0x64, 0x3, 0xbd, 0x0, 0x1c,
    0x44, 0x7b, 0xa0, 0x8, 0x80, 0x3f, 0x7c, 0x3,
    0x0, 0x7f, 0xf0, 0x89, 0x0, 0x30, 0xa1, 0x80,
    0x64, 0xd9, 0x95, 0xc8, 0x80, 0x32, 0x6c, 0x3,
    0x7c, 0x33, 0x2d, 0xd0, 0x1, 0xbc, 0xc0, 0x4,
    0xeb, 0x60, 0x2, 0x72, 0x80,

    /* U+62C9 "拉" */
    0x0, 0xff, 0xe3, 0xf2, 0x80, 0x43, 0xc6, 0x1,
    0xff, 0xc1, 0x15, 0x90, 0xf, 0xc6, 0x1, 0xde,
    0x40, 0x1c, 0x9f, 0xe2, 0xae, 0xaf, 0xf5, 0xbf,
    0xfc, 0xc0, 0x9d, 0xe5, 0x5f, 0x5f, 0xfd, 0xde,
    0xc0, 0x1, 0x0, 0x84, 0x18, 0x80, 0x2a, 0x90,
    0xf, 0x66, 0x85, 0xa8, 0x4, 0xbe, 0x1, 0x98,
    0x92, 0x1, 0x6c, 0x0, 0x42, 0xe0, 0x4, 0xeb,
    0x18, 0x50, 0xb3, 0x20, 0x42, 0x10, 0x2, 0x46,
    0x98, 0x4, 0x62, 0xa1, 0x88, 0x1, 0x98, 0x3,
    0xc9, 0x60, 0x9a, 0x1, 0xff, 0x75, 0x18, 0xa0,
    0x7, 0x8c, 0x8, 0xcc, 0xeb, 0x46, 0x72, 0x0,
    0x1e, 0xc5, 0xab, 0xff, 0x28, 0x7f, 0xa4, 0x40,
    0x89, 0x67, 0x19, 0x9f, 0xb4, 0x40,

    /* U+62D2 "拒" */
    0x0, 0xbd, 0x80, 0x3f, 0xf8, 0x46, 0x0, 0xcf,
    0xff, 0x58, 0x7, 0xe7, 0xbb, 0xe8, 0x16, 0x50,
    0xc6, 0x10, 0xe4, 0x4e, 0x33, 0x67, 0x81, 0x61,
    0x80, 0x91, 0x70, 0x15, 0x50, 0x3a, 0x88, 0x23,
    0x33, 0x69, 0x0, 0x7e, 0x9e, 0xeb, 0x0, 0x3d,
    0xdc, 0x20, 0xf, 0xc5, 0x7e, 0x3, 0xa4, 0x2,
    0x45, 0x30, 0x0, 0x89, 0x81, 0xe6, 0x0, 0x8c,
    0xca, 0x84, 0x1, 0x26, 0x1, 0xd3, 0xdd, 0xc4,
    0x1, 0xff, 0xca, 0x1e, 0x33, 0xe4, 0x6, 0xc0,
    0x70, 0x0, 0xb6, 0xef, 0x50, 0x2b, 0x59, 0x0,
    0x33, 0xbb, 0xe0,

    /* U+62D4 "拔" */
    0x0, 0xb9, 0x0, 0x26, 0x0, 0xff, 0xe1, 0x5c,
    0x4, 0x38, 0x7, 0x18, 0x7, 0x68, 0x5c, 0x20,
    0x1, 0x54, 0x78, 0xa6, 0x7c, 0x12, 0x2, 0x1d,
    0xe2, 0x9f, 0xf0, 0xd7, 0xfa, 0xa1, 0x42, 0xe8,
    0xa2, 0xb3, 0x87, 0x33, 0x90, 0x3, 0x1c, 0x83,
    0x8f, 0xfe, 0x70, 0x1, 0x39, 0x4f, 0x7, 0x86,
    0x7f, 0x2, 0x82, 0x6e, 0xd, 0x38, 0xa2, 0xd8,
    0x28, 0x90, 0x26, 0xd9, 0x80, 0x25, 0xe1, 0xc7,
    0xa4, 0x2, 0x20, 0x8, 0x9e, 0xc9, 0xb5, 0x18,
    0x3, 0xc3, 0xec, 0x41, 0xa6, 0xa2, 0x1, 0x9,
    0x93, 0x5c, 0x84, 0x54, 0x36, 0x10, 0x2, 0x71,
    0xd, 0x99, 0xc7, 0x8f, 0x8d, 0xac, 0x13, 0xd6,
    0x0, 0x7d, 0xb2, 0x1, 0xab, 0x60,

    /* U+62DF "拟" */
    0x0, 0xbd, 0x0, 0x21, 0x70, 0x2, 0x30, 0x7,
    0xf8, 0xe1, 0x0, 0xe8, 0x3, 0xce, 0x7, 0xe4,
    0xb0, 0x1, 0xc3, 0xfc, 0x1b, 0x60, 0x14, 0x9a,
    0x0, 0x61, 0xdc, 0xa, 0x90, 0x10, 0x38, 0x60,
    0xe, 0x22, 0x3, 0x90, 0x6, 0x72, 0x0, 0xfc,
    0x92, 0x1, 0xf3, 0x80, 0x47, 0x21, 0x7a, 0x1,
    0x88, 0x3c, 0x40, 0x5, 0x80, 0xf, 0x40, 0xa,
    0x64, 0x6, 0x40, 0x2, 0xe9, 0x0, 0xe8, 0x79,
    0x5, 0xd0, 0x8, 0x40, 0x33, 0x8b, 0x61, 0x38,
    0xc8, 0x7, 0xe2, 0x1c, 0x25, 0x89, 0x18, 0x0,
    0x8c, 0x4, 0x1b, 0xca, 0x6a, 0x5a, 0x5c, 0xc1,
    0x30, 0xc8, 0x0, 0x5c, 0xf6, 0xc0, 0x8a, 0x0,
    0x4e, 0xc0, 0x8, 0xe3, 0x90, 0x2, 0xa3,

    /* U+62E8 "拨" */
    0x0, 0xfe, 0x10, 0xf, 0xef, 0x20, 0x12, 0x6,
    0xf1, 0x40, 0xf, 0xe4, 0xd0, 0xf2, 0x19, 0xa0,
    0xf, 0xc4, 0x80, 0x2e, 0x12, 0xa8, 0x0, 0x11,
    0x0, 0x95, 0x11, 0xa8, 0x1b, 0xb8, 0x0, 0x7d,
    0xc0, 0xc9, 0x36, 0xd3, 0x4e, 0xe3, 0x40, 0x1f,
    0xf8, 0x36, 0xff, 0xd6, 0x1d, 0xba, 0xec, 0x0,
    0xf0, 0x88, 0x39, 0xc, 0xf0, 0x7, 0xbb, 0x0,
    0xd1, 0x7b, 0x9b, 0xc0, 0x2, 0x9e, 0x5, 0xc0,
    0xf0, 0x5d, 0xd1, 0xd0, 0x4, 0xf0, 0x16, 0x2e,
    0x76, 0x84, 0x64, 0xa0, 0x2, 0xe6, 0x0, 0x2c,
    0x52, 0x22, 0x7d, 0x88, 0x3, 0xe9, 0x75, 0x9,
    0x43, 0x80, 0xf, 0xd9, 0x0, 0xb8, 0x21, 0xa4,
    0x1, 0x25, 0x81, 0x84, 0x75, 0x37, 0x60, 0xee,
    0x10, 0x30, 0x48, 0x87, 0xb7, 0x40, 0x1e, 0xdd,
    0x88,

    /* U+62E9 "择" */
    0x0, 0x1f, 0x88, 0x7, 0xff, 0x15, 0x7f, 0xfd,
    0xa0, 0x10, 0xb8, 0x18, 0xad, 0x97, 0xfb, 0x87,
    0x80, 0x5, 0xd6, 0x1b, 0xe0, 0x8f, 0x69, 0x90,
    0x60, 0x2, 0xfc, 0xe, 0xe0, 0x2, 0xd6, 0xd1,
    0x80, 0x3f, 0xb, 0x4f, 0xa4, 0xbf, 0x54, 0x8,
    0x6, 0xa4, 0xc1, 0xcf, 0xee, 0x59, 0x90, 0x94,
    0xe8, 0x1a, 0x5c, 0x9e, 0xa8, 0xa4, 0x50, 0x1,
    0x18, 0x24, 0x67, 0xb8, 0xe5, 0xdc, 0xd0, 0x1,
    0x6d, 0x80, 0x51, 0xfe, 0x82, 0xff, 0x60, 0x7,
    0xc4, 0x41, 0x10, 0x0, 0x48, 0xa0, 0xf, 0x76,
    0x7f, 0xa0, 0xbf, 0x31, 0xa0, 0x3, 0x40, 0x1c,
    0xee, 0xa0, 0xbb, 0xaf, 0x0, 0x54, 0x18, 0x7,
    0xff, 0x6, 0xa9, 0x80, 0x1d, 0xe0, 0x1e,

    /* U+62F7 "拷" */
    0x0, 0xf, 0x10, 0x6, 0xf2, 0x0, 0x10, 0x7,
    0x9, 0x80, 0x7e, 0xfa, 0x0, 0xf9, 0x7f, 0xc1,
    0xbe, 0xc7, 0x60, 0x73, 0x1, 0x10, 0x5e, 0xf0,
    0xdc, 0x9b, 0x10, 0x11, 0x80, 0x7c, 0x40, 0x21,
    0xf6, 0x51, 0x2, 0x89, 0x9, 0x7f, 0xf7, 0xe,
    0x13, 0xf7, 0xa0, 0x6, 0x58, 0xee, 0x90, 0xbb,
    0xb2, 0x0, 0x10, 0x2c, 0x40, 0x16, 0x92, 0x67,
    0x10, 0x1f, 0xc0, 0x74, 0x9e, 0xb0, 0xc4, 0x64,
    0x3, 0xbc, 0x3, 0xac, 0xaf, 0x1c, 0xbb, 0x98,
    0x0, 0x80, 0x3, 0x36, 0xbc, 0xf, 0xfe, 0x20,
    0xf, 0x49, 0x5, 0xf7, 0xfb, 0x0, 0x80, 0x3f,
    0x84, 0x40, 0x4, 0x40, 0x4, 0xd6, 0x2, 0x1,
    0x86, 0x26, 0x5a, 0x1, 0xd6, 0x1, 0xc2, 0x61,
    0x6c, 0x0,

    /* U+62FC "拼" */
    0x0, 0x17, 0x88, 0x1, 0x5c, 0x2, 0xc6, 0x0,
    0xff, 0x41, 0x81, 0x98, 0x80, 0x3f, 0x95, 0xc4,
    0x29, 0x10, 0x1, 0x23, 0x82, 0x9a, 0x50, 0xdc,
    0xb3, 0xcd, 0x1, 0x7c, 0x84, 0x53, 0x62, 0x9e,
    0x39, 0xe6, 0x0, 0xaf, 0x83, 0x64, 0x99, 0xf5,
    0x70, 0x15, 0x80, 0x3c, 0x60, 0x1f, 0xe1, 0x45,
    0xa, 0x5c, 0xc2, 0xce, 0x48, 0x66, 0x14, 0xeb,
    0xc2, 0x9b, 0xf8, 0x9b, 0xa0, 0x3b, 0x88, 0x5d,
    0x40, 0x11, 0x91, 0x34, 0x84, 0x8, 0x82, 0x1,
    0xf1, 0x8a, 0x0, 0x7f, 0xf0, 0x7d, 0x84, 0x3,
    0xe4, 0x90, 0x11, 0x60, 0xc8, 0x7, 0xe6, 0x3c,
    0x7, 0xc, 0x0, 0xfc,

    /* U+6301 "持" */
    0x0, 0xb5, 0x40, 0x33, 0x68, 0x7, 0xe2, 0x10,
    0xc, 0x60, 0x1f, 0xc2, 0x0, 0x27, 0x6c, 0x36,
    0x63, 0x80, 0x5, 0x54, 0x38, 0xc3, 0xb8, 0xa3,
    0x99, 0x0, 0xa, 0x24, 0x16, 0xca, 0xa9, 0x25,
    0x54, 0xb0, 0x1, 0xee, 0xc, 0xea, 0x99, 0x88,
    0xc, 0xf0, 0x80, 0x70, 0xc7, 0xfa, 0xc7, 0xb3,
    0xf8, 0x80, 0x4, 0x35, 0x79, 0x9d, 0x67, 0x9a,
    0x69, 0xda, 0x17, 0x53, 0xbb, 0xa0, 0xf7, 0x40,
    0xaf, 0xc2, 0x20, 0xbe, 0xff, 0x98, 0xff, 0x80,
    0x64, 0x40, 0x23, 0xd6, 0x22, 0x70, 0x11, 0x80,
    0x7c, 0x2b, 0x20, 0x1f, 0xfc, 0x28, 0x22, 0x0,
    0x7c, 0x90, 0x2e, 0x0, 0x3e, 0x35, 0xd7, 0x0,
    0xc4, 0xb0, 0x60, 0x10, 0x8a, 0xdb, 0xc0, 0x20,

    /* U+6302 "挂" */
    0x0, 0xbc, 0xc0, 0x30, 0xf8, 0x80, 0x7f, 0xf3,
    0x96, 0x21, 0x21, 0x31, 0x5, 0x0, 0x11, 0x1,
    0x88, 0x7f, 0xc0, 0x17, 0xf8, 0x0, 0x7f, 0xc1,
    0x10, 0x47, 0x74, 0x84, 0xbb, 0x94, 0xf, 0x70,
    0x3a, 0x90, 0xcc, 0xa0, 0xa6, 0x64, 0x10, 0xe,
    0x29, 0xff, 0x41, 0xc7, 0xfa, 0x14, 0x9, 0xc3,
    0x93, 0x73, 0x23, 0xec, 0xc9, 0x7, 0x70, 0x39,
    0x80, 0x3f, 0xc3, 0xb6, 0x1, 0x47, 0xfc, 0x1b,
    0xfe, 0x90, 0x1, 0x0, 0x68, 0xff, 0x83, 0x7f,
    0xd2, 0x1, 0xff, 0xc9, 0x10, 0xf, 0xfe, 0x2,
    0xd8, 0x1c, 0xff, 0xe0, 0xdf, 0xf9, 0xc1, 0x8b,
    0x6, 0x7f, 0xff, 0x9c,

    /* U+6307 "指" */
    0x0, 0xbd, 0x0, 0x3f, 0xf8, 0x42, 0x0, 0x1f,
    0x20, 0x8, 0x80, 0x3f, 0x84, 0x19, 0x23, 0x30,
    0xc0, 0x11, 0x10, 0x8, 0x80, 0x8, 0xcd, 0xee,
    0x30, 0x5, 0x9e, 0x31, 0xe0, 0xe, 0x85, 0x20,
    0x47, 0x0, 0x76, 0x8d, 0x68, 0x1, 0x57, 0xa3,
    0x0, 0x38, 0x54, 0x2b, 0xf3, 0x35, 0xd0, 0x4,
    0xa3, 0x58, 0x32, 0x8a, 0xba, 0xc4, 0x17, 0xec,
    0x2e, 0x44, 0xe7, 0xfe, 0xa2, 0x0, 0x23, 0x70,
    0x80, 0x67, 0x33, 0x88, 0x2, 0x19, 0x0, 0xf6,
    0xff, 0xd6, 0x1, 0xff, 0x6f, 0xfd, 0x60, 0x18,
    0xd0, 0x5c, 0x2, 0xce, 0xea, 0x80, 0x35, 0x51,
    0x4c, 0x2, 0xdf, 0xfa, 0xc4, 0x2, 0x9e, 0xa0,
    0x0, 0x80, 0x8e, 0x5f, 0x0, 0x0,

    /* U+6309 "按" */
    0x0, 0xfe, 0x11, 0x0, 0x7e, 0xf2, 0x0, 0xd5,
    0x60, 0x1f, 0xfc, 0x29, 0x41, 0x0, 0xff, 0x46,
    0x63, 0x8b, 0x73, 0xe, 0x7, 0xb8, 0x1e, 0xa4,
    0xbf, 0xfc, 0xdc, 0x7, 0xfc, 0x12, 0x80, 0x27,
    0x34, 0x66, 0x20, 0x8, 0x88, 0xc, 0x33, 0x60,
    0xb8, 0x0, 0xaa, 0x0, 0x78, 0x84, 0x4c, 0x2e,
    0x44, 0x1, 0x0, 0x84, 0x3e, 0xbb, 0xe4, 0x3f,
    0xdb, 0x9e, 0x25, 0x5c, 0x13, 0x19, 0x23, 0xfb,
    0x81, 0x9a, 0x24, 0x7a, 0xc, 0x0, 0x99, 0x8,
    0x4a, 0x10, 0x5, 0x24, 0x1, 0xb, 0x4b, 0x9b,
    0xc0, 0x7, 0xf0, 0xde, 0x5e, 0x11, 0x80, 0x7c,
    0x60, 0x2, 0xa3, 0x71, 0xe6, 0x0, 0x9b, 0x80,
    0x5f, 0x74, 0x5b, 0x19, 0x32, 0xa0, 0x3, 0xc7,
    0x2, 0xc7, 0x51, 0x0, 0x1f, 0x60, 0x0,

    /* U+633D "挽" */
    0x0, 0xfc, 0x20, 0x1f, 0xc9, 0xe0, 0x1a, 0x30,
    0x3, 0xf3, 0x88, 0x4, 0x4d, 0x20, 0x1f, 0xfc,
    0x1e, 0xa, 0xff, 0x70, 0x6, 0x7b, 0x16, 0x49,
    0x2e, 0xff, 0x2c, 0x80, 0x6d, 0x30, 0xc2, 0xb,
    0x10, 0x25, 0x50, 0x6, 0xa8, 0x1a, 0x6a, 0xa7,
    0xfb, 0x43, 0x7d, 0x40, 0x38, 0x4c, 0x7, 0xfc,
    0x1b, 0xe6, 0x1, 0xc3, 0xe8, 0x0, 0x14, 0x3,
    0x11, 0x0, 0x6, 0x70, 0x31, 0xc0, 0x1f, 0x61,
    0xde, 0x60, 0x1, 0x3a, 0x12, 0x3, 0xee, 0x1b,
    0xf, 0x71, 0x40, 0x14, 0xc0, 0x1c, 0xc5, 0x40,
    0x1f, 0xfc, 0x4, 0x9b, 0x0, 0xc8, 0x0, 0x16,
    0x0, 0xc, 0xdc, 0xa8, 0x8, 0x15, 0x98, 0x35,
    0x38, 0xfa, 0x63, 0x1, 0x97, 0xea, 0x18, 0x3f,
    0xc8, 0xe6, 0x98, 0x5, 0xbf, 0xeb, 0x0,

    /* U+635F "损" */
    0x0, 0xf, 0x90, 0x7, 0xff, 0x1a, 0xbf, 0xfc,
    0x1, 0x19, 0x3, 0x18, 0x2, 0x3f, 0xed, 0x10,
    0x1, 0x6e, 0x82, 0xbc, 0x1, 0x3b, 0xb7, 0x88,
    0x0, 0xbb, 0xc3, 0x30, 0x17, 0x9f, 0xfb, 0x40,
    0x3f, 0x27, 0xe6, 0x79, 0xc0, 0x3a, 0x28, 0x1,
    0x99, 0xca, 0x0, 0x2a, 0xf0, 0x38, 0x0, 0x10,
    0x78, 0x90, 0x6, 0x68, 0xb, 0x20, 0x8, 0x48,
    0x80, 0x18, 0xb1, 0xc0, 0x3c, 0xc0, 0x20, 0xf,
    0x0, 0xf9, 0xdc, 0x18, 0x80, 0xd, 0xd0, 0x7,
    0xc7, 0x28, 0xdf, 0x54, 0x45, 0x0, 0x23, 0x1,
    0x81, 0x45, 0xc2, 0x40, 0x6c, 0x0, 0x32, 0x9c,
    0x63, 0x56, 0xdc, 0xa, 0xad, 0x8c, 0x23, 0x60,
    0x23, 0x35, 0x0, 0x32, 0x71, 0x80,

    /* U+6362 "换" */
    0x0, 0xbc, 0xc0, 0x27, 0x70, 0x7, 0xf8, 0x40,
    0x29, 0x20, 0xf, 0xfe, 0xc, 0xd, 0xf7, 0xf0,
    0x80, 0x5, 0x54, 0xa, 0x88, 0x7c, 0xee, 0xd,
    0x8, 0x0, 0xff, 0xc1, 0x9d, 0x6c, 0x43, 0xa,
    0xa1, 0x0, 0x15, 0x50, 0x26, 0x99, 0x99, 0x87,
    0x6c, 0xe0, 0xf, 0x8a, 0xc7, 0x78, 0x77, 0x0,
    0x3e, 0xca, 0x0, 0x9c, 0xc0, 0x38, 0x67, 0x82,
    0xa0, 0x40, 0x2, 0x1, 0x84, 0x4, 0x30, 0x1a,
    0x34, 0x3a, 0x8b, 0xbc, 0x7d, 0x42, 0x48, 0x1,
    0x1d, 0xd1, 0xb, 0xf7, 0x4a, 0x1, 0xfa, 0x43,
    0xdd, 0x40, 0x3e, 0x30, 0x1b, 0x4c, 0x1a, 0xa3,
    0x80, 0x4b, 0x80, 0x33, 0xc3, 0x82, 0x9, 0x51,
    0xa2, 0xf, 0x7a, 0x1b, 0x94, 0x20, 0x12, 0xec,
    0x8,

    /* U+636E "据" */
    0x0, 0xa8, 0x80, 0x3f, 0xf8, 0x4a, 0x20, 0x7f,
    0xff, 0x8, 0x6, 0x10, 0x8, 0xbf, 0xf8, 0x2,
    0x16, 0x60, 0xdb, 0x38, 0x7, 0xf1, 0xff, 0x80,
    0xbc, 0xb, 0xff, 0x80, 0x22, 0x99, 0xc, 0xc9,
    0xcb, 0xfd, 0x8d, 0xfe, 0x10, 0xe, 0x6a, 0x70,
    0x9, 0xd0, 0x0, 0x20, 0x11, 0x8d, 0xe0, 0x17,
    0xfa, 0xcb, 0xfd, 0xca, 0x5b, 0xe1, 0xac, 0x29,
    0xfe, 0xb3, 0xff, 0x94, 0xa7, 0x4, 0x0, 0x43,
    0x59, 0x27, 0x98, 0x20, 0x2, 0x0, 0x6c, 0xc3,
    0x4e, 0x76, 0x90, 0x7, 0xe4, 0x40, 0x8, 0xe0,
    0xf, 0x8, 0x99, 0x8, 0x8, 0xb0, 0x6, 0x4a,
    0x62, 0xa8, 0x0, 0x5f, 0x74, 0x22, 0x0, 0x25,
    0x48, 0x61, 0x86, 0x6e, 0x65, 0xe6, 0x0,

    /* U+6389 "掉" */
    0x0, 0xbd, 0x0, 0x36, 0xb0, 0x7, 0xff, 0xe,
    0xf3, 0x27, 0x0, 0xff, 0xab, 0xfe, 0x50, 0x16,
    0x50, 0xc5, 0x1, 0x10, 0x9, 0x16, 0x3, 0xb8,
    0x6, 0x84, 0xef, 0x38, 0xff, 0x71, 0x81, 0x6e,
    0x82, 0xb4, 0x7, 0xbb, 0x80, 0x3e, 0x27, 0x1,
    0xff, 0xe0, 0xc, 0xb2, 0x16, 0x0, 0x1f, 0xfe,
    0x0, 0x86, 0x80, 0x12, 0xe2, 0x2f, 0xfe, 0x0,
    0x87, 0xa4, 0x2, 0x5e, 0xe2, 0xab, 0xba, 0x30,
    0x0, 0x80, 0x42, 0x20, 0xf, 0x88, 0x3, 0xd5,
    0xff, 0x2a, 0xbf, 0xed, 0x40, 0xc, 0xf7, 0xdd,
    0x33, 0x3b, 0xaf, 0x40, 0xbf, 0x1, 0x0, 0xe3,
    0x0, 0xf7, 0x46, 0x10, 0x6, 0x31, 0x0, 0xe0,

    /* U+6392 "排" */
    0x0, 0x17, 0x90, 0x4, 0x9c, 0x18, 0xa0, 0x1f,
    0x18, 0x7, 0x84, 0x3, 0xfc, 0x66, 0x20, 0x8,
    0x8d, 0x0, 0x77, 0x83, 0x66, 0xbe, 0xc0, 0x2a,
    0xf9, 0x1, 0x99, 0x4, 0x5c, 0xe4, 0x80, 0x51,
    0x9a, 0x0, 0x47, 0x5, 0x20, 0xf, 0xfe, 0x19,
    0xb6, 0x48, 0x5, 0x19, 0x0, 0x13, 0x87, 0x52,
    0xcd, 0x0, 0x4b, 0x16, 0x7, 0xf0, 0x1b, 0x26,
    0xa6, 0x1, 0x6a, 0x18, 0x1d, 0x78, 0x18, 0x7,
    0xff, 0x1, 0x40, 0x23, 0xed, 0xa0, 0xa, 0xf7,
    0x88, 0x3, 0x8b, 0x7a, 0x0, 0x29, 0xed, 0x20,
    0xe, 0x13, 0x31, 0x0, 0x44, 0x66, 0x0, 0x34,
    0x0, 0x80, 0x7f, 0xf0, 0x55, 0x80, 0x30, 0x80,
    0x46, 0x1, 0x9b, 0xe4, 0x3, 0x2f, 0x6, 0xb0,
    0x4,

    /* U+63A2 "探" */
    0x0, 0x1f, 0x80, 0x7f, 0xf1, 0x53, 0xff, 0xf8,
    0x3, 0x8, 0x38, 0xff, 0xee, 0xfc, 0x10, 0x1d,
    0xd0, 0xed, 0x2a, 0x71, 0x6, 0x58, 0x28, 0xf,
    0x58, 0xfc, 0x7d, 0xb9, 0x4, 0xae, 0xc8, 0x0,
    0xd8, 0x8, 0x71, 0xe5, 0xb1, 0x3d, 0x88, 0x3,
    0x9c, 0x62, 0x0, 0x60, 0x1, 0x80, 0x8, 0x6c,
    0x70, 0xbf, 0xea, 0x3f, 0xfc, 0x25, 0xcc, 0x36,
    0x7f, 0xe6, 0x1, 0x17, 0xfc, 0x24, 0xfa, 0x1,
    0x85, 0x98, 0x46, 0xa0, 0x1a, 0x0, 0x3a, 0xf,
    0x2, 0xac, 0x40, 0x3f, 0x2b, 0x78, 0x1, 0xcf,
    0x44, 0x3, 0xcb, 0x50, 0x60, 0x17, 0x8f, 0x18,
    0x3f, 0x98, 0x73, 0x38, 0x6, 0x2d, 0x93, 0x1,
    0x7e, 0xb, 0x90, 0x1, 0x80, 0x66, 0x0,

    /* U+63A5 "接" */
    0x0, 0xff, 0x20, 0x7, 0xc3, 0xe2, 0x1, 0x8e,
    0xc8, 0x3, 0xfc, 0xb1, 0xb, 0x9, 0x88, 0x48,
    0x7, 0xfc, 0xe6, 0x20, 0x11, 0xff, 0x83, 0xe5,
    0x64, 0xa2, 0x26, 0xc9, 0x3, 0xcd, 0xd, 0xb0,
    0x14, 0x70, 0x40, 0x40, 0x8, 0xc8, 0x8, 0xb3,
    0x9, 0x72, 0x11, 0x80, 0x78, 0xaf, 0xd6, 0xfd,
    0xdb, 0xf8, 0x0, 0x28, 0x1e, 0xf3, 0xba, 0x8,
    0xdd, 0xc0, 0x7d, 0x21, 0xe9, 0xff, 0x15, 0x7f,
    0xe8, 0x3b, 0xd0, 0x0, 0xf7, 0x6, 0x7f, 0x3,
    0xbe, 0x1, 0x0, 0x30, 0xb8, 0x8d, 0x2e, 0x20,
    0x1f, 0xcd, 0x79, 0xcb, 0x60, 0x18, 0x48, 0x4,
    0x0, 0x22, 0x72, 0x5c, 0xa2, 0x0, 0x46, 0x18,
    0x16, 0xf4, 0x56, 0xd6, 0x36, 0x8, 0x5e, 0x60,
    0xa, 0x77, 0x4c, 0x0, 0x3c, 0xc0, 0x80,

    /* U+63A7 "控" */
    0x0, 0xff, 0xe3, 0x2f, 0x80, 0x74, 0xe0, 0x7,
    0xc2, 0x1, 0x11, 0x5c, 0x64, 0x58, 0x3, 0xed,
    0xda, 0x3, 0x77, 0x8, 0x10, 0x81, 0x8, 0x5f,
    0x77, 0x60, 0x0, 0xbe, 0xc3, 0xd0, 0xda, 0x1c,
    0x52, 0x48, 0xc0, 0xb6, 0x83, 0x57, 0x15, 0x88,
    0x1d, 0xa7, 0x4, 0x3, 0x85, 0xe2, 0x90, 0xb,
    0x5d, 0x80, 0x22, 0xe, 0x52, 0x94, 0x11, 0x8a,
    0x50, 0xf, 0xa4, 0x31, 0x36, 0x7b, 0xba, 0x40,
    0x5, 0x36, 0x4, 0x11, 0xfe, 0xc0, 0xff, 0x88,
    0x5, 0xc0, 0x3f, 0xfa, 0xa2, 0x0, 0x21, 0x13,
    0x80, 0x88, 0x8c, 0x41, 0xe8, 0x80, 0xf3, 0xfd,
    0x43, 0xfe, 0xcd, 0x50, 0x49, 0xe0, 0x3e, 0xef,
    0xe4,

    /* U+63A8 "推" */
    0x0, 0xff, 0xe3, 0x17, 0x90, 0x0, 0xbd, 0x1b,
    0x40, 0x3c, 0x60, 0x60, 0x4, 0x14, 0x73, 0x60,
    0xf, 0xf5, 0xb8, 0x86, 0xb9, 0x18, 0x1, 0x50,
    0x10, 0xd4, 0x9b, 0xb9, 0x9d, 0xb8, 0x21, 0x3c,
    0x1d, 0x50, 0x17, 0xf6, 0x1f, 0xee, 0x10, 0xca,
    0xa, 0x13, 0x11, 0xc0, 0x24, 0x1, 0xf5, 0xd0,
    0x5f, 0xd8, 0x7e, 0x48, 0x4, 0x61, 0xb6, 0x81,
    0x5d, 0x41, 0xdc, 0x80, 0x3c, 0xd0, 0x98, 0x0,
    0xff, 0x1a, 0x68, 0x20, 0x5, 0x7f, 0x61, 0xfe,
    0x90, 0x4, 0x18, 0x7, 0x5f, 0xd8, 0x7f, 0xa4,
    0x3, 0xff, 0x8c, 0x24, 0x2, 0x1, 0x5f, 0xd8,
    0x7f, 0xce, 0x17, 0x82, 0x1, 0xaf, 0xff, 0xb9,
    0xc3, 0x52, 0x80, 0x3f, 0xc2, 0x0,

    /* U+63A9 "掩" */
    0x0, 0xfe, 0x21, 0x0, 0xf8, 0xfc, 0x3, 0xa6,
    0xc0, 0x3e, 0x11, 0x0, 0x72, 0xf8, 0x4, 0x20,
    0x1f, 0x5e, 0xf0, 0xc7, 0xf6, 0xe0, 0x1, 0x1c,
    0x4c, 0xd7, 0xa5, 0x1a, 0xad, 0xba, 0x0, 0x77,
    0x2, 0x68, 0x24, 0x19, 0x21, 0xd8, 0x2, 0xa9,
    0x1a, 0x8b, 0x5c, 0x59, 0x2c, 0x8b, 0x30, 0xc,
    0x28, 0x5, 0xd4, 0x5d, 0xaa, 0x26, 0x7, 0x43,
    0xe3, 0x21, 0xd4, 0x7d, 0x3, 0x40, 0x38, 0x63,
    0xc8, 0x3, 0xd4, 0x7d, 0x20, 0x10, 0xf4, 0x80,
    0x61, 0xea, 0x3e, 0x90, 0xc, 0x20, 0x1c, 0x37,
    0x7, 0x76, 0x10, 0xf, 0xc2, 0x11, 0x45, 0x1d,
    0x20, 0x10, 0xb8, 0x4, 0x2e, 0x64, 0x6, 0x67,
    0x90, 0x2, 0x52, 0x0, 0xa, 0x1, 0x4f, 0xfd,
    0x5c, 0x0, 0x5f, 0xa0, 0xe, 0x1e, 0xff, 0x9c,
    0x0,

    /* U+63CF "描" */
    0x0, 0x17, 0x88, 0x5, 0x88, 0x11, 0x40, 0x1f,
    0xfc, 0x2f, 0x0, 0xfe, 0x1a, 0x92, 0xf9, 0xb7,
    0x99, 0x20, 0x9b, 0x1, 0x14, 0x20, 0x22, 0x70,
    0x11, 0x3a, 0xec, 0x87, 0x5c, 0x40, 0xba, 0x31,
    0xe2, 0x6, 0x9d, 0xe1, 0x90, 0x0, 0xd4, 0x7,
    0xb0, 0xf, 0x91, 0xd, 0xfd, 0xff, 0x77, 0xa8,
    0x1, 0x20, 0x25, 0xc8, 0x7f, 0x83, 0xbc, 0x44,
    0x5, 0x40, 0xd, 0x30, 0xf, 0xf1, 0x74, 0x0,
    0x61, 0xef, 0xf, 0xe1, 0x0, 0xfe, 0x1f, 0xc0,
    0xcf, 0x10, 0xf, 0xf0, 0x98, 0x18, 0x80, 0x70,
    0x80, 0x80, 0x44, 0x40, 0x22, 0x0, 0x65, 0xe1,
    0x0, 0x87, 0xbc, 0xff, 0x84, 0x2, 0x10, 0xa0,
    0x1, 0xe, 0x67, 0x8, 0x4, 0x9a, 0x80, 0x6,
    0xe0, 0xe, 0xe4, 0x0,

    /* U+63D0 "提" */
    0x0, 0x1f, 0x80, 0x7f, 0xf1, 0x87, 0xff, 0xe0,
    0xf, 0xf5, 0xe6, 0x54, 0x1, 0x95, 0x1, 0x54,
    0x0, 0xad, 0xda, 0xc0, 0x21, 0xcd, 0xd, 0xd0,
    0x3, 0xfb, 0xad, 0x0, 0x86, 0x64, 0x11, 0x0,
    0x7, 0x7f, 0xd8, 0x20, 0x1e, 0x13, 0x1f, 0xff,
    0x70, 0x6, 0x60, 0xf4, 0xff, 0xfe, 0x33, 0x65,
    0x6, 0x3f, 0x73, 0xf0, 0x3f, 0xee, 0x32, 0x4c,
    0x2, 0x3, 0xe2, 0x0, 0x8, 0x88, 0x40, 0x60,
    0x3, 0x38, 0x10, 0x3, 0xfd, 0xa0, 0x1f, 0xbc,
    0xc, 0x1, 0xdc, 0xf0, 0x8, 0x58, 0x0, 0x8a,
    0xd9, 0xe0, 0x67, 0x20, 0x84, 0xd2, 0x1d, 0xbc,
    0xea, 0x96, 0x65, 0x62, 0x13, 0xb6, 0x77, 0x0,
    0x53, 0xbf, 0xf8, 0x0,

    /* U+63D2 "插" */
    0x0, 0xff, 0xe3, 0x1f, 0x80, 0x78, 0x96, 0x34,
    0x80, 0x21, 0x0, 0xaf, 0x7b, 0xf6, 0x95, 0x9c,
    0x3, 0x8, 0x3, 0xe2, 0xa8, 0x3f, 0xb6, 0xa0,
    0x8, 0xb1, 0x84, 0x6, 0x73, 0x13, 0x3c, 0x20,
    0x20, 0x11, 0x57, 0x72, 0x3, 0xbb, 0x10, 0x4d,
    0x8c, 0x37, 0x6e, 0x68, 0xee, 0xe3, 0x0, 0xc6,
    0x67, 0xd8, 0x0, 0xbf, 0xd8, 0x0, 0x48, 0x1f,
    0x19, 0x95, 0x80, 0x5f, 0x62, 0x5, 0x6c, 0x38,
    0x40, 0xc4, 0x1, 0xf1, 0x6f, 0x0, 0x6d, 0xe0,
    0xb, 0xac, 0x2, 0x20, 0xe, 0xde, 0x0, 0xba,
    0xc0, 0x3f, 0xf8, 0xe2, 0x80, 0x1b, 0x3b, 0x47,
    0xb9, 0x40, 0x14, 0xc8, 0xc0, 0x2d, 0xff, 0x77,
    0xfa, 0xc0, 0x2d, 0x39, 0x0, 0x84, 0x7e, 0x0,
    0x97, 0x10, 0x1, 0xe4, 0x1, 0xc9, 0xa0,

    /* U+6447 "摇" */
    0x0, 0xff, 0xe0, 0x88, 0x7, 0x71, 0x0, 0x42,
    0x6b, 0x3b, 0xc6, 0x1, 0x84, 0x7, 0x3f, 0xbf,
    0xc3, 0x18, 0x40, 0x1e, 0x1d, 0xd7, 0xcd, 0xc2,
    0xc1, 0x0, 0x2e, 0xc1, 0xd2, 0xbe, 0x1b, 0x40,
    0x8a, 0x60, 0x8, 0x80, 0x4d, 0x22, 0x50, 0x22,
    0x88, 0x0, 0x46, 0x60, 0x73, 0x8, 0x80, 0x50,
    0xcb, 0x0, 0x7a, 0xe4, 0x20, 0xf3, 0x29, 0xd3,
    0x0, 0x1d, 0x1, 0xda, 0xb6, 0x49, 0xf7, 0x3c,
    0xc0, 0x70, 0x42, 0x9, 0xa8, 0xd8, 0x8, 0xa0,
    0x0, 0xed, 0x80, 0x27, 0x2b, 0xf0, 0x3f, 0xf3,
    0x1, 0x0, 0x53, 0xad, 0xf8, 0x1f, 0xe5, 0xc6,
    0x0, 0xf9, 0xc0, 0x39, 0x40, 0x30, 0x81, 0x80,
    0x42, 0xe0, 0x24, 0x20, 0x13, 0xf2, 0x8, 0x8,
    0xba, 0xc3, 0xf0, 0x40, 0x27, 0xfb, 0x0, 0x1f,
    0xfe, 0xee, 0x79, 0x80,

    /* U+6458 "摘" */
    0x0, 0xfe, 0x12, 0x0, 0xf8, 0x7c, 0x40, 0x35,
    0x40, 0x7, 0xf8, 0x48, 0x44, 0x68, 0x23, 0x10,
    0x7, 0x9f, 0x32, 0x53, 0xcc, 0xc2, 0x24, 0x50,
    0x54, 0xec, 0x6d, 0xd4, 0xe, 0xf0, 0x94, 0x78,
    0x42, 0x80, 0xba, 0x6, 0x30, 0x4, 0x79, 0x41,
    0xad, 0xfc, 0x55, 0xee, 0x9f, 0x60, 0x1c, 0x64,
    0x1b, 0xd4, 0x3d, 0xc8, 0x10, 0x0, 0xb8, 0x63,
    0x0, 0x3e, 0x87, 0xa4, 0x2, 0x3e, 0xd0, 0xf5,
    0x0, 0x7d, 0xf, 0x48, 0x4, 0x7d, 0x40, 0x1d,
    0x14, 0x3c, 0x80, 0x18, 0x40, 0x3c, 0x2d, 0xe6,
    0x1, 0xff, 0xc1, 0x5a, 0x30, 0xe, 0x4b, 0x1,
    0x0, 0xa3, 0xa7, 0x5f, 0x40, 0x22, 0x47, 0x1,
    0x0, 0x9, 0x9d, 0x2d, 0x0,

    /* U+64AD "播" */
    0x0, 0xf, 0x88, 0x6, 0x23, 0x58, 0xa0, 0xf,
    0x8, 0x6f, 0xfb, 0x72, 0x4c, 0xe0, 0xf, 0xb1,
    0x3a, 0xc7, 0x30, 0x46, 0x7, 0x74, 0x16, 0x62,
    0x4c, 0x1, 0x57, 0x80, 0xb, 0xfc, 0x10, 0x9c,
    0xf3, 0x43, 0xc5, 0x5c, 0xa2, 0x8a, 0x6, 0xff,
    0xe3, 0x50, 0x74, 0xef, 0x50, 0xc, 0xe6, 0x1a,
    0xd0, 0x10, 0xb4, 0x20, 0x2, 0x80, 0xa4, 0xc0,
    0xb0, 0x31, 0xd5, 0xe4, 0x46, 0x98, 0x64, 0x81,
    0xfe, 0x1f, 0xe0, 0xa2, 0xa6, 0xd8, 0xf, 0xc9,
    0x7e, 0x17, 0xe0, 0x50, 0x81, 0x0, 0x42, 0x5,
    0xda, 0x5d, 0xa0, 0x1f, 0xe2, 0xfa, 0x2f, 0xa0,
    0xf, 0xf8, 0xc4, 0xcc, 0x20, 0x19, 0xa8, 0x3,
    0x17, 0x49, 0x74, 0x0, 0x73, 0x48, 0x0, 0x4b,
    0x33, 0x70, 0x80, 0x0,

    /* U+64CD "操" */
    0x0, 0xbc, 0x40, 0x11, 0xfd, 0xd7, 0x88, 0x7,
    0x84, 0x2, 0x5e, 0xe8, 0x3, 0xff, 0x82, 0x45,
    0x0, 0x61, 0x98, 0x9, 0x60, 0xe6, 0xee, 0x8c,
    0x3, 0xf, 0x80, 0x99, 0x27, 0x73, 0x3b, 0x86,
    0x20, 0x30, 0xe1, 0x2b, 0xbd, 0xcd, 0x1d, 0xef,
    0xa0, 0xe, 0x54, 0xc, 0xd1, 0x3, 0xc8, 0x0,
    0x8d, 0xc2, 0x4, 0x3f, 0x84, 0x8f, 0xe8, 0x0,
    0x59, 0xe1, 0xab, 0xff, 0x76, 0x7f, 0xd6, 0x5,
    0xd0, 0x0, 0x7f, 0xfb, 0x83, 0xff, 0x28, 0x8,
    0x4, 0xdd, 0xc6, 0x21, 0x2c, 0xfe, 0x50, 0xe,
    0x11, 0x23, 0x70, 0x5f, 0x8, 0x80, 0x38, 0x41,
    0xaa, 0x4c, 0x19, 0x9e, 0xc0, 0x7, 0xe0, 0x4,
    0xca, 0x18, 0x4, 0x2d, 0x20, 0x40, 0xd2, 0xc2,
    0x29, 0xc0, 0x40, 0x2a, 0xc1,

    /* U+64CE "擎" */
    0x0, 0xff, 0xe3, 0xdb, 0x15, 0x0, 0x7, 0xcc,
    0x3, 0xb3, 0xb, 0x7c, 0x99, 0x8, 0x13, 0x55,
    0x20, 0x64, 0x27, 0x6c, 0xe4, 0x4b, 0xce, 0x2c,
    0xa8, 0x2, 0x9a, 0xa3, 0xa5, 0xcc, 0xe0, 0x33,
    0x8, 0x5a, 0x4e, 0x64, 0xcb, 0x61, 0x15, 0x40,
    0x0, 0x92, 0x4f, 0x52, 0x89, 0xa5, 0x39, 0xb0,
    0x0, 0x64, 0xeb, 0xc1, 0x4, 0xa3, 0xd0, 0xf5,
    0xc4, 0x1, 0x62, 0x72, 0x6c, 0x47, 0x1f, 0x17,
    0xa2, 0x0, 0xeb, 0xb5, 0x5a, 0x60, 0x7e, 0x1b,
    0x50, 0x5, 0x93, 0x1f, 0xc8, 0xf3, 0x74, 0xa4,
    0x1, 0x8f, 0x36, 0xad, 0x1e, 0xef, 0x50, 0x5,
    0x7a, 0x67, 0x80, 0x6, 0x78, 0xac, 0x82, 0x23,
    0xce, 0xe8, 0x8f, 0x10, 0x19, 0x16, 0x54, 0x32,
    0x2e, 0x30, 0xf, 0xb8, 0xf4, 0x3, 0xe0,

    /* U+64E6 "擦" */
    0x0, 0xff, 0x10, 0x7, 0xc5, 0xe0, 0x1c, 0xda,
    0x1, 0xfe, 0x2f, 0xfa, 0x43, 0xff, 0x10, 0x7,
    0x87, 0x6f, 0xf3, 0x1f, 0xe0, 0xb, 0xb0, 0x3a,
    0xa9, 0x7c, 0x9, 0xee, 0xe9, 0x20, 0xb8, 0xb,
    0xa7, 0x65, 0xfd, 0x2d, 0xa1, 0x0, 0x2a, 0x2,
    0x8e, 0xb6, 0x8c, 0x5, 0x82, 0x80, 0x72, 0x34,
    0x7e, 0x29, 0x36, 0x89, 0x0, 0xa, 0x82, 0x87,
    0x30, 0x1e, 0x34, 0x4e, 0x1, 0x6a, 0x7, 0x27,
    0xab, 0x57, 0xe4, 0xb6, 0x98, 0x6f, 0x0, 0x26,
    0x26, 0xb3, 0x25, 0xe5, 0x20, 0x20, 0xa, 0x3e,
    0xfb, 0x9b, 0xfd, 0xc9, 0x10, 0xe, 0x12, 0x88,
    0x60, 0xfd, 0x60, 0x80, 0x7c, 0xf6, 0x20, 0x16,
    0xe1, 0x0, 0x17, 0xc4, 0x16, 0xb1, 0x1c, 0x4e,
    0xdf, 0xc0, 0xf, 0x58, 0xb, 0xa4, 0x3b, 0x22,
    0x15, 0x80,

    /* U+652F "支" */
    0x0, 0xfb, 0x94, 0x3, 0xe3, 0x3f, 0x1, 0x19,
    0xe4, 0x10, 0x9d, 0xee, 0xc3, 0x3d, 0xda, 0x94,
    0x2b, 0xb7, 0x71, 0x56, 0xee, 0xe4, 0x0, 0xff,
    0xe2, 0xa7, 0xfe, 0x2b, 0xff, 0x68, 0x7, 0x27,
    0xba, 0xff, 0xe3, 0x50, 0xf, 0xa5, 0x4c, 0x0,
    0xa5, 0x0, 0x1f, 0xc, 0x70, 0x8a, 0xec, 0x1,
    0xfc, 0xed, 0xb8, 0xca, 0x1, 0xfe, 0x33, 0x17,
    0x0, 0x7c, 0x2b, 0x3c, 0x5b, 0x57, 0xd2, 0xc8,
    0x41, 0x5d, 0x3, 0x94, 0x4b, 0xb4, 0x17, 0x67,
    0xa, 0xed, 0x82, 0x0, 0xc9, 0x3b, 0xea,

    /* U+6536 "收" */
    0x0, 0xfe, 0x10, 0xf, 0xf7, 0x28, 0x1, 0x39,
    0x0, 0x3f, 0x8c, 0x40, 0x1a, 0x48, 0x1, 0xeb,
    0x30, 0xe, 0x65, 0x22, 0xe0, 0x2, 0x38, 0x6,
    0x70, 0x7d, 0xde, 0x40, 0x10, 0xe, 0x98, 0xff,
    0x83, 0x7d, 0x0, 0x3d, 0x1, 0x48, 0x4, 0x4,
    0x1, 0xf0, 0xb5, 0xb6, 0x3, 0x90, 0x7, 0xe1,
    0xe5, 0xd5, 0xc, 0x40, 0xc, 0x24, 0xa6, 0x1,
    0x39, 0x23, 0xe8, 0x4, 0x81, 0x18, 0x1, 0x85,
    0x6c, 0xd0, 0x2, 0x4b, 0xe9, 0x30, 0xd, 0xa0,
    0xa0, 0x1c, 0x80, 0x1e, 0x88, 0x2b, 0xb8, 0x3,
    0xf9, 0x31, 0xea, 0x97, 0x3a, 0xc2, 0x1, 0xc7,
    0x2f, 0xaa, 0x9, 0xe9, 0xa2, 0x1, 0xb5, 0xf6,
    0xc8, 0x2, 0x19, 0xb0,

    /* U+6539 "改" */
    0x0, 0xfe, 0x52, 0x0, 0xf0, 0x80, 0x7d, 0x4a,
    0x1, 0xee, 0xff, 0xcc, 0xa, 0x2e, 0x1, 0xef,
    0xfc, 0x66, 0x9, 0x53, 0x3e, 0x0, 0xfc, 0x86,
    0xff, 0xec, 0xea, 0x0, 0xf8, 0xe5, 0xf3, 0x1c,
    0x1b, 0x20, 0x4, 0xee, 0x8f, 0x85, 0x84, 0x18,
    0x80, 0x3d, 0xfe, 0xe8, 0xc4, 0x90, 0xc7, 0x0,
    0xf0, 0x8c, 0x0, 0x87, 0x15, 0xf0, 0xf, 0xf8,
    0x9b, 0xd, 0x40, 0x3e, 0x1a, 0x50, 0x6, 0x93,
    0x80, 0x7c, 0xbe, 0x8, 0xb, 0x68, 0xcc, 0x0,
    0xdc, 0x37, 0x54, 0x5b, 0xaa, 0x5d, 0x4d, 0x8,
    0x3, 0xd7, 0xd2, 0xec, 0x3c, 0xa0, 0xb8, 0xfe,
    0x20, 0xb4, 0x21, 0x3b, 0x42, 0x1, 0x1e, 0xe8,
    0x40,

    /* U+653E "放" */
    0x0, 0x88, 0x3, 0xc2, 0x1, 0xfb, 0x18, 0x3,
    0x2f, 0x18, 0x7, 0xd3, 0x0, 0x1b, 0x4c, 0xc0,
    0x1f, 0x34, 0x0, 0x65, 0xa0, 0xe, 0x3f, 0xf7,
    0x4f, 0xfb, 0x4c, 0xa7, 0xff, 0x11, 0xf6, 0x87,
    0x7f, 0x65, 0x2f, 0x71, 0x97, 0x48, 0x4, 0xc0,
    0x21, 0x36, 0x41, 0x11, 0x91, 0x0, 0x23, 0xc,
    0xdd, 0x52, 0x82, 0x3, 0x70, 0x7, 0xbf, 0xc3,
    0xb4, 0x98, 0x6, 0x40, 0x19, 0x88, 0xa0, 0x10,
    0xf5, 0x30, 0x40, 0xc, 0x6c, 0x0, 0x17, 0x5,
    0x2f, 0x30, 0xe, 0xbc, 0x0, 0x18, 0x4, 0xc7,
    0x20, 0x18, 0x8d, 0x40, 0x2, 0x40, 0x28, 0x18,
    0x1, 0xb9, 0x9, 0x68, 0x5, 0xbd, 0xf5, 0xec,
    0xc0, 0xca, 0x40, 0x9a, 0xa6, 0x51, 0x45, 0x8f,
    0x84, 0x7c, 0x40, 0xf8, 0xb1, 0xcc, 0x0, 0x2c,
    0xd2,

    /* U+6548 "效" */
    0x0, 0xff, 0x8, 0x7, 0xe6, 0xd0, 0xe, 0xca,
    0x0, 0xf9, 0xc8, 0xc0, 0x21, 0x29, 0x0, 0xc5,
    0x10, 0x95, 0xb8, 0x80, 0x39, 0x10, 0x46, 0x0,
    0x7f, 0xdb, 0xff, 0x5, 0x9f, 0xfb, 0xbd, 0xc9,
    0xc3, 0x5c, 0x39, 0xd0, 0xbf, 0xa4, 0xf9, 0xc0,
    0x67, 0x1, 0x19, 0x65, 0x0, 0x27, 0x0, 0xb5,
    0x58, 0xd, 0xe1, 0x59, 0xc3, 0x88, 0x0, 0x41,
    0xc2, 0x13, 0xf9, 0xb, 0xe0, 0xbe, 0x0, 0x2c,
    0xdf, 0x37, 0x21, 0xc, 0x71, 0x34, 0x0, 0xd1,
    0x38, 0xa, 0x0, 0x41, 0xb2, 0x20, 0x7, 0x20,
    0xb, 0x0, 0x4c, 0xb6, 0x1, 0xc5, 0xaf, 0x32,
    0x30, 0x24, 0xe, 0x0, 0xcd, 0xaf, 0xd, 0x66,
    0xfa, 0x98, 0xd4, 0x20, 0x35, 0x12, 0x0, 0x2e,
    0x9a, 0x93, 0xd4, 0xe3, 0x1c, 0x70, 0x9, 0xdb,
    0xd4, 0x0, 0x7f, 0x46,

    /* U+655B "敛" */
    0x0, 0xd1, 0x0, 0xd, 0x6, 0x1, 0xf0, 0xba,
    0x0, 0x67, 0x0, 0xfd, 0x46, 0xfa, 0x60, 0x84,
    0x60, 0x1e, 0x85, 0xdb, 0xac, 0x7d, 0x2d, 0xdb,
    0x84, 0x1d, 0xd2, 0x64, 0xb0, 0x8d, 0x5c, 0x8f,
    0x42, 0x91, 0x32, 0xff, 0x86, 0xc9, 0x4c, 0x35,
    0x1, 0x39, 0xbb, 0x76, 0x47, 0x30, 0x1, 0x10,
    0x2, 0x35, 0xe, 0x23, 0xdc, 0x24, 0x6, 0x70,
    0x9, 0xac, 0x9, 0x15, 0xe, 0xf4, 0x48, 0x80,
    0x12, 0x9, 0xaf, 0xe6, 0x1, 0x9d, 0xc8, 0x1,
    0xc8, 0x8b, 0x84, 0x40, 0xa, 0x4f, 0x0, 0x75,
    0x39, 0x18, 0xa2, 0x81, 0x1, 0x0, 0x65, 0xbc,
    0xfc, 0x4e, 0x18, 0x69, 0x89, 0x10, 0x0, 0x9c,
    0xf7, 0x2f, 0x65, 0xb1, 0xb1, 0xf8, 0x41, 0x25,
    0x44, 0x0, 0xc9, 0xc4, 0x7, 0xf4, 0x20,

    /* U+6570 "数" */
    0x3, 0x50, 0xd6, 0x18, 0x6, 0xa0, 0xf, 0x59,
    0x1, 0xb1, 0x7, 0x80, 0x78, 0x60, 0x44, 0x7f,
    0xc0, 0x9e, 0x1, 0xd9, 0x18, 0x72, 0xd4, 0xc5,
    0x19, 0x93, 0x7, 0x60, 0x8a, 0x2f, 0x84, 0xbb,
    0xc1, 0x10, 0xb, 0x90, 0x5f, 0x6b, 0x62, 0x66,
    0x1d, 0x22, 0x45, 0x3b, 0x65, 0x69, 0x98, 0x0,
    0x6c, 0x5, 0xa9, 0x22, 0x88, 0xe7, 0x23, 0x11,
    0x18, 0x17, 0xf9, 0xd3, 0xfd, 0xb0, 0x96, 0xa4,
    0x0, 0x2e, 0xa2, 0xff, 0x1e, 0x86, 0xb7, 0x28,
    0x4, 0x30, 0x2a, 0xc4, 0xc0, 0x86, 0xb4, 0x1,
    0xb2, 0x7a, 0x41, 0xc0, 0x40, 0xc, 0x1, 0x84,
    0xd6, 0x6b, 0x8f, 0x12, 0x2d, 0x40, 0x13, 0xdb,
    0x8c, 0x87, 0x95, 0x2f, 0x14, 0xa1, 0x59, 0x64,
    0x0, 0x9e, 0x70, 0x3, 0xea, 0x80,

    /* U+6574 "整" */
    0x0, 0xff, 0xe4, 0x7a, 0x0, 0x6c, 0x60, 0xc,
    0x4e, 0xf0, 0x6b, 0xb8, 0xc8, 0xdc, 0x3, 0xf8,
    0x40, 0x3, 0x3, 0xfd, 0xfc, 0x65, 0xb9, 0x80,
    0x4c, 0xd1, 0x5a, 0xeb, 0x2e, 0x30, 0x7d, 0x90,
    0x9f, 0x4b, 0x48, 0xe, 0x50, 0xd, 0x18, 0x15,
    0x40, 0x8b, 0x7c, 0x68, 0x0, 0xb6, 0xc0, 0x26,
    0xe0, 0x11, 0x18, 0x20, 0x0, 0xaa, 0xe8, 0x29,
    0x9, 0x78, 0xba, 0xeb, 0x0, 0x5b, 0x12, 0xd3,
    0x9, 0x7a, 0x5, 0xbb, 0x80, 0x79, 0xdc, 0xaf,
    0xef, 0xef, 0xee, 0xa8, 0x80, 0x2c, 0xc4, 0x77,
    0xe, 0x3b, 0xb5, 0x0, 0x73, 0xd8, 0x5, 0x1d,
    0xd8, 0xc0, 0x3f, 0xd1, 0xdd, 0x8c, 0x0, 0x9f,
    0xd6, 0x7d, 0xc2, 0x8e, 0xee, 0xf0,

    /* U+6587 "文" */
    0x0, 0xf8, 0x40, 0x3f, 0xf8, 0x57, 0x60, 0xf,
    0xfe, 0x14, 0x29, 0x80, 0x7f, 0xf0, 0x4d, 0x98,
    0x1, 0xf1, 0x7f, 0xf9, 0xab, 0xff, 0xc2, 0x59,
    0x8b, 0xa, 0xcc, 0xc2, 0xd9, 0x76, 0x10, 0x33,
    0x20, 0x81, 0x9e, 0x1d, 0x34, 0x40, 0x7, 0x37,
    0x80, 0x4a, 0x28, 0x1, 0xfa, 0x94, 0x80, 0x12,
    0xe0, 0x1f, 0xc4, 0xb2, 0xa, 0x70, 0x1, 0xfe,
    0xb5, 0x9b, 0x81, 0x0, 0xff, 0xc, 0x30, 0x38,
    0x7, 0xfc, 0xd2, 0xc5, 0xa8, 0x1, 0xf1, 0x3f,
    0x45, 0xce, 0x2d, 0xec, 0x20, 0x80, 0x33, 0x6a,
    0x39, 0x0, 0x11, 0xd4, 0xb7, 0x40, 0xf, 0xcd,
    0x60, 0xe, 0x17, 0xdd, 0x50, 0x0,

    /* U+659C "斜" */
    0x0, 0xff, 0xe3, 0x97, 0xa8, 0x7, 0xb9, 0x0,
    0x3a, 0x46, 0xc, 0x1, 0x22, 0x1, 0xf3, 0x2f,
    0xde, 0x48, 0x96, 0x81, 0x80, 0x64, 0x9d, 0x16,
    0xc4, 0x2a, 0x14, 0x0, 0xc7, 0x67, 0xbd, 0xcd,
    0xc3, 0x1d, 0x40, 0xc, 0x77, 0x9e, 0x77, 0xe2,
    0x6c, 0x1, 0xf2, 0x0, 0x80, 0x88, 0x6, 0x50,
    0x3, 0xd5, 0xba, 0x2a, 0xdd, 0x14, 0xc8, 0x3,
    0xd1, 0xfe, 0x1b, 0xff, 0x3, 0x60, 0x0, 0xd8,
    0x40, 0xa8, 0x8c, 0x44, 0x49, 0x35, 0xa5, 0x16,
    0x60, 0xac, 0x1, 0x73, 0x99, 0xd0, 0x37, 0xa4,
    0x1d, 0x20, 0x15, 0x4b, 0xd4, 0x29, 0x80, 0x66,
    0x60, 0x4, 0xca, 0x40, 0x1f, 0xb4, 0xac, 0x9c,
    0x6c, 0x80, 0x23, 0x0, 0xe2, 0x78, 0x30, 0xf,
    0x84, 0x0,

    /* U+65A5 "斥" */
    0x0, 0xff, 0xa, 0x48, 0x80, 0x44, 0xee, 0x89,
    0xbd, 0xfe, 0xb7, 0x60, 0x9, 0xa3, 0x47, 0xb6,
    0x73, 0xbf, 0x9c, 0x3, 0xaa, 0x5d, 0x90, 0xc4,
    0x3, 0xff, 0x97, 0xff, 0xfe, 0xa0, 0xd, 0xbb,
    0xac, 0x2f, 0x75, 0x90, 0x0, 0x11, 0x11, 0x28,
    0x18, 0x18, 0x88, 0x64, 0x0, 0x23, 0x1, 0x4d,
    0xe0, 0xf, 0xda, 0xe0, 0x39, 0x86, 0xf, 0x50,
    0xe, 0x4d, 0x0, 0x8e, 0x1, 0xeb, 0x58, 0x0,
    0x82, 0xa0, 0x1e, 0x8e, 0x49, 0x10, 0x83, 0x20,
    0xf, 0x86, 0x78, 0x41, 0x7c, 0x3, 0xfc, 0x20,

    /* U+65AD "断" */
    0x0, 0xdc, 0x80, 0x1e, 0x22, 0x6, 0x37, 0x89,
    0x84, 0x42, 0x73, 0x7f, 0x20, 0x8, 0xc5, 0x40,
    0xd, 0x65, 0x79, 0xfd, 0x40, 0x60, 0xc0, 0x3,
    0x43, 0x2, 0x10, 0xf, 0x68, 0x18, 0x79, 0x0,
    0x7e, 0x3e, 0x81, 0xbe, 0x60, 0xbd, 0xdc, 0x60,
    0x76, 0xe1, 0x50, 0x81, 0x3f, 0x61, 0xc6, 0x0,
    0x14, 0x1f, 0xe0, 0x1, 0x14, 0x26, 0x1, 0x5b,
    0x1e, 0x8b, 0x38, 0x80, 0x7b, 0x16, 0xcc, 0x24,
    0x9, 0x80, 0x3d, 0x96, 0x40, 0x5, 0x71, 0x20,
    0xf, 0x90, 0x21, 0xc5, 0xc8, 0x3, 0xea, 0xff,
    0x4e, 0x74, 0x58, 0x4, 0x20, 0xd, 0xff, 0xeb,
    0x36, 0x0, 0x9, 0x80, 0x7e, 0x4d, 0x0, 0x97,
    0x80, 0x0,

    /* U+65B0 "新" */
    0x0, 0xd8, 0xa0, 0x1c, 0x49, 0x12, 0x0, 0x34,
    0x31, 0xf4, 0x40, 0xaf, 0xfc, 0x40, 0x21, 0xf5,
    0xa6, 0x95, 0x45, 0x2, 0xdb, 0xa9, 0x10, 0xc9,
    0xae, 0xf5, 0xf4, 0x0, 0xfe, 0x1e, 0x6, 0x11,
    0x0, 0xc, 0xf8, 0x4b, 0xad, 0xf6, 0x13, 0x60,
    0x7, 0xfb, 0x3d, 0xe, 0xe6, 0x40, 0xd5, 0x36,
    0x5, 0x92, 0x38, 0xa2, 0xa8, 0x81, 0xf4, 0x41,
    0x80, 0x80, 0x7b, 0xbf, 0xc7, 0x3f, 0xe7, 0x37,
    0x0, 0xf6, 0xd6, 0x14, 0x66, 0x1b, 0x84, 0x3,
    0xc7, 0x76, 0x11, 0x68, 0x9, 0xe8, 0x7, 0xa0,
    0x24, 0x0, 0xdc, 0x8, 0x60, 0x1c, 0x6f, 0xa2,
    0x0, 0x9a, 0x50, 0x40, 0xe, 0x3b, 0x19, 0x33,
    0xb, 0xc3, 0x0, 0x42, 0x1, 0x21, 0x2a, 0xc0,
    0x61, 0x60, 0x1, 0x0, 0xf6, 0x50, 0x0, 0xf4,
    0x80, 0xb, 0xe0, 0x0,

    /* U+65B9 "方" */
    0x0, 0xf8, 0x40, 0x3f, 0xf8, 0x2b, 0xe2, 0x1,
    0xff, 0xc0, 0x50, 0x80, 0xf, 0xfe, 0xd, 0xe8,
    0x7, 0xdd, 0xff, 0xd5, 0x7f, 0xfe, 0xd, 0xdc,
    0x13, 0xbb, 0xf6, 0x1, 0x91, 0x40, 0x45, 0xf8,
    0xc0, 0x3c, 0x45, 0xf0, 0x7, 0x84, 0x27, 0x77,
    0xc4, 0x1, 0xc4, 0x1d, 0xff, 0xb0, 0x8, 0x3,
    0xac, 0x84, 0x3, 0x30, 0x7, 0xcc, 0xa0, 0x1c,
    0x64, 0x1, 0xd0, 0x32, 0x1, 0xdc, 0xc0, 0x19,
    0x5e, 0x44, 0x3, 0x90, 0x80, 0x26, 0xa8, 0x60,
    0x9, 0xb3, 0xcf, 0x40, 0x23, 0x97, 0x0, 0xc8,
    0x89, 0xe4, 0x0, 0x0,

    /* U+65CB "旋" */
    0x0, 0xff, 0xe3, 0x8e, 0x0, 0x6e, 0x60, 0xf,
    0xc2, 0x48, 0x0, 0x41, 0x40, 0xf, 0x8, 0x82,
    0xd8, 0x43, 0xc3, 0xf7, 0x6e, 0x80, 0xdf, 0xf5,
    0xe7, 0xba, 0x5e, 0x66, 0xf9, 0xc, 0xd0, 0xee,
    0xa8, 0x4d, 0xdf, 0x8c, 0x0, 0xe2, 0x0, 0x33,
    0x47, 0x64, 0xf7, 0xc8, 0x6, 0x1f, 0xf3, 0x73,
    0x4c, 0x86, 0x3c, 0xc8, 0x0, 0x27, 0xe4, 0x0,
    0xd4, 0x0, 0x9b, 0x0, 0x2d, 0x60, 0x3, 0x1,
    0x30, 0xe, 0x62, 0x80, 0x24, 0xd0, 0x31, 0x20,
    0xd, 0xfe, 0x90, 0x0, 0x9a, 0x0, 0x9b, 0x82,
    0x80, 0x99, 0xc0, 0x8, 0x21, 0x70, 0x19, 0x69,
    0x40, 0xe, 0x16, 0x81, 0x99, 0x31, 0xc6, 0xc8,
    0xc3, 0xb1, 0x8e, 0x29, 0xf2, 0xcc, 0x84, 0xfe,
    0xe, 0xa4, 0x0, 0x60, 0x11, 0xeb, 0x0, 0x5,
    0xef, 0x7c, 0xc0,

    /* U+65E0 "无" */
    0x0, 0xff, 0xe3, 0x2f, 0xff, 0xf9, 0x0, 0x32,
    0xee, 0xba, 0x47, 0xbb, 0x6a, 0x0, 0x71, 0x10,
    0x4c, 0x4, 0x71, 0x0, 0x7f, 0xf3, 0x8c, 0x3,
    0xfa, 0x3f, 0xf5, 0x17, 0xff, 0xac, 0x1, 0x1d,
    0xd9, 0x5a, 0xc7, 0xbb, 0x50, 0x4, 0x23, 0x93,
    0x0, 0x2, 0x3c, 0x1, 0xe4, 0x15, 0x0, 0xff,
    0xe0, 0xc, 0xb8, 0x7, 0xff, 0x0, 0x74, 0x20,
    0x3, 0xcb, 0x60, 0x11, 0xe1, 0x78, 0x1, 0xc5,
    0x8, 0x9e, 0xc0, 0x9, 0xc1, 0xf2, 0x0, 0x1a,
    0x5e, 0xe9, 0x20, 0x1, 0x73, 0x82, 0x1, 0xaf,
    0xfe, 0xe5, 0x0,

    /* U+65E5 "日" */
    0xef, 0xff, 0xe6, 0x7, 0xdd, 0xf8, 0xc, 0x3c,
    0x8b, 0xe0, 0xf, 0xfe, 0x9, 0x80, 0x7f, 0xd1,
    0xff, 0xf0, 0x5, 0x1d, 0xdf, 0x0, 0x61, 0x1f,
    0x80, 0x3f, 0xf9, 0x87, 0xc8, 0x9e, 0x50, 0x9,
    0xe2, 0x3d, 0x20, 0x14, 0xe6, 0x7c, 0x6,

    /* U+65E7 "旧" */
    0x2f, 0x40, 0x7, 0x77, 0xe5, 0x0, 0xe1, 0x6d,
    0xdd, 0x42, 0x1, 0xf7, 0x19, 0xe5, 0x0, 0xff,
    0xec, 0x5e, 0x66, 0xd0, 0xf, 0xc9, 0x11, 0xa4,
    0x3, 0xf7, 0xa2, 0x70, 0x7, 0xff, 0x62, 0x37,
    0x76, 0x0, 0x7e, 0x6e, 0xed, 0x20, 0x1e, 0x10,
    0xe3, 0x3c, 0xa0, 0x2, 0xe4, 0x1, 0xf6, 0x0,
    0xc3, 0xea,

    /* U+65E9 "早" */
    0x0, 0xbf, 0xff, 0xc0, 0x1e, 0x9c, 0xcf, 0x48,
    0x7, 0xd3, 0x99, 0xe9, 0x0, 0xfa, 0xbb, 0xbd,
    0x40, 0x1f, 0x8, 0xfe, 0x0, 0xfa, 0xff, 0xfd,
    0x60, 0x1e, 0xdd, 0xc4, 0xfb, 0xb8, 0x3, 0x88,
    0xb0, 0x79, 0x16, 0x0, 0xf, 0xff, 0x8a, 0x3f,
    0xfb, 0x6, 0xae, 0xf8, 0x56, 0xef, 0x54, 0x2,
    0xa2, 0x71, 0xea, 0x26, 0x54, 0x0, 0xff, 0xe5,
    0x18, 0x7, 0xff, 0xf, 0xc0, 0x3c,

    /* U+65F6 "时" */
    0x0, 0xff, 0xbd, 0x80, 0x6, 0x7c, 0x1, 0xf1,
    0x80, 0x37, 0x5d, 0xcc, 0x30, 0xf, 0xf4, 0x6e,
    0x0, 0x19, 0x57, 0x6, 0x31, 0x0, 0x73, 0xd4,
    0xf7, 0x40, 0x94, 0xc7, 0xc6, 0xa0, 0xd9, 0x8b,
    0xb8, 0x63, 0x10, 0x1b, 0xa4, 0x2, 0x60, 0xf,
    0xd1, 0xb8, 0x0, 0x29, 0x60, 0xf, 0xfe, 0x1,
    0x3c, 0x0, 0x78, 0xc4, 0x44, 0x1, 0x4b, 0x8,
    0x7, 0xa3, 0xb0, 0x2, 0x18, 0x10, 0xf, 0x4f,
    0xf0, 0x7, 0xff, 0x8, 0x70, 0x80, 0x38, 0x40,
    0x2f, 0x60, 0x1, 0x80, 0x68, 0xc0, 0x60, 0x0,
    0x80, 0x7e, 0xc4, 0xb3, 0x0, 0x0,

    /* U+660E "明" */
    0xcf, 0xfc, 0x61, 0xff, 0xe3, 0x18, 0xee, 0x0,
    0x80, 0x2f, 0xb9, 0xa0, 0x23, 0xc0, 0x1c, 0x22,
    0x30, 0xf, 0xf4, 0x5d, 0xb4, 0x2, 0x9f, 0xf0,
    0x6, 0x4e, 0xe5, 0x0, 0x53, 0xfe, 0x0, 0xd8,
    0xaa, 0x70, 0xf, 0xf0, 0x91, 0x40, 0x1f, 0xea,
    0xdd, 0x60, 0x5, 0x3f, 0xe0, 0x1, 0x87, 0x7f,
    0xb8, 0x2, 0x8d, 0xd0, 0xa, 0x88, 0x80, 0x39,
    0xc8, 0xaf, 0x3d, 0x40, 0xf, 0x5a, 0x80, 0x44,
    0x9c, 0x0, 0x12, 0x0, 0xfb, 0xcd, 0x0, 0x17,
    0x82, 0x40, 0x1d, 0x1e, 0x1, 0x45, 0xf0, 0x0,

    /* U+6613 "易" */
    0x0, 0xbb, 0xff, 0xf8, 0x3, 0xd3, 0xdd, 0xea,
    0x0, 0xfa, 0x3f, 0xfd, 0x60, 0x1f, 0x5f, 0x77,
    0xa8, 0x3, 0xc7, 0x5f, 0xfe, 0xb1, 0x0, 0xed,
    0x91, 0xdf, 0xfe, 0xe0, 0xe, 0x99, 0xe, 0xff,
    0xfc, 0x20, 0xdc, 0x5b, 0xe8, 0xdf, 0x23, 0xf6,
    0x2, 0x7, 0x76, 0x3b, 0x9, 0x18, 0xb0, 0x22,
    0x0, 0x15, 0x23, 0xce, 0xc3, 0x11, 0x43, 0x98,
    0x2, 0xa1, 0xc8, 0x2d, 0x6a, 0x0, 0x11, 0x0,
    0x2b, 0x91, 0xac, 0xab, 0x5, 0x65, 0xe0, 0xd,
    0x3d, 0xbe, 0xe0, 0x9, 0xb6, 0x70, 0xd, 0x3a,
    0xe2, 0x1, 0x66, 0xc8, 0x0,

    /* U+6620 "映" */
    0x0, 0xfe, 0x3a, 0x0, 0xf1, 0x16, 0x0, 0xce,
    0x80, 0x1c, 0x3b, 0xfe, 0xd6, 0x2, 0x20, 0x81,
    0x14, 0x1, 0xbf, 0x44, 0xd7, 0x72, 0xc7, 0x31,
    0xa4, 0x1, 0xf8, 0x7a, 0x8b, 0xb0, 0x3, 0xff,
    0x93, 0xbe, 0x20, 0x18, 0x44, 0x1, 0xf6, 0xf8,
    0x99, 0x9, 0x90, 0x1b, 0x3, 0x88, 0x7, 0x75,
    0x1f, 0xc9, 0xf4, 0x1c, 0x20, 0x7, 0x6e, 0xb3,
    0x6, 0x4b, 0x98, 0xd5, 0x0, 0x6f, 0x88, 0x4,
    0xa7, 0xcc, 0x20, 0x1d, 0xbe, 0x40, 0x2, 0xb9,
    0x35, 0xd0, 0x8, 0x5c, 0xc3, 0x54, 0xb0, 0x9c,
    0x28, 0xb0, 0x40, 0x10, 0x20, 0x7, 0xd2, 0xd0,
    0x0, 0xe1, 0x79, 0x0, 0x73, 0x46, 0x8, 0x4,
    0x5f, 0x44,

    /* U+662F "是" */
    0x0, 0x37, 0xff, 0xf0, 0x7, 0x18, 0xf7, 0x7a,
    0x44, 0x3, 0xc3, 0xdd, 0xe9, 0x0, 0xf8, 0x7f,
    0xfd, 0x42, 0x1, 0xc6, 0x3d, 0xde, 0xb0, 0xf,
    0x37, 0x7f, 0xfd, 0xc0, 0x14, 0xf7, 0x3f, 0xff,
    0xbb, 0xd2, 0x33, 0xf7, 0xfd, 0x61, 0xff, 0xda,
    0x82, 0x43, 0x8e, 0x22, 0x0, 0xc6, 0x4, 0x1,
    0x28, 0x20, 0x0, 0x7f, 0xec, 0xa0, 0xd, 0x1,
    0xe6, 0x3, 0xdd, 0xac, 0x2, 0x92, 0xda, 0xca,
    0x15, 0x44, 0xca, 0x8e, 0xd4, 0x4f, 0xd0, 0xb1,
    0x57, 0x75, 0x3, 0xe2, 0x80, 0x5, 0xab, 0x7b,
    0xff, 0x20,

    /* U+663E "显" */
    0x1, 0xff, 0xff, 0x10, 0x7, 0x67, 0x77, 0xb4,
    0x3, 0xee, 0xcc, 0xf7, 0x80, 0x7d, 0x73, 0x3e,
    0x80, 0xf, 0x89, 0x9b, 0xe0, 0xf, 0xaf, 0x77,
    0xd8, 0x1, 0xc3, 0xfe, 0xb4, 0xff, 0x25, 0x7f,
    0x88, 0x2, 0x90, 0x0, 0xa0, 0x1, 0x4c, 0x5,
    0xc0, 0x27, 0x90, 0x0, 0x80, 0x74, 0xc8, 0x40,
    0x16, 0xc6, 0x1, 0xe2, 0x78, 0x10, 0x2, 0x95,
    0x0, 0x7a, 0xd, 0x80, 0x4, 0x49, 0xb3, 0x2,
    0x20, 0xc, 0xc1, 0x10, 0x3f, 0x6f, 0x64, 0x77,
    0x43, 0x19, 0x7b, 0xa1,

    /* U+665F "晟" */
    0x0, 0x27, 0xff, 0xf9, 0x40, 0x3d, 0x77, 0xf8,
    0x3, 0xf1, 0x17, 0xe0, 0xf, 0xd3, 0x3f, 0x80,
    0x3c, 0x9f, 0xfb, 0x83, 0xbd, 0xb5, 0x40, 0x3f,
    0x84, 0x8, 0x9, 0xc0, 0x3b, 0xbf, 0xf8, 0x33,
    0xd2, 0xbf, 0x0, 0x33, 0xff, 0xe6, 0x5f, 0xf4,
    0xfe, 0x0, 0x67, 0xee, 0x93, 0x54, 0x5e, 0x54,
    0x3, 0xd, 0x77, 0x5, 0xd1, 0x1b, 0x14, 0xa0,
    0x12, 0x2, 0x0, 0x80, 0x86, 0x1a, 0x28, 0x39,
    0x87, 0x90, 0xcf, 0x11, 0xcc, 0x41, 0x68, 0xe6,
    0xc9, 0x24, 0x2e, 0xdb, 0x2f, 0x8f, 0x8f, 0x83,
    0x45, 0xc8, 0x4, 0x81, 0x1c, 0x60, 0x5b, 0x7a,
    0x40,

    /* U+666E "普" */
    0x0, 0xff, 0x8, 0x7, 0xf2, 0x68, 0x80, 0x5e,
    0xc0, 0x1e, 0x10, 0x41, 0x40, 0x3, 0x3, 0x80,
    0x80, 0x49, 0xfd, 0xc2, 0xaf, 0xf4, 0x8f, 0x7f,
    0x20, 0x1, 0x3a, 0x7b, 0x3, 0xf8, 0x3f, 0xcb,
    0xc8, 0x1, 0xaa, 0x0, 0x3c, 0xee, 0x10, 0xe,
    0x90, 0xf, 0xb6, 0x40, 0x22, 0xfe, 0xa6, 0xc0,
    0xef, 0xe, 0x4a, 0xef, 0x32, 0xfe, 0xed, 0xfd,
    0xcf, 0xee, 0xde, 0x60, 0x17, 0x77, 0xf8, 0x3,
    0xc3, 0x7f, 0xfe, 0xb1, 0x0, 0xf8, 0xc8, 0xbc,
    0x60, 0x1f, 0xa3, 0xbb, 0xd0, 0x1, 0xfa, 0xb7,
    0x7d, 0x40, 0x1f, 0xaf, 0xff, 0xd6, 0x1, 0xfa,
    0xff, 0xfd, 0x60, 0x18,

    /* U+666F "景" */
    0x0, 0xbf, 0xff, 0xc0, 0x1f, 0x67, 0xff, 0xac,
    0x3, 0xf6, 0xf7, 0x7a, 0x80, 0x3f, 0x57, 0xff,
    0xac, 0x3, 0xf5, 0xf7, 0x7a, 0x84, 0x3, 0xdf,
    0xf8, 0xe3, 0xfe, 0xe0, 0x8, 0x77, 0x33, 0x8e,
    0x33, 0x36, 0xf0, 0x8b, 0xbf, 0xfb, 0x31, 0xff,
    0xba, 0x84, 0xc, 0xd5, 0x99, 0xfb, 0xcd, 0x0,
    0x39, 0xbf, 0xfd, 0x20, 0x1f, 0xb, 0xf7, 0x5f,
    0xdc, 0x86, 0x0, 0xf4, 0x65, 0x74, 0x17, 0x6d,
    0x50, 0x3, 0xcd, 0xb0, 0x1, 0x92, 0xf1, 0x0,
    0x21, 0xc9, 0x8c, 0x7d, 0x10, 0x7d, 0x6b, 0x60,
    0x0, 0xde, 0xb8, 0x6a, 0xd0, 0x0, 0xaa, 0xd8,
    0x0,

    /* U+6670 "晰" */
    0x0, 0xf9, 0xc4, 0x3, 0x88, 0xa, 0xef, 0x0,
    0x20, 0xc1, 0x73, 0xb9, 0x22, 0x9, 0x1c, 0x80,
    0x1c, 0x61, 0xdc, 0xb1, 0x0, 0x1b, 0x88, 0x7,
    0x18, 0x7, 0xf9, 0xfc, 0x36, 0x80, 0x3f, 0x8,
    0x81, 0xec, 0x36, 0x80, 0xfb, 0xa6, 0x0, 0x67,
    0x0, 0x30, 0x3, 0x1f, 0x85, 0x38, 0x3, 0x7c,
    0x0, 0xa1, 0x8a, 0x6e, 0x20, 0xe2, 0x1, 0xc6,
    0x21, 0x31, 0xc0, 0x1f, 0xef, 0xa0, 0x5d, 0x23,
    0x0, 0xf7, 0x60, 0xc3, 0x0, 0x49, 0xa0, 0x1e,
    0xec, 0x4, 0x0, 0x90, 0x50, 0x3, 0x88, 0xb,
    0xc0, 0x21, 0x95, 0x10, 0xc, 0x5a, 0x1, 0xe7,
    0x75, 0x80, 0x7f, 0xf0, 0x39, 0x28, 0x40, 0x1c,
    0x60,

    /* U+6682 "暂" */
    0x0, 0xb4, 0x80, 0x38, 0x95, 0xc0, 0x8d, 0xcc,
    0x4d, 0xb, 0xfd, 0xb7, 0x42, 0xb1, 0x5, 0x99,
    0x78, 0x3, 0x3f, 0xb4, 0x5c, 0xd6, 0x9a, 0xac,
    0xc2, 0xdd, 0xe5, 0x27, 0x4c, 0x3d, 0xc3, 0xe,
    0xe5, 0x8, 0x8b, 0x7b, 0xc3, 0x39, 0xc1, 0xb0,
    0x59, 0x22, 0x73, 0xc3, 0xe3, 0xd4, 0x3, 0xb3,
    0xfd, 0xc1, 0xd0, 0xb2, 0x0, 0x10, 0x2, 0x20,
    0x45, 0x24, 0x18, 0x24, 0xd2, 0x1, 0xb7, 0xeb,
    0xb9, 0xfd, 0xd5, 0x80, 0x74, 0x6e, 0xfa, 0x4,
    0x3, 0xa6, 0xab, 0xd2, 0x1, 0xe8, 0xbb, 0xf4,
    0x8, 0x7, 0x4e, 0x67, 0xa4, 0x2,

    /* U+66B4 "暴" */
    0x0, 0xbb, 0x77, 0xf7, 0x98, 0x7, 0xff, 0xc,
    0x40, 0x3d, 0xdb, 0xbf, 0x8, 0x7, 0x97, 0xfd,
    0xb9, 0x8d, 0xfc, 0x20, 0xe, 0x6d, 0xa0, 0xaa,
    0xc1, 0x54, 0x40, 0xc, 0x67, 0x8, 0x8c, 0xc2,
    0x23, 0x38, 0x2, 0xd8, 0x88, 0x6e, 0x21, 0x63,
    0x11, 0x70, 0x86, 0x6f, 0x8b, 0x6d, 0xf6, 0xb8,
    0xfe, 0xf8, 0x82, 0xce, 0x2c, 0x6, 0xa8, 0x58,
    0x65, 0x28, 0x14, 0xf7, 0x5a, 0x6d, 0x4d, 0xc9,
    0xe5, 0x0, 0x5a, 0xe2, 0x7, 0xe0, 0xd4, 0x5e,
    0x31, 0x80, 0x15, 0xf6, 0xe6, 0x1b, 0xf2, 0xed,
    0xce, 0x1, 0xbf, 0xa8, 0xf5, 0x1c, 0x13, 0x23,
    0x80, 0x32, 0x8, 0x3, 0xb8, 0x40, 0x13, 0x48,
    0x0,

    /* U+66F2 "曲" */
    0x0, 0xff, 0xe3, 0x37, 0x80, 0x3d, 0x80, 0x3f,
    0x18, 0x80, 0x4, 0x3, 0xff, 0x8e, 0xff, 0xf5,
    0xf, 0xf8, 0x67, 0xfe, 0x70, 0x1f, 0xf5, 0xf,
    0xf8, 0x67, 0xfc, 0x20, 0x1f, 0xfd, 0x21, 0xdd,
    0x58, 0xee, 0x86, 0x37, 0x42, 0x0, 0x1c, 0xc4,
    0xe, 0x60, 0x67, 0x30, 0x20, 0x10, 0x88, 0xc0,
    0x44, 0x2, 0x30, 0x7, 0xff, 0x4c, 0x7f, 0xd4,
    0x3f, 0xe1, 0x9f, 0xf0, 0x87, 0x8f, 0xff, 0xf8,
    0x40,

    /* U+66F4 "更" */
    0x0, 0xff, 0xe1, 0xa7, 0xff, 0xff, 0x2, 0xc1,
    0x3b, 0xff, 0x50, 0xff, 0xf5, 0x0, 0xf, 0x33,
    0x40, 0xe6, 0x62, 0x10, 0x0, 0x9f, 0xf7, 0x2c,
    0x7b, 0x9e, 0x62, 0x1, 0xc2, 0x67, 0x1, 0x98,
    0x40, 0x3e, 0xcf, 0xf5, 0x8f, 0xfb, 0x0, 0x3e,
    0xfe, 0xe5, 0x8f, 0x73, 0xc0, 0x3e, 0xef, 0xf5,
    0xf, 0xfb, 0x80, 0x38, 0xec, 0xb3, 0x95, 0x5d,
    0xd8, 0xc0, 0x32, 0x3e, 0xaa, 0x78, 0x8e, 0x0,
    0xf5, 0x45, 0x8b, 0x80, 0x7f, 0x8f, 0x45, 0x77,
    0x1c, 0xc0, 0x33, 0xdf, 0x69, 0xf5, 0x75, 0xe6,
    0x3f, 0xda, 0x7, 0x9b, 0xd0, 0x0, 0x17, 0xbf,
    0xdb, 0x90,

    /* U+66FF "替" */
    0x0, 0xce, 0x60, 0x19, 0x90, 0x3, 0x88, 0x69,
    0x88, 0x4, 0xa8, 0xc4, 0x80, 0x9, 0x9e, 0x57,
    0x87, 0x58, 0x73, 0xfa, 0x0, 0x4e, 0xe0, 0x7f,
    0x1d, 0xf0, 0x57, 0x78, 0x3, 0xbf, 0xc1, 0xdf,
    0x3f, 0xe0, 0xbf, 0xf5, 0x7, 0x7a, 0x83, 0x7c,
    0xfb, 0x91, 0x37, 0xe8, 0x0, 0xc9, 0xa5, 0x41,
    0xf, 0xf1, 0x8a, 0x0, 0x98, 0xd2, 0xa8, 0x23,
    0xc2, 0x5b, 0xb4, 0x80, 0xe3, 0xff, 0x6e, 0x93,
    0x3f, 0xc7, 0xd2, 0x10, 0x40, 0x3f, 0xfe, 0x30,
    0xf, 0x87, 0xff, 0xc6, 0x1, 0xf0, 0xf7, 0x78,
    0xc0, 0x3f, 0x19, 0xf8, 0x3, 0xf0, 0xff, 0xf8,
    0xc0, 0x20,

    /* U+6700 "最" */
    0x0, 0x57, 0x6e, 0xfd, 0xe0, 0x1e, 0x5b, 0xbf,
    0x20, 0x80, 0x7c, 0x67, 0xe1, 0x0, 0xf1, 0xb4,
    0x47, 0x94, 0xc0, 0x3a, 0x77, 0x7f, 0x80, 0x2d,
    0xff, 0xff, 0xe0, 0x86, 0xe8, 0x7f, 0xda, 0x3f,
    0xff, 0x0, 0x43, 0xdc, 0xc0, 0x6f, 0xee, 0x7c,
    0x0, 0x61, 0xee, 0x60, 0x31, 0xef, 0x15, 0x80,
    0x61, 0xdd, 0x78, 0x2, 0xa8, 0x60, 0x60, 0x18,
    0x7e, 0x68, 0x69, 0x97, 0x60, 0x2, 0x6c, 0x38,
    0x30, 0x5, 0x8, 0x24, 0xb0, 0x83, 0x76, 0xd3,
    0xa8, 0x16, 0x7d, 0x77, 0x20, 0x3, 0xc5, 0xe5,
    0xa6, 0x5, 0x12, 0x0,

    /* U+6709 "有" */
    0x0, 0xff, 0xe5, 0x1f, 0x98, 0x7, 0xff, 0x5,
    0x0, 0xc0, 0x3f, 0x3f, 0xfe, 0x80, 0xff, 0xf8,
    0x41, 0xb7, 0xb9, 0x41, 0x7d, 0xde, 0xd1, 0x1,
    0x21, 0x14, 0x1a, 0x8, 0xf8, 0x80, 0x3a, 0x8,
    0xff, 0xfd, 0x40, 0x1c, 0xae, 0x3f, 0xfe, 0x50,
    0xe, 0x5a, 0x10, 0x33, 0xf0, 0x80, 0x68, 0xa7,
    0x91, 0xff, 0xf2, 0x80, 0x61, 0xa8, 0x1, 0xcc,
    0xf2, 0x0, 0x69, 0x50, 0x0, 0xff, 0xf9, 0x40,
    0x3f, 0xf, 0xff, 0x94, 0x3, 0xff, 0x82, 0x26,
    0xc6, 0x1, 0xff, 0xc0, 0x3c, 0x1a, 0x0, 0xf3,
    0xf0, 0x6, 0x2f, 0xd3, 0x0, 0x0,

    /* U+671F "期" */
    0x0, 0x73, 0x0, 0x3d, 0x40, 0x3f, 0x8c, 0xc0,
    0x1, 0x0, 0x6f, 0xfe, 0x62, 0xc2, 0x8c, 0xc0,
    0xc2, 0x84, 0x7f, 0x84, 0xb, 0x8a, 0xfb, 0x83,
    0x48, 0x1, 0xf1, 0x0, 0x8e, 0x21, 0xf, 0x33,
    0x0, 0x75, 0x44, 0x0, 0x32, 0xc4, 0x4, 0x3,
    0x45, 0xd8, 0x40, 0x2a, 0xbb, 0x8, 0x6, 0xaf,
    0xf0, 0x80, 0x7f, 0xd5, 0xfe, 0x10, 0xa, 0xb3,
    0x2, 0x11, 0xe5, 0x5f, 0xe1, 0xa7, 0x29, 0xcc,
    0x8, 0x47, 0xd7, 0x7e, 0xe7, 0xa0, 0x28, 0x7,
    0x1d, 0x28, 0x3e, 0x1d, 0x90, 0x80, 0x62, 0xd9,
    0x40, 0x56, 0xa7, 0xb0, 0xc, 0x62, 0xcc, 0x0,
    0xa4, 0xc9, 0x80, 0x1c, 0x2e, 0x70, 0x1, 0xd5,
    0xe0, 0x15, 0x71, 0x0,

    /* U+672A "未" */
    0x0, 0xfb, 0xd4, 0x3, 0xff, 0x84, 0x20, 0x1f,
    0xe3, 0x22, 0xc0, 0x64, 0x51, 0x88, 0x6, 0xef,
    0xfc, 0x31, 0xff, 0x6a, 0x80, 0x6d, 0xde, 0x1b,
    0xdd, 0xb9, 0x0, 0x3f, 0xf8, 0xc5, 0xff, 0xe1,
    0xaf, 0xfe, 0x90, 0x2e, 0xff, 0xa8, 0x2, 0x8f,
    0xfb, 0xa4, 0x0, 0x20, 0x1, 0xb8, 0x17, 0x84,
    0x0, 0x8, 0x7, 0x16, 0x23, 0x86, 0xc5, 0xa0,
    0x7, 0x93, 0x1a, 0x80, 0x27, 0x75, 0xc0, 0x4,
    0x33, 0x6f, 0x60, 0x1d, 0x12, 0xff, 0x20, 0x2,
    0xa9, 0x0, 0x84, 0x2, 0x6e, 0x7f, 0x1, 0xb5,
    0x0, 0xe3, 0x0, 0x86, 0x18, 0x0,

    /* U+672B "末" */
    0x0, 0xf9, 0x7c, 0x3, 0xff, 0x84, 0x22, 0x0,
    0xfc, 0x26, 0x45, 0xc0, 0x45, 0x8c, 0x80, 0xb,
    0xb9, 0x9a, 0x7, 0x33, 0x6c, 0x80, 0x13, 0xbb,
    0xa8, 0x7b, 0xba, 0xc0, 0x3f, 0xf8, 0xed, 0xdd,
    0xa8, 0x7b, 0xb6, 0x0, 0x67, 0xcc, 0x94, 0x40,
    0x77, 0x37, 0xc0, 0x30, 0x91, 0x5, 0x20, 0x56,
    0x88, 0xcc, 0x1, 0xe1, 0xd6, 0x30, 0x86, 0x60,
    0x7, 0xc5, 0x85, 0x20, 0x2, 0x99, 0x38, 0x7,
    0x26, 0x6, 0x80, 0x66, 0x88, 0x61, 0x80, 0x2a,
    0xcb, 0x4, 0x3, 0x9e, 0x4f, 0xc, 0x3d, 0xf0,
    0x40, 0x21, 0x0, 0x9b, 0x68, 0xc1, 0x60, 0x3,
    0x8, 0x7, 0x12, 0x80,

    /* U+672C "本" */
    0x0, 0xfb, 0x9c, 0x3, 0xff, 0x82, 0x62, 0x1,
    0xff, 0xca, 0xcf, 0xfe, 0x29, 0xff, 0xe6, 0xe,
    0xde, 0xe6, 0x0, 0x4d, 0xdd, 0x6b, 0x81, 0x10,
    0x44, 0x86, 0x4a, 0xe2, 0x31, 0x8, 0x7, 0x4c,
    0x83, 0x1, 0x40, 0x3f, 0x41, 0xa8, 0x2, 0x20,
    0x1, 0xf1, 0x3c, 0x0, 0x4c, 0x12, 0x1, 0xc3,
    0xe8, 0xa0, 0x1b, 0x9a, 0x0, 0x21, 0xd0, 0xf4,
    0x41, 0xfa, 0x34, 0xbd, 0x89, 0xf9, 0x7e, 0x44,
    0x5, 0x22, 0xb, 0x69, 0x6, 0xf8, 0x51, 0x98,
    0x2b, 0xcd, 0x34, 0xd9, 0x9, 0x20, 0xc, 0x62,
    0x1, 0x88, 0x3, 0xff, 0x88,

    /* U+673A "机" */
    0x0, 0xb9, 0xc0, 0x3f, 0xf8, 0x46, 0x20, 0x2,
    0xff, 0xcc, 0x1, 0xff, 0xc0, 0xde, 0x20, 0xc,
    0x5b, 0xa2, 0x8d, 0x90, 0x1, 0x8, 0x7, 0x17,
    0x48, 0x4f, 0xd8, 0x7, 0xf8, 0xc8, 0x4, 0x88,
    0x1, 0xff, 0x50, 0x6d, 0x0, 0x7f, 0xc4, 0x62,
    0x6a, 0xc2, 0x1, 0xfd, 0xa, 0x7d, 0x6, 0xc4,
    0x1, 0xf1, 0xaf, 0x0, 0x1d, 0x49, 0x80, 0x3f,
    0x2a, 0x0, 0x6c, 0xc0, 0x7, 0xc7, 0x40, 0x18,
    0x91, 0x40, 0x31, 0x38, 0x6, 0x30, 0x7, 0x29,
    0x0, 0x5c, 0xf0, 0x1, 0xe4, 0x1b, 0x0, 0x91,
    0xe9, 0x80, 0x37, 0x32, 0x68, 0x80, 0x53, 0xfe,
    0x90,

    /* U+6761 "条" */
    0x0, 0xe4, 0x0, 0xff, 0xe1, 0x25, 0x98, 0x7,
    0xff, 0x6, 0x43, 0x3f, 0xf9, 0xc0, 0x3d, 0x4,
    0x7d, 0xd9, 0x9, 0xc0, 0x39, 0x5e, 0xc6, 0x4,
    0x4c, 0x9e, 0x1, 0xc5, 0x52, 0x9e, 0xf5, 0x31,
    0x64, 0x1, 0xc5, 0xac, 0x5, 0x2a, 0xce, 0x80,
    0x1f, 0x10, 0xb6, 0x55, 0x25, 0xba, 0x54, 0xc8,
    0xa, 0xf7, 0xb6, 0x77, 0x8f, 0xac, 0xef, 0x3c,
    0x8, 0xd6, 0xe1, 0x8d, 0x74, 0xda, 0x6b, 0x30,
    0x0, 0xa6, 0x9e, 0xe8, 0x5b, 0xba, 0xaa, 0x8,
    0x0, 0xbb, 0x7f, 0x74, 0x51, 0xbb, 0x74, 0x80,
    0x71, 0xe3, 0x0, 0x45, 0xee, 0x1, 0xe5, 0xc7,
    0x60, 0x8, 0xaa, 0x70, 0x80, 0x29, 0xba, 0x93,
    0x72, 0x0, 0x2f, 0xbe, 0x88, 0x2, 0xfd, 0x41,
    0xa1, 0x1c, 0x0, 0x37, 0x82, 0x0, 0x21, 0x0,
    0x2f, 0xd8, 0x80, 0x63, 0x0, 0x0,

    /* U+6765 "来" */
    0x0, 0xfb, 0xd8, 0x3, 0xff, 0x84, 0x26, 0x1,
    0xf9, 0x3f, 0xf8, 0x6b, 0xff, 0x58, 0x4, 0x9b,
    0xac, 0xee, 0xc, 0xf6, 0xd6, 0xc8, 0x6, 0x2a,
    0xf1, 0x10, 0x18, 0xad, 0x91, 0x0, 0x3a, 0x9,
    0xc0, 0x21, 0x9b, 0x0, 0xe1, 0x1a, 0xcc, 0x40,
    0xc9, 0xd0, 0x46, 0x2, 0xee, 0xaa, 0xf8, 0x67,
    0x1b, 0xba, 0xa0, 0x2e, 0xff, 0x9c, 0xc4, 0x8f,
    0xff, 0x58, 0x0, 0x40, 0xc, 0xfc, 0x10, 0x18,
    0x20, 0x1f, 0x4c, 0xb0, 0x80, 0x18, 0x1e, 0xc0,
    0x19, 0x31, 0xf0, 0xc0, 0x36, 0x3c, 0xf4, 0x0,
    0xd0, 0x79, 0x80, 0x7a, 0x6c, 0xb4, 0x7, 0xf0,
    0x40, 0x21, 0x30, 0x9, 0x31, 0x40,

    /* U+677E "松" */
    0x0, 0xb9, 0x80, 0x21, 0x5, 0x80, 0xf, 0x8c,
    0xc0, 0x17, 0x20, 0x28, 0x7, 0xfc, 0x80, 0x88,
    0x23, 0x0, 0xc6, 0x40, 0x46, 0x18, 0x80, 0x27,
    0x40, 0x12, 0x6f, 0x94, 0xe9, 0xae, 0x80, 0x21,
    0x88, 0x0, 0x9d, 0x21, 0x7c, 0x4, 0xe0, 0x4,
    0x3e, 0x10, 0xb, 0x40, 0x89, 0xa, 0x30, 0x61,
    0xc7, 0x80, 0x13, 0x85, 0x71, 0xc0, 0x3a, 0x81,
    0x67, 0x0, 0x18, 0xa, 0xc7, 0x89, 0x45, 0x80,
    0x6, 0x60, 0x5, 0xc8, 0x1c, 0xf0, 0x7b, 0x1,
    0x28, 0x5, 0x6, 0xe0, 0x4, 0x80, 0x5a, 0x7,
    0xa1, 0x0, 0x4d, 0x0, 0x73, 0x21, 0x2, 0x94,
    0x0, 0x5, 0x0, 0x30, 0xc6, 0x22, 0xb8, 0xb0,
    0x80, 0x7c, 0x83, 0x13, 0xfe, 0xb0, 0x60, 0xc,
    0x66, 0x5, 0xbf, 0xda, 0x87, 0x94, 0x0,

    /* U+677F "板" */
    0x0, 0xb9, 0x0, 0x3c, 0x6d, 0x60, 0x1c, 0x60,
    0x15, 0xef, 0xfb, 0xb4, 0x8c, 0x3, 0xf2, 0xc7,
    0x7e, 0xdc, 0x98, 0x2, 0xe8, 0xa2, 0xcc, 0xc2,
    0x20, 0xf, 0xb7, 0x40, 0x9a, 0x41, 0x39, 0x9c,
    0x1, 0x31, 0x6, 0x30, 0x9b, 0x87, 0xf9, 0x4,
    0x3, 0x78, 0x6b, 0x0, 0x3c, 0xce, 0x7, 0x0,
    0x85, 0x40, 0xa0, 0x5, 0xc4, 0xc0, 0xf4, 0x2,
    0x85, 0x2f, 0x33, 0x1, 0xa5, 0x82, 0x28, 0x0,
    0xda, 0x40, 0x1a, 0x23, 0x4b, 0x30, 0x88, 0x1,
    0x31, 0x80, 0x48, 0xa0, 0x65, 0x30, 0x1, 0x1c,
    0x80, 0x6d, 0x30, 0x3, 0x3, 0x0, 0x7e, 0x34,
    0xa0, 0x74, 0x6c, 0x40, 0xe, 0x31, 0xe5, 0x3b,
    0x9d, 0x97, 0xb9, 0x0, 0xf5, 0x5c, 0xb6, 0x18,
    0x44, 0x80, 0x77, 0x2b, 0x8c, 0x69, 0x0, 0x4d,
    0x20,

    /* U+6781 "极" */
    0x0, 0xbd, 0x0, 0x3f, 0xf8, 0x42, 0xe1, 0x7f,
    0xfe, 0x10, 0xf, 0xd5, 0xa1, 0xdc, 0x91, 0x10,
    0x0, 0xae, 0x86, 0x2d, 0x0, 0x2, 0x2e, 0x50,
    0x8, 0xf4, 0x80, 0xf5, 0x84, 0x40, 0x4, 0xc0,
    0x8, 0x5b, 0xc2, 0xd8, 0xc0, 0x31, 0xc7, 0x90,
    0x5, 0x61, 0x32, 0x6, 0x14, 0xf, 0xb0, 0x20,
    0x1, 0x90, 0x13, 0x21, 0xc, 0x0, 0x31, 0x0,
    0x28, 0x61, 0xb7, 0x76, 0x40, 0xb0, 0x2e, 0x80,
    0x11, 0x12, 0x0, 0x82, 0x44, 0x74, 0x39, 0xb0,
    0x5, 0x2, 0x1, 0x49, 0x91, 0xb4, 0x48, 0x4,
    0x8e, 0x1, 0x13, 0xc8, 0x12, 0x8d, 0x10, 0x7,
    0xb, 0x79, 0xab, 0x6a, 0x73, 0xec, 0x0, 0x7a,
    0xba, 0xa2, 0x64, 0x15, 0x8, 0x1, 0xbd, 0x5c,
    0xaf, 0xd8, 0x2, 0x7c, 0x0,

    /* U+6784 "构" */
    0x0, 0xfc, 0x20, 0x1f, 0xdc, 0xa0, 0x16, 0xc8,
    0x7, 0xe3, 0x0, 0x88, 0xec, 0x3, 0xff, 0x81,
    0x43, 0x51, 0x19, 0xc3, 0xfc, 0x55, 0xe4, 0xce,
    0x1, 0x8e, 0x43, 0xac, 0x27, 0xa8, 0xa6, 0x23,
    0x71, 0x80, 0xe0, 0x18, 0x97, 0xcc, 0x80, 0x3e,
    0x60, 0x9a, 0xa1, 0xbf, 0x0, 0x7a, 0x8, 0x88,
    0xa6, 0xa6, 0xf1, 0x20, 0x11, 0xbc, 0x6, 0xc0,
    0xc4, 0x3, 0x98, 0xc, 0x6d, 0x90, 0x0, 0xf4,
    0x5f, 0x76, 0x4, 0x17, 0x89, 0x0, 0xda, 0x9b,
    0xdc, 0x12, 0x1, 0x0, 0xf2, 0xdb, 0xa9, 0xf3,
    0x70, 0x6, 0x30, 0xf, 0xa, 0xbb, 0x60, 0x6,
    0x30, 0xe, 0x1a, 0x96, 0x60, 0x5, 0xcc, 0x1,
    0xef, 0xe9, 0x0,

    /* U+6790 "析" */
    0x0, 0x97, 0xc0, 0x38, 0x4d, 0xa8, 0xc0, 0x30,
    0x80, 0x6b, 0xfe, 0xe6, 0x9b, 0x0, 0x70, 0x80,
    0x4f, 0x1f, 0xb7, 0x2a, 0x0, 0x9c, 0x91, 0xcd,
    0x0, 0x8, 0x7, 0xd5, 0xe, 0x1f, 0x20, 0xe0,
    0x1f, 0x8d, 0x1c, 0x4d, 0x0, 0x13, 0xdd, 0xd0,
    0x0, 0x42, 0xa, 0x60, 0x78, 0xff, 0x5, 0xe4,
    0x80, 0x20, 0x83, 0x20, 0x44, 0x42, 0x20, 0x12,
    0x10, 0x63, 0x80, 0x65, 0x32, 0x60, 0xf, 0xc,
    0xc0, 0x80, 0x2c, 0x0, 0x40, 0x1e, 0x19, 0x70,
    0xc, 0xa4, 0x20, 0x1f, 0x30, 0x7, 0x52, 0x0,
    0x7f, 0xf0, 0x64, 0xac, 0x3, 0x8, 0x7, 0x8,
    0x80, 0x58, 0x80, 0x21, 0x0, 0xf2, 0xf0, 0x44,
    0x80, 0x6f, 0x50, 0x0,

    /* U+679A "枚" */
    0x0, 0xff, 0xe3, 0xf3, 0x0, 0x6d, 0x60, 0xf,
    0xc6, 0x60, 0x8, 0x88, 0xa0, 0x1f, 0xfc, 0x1a,
    0x33, 0x0, 0x71, 0xf6, 0x95, 0xf2, 0x3, 0x1f,
    0x77, 0x1, 0xd4, 0x4, 0xd2, 0xa8, 0x73, 0x74,
    0x31, 0xa0, 0x4, 0x30, 0x24, 0x18, 0x23, 0x30,
    0x83, 0x98, 0x5, 0x41, 0x16, 0xe4, 0x43, 0x6,
    0x11, 0x0, 0x48, 0x42, 0xa9, 0xf4, 0xd4, 0x6,
    0xa0, 0x10, 0xd3, 0x1e, 0xbe, 0x2d, 0x30, 0xde,
    0x0, 0x52, 0x70, 0x0, 0x84, 0x3, 0x5a, 0x36,
    0x0, 0xa3, 0xc0, 0x3e, 0xe4, 0x40, 0x80, 0x62,
    0x0, 0xf2, 0xd2, 0x22, 0x0, 0x3f, 0x97, 0x2a,
    0x6e, 0xcd, 0xf4, 0x1, 0x8c, 0xc3, 0x6d, 0xae,
    0x9, 0xd0, 0x40, 0x1b, 0x98, 0x7a, 0x88, 0x3,
    0x3c, 0x0,

    /* U+679C "果" */
    0x1, 0xff, 0xff, 0x20, 0x7, 0x67, 0xfa, 0xc7,
    0xfe, 0x0, 0xfb, 0x7b, 0x94, 0x3d, 0xd0, 0x7,
    0xdb, 0xdc, 0xa1, 0xee, 0x80, 0x3f, 0xf9, 0x59,
    0xfe, 0xb1, 0xff, 0x80, 0x30, 0x8b, 0xff, 0x58,
    0xff, 0xe4, 0x0, 0x7f, 0xfa, 0xc7, 0xff, 0xc1,
    0xff, 0xa4, 0x24, 0x68, 0xff, 0xee, 0x1, 0x0,
    0x44, 0xd9, 0x2, 0xbe, 0x10, 0x8, 0xb, 0x6a,
    0xe2, 0x0, 0x56, 0xbb, 0x4a, 0x1b, 0x15, 0xa6,
    0x1, 0xd3, 0x83, 0x63, 0xdc, 0x70, 0x8, 0x44,
    0x1, 0x1d, 0xf0, 0x80,

    /* U+67B6 "架" */
    0x0, 0xd8, 0x60, 0x1f, 0xfc, 0x2, 0x21, 0xb9,
    0x10, 0x15, 0x9b, 0x8, 0x0, 0xf3, 0x1, 0x3f,
    0xa5, 0x1b, 0xfe, 0x93, 0x0, 0x1f, 0x50, 0xee,
    0x1, 0x8f, 0xcc, 0x80, 0x3d, 0xa8, 0x1, 0xff,
    0xc1, 0x26, 0xf0, 0x50, 0x11, 0xe0, 0xc, 0x98,
    0xaa, 0x9b, 0x40, 0x1b, 0xff, 0x8, 0x5, 0x8f,
    0x41, 0x19, 0x87, 0xce, 0xec, 0x40, 0xb, 0xa3,
    0x31, 0x7, 0x69, 0x9f, 0x20, 0x2, 0x7e, 0x22,
    0xc6, 0x5d, 0x88, 0xe1, 0xa, 0xcb, 0xb6, 0x82,
    0xb0, 0x7d, 0xdd, 0x82, 0x1, 0xa6, 0x30, 0x87,
    0x2a, 0x4, 0x3, 0xb, 0x72, 0xe1, 0x80, 0xb,
    0x13, 0xa5, 0x0, 0x19, 0x10, 0xc2, 0x0, 0xc5,
    0x92, 0x92, 0x0, 0xfe, 0x60, 0xc, 0x20, 0x13,
    0x6e, 0x0,

    /* U+67C4 "柄" */
    0x0, 0xb9, 0x0, 0x3f, 0xf8, 0x46, 0x0, 0xff,
    0xfe, 0x30, 0xf, 0x6f, 0x74, 0x17, 0xdd, 0x18,
    0xf7, 0xa, 0xb8, 0x4, 0x60, 0x71, 0x18, 0x7,
    0x34, 0x2f, 0x7, 0x76, 0xd, 0xdb, 0x0, 0x4,
    0xa0, 0x24, 0x27, 0x30, 0x17, 0x36, 0x40, 0x15,
    0x7, 0xb8, 0x1a, 0x30, 0x22, 0x14, 0xc0, 0x6,
    0x42, 0x28, 0x70, 0x5, 0x86, 0x88, 0x6, 0xe8,
    0x3e, 0x42, 0x0, 0x35, 0x86, 0xb8, 0x0, 0x81,
    0x80, 0x16, 0xa1, 0x2a, 0x9a, 0x5e, 0x0, 0x2d,
    0x0, 0xe3, 0x34, 0x80, 0xfc, 0x0, 0x7f, 0x1d,
    0x10, 0x0, 0x40, 0x3c, 0x60, 0x1f, 0x9a, 0x44,
    0x3, 0x10, 0x0, 0x40, 0x3a, 0xda, 0x0,

    /* U+67D0 "某" */
    0x0, 0xff, 0x84, 0x3, 0xf7, 0x30, 0x6, 0x3e,
    0x0, 0xff, 0xe4, 0x9f, 0x70, 0x63, 0xbb, 0x68,
    0x77, 0x18, 0x0, 0x7d, 0xc1, 0x8e, 0xed, 0xa1,
    0xdc, 0x60, 0xf, 0x47, 0x76, 0xd0, 0xf, 0xf4,
    0x77, 0x6d, 0x0, 0xfe, 0x39, 0xff, 0xd8, 0x1,
    0xfd, 0xbf, 0xea, 0x2f, 0xf8, 0x3, 0x88, 0xbe,
    0x2, 0x2f, 0x0, 0x2f, 0xfb, 0x9f, 0xb2, 0x59,
    0x8e, 0xec, 0x41, 0x3b, 0x98, 0x41, 0x82, 0xa3,
    0xcc, 0xc4, 0x1, 0x99, 0x94, 0x60, 0x8f, 0x82,
    0x1, 0xc3, 0x53, 0x68, 0x1, 0x53, 0xfb, 0x0,
    0x51, 0xcf, 0xa8, 0x1, 0xd6, 0xd3, 0xc4, 0x17,
    0x3a, 0x40, 0x2, 0x30, 0xa, 0x36, 0x88,

    /* U+67D3 "染" */
    0x0, 0xfe, 0x10, 0xf, 0xc9, 0x22, 0x1, 0x27,
    0x0, 0x7e, 0x62, 0xf2, 0x0, 0x84, 0x3, 0xe1,
    0x3b, 0xb1, 0x4f, 0xd8, 0xff, 0xb8, 0x3, 0x4f,
    0x3a, 0x84, 0xfb, 0xa7, 0xd1, 0x80, 0x68, 0xa9,
    0x30, 0x9, 0x74, 0xc, 0x40, 0x39, 0x73, 0x94,
    0x20, 0x18, 0x5, 0x81, 0xd0, 0x0, 0x98, 0x88,
    0x96, 0xf0, 0x9, 0xd2, 0x4c, 0x12, 0xe2, 0x18,
    0xba, 0x1, 0x2b, 0xfa, 0x30, 0x2e, 0x38, 0x7e,
    0xa7, 0x8, 0x8e, 0xea, 0xc4, 0x33, 0x1d, 0xcd,
    0xe8, 0x3e, 0xef, 0x10, 0x6f, 0xfd, 0x60, 0x44,
    0x18, 0xff, 0xc4, 0x1, 0x92, 0xd6, 0xc6, 0xa2,
    0x0, 0x1e, 0x19, 0xb6, 0xa0, 0x2, 0x53, 0xeb,
    0x8, 0xd, 0x73, 0xd4, 0x80, 0x80, 0x17, 0x1a,
    0x79, 0x4, 0x9f, 0xd4, 0x3, 0xc7, 0x7b, 0x28,

    /* U+67E5 "查" */
    0x0, 0xfa, 0xa0, 0x3, 0xff, 0x99, 0x1f, 0xfc,
    0xaf, 0xff, 0xce, 0x0, 0x9d, 0xee, 0x21, 0xab,
    0x13, 0x77, 0x35, 0x80, 0x2, 0x42, 0xcb, 0xc0,
    0x3e, 0xf2, 0x24, 0x20, 0x1a, 0x63, 0x48, 0x0,
    0x5a, 0xda, 0xc2, 0x0, 0x8e, 0x7a, 0x3, 0x11,
    0x18, 0x53, 0x4f, 0x88, 0x2, 0x21, 0x5f, 0xe7,
    0x5f, 0xf5, 0xee, 0xa8, 0x42, 0x18, 0xf, 0xbb,
    0xc6, 0x4, 0x80, 0x1c, 0x7d, 0xde, 0x30, 0xf,
    0xc7, 0xbb, 0xe3, 0x0, 0xfc, 0x5f, 0xfe, 0x20,
    0xe, 0x11, 0x3f, 0xff, 0xe7, 0x11, 0x0, 0x23,
    0xbb, 0xff, 0x81, 0xe0,

    /* U+67F1 "柱" */
    0x0, 0xff, 0xe3, 0xf3, 0x0, 0x64, 0xf1, 0x0,
    0xf8, 0xc0, 0x39, 0x1, 0xc0, 0x3f, 0xe6, 0x55,
    0x49, 0xaa, 0x90, 0xf, 0x70, 0xaf, 0x5b, 0x7f,
    0xd3, 0xdf, 0xc6, 0x5, 0x32, 0x5, 0x97, 0xba,
    0xa0, 0xfd, 0x5b, 0x80, 0xa1, 0x87, 0x20, 0x80,
    0x7f, 0xda, 0x17, 0x40, 0x1f, 0xf1, 0xa0, 0xa2,
    0x9c, 0x6e, 0x86, 0xb7, 0x8c, 0x1, 0xec, 0x7e,
    0x6b, 0x3f, 0xe1, 0xbf, 0xc3, 0x7, 0x3b, 0x0,
    0x63, 0x9, 0x10, 0x4, 0x88, 0x0, 0x57, 0x20,
    0xf, 0xfe, 0x9, 0x40, 0x7, 0xff, 0x14, 0xc0,
    0x6, 0x78, 0x48, 0xcc, 0x80, 0x1c, 0x21, 0x1f,
    0xf1, 0xd7, 0xfa, 0x40,

    /* U+6807 "标" */
    0x0, 0xb9, 0x0, 0x3f, 0xf8, 0x46, 0x0, 0x1f,
    0xff, 0x98, 0x3, 0xe1, 0xcd, 0xee, 0xb7, 0x1c,
    0xa, 0x64, 0x5f, 0x26, 0x62, 0x11, 0x88, 0xc4,
    0x1, 0xc0, 0x2, 0xe0, 0xf, 0xf1, 0x3f, 0x86,
    0xbc, 0x7f, 0xfe, 0x20, 0x6, 0x84, 0x42, 0x77,
    0xb8, 0x35, 0xdc, 0xd2, 0x2, 0x40, 0x47, 0x2,
    0x11, 0x0, 0x88, 0x8, 0x1, 0x8, 0x58, 0x8d,
    0x38, 0x1, 0x55, 0x0, 0xc, 0xb2, 0x0, 0xb4,
    0x7b, 0x0, 0xa5, 0x14, 0x16, 0x48, 0x2, 0x61,
    0x70, 0x8, 0xda, 0xc0, 0xd8, 0x2, 0x18, 0x70,
    0xe, 0xb0, 0x30, 0x8, 0xc0, 0x6a, 0x52, 0x5,
    0xc0, 0xb8, 0xc0, 0x30, 0x82, 0x9, 0x23, 0x98,
    0x6,

    /* U+6808 "栈" */
    0x0, 0xff, 0xe3, 0xf2, 0x80, 0x45, 0xe6, 0x68,
    0x0, 0xff, 0xe0, 0x90, 0x3a, 0x0, 0x7f, 0xf0,
    0x4e, 0x54, 0x2, 0x44, 0x6, 0xa0, 0x0, 0xc0,
    0xd7, 0xfc, 0xe0, 0x31, 0x1, 0x58, 0x36, 0xb0,
    0xde, 0xe6, 0xb8, 0xe, 0x78, 0x46, 0xe, 0x68,
    0x5d, 0x9c, 0xd0, 0x2, 0xb0, 0xd2, 0x25, 0x39,
    0x63, 0xdf, 0xf8, 0x0, 0x2c, 0x7, 0xe2, 0xf6,
    0x4d, 0xf1, 0xd6, 0x0, 0xb4, 0x1e, 0x7, 0xde,
    0xa3, 0x87, 0xf1, 0x4, 0x58, 0x0, 0x6b, 0x52,
    0xa8, 0x96, 0xac, 0x41, 0x24, 0x80, 0x3e, 0x6a,
    0x65, 0x10, 0x3, 0x0, 0x7c, 0xec, 0x3e, 0x18,
    0x80, 0x1e, 0x2a, 0xfc, 0xdd, 0x45, 0x12, 0x80,
    0x78, 0xb7, 0x2c, 0x8e, 0xd1, 0x44, 0x2, 0xe5,
    0x0, 0x39, 0x80, 0x49, 0xd4, 0x0,

    /* U+680F "栏" */
    0x0, 0xff, 0xe3, 0xf3, 0x80, 0xc, 0xc0, 0x16,
    0x28, 0x7, 0x18, 0x80, 0x13, 0x44, 0xc, 0xcc,
    0x1, 0xe3, 0x0, 0x3a, 0x68, 0x4b, 0x18, 0x0,
    0x55, 0xf, 0x54, 0x8f, 0xad, 0x17, 0x4c, 0x80,
    0xe7, 0xc5, 0x39, 0x36, 0xa6, 0x86, 0xb5, 0x0,
    0xb2, 0x42, 0x6d, 0xbb, 0xbe, 0x60, 0xa, 0x82,
    0x4c, 0x3, 0xff, 0x80, 0xc0, 0xd, 0x1, 0x21,
    0x1e, 0x0, 0xa0, 0xca, 0x49, 0x6b, 0x7b, 0xb6,
    0x80, 0xd, 0xe4, 0x1, 0x8b, 0x7f, 0xfd, 0x80,
    0x6, 0x62, 0x0, 0x7f, 0xf0, 0x56, 0x40, 0x3f,
    0xf9, 0x1b, 0xbf, 0xb8, 0x40, 0x23, 0x30, 0x4f,
    0x77, 0xa6, 0xc4, 0x3, 0x8, 0x21, 0x9f, 0x91,
    0x40,

    /* U+6811 "树" */
    0x0, 0x27, 0x80, 0x7e, 0x4f, 0x0, 0xce, 0x1,
    0xfc, 0xe2, 0x1, 0xc2, 0xb, 0xff, 0x58, 0x7,
    0xdd, 0xa3, 0xa7, 0xfe, 0x72, 0xbc, 0xe1, 0xd4,
    0xd, 0x61, 0xf4, 0x40, 0x17, 0x47, 0xd8, 0x72,
    0x81, 0x88, 0x11, 0xd2, 0x39, 0x91, 0xa8, 0x98,
    0x80, 0x1c, 0x74, 0x2a, 0x84, 0x98, 0xc0, 0x1c,
    0xa2, 0x25, 0xa4, 0x53, 0xb, 0xb0, 0x7, 0x4a,
    0x84, 0x9, 0x29, 0xab, 0x1d, 0x80, 0x46, 0x5c,
    0x0, 0xaa, 0x14, 0xd8, 0x6d, 0x80, 0x47, 0x8e,
    0x0, 0x47, 0xf6, 0x37, 0x30, 0xe, 0x20, 0x1,
    0x5b, 0x98, 0x7b, 0x80, 0x7e, 0x12, 0xb8, 0x0,
    0x10, 0x12, 0x80, 0x73, 0x80, 0x10, 0x3, 0x9e,
    0x58, 0x3, 0x27, 0x80, 0x7c, 0xbf, 0x0, 0x0,

    /* U+6821 "校" */
    0x0, 0xff, 0x8, 0x7, 0xee, 0x50, 0xc, 0xf8,
    0x1, 0xff, 0xc2, 0x71, 0x20, 0xf, 0xf6, 0xf7,
    0x45, 0x9d, 0xd0, 0x8b, 0x70, 0x62, 0xbf, 0xff,
    0x60, 0x8a, 0x68, 0x2a, 0x48, 0x71, 0x84, 0xf4,
    0x88, 0x0, 0x41, 0x2, 0x30, 0xb0, 0x60, 0x25,
    0xc5, 0x0, 0xa8, 0x39, 0xdc, 0xbe, 0x20, 0x9,
    0x6f, 0x0, 0x21, 0x88, 0xa5, 0xb6, 0xc0, 0x7,
    0xb7, 0x40, 0x8, 0x60, 0xf9, 0x13, 0x64, 0x9,
    0x12, 0x0, 0x21, 0xd0, 0x1, 0xc0, 0xf, 0x26,
    0xbe, 0x1, 0x25, 0x90, 0x7, 0x40, 0x63, 0x98,
    0x6, 0x40, 0xf, 0x21, 0x81, 0x8, 0x7, 0xf2,
    0x55, 0xce, 0xbf, 0xca, 0x0, 0x7a, 0x2c, 0x35,
    0xcb, 0x61, 0x3c, 0x3, 0x72, 0xc7, 0x51, 0x0,
    0x4d, 0xb6, 0x0,

    /* U+6837 "样" */
    0x0, 0xff, 0xe3, 0xfa, 0x80, 0xb, 0x80, 0xb,
    0xc0, 0x1e, 0x11, 0x0, 0x8, 0xd8, 0x39, 0xc0,
    0x3f, 0xe9, 0x52, 0x4b, 0x0, 0x84, 0xc8, 0x8,
    0xd7, 0xeb, 0x74, 0x19, 0xf4, 0xb, 0xb8, 0x31,
    0xc9, 0xb9, 0x80, 0xbc, 0xd8, 0x4, 0xeb, 0xa,
    0xd1, 0x22, 0x81, 0x88, 0xa0, 0xb, 0xc3, 0xd0,
    0x3b, 0x74, 0x1f, 0xbc, 0x80, 0x1, 0x41, 0x15,
    0xe, 0xff, 0x82, 0x7f, 0x10, 0x1, 0xc, 0x1c,
    0x68, 0x64, 0x40, 0x62, 0x20, 0x1, 0x1a, 0x40,
    0x1a, 0xe2, 0x2, 0x2, 0x2, 0x20, 0x27, 0x10,
    0xb, 0xfb, 0xf8, 0x33, 0xfb, 0x80, 0xd0, 0x1,
    0xb7, 0xfe, 0xd, 0xff, 0x80, 0x3f, 0xf9, 0x2,
    0x1, 0xff, 0xc3, 0x10, 0xf, 0x84, 0x3, 0x0,

    /* U+6838 "核" */
    0x0, 0xff, 0xe3, 0xfa, 0x0, 0x63, 0xf2, 0x0,
    0xff, 0xe0, 0x99, 0x28, 0x7, 0xc2, 0x0, 0x6b,
    0xaa, 0x36, 0xd5, 0xd8, 0x0, 0xca, 0x38, 0xc4,
    0x64, 0x6, 0x44, 0x33, 0x0, 0x2e, 0x41, 0x6d,
    0x22, 0xd7, 0x22, 0xa2, 0x0, 0xd, 0xf0, 0x9d,
    0x3, 0xdb, 0x45, 0xd4, 0x0, 0xd2, 0x10, 0x85,
    0x81, 0x3b, 0x4e, 0x80, 0x11, 0xa0, 0x35, 0x1d,
    0x6f, 0x1a, 0x46, 0x28, 0xf, 0x48, 0xf3, 0x9a,
    0x97, 0x15, 0xc1, 0x20, 0x20, 0xb8, 0x2, 0x49,
    0x7d, 0xf1, 0x5e, 0x84, 0x17, 0x40, 0x35, 0xda,
    0x29, 0x68, 0x94, 0x2, 0x10, 0xd, 0x5e, 0xd3,
    0x52, 0x38, 0x20, 0x18, 0x40, 0x26, 0xe4, 0xc6,
    0xd0, 0xc1, 0x0, 0xc2, 0x17, 0x51, 0xa6, 0x3,
    0xf6, 0x20, 0x17, 0xa8, 0x56, 0xb0, 0x6, 0x26,
    0x0,

    /* U+6839 "根" */
    0x0, 0x9b, 0x80, 0xb, 0xff, 0xe0, 0xe, 0x33,
    0x0, 0x4, 0x5f, 0xf6, 0x8, 0x4, 0x46, 0x40,
    0x64, 0x2, 0xcd, 0x58, 0x6, 0xbd, 0x82, 0xd9,
    0x0, 0x7f, 0xc4, 0x1, 0xa7, 0x8c, 0xba, 0xc0,
    0x66, 0x70, 0x7, 0x9, 0x84, 0xb0, 0xf, 0xfd,
    0x82, 0x1, 0xa4, 0x0, 0x30, 0x3, 0xe9, 0x5f,
    0x42, 0x0, 0x17, 0x60, 0x91, 0xd0, 0x1, 0x6a,
    0xd3, 0x80, 0x28, 0xf0, 0x7, 0xb4, 0x1, 0x4d,
    0x56, 0xc0, 0x2f, 0xc0, 0x10, 0x80, 0x46, 0x66,
    0x40, 0x0, 0xe1, 0x0, 0x78, 0xe3, 0x9a, 0x40,
    0x3f, 0xb0, 0x73, 0xcf, 0x1f, 0x88, 0x2, 0x33,
    0x0, 0x3d, 0x39, 0xc0, 0xfe, 0xc8, 0x2, 0x6e,
    0x0, 0x3d, 0x88, 0x4, 0x2a, 0x0,

    /* U+683C "格" */
    0x0, 0xb5, 0x80, 0x29, 0x80, 0xf, 0xe1, 0x30,
    0x9, 0xb8, 0x47, 0x0, 0x7f, 0x38, 0xde, 0x63,
    0xb4, 0x2, 0xdc, 0x38, 0xc2, 0x90, 0xdd, 0x86,
    0x40, 0x29, 0xa0, 0xaf, 0xe6, 0x49, 0x8, 0x25,
    0x0, 0x90, 0x40, 0x5, 0xf1, 0x69, 0x6f, 0xc0,
    0x1d, 0x61, 0x30, 0x60, 0x2e, 0x84, 0x1, 0xc6,
    0x44, 0x94, 0x27, 0xe0, 0xd4, 0xdb, 0x61, 0x9,
    0x61, 0x2e, 0xdc, 0xaa, 0x14, 0xe8, 0xc0, 0x9a,
    0xc8, 0x0, 0xf9, 0x6f, 0xfe, 0xd4, 0xe0, 0x4,
    0x8, 0x4, 0x27, 0x3f, 0xf4, 0x80, 0x46, 0xe0,
    0x1f, 0xfc, 0xab, 0xbe, 0x0, 0xf0, 0x98, 0x0,
    0xd6, 0x22, 0x50, 0xf, 0x63, 0x0, 0x3a, 0xc,
    0xe8, 0xe0, 0x0,

    /* U+6846 "框" */
    0x0, 0xa4, 0xc0, 0x3f, 0xf8, 0x4c, 0xe0, 0x7d,
    0xdf, 0x8c, 0x3, 0xf7, 0x77, 0xc6, 0x6, 0x40,
    0x26, 0x0, 0x22, 0xe3, 0x20, 0x1f, 0xe0, 0x9f,
    0x70, 0x4e, 0xe6, 0xf7, 0xa0, 0xe, 0x40, 0x46,
    0x38, 0x36, 0x70, 0x6e, 0x30, 0x5, 0xa0, 0x22,
    0x0, 0xff, 0x85, 0x82, 0xe0, 0x0, 0xbd, 0x81,
    0xfc, 0x60, 0x8, 0x50, 0x96, 0x70, 0x5e, 0xc0,
    0xfe, 0x30, 0x36, 0x90, 0x3e, 0x70, 0xf, 0xe3,
    0x83, 0x0, 0x8, 0x2, 0xbb, 0x3, 0xfa, 0xc0,
    0xe, 0x1, 0xea, 0xee, 0x7f, 0x72, 0xc0, 0x3f,
    0x84, 0x7c, 0x40, 0x1f, 0x8b, 0x77, 0xdc, 0x80,

    /* U+6863 "档" */
    0x0, 0xf, 0x90, 0x6, 0x4f, 0x0, 0xff, 0x2d,
    0x83, 0x80, 0x5c, 0x80, 0x1e, 0x14, 0x10, 0x9,
    0x45, 0x40, 0xc8, 0x18, 0x90, 0x1c, 0x2, 0x95,
    0x12, 0xed, 0x9, 0xb0, 0xa4, 0x0, 0x92, 0x40,
    0xb6, 0x43, 0xe4, 0xc5, 0x94, 0x13, 0x1c, 0x40,
    0x16, 0x14, 0x8b, 0xfe, 0xd4, 0xff, 0x5a, 0x81,
    0x98, 0xe, 0x9e, 0xef, 0xc2, 0x0, 0xf7, 0x9,
    0x25, 0x43, 0x3e, 0x10, 0x52, 0xa0, 0x6, 0x34,
    0x7f, 0xf0, 0x1, 0x68, 0xc0, 0x22, 0xcc, 0xf0,
    0x80, 0x10, 0x3, 0x8, 0x80, 0x3f, 0xf8, 0x39,
    0xdf, 0xfc, 0x20, 0x1f, 0x6f, 0xff, 0x84, 0x3,
    0xff, 0x85, 0xc8,

    /* U+6869 "桩" */
    0x0, 0x9c, 0xc0, 0x3a, 0x1c, 0x3, 0xe9, 0x50,
    0xe, 0xf9, 0x0, 0xf8, 0xc0, 0x27, 0x7b, 0xd5,
    0xe2, 0x2, 0x4, 0x20, 0x24, 0x33, 0x9c, 0x25,
    0xc2, 0x46, 0x99, 0xe5, 0x18, 0x87, 0xf3, 0x25,
    0xc9, 0xa2, 0x4e, 0xa0, 0x9e, 0x50, 0xc, 0x40,
    0x1e, 0xd0, 0xe3, 0x3, 0x70, 0xf, 0xe7, 0x4,
    0xd0, 0xb, 0x7c, 0x6b, 0xe8, 0x1, 0x2a, 0x54,
    0x6e, 0x25, 0xbe, 0x35, 0xf4, 0xa, 0xd0, 0x0,
    0xc5, 0x1, 0x0, 0xf9, 0x94, 0xc0, 0x2, 0xe4,
    0x1, 0xf8, 0xe8, 0x3, 0x62, 0x0, 0x7f, 0xc6,
    0x2, 0xd4, 0x20, 0x1c, 0x20, 0x1c, 0x2a, 0x87,
    0x9f, 0xe1, 0xaf, 0xe4,

    /* U+68AF "梯" */
    0x0, 0xff, 0xe2, 0x95, 0x80, 0x43, 0xa0, 0x8,
    0x90, 0xe, 0x40, 0x8, 0x5d, 0x1, 0xac, 0x3,
    0x84, 0x0, 0xba, 0xd1, 0xa3, 0xd8, 0x41, 0x16,
    0x30, 0xa9, 0xdc, 0x83, 0xde, 0x31, 0x0, 0x18,
    0x78, 0x9, 0x93, 0x1, 0x10, 0x4, 0x20, 0xc5,
    0xd4, 0x3f, 0xda, 0x3f, 0xe0, 0x10, 0x3, 0x82,
    0x81, 0x7, 0xe8, 0xff, 0xc6, 0xa, 0x3, 0x70,
    0x22, 0x0, 0xfd, 0xc, 0x30, 0xec, 0x3f, 0xa3,
    0xff, 0x52, 0x5, 0x3, 0x6a, 0xfb, 0x20, 0xff,
    0xa0, 0xd3, 0xc0, 0x22, 0x7, 0x74, 0x0, 0x78,
    0x80, 0x34, 0xcb, 0x4, 0x0, 0xf6, 0x20, 0x10,
    0x97, 0x2f, 0x90, 0x8, 0x2, 0xe0, 0x0, 0x20,
    0x55, 0x82, 0x2, 0x0, 0x77, 0x0,

    /* U+68B0 "械" */
    0x0, 0xff, 0x84, 0x3, 0xc7, 0xe0, 0x1e, 0x4e,
    0x1b, 0x0, 0xc2, 0x20, 0xf, 0x88, 0x49, 0xc0,
    0x3e, 0x67, 0x7b, 0x4d, 0xfb, 0xc8, 0x9b, 0xe3,
    0x92, 0x1, 0xfb, 0xc0, 0xbe, 0x87, 0xad, 0x95,
    0x96, 0xcd, 0xd5, 0x44, 0x5, 0xa0, 0x44, 0x4e,
    0x79, 0x33, 0x5, 0xf0, 0x4, 0x80, 0xc0, 0xee,
    0x31, 0x18, 0xa, 0xc0, 0xa, 0x61, 0x71, 0x89,
    0x6b, 0x82, 0x4a, 0x80, 0xe, 0x50, 0x9d, 0xb5,
    0xb5, 0xc5, 0xa0, 0x30, 0x25, 0xb0, 0x45, 0x23,
    0x0, 0x8d, 0xdc, 0x0, 0x2c, 0x10, 0xb, 0x30,
    0x2, 0x18, 0x14, 0x1, 0x10, 0x4, 0x4a, 0x86,
    0x0, 0x80, 0x54, 0x50, 0xe, 0x48, 0x17, 0xfd,
    0x7b, 0x98, 0xf0, 0x0, 0x88, 0x19, 0xc0, 0x41,
    0x6d, 0x24, 0xf8, 0x0, 0x7e, 0x1, 0xc9, 0x0,
    0x6, 0xf4,

    /* U+68C0 "检" */
    0x0, 0xff, 0xe3, 0xfa, 0x0, 0x6d, 0x80, 0xf,
    0xc2, 0xe0, 0x11, 0x92, 0x80, 0x7f, 0xf0, 0x61,
    0x9e, 0x40, 0x3b, 0x70, 0x7b, 0x49, 0x92, 0x2d,
    0xe0, 0x3, 0x45, 0x5, 0x43, 0x4c, 0x84, 0x58,
    0xd8, 0x80, 0x5, 0x0, 0x20, 0xd9, 0xcf, 0xfb,
    0x68, 0x2c, 0x40, 0x14, 0xe, 0xe6, 0xce, 0xec,
    0x99, 0x81, 0x3, 0x30, 0x55, 0xc9, 0x86, 0x18,
    0xb5, 0x98, 0x2, 0x1c, 0x65, 0xe7, 0x84, 0x28,
    0x30, 0x2, 0x54, 0x90, 0x4d, 0x82, 0x4a, 0x50,
    0x5f, 0x0, 0x2c, 0x88, 0x0, 0x85, 0x39, 0x41,
    0x85, 0x0, 0x26, 0x0, 0xee, 0x22, 0x6e, 0x30,
    0x7, 0xe2, 0x36, 0xb3, 0x45, 0xd3, 0x30, 0x7,
    0x93, 0xff, 0x41, 0xcf, 0xf8, 0x3, 0xb, 0xb6,
    0x67, 0xf0, 0x0,

    /* U+6A21 "模" */
    0x0, 0xbc, 0xc0, 0x29, 0x80, 0x98, 0x0, 0xfe,
    0xbb, 0x3a, 0xdb, 0xad, 0xd0, 0x7, 0xd3, 0x27,
    0x49, 0x44, 0x4c, 0x0, 0x19, 0x81, 0x6c, 0x44,
    0xaa, 0x17, 0x51, 0x10, 0x1, 0x98, 0x3, 0xc1,
    0xfd, 0xd7, 0x56, 0xf9, 0x80, 0x2b, 0x82, 0x28,
    0x1, 0xdd, 0xc4, 0x1, 0xb8, 0x28, 0x80, 0x1d,
    0xdc, 0x40, 0x11, 0x28, 0x3, 0x80, 0x1d, 0xdc,
    0x40, 0x14, 0x30, 0x53, 0x90, 0xf7, 0x3f, 0xb8,
    0x60, 0x4, 0x44, 0x0, 0x2c, 0xfb, 0x94, 0x5d,
    0xd1, 0x82, 0x78, 0x80, 0x5d, 0xd5, 0x97, 0xf7,
    0x3c, 0x0, 0x20, 0x1b, 0xb9, 0xe2, 0xe3, 0x7d,
    0xe0, 0x1f, 0x9b, 0xe6, 0x36, 0xe4, 0x40, 0x3c,
    0x9f, 0xba, 0x70, 0x3f, 0x2e, 0x20, 0xb, 0xcd,
    0x3a, 0xcc, 0x2, 0x1b, 0xf2,

    /* U+6A2A "横" */
    0x0, 0xff, 0x84, 0x3, 0xc5, 0xe0, 0x1b, 0xd0,
    0x34, 0xc0, 0x3c, 0x20, 0x7, 0x70, 0x6b, 0xd,
    0xb9, 0x0, 0x7f, 0xc2, 0x1, 0xeb, 0xe1, 0xb4,
    0x77, 0x6, 0xb8, 0xd3, 0x90, 0x3, 0xd4, 0x20,
    0xb3, 0x1, 0x38, 0x7f, 0x9a, 0x20, 0x86, 0x26,
    0xdb, 0xae, 0x80, 0xec, 0xdf, 0x10, 0x2, 0x2,
    0x85, 0x66, 0x2c, 0xf3, 0x1a, 0x40, 0x5, 0x31,
    0x85, 0x7e, 0xdb, 0x3d, 0xc2, 0x0, 0xa2, 0x87,
    0x80, 0x1f, 0x72, 0x57, 0x40, 0x12, 0x2, 0x81,
    0xa8, 0x45, 0x49, 0x54, 0x80, 0x49, 0xe0, 0x1d,
    0xf7, 0x25, 0x70, 0x20, 0x11, 0x0, 0x6e, 0x8d,
    0xfd, 0xcc, 0x80, 0x3f, 0x14, 0x40, 0x4f, 0xe5,
    0x80, 0x3e, 0x4d, 0x5b, 0x20, 0x97, 0xa7, 0x0,
    0xc2, 0x4, 0x9e, 0x80, 0x14, 0x49, 0x80, 0x45,
    0xe0, 0xd2, 0x20, 0x1c, 0xc8, 0x0,

    /* U+6A59 "橙" */
    0x0, 0x1f, 0x80, 0x79, 0x4d, 0x1c, 0x3, 0x8,
    0x0, 0xbf, 0xe9, 0xca, 0xa6, 0x80, 0x70, 0x81,
    0x7f, 0x8f, 0x30, 0xd1, 0x46, 0x3, 0x52, 0x35,
    0x3a, 0xa4, 0xaa, 0x2, 0xcf, 0x1, 0xf2, 0x1f,
    0xa4, 0xa4, 0x4d, 0x6d, 0x80, 0x5, 0x30, 0x53,
    0x22, 0x1c, 0x40, 0x11, 0xd0, 0x2, 0x40, 0x2a,
    0x6c, 0x9c, 0xc5, 0xd9, 0x68, 0x41, 0x4, 0x59,
    0xb7, 0xdf, 0xfc, 0x5c, 0x21, 0x2c, 0x34, 0x4,
    0x4f, 0xfc, 0xe0, 0x11, 0x5, 0x2, 0x38, 0x96,
    0xee, 0x60, 0x8, 0xb4, 0x40, 0x24, 0x4b, 0xb9,
    0x67, 0x20, 0x1f, 0x87, 0x1c, 0xcc, 0x20, 0x60,
    0x1f, 0x8, 0x94, 0xc, 0x6a, 0xc4, 0x80, 0x3d,
    0x7d, 0xa3, 0x9c, 0x53, 0xda, 0x20, 0x1, 0x10,
    0x57, 0xff, 0xf0, 0x80,

    /* U+6B21 "次" */
    0x0, 0xf9, 0x24, 0x3, 0xf1, 0xb0, 0x6, 0xd5,
    0x0, 0xfc, 0xd2, 0x80, 0x13, 0xd0, 0x8f, 0x0,
    0x4a, 0xd4, 0x20, 0xc3, 0x3d, 0xdc, 0x60, 0x14,
    0x9d, 0x85, 0xc7, 0xfe, 0x91, 0x30, 0xd, 0xf4,
    0xe6, 0xe5, 0x24, 0x1a, 0xe0, 0x1c, 0x41, 0xd6,
    0x0, 0x60, 0x0, 0xe8, 0x7, 0x12, 0xca, 0x80,
    0x80, 0x54, 0x80, 0x1d, 0x32, 0x0, 0x94, 0x1c,
    0x3, 0xe3, 0x4f, 0x0, 0xb4, 0x78, 0x3, 0xef,
    0x63, 0x0, 0x1a, 0x62, 0xb0, 0x7, 0x39, 0x40,
    0x0, 0xb6, 0xa, 0xe5, 0x40, 0x22, 0x88, 0x8,
    0x2e, 0x3b, 0x81, 0x62, 0xa4, 0x40, 0xad, 0x87,
    0x2a, 0x64, 0x1, 0x3d, 0x37, 0x88, 0x20, 0xd,
    0xeb, 0x80, 0x72, 0xf5, 0x88,

    /* U+6B23 "欣" */
    0x0, 0xe3, 0x70, 0x3, 0xb0, 0x7, 0x86, 0xf3,
    0xf6, 0xcc, 0x2f, 0x80, 0x3e, 0x48, 0xfe, 0xc3,
    0x3, 0xc0, 0xf, 0xce, 0x1, 0x90, 0x2f, 0xfe,
    0xb0, 0xf, 0xed, 0x5f, 0xf8, 0x38, 0x3, 0x67,
    0xfc, 0xed, 0x2a, 0x4a, 0xa, 0x1, 0xb7, 0xc2,
    0xc9, 0xe, 0xd1, 0xa8, 0x3, 0xf9, 0x6c, 0x4,
    0xd, 0x40, 0x3f, 0xe1, 0xe, 0x0, 0xe3, 0x2,
    0x0, 0xe4, 0x5, 0x0, 0xe4, 0x0, 0xfa, 0x54,
    0x94, 0x3, 0x62, 0x0, 0x74, 0x15, 0xbd, 0x88,
    0x0, 0x97, 0x40, 0x8, 0xec, 0xf4, 0x30, 0x78,
    0x40, 0x3, 0x60, 0x5, 0xd4, 0xc9, 0x0, 0x18,
    0x1a, 0x44, 0xc0, 0xd, 0x34, 0xc0, 0x10, 0xed,
    0x90,

    /* U+6B4C "歌" */
    0x0, 0xfe, 0x4b, 0x0, 0xd7, 0xff, 0xee, 0x3d,
    0x0, 0xeb, 0xdd, 0xbb, 0x7, 0x8d, 0xfc, 0x3,
    0x1e, 0xce, 0x38, 0x4, 0xa3, 0x5d, 0xd0, 0x88,
    0x2d, 0x40, 0x34, 0x43, 0xb9, 0x66, 0x22, 0xf,
    0x40, 0x9, 0x9, 0x98, 0x5a, 0x80, 0x5d, 0xd3,
    0x8d, 0x2e, 0x8c, 0xb4, 0x48, 0x5e, 0x67, 0x5e,
    0x58, 0x7, 0xab, 0x32, 0xdd, 0xe, 0xc8, 0x0,
    0x80, 0x24, 0xed, 0xe5, 0x0, 0xc4, 0x18, 0x1,
    0x38, 0xe1, 0x80, 0x72, 0x9a, 0x8, 0x4, 0x3a,
    0x60, 0x18, 0x66, 0x1e, 0x80, 0xe, 0x3a, 0xe2,
    0x1, 0x51, 0x24, 0x2d, 0x3, 0xa0, 0x56, 0x41,
    0xd2, 0xf0, 0xd, 0x2a, 0x1d, 0x1, 0x19, 0x7c,
    0xe9, 0x0, 0x13, 0x50,

    /* U+6B62 "止" */
    0x0, 0xf9, 0x7c, 0x3, 0xff, 0x98, 0xc6, 0x0,
    0x10, 0xf, 0xf4, 0x20, 0x6, 0x22, 0xe0, 0xc,
    0x60, 0x1d, 0xbb, 0xbc, 0x3, 0xfd, 0xff, 0xb4,
    0x3, 0xff, 0xfe, 0xb, 0xba, 0x29, 0xdd, 0x50,
    0x6e, 0xf9, 0x22, 0x6e, 0xa6, 0x55, 0x73, 0x3d,
    0x0,

    /* U+6B63 "正" */
    0x1, 0x55, 0xff, 0x98, 0x40, 0xe6, 0x7a, 0x2a,
    0x67, 0x59, 0x81, 0x66, 0x74, 0xe, 0x66, 0xd2,
    0x0, 0xff, 0xe3, 0x52, 0x0, 0x7f, 0xf0, 0x50,
    0x80, 0x21, 0x44, 0xe0, 0xf, 0xf4, 0x46, 0xf0,
    0xf, 0xe1, 0xcc, 0xd6, 0x1, 0xff, 0xe2, 0x14,
    0x30, 0xe3, 0x31, 0x9, 0x9e, 0x43, 0x5a, 0xd0,
    0x6d, 0xd4, 0x8e, 0xee, 0xa8,

    /* U+6B64 "此" */
    0x0, 0xfd, 0x6a, 0x1, 0xf8, 0x7c, 0x80, 0xa,
    0x60, 0x1f, 0xfc, 0x13, 0x0, 0xff, 0xe3, 0x11,
    0x0, 0x7c, 0x80, 0x3f, 0x36, 0xc8, 0x8, 0x6,
    0xce, 0x60, 0xfc, 0x89, 0xb0, 0xf, 0x5d, 0x20,
    0x32, 0x7b, 0x0, 0x7c, 0xe8, 0x41, 0x30, 0x20,
    0x1f, 0xfe, 0x73, 0x8, 0xd5, 0x0, 0xcd, 0x40,
    0xc1, 0xfa, 0x65, 0xa, 0x18, 0x88, 0xa7, 0xf,
    0x58, 0xec, 0x85, 0xb, 0x4b, 0xa1, 0xe0, 0x9a,
    0x51, 0x0, 0xcd, 0xdf, 0xda, 0x60,

    /* U+6B65 "步" */
    0x0, 0xf8, 0xfc, 0x40, 0x3f, 0xf8, 0x22, 0x2,
    0x1, 0xfe, 0xf5, 0x0, 0xb7, 0x74, 0x80, 0x78,
    0x44, 0x1, 0x7f, 0xeb, 0x0, 0xff, 0x88, 0xb8,
    0x2, 0x54, 0x40, 0x1a, 0x20, 0x11, 0x39, 0x40,
    0x11, 0x11, 0x5c, 0x51, 0xc4, 0x78, 0x1, 0xb9,
    0x96, 0xe7, 0x6, 0xe6, 0x6d, 0x0, 0xe8, 0xf1,
    0x3, 0x10, 0x0, 0xd0, 0x80, 0x66, 0x7a, 0x10,
    0xe, 0xd4, 0x30, 0x9, 0xe6, 0xd0, 0x3, 0xac,
    0xb0, 0x80, 0x7, 0x16, 0x80, 0x19, 0x35, 0xfc,
    0x80, 0x23, 0xf4, 0x0, 0x90, 0x2d, 0x70, 0x40,
    0x32, 0xbc, 0x56, 0x7d, 0xbf, 0x40, 0x7, 0xd6,
    0x44, 0x9d, 0xd4, 0x8, 0x7, 0x80,

    /* U+6B66 "武" */
    0x0, 0xfe, 0xf6, 0x0, 0xf8, 0xcc, 0x44, 0x32,
    0x0, 0x18, 0xa0, 0x7, 0x76, 0xe6, 0x36, 0x0,
    0x2, 0xf6, 0xc0, 0x1b, 0x7b, 0xb5, 0x0, 0x83,
    0x47, 0x80, 0x48, 0x67, 0xf0, 0x19, 0x93, 0x48,
    0xa, 0x7f, 0xec, 0xef, 0xf0, 0x57, 0xfa, 0x54,
    0xb, 0x73, 0x21, 0x9c, 0xc2, 0x5e, 0x63, 0x5c,
    0x2, 0xa6, 0x0, 0x8, 0xc5, 0xc0, 0x1f, 0x38,
    0x80, 0x2b, 0xab, 0x50, 0x3, 0xe1, 0x0, 0xaf,
    0xed, 0xc, 0x40, 0x3f, 0xf8, 0x22, 0x92, 0x1,
    0xfe, 0x36, 0x82, 0x87, 0x21, 0x70, 0x19, 0x29,
    0xe1, 0x8b, 0x23, 0x32, 0xfc, 0xc0, 0x83, 0xac,
    0xd7, 0x7e, 0xd0, 0x85, 0xb, 0xa8, 0x8b, 0xad,
    0xd0, 0x40, 0x3d, 0x93, 0x60,

    /* U+6B7B "死" */
    0x0, 0xff, 0xe2, 0x5f, 0xff, 0xff, 0x0, 0xc2,
    0xb7, 0x41, 0x3d, 0xca, 0x1e, 0xeb, 0x4c, 0x4,
    0x84, 0x1c, 0x46, 0x1, 0x18, 0x80, 0x35, 0x90,
    0x8, 0x80, 0x30, 0x88, 0x3, 0x31, 0x7f, 0xb8,
    0x3, 0x6e, 0x80, 0x28, 0x1e, 0xe4, 0x18, 0x0,
    0x74, 0x34, 0x0, 0x8f, 0x22, 0x1a, 0x80, 0x3c,
    0xb8, 0x20, 0xf, 0x6c, 0xb4, 0x45, 0x0, 0x2e,
    0x0, 0x35, 0xcd, 0x8d, 0xa1, 0x0, 0xa0, 0x7,
    0xc3, 0xe1, 0x0, 0x1e, 0x10, 0xc, 0x75, 0x6,
    0x1, 0xe6, 0xd0, 0x2, 0x63, 0xb8, 0x0, 0xe2,
    0x86, 0x94, 0xe1, 0x17, 0x30, 0x1, 0x19, 0xab,
    0x28, 0x24, 0x26, 0xd8, 0x3, 0xb3, 0xbf, 0xb4,
    0xc0,

    /* U+6B8A "殊" */
    0x0, 0xff, 0x79, 0x0, 0x62, 0xff, 0xee, 0x69,
    0x0, 0x18, 0x6, 0x2e, 0xb0, 0xfe, 0xff, 0x8,
    0x7, 0xe1, 0x11, 0x80, 0x89, 0x5b, 0x43, 0x37,
    0x94, 0x2, 0xc6, 0x11, 0x8e, 0xa4, 0x22, 0x69,
    0x0, 0x27, 0x4f, 0xe8, 0x44, 0x81, 0x12, 0x10,
    0x2, 0x8f, 0x60, 0x67, 0x8, 0x80, 0x84, 0x44,
    0x3, 0x6e, 0x2e, 0x5b, 0x5d, 0xc0, 0xce, 0xe6,
    0x81, 0x13, 0xb3, 0x92, 0x3e, 0xc4, 0x1, 0x9f,
    0xe0, 0x3c, 0x66, 0x25, 0x0, 0x22, 0x41, 0x68,
    0x3, 0xc4, 0x86, 0xc, 0x4c, 0x1c, 0xc6, 0x1,
    0x95, 0xa4, 0xe, 0x6c, 0x41, 0x5f, 0x48, 0x0,
    0x95, 0x24, 0x98, 0xca, 0x1, 0x42, 0xe9, 0x12,
    0xdd, 0x82, 0x1a, 0x40, 0x23, 0xb, 0x92, 0x26,
    0xc0, 0x3, 0x24, 0x0, 0x20, 0x20, 0x6, 0x0,

    /* U+6B8B "残" */
    0x0, 0xff, 0xe6, 0x27, 0x8a, 0x18, 0x6, 0xed,
    0xdd, 0xc0, 0xc0, 0x3d, 0xc0, 0xd, 0x70, 0x51,
    0x36, 0x6, 0x0, 0xa1, 0x30, 0x9, 0x44, 0x4a,
    0x8a, 0x2, 0x2, 0x53, 0x42, 0x1, 0x62, 0x88,
    0x89, 0xe4, 0x3b, 0x60, 0x8c, 0x2, 0x54, 0xee,
    0x55, 0x80, 0x27, 0xf6, 0xc8, 0x0, 0xa5, 0xbc,
    0x39, 0x89, 0x22, 0x2, 0x3d, 0x0, 0xdb, 0x90,
    0x89, 0x8d, 0x8e, 0xbe, 0x3b, 0x0, 0x89, 0xd8,
    0xc2, 0x9b, 0xa2, 0x4f, 0xd0, 0x60, 0x3c, 0x60,
    0x97, 0x6e, 0xba, 0x71, 0xd5, 0x20, 0xd, 0x1,
    0x40, 0x13, 0x97, 0xb6, 0x10, 0x4, 0x32, 0xc6,
    0x1, 0x48, 0x2, 0x80, 0x40, 0x3, 0xa1, 0x20,
    0x2f, 0xc9, 0x87, 0x41, 0xe8, 0x3e, 0x38, 0x3,
    0xf5, 0x78, 0x78, 0xfe, 0x2e, 0x35, 0xa2, 0x3,
    0xfa, 0xa0, 0x1, 0xd9, 0x83, 0x4, 0x0, 0xc2,
    0x1, 0xe6, 0x70,

    /* U+6BB5 "段" */
    0x0, 0xe2, 0x0, 0xff, 0xe0, 0x34, 0x66, 0xa8,
    0x67, 0xfe, 0x0, 0xe9, 0xf, 0xe5, 0x0, 0x4f,
    0xe0, 0x80, 0x7b, 0xc, 0x40, 0x23, 0x0, 0xfe,
    0xbf, 0xf2, 0x89, 0xb8, 0x0, 0x62, 0x0, 0x1a,
    0xff, 0x96, 0x90, 0x80, 0x81, 0xd8, 0x3, 0xc2,
    0x1f, 0xe2, 0x21, 0xee, 0x70, 0x6, 0xbf, 0xf2,
    0xe5, 0xcc, 0x43, 0xfc, 0x1, 0xd5, 0xda, 0xb0,
    0x79, 0x54, 0x4, 0x0, 0xe1, 0x11, 0x0, 0x2e,
    0x80, 0x89, 0x40, 0x1d, 0x93, 0xb0, 0xc, 0x4b,
    0x8, 0x40, 0x4, 0xf0, 0x53, 0xba, 0x1, 0x7a,
    0x58, 0x0, 0x96, 0x82, 0x69, 0x88, 0x4, 0x80,
    0x5c, 0x2, 0x15, 0x0, 0xc9, 0x3c, 0xd6, 0x97,
    0xd2, 0x40, 0x1e, 0x82, 0xbc, 0x4a, 0xc4, 0x72,
    0x0, 0x7a, 0x0, 0x32, 0xd0, 0x2, 0x3a, 0xe0,

    /* U+6BC1 "毁" */
    0x0, 0x84, 0x3, 0xff, 0x83, 0x9f, 0x71, 0xfe,
    0x25, 0xff, 0xc0, 0x18, 0x72, 0xa3, 0xc0, 0x22,
    0xfd, 0x10, 0xe, 0x61, 0x11, 0x0, 0x9, 0x80,
    0x3f, 0x43, 0x3f, 0x80, 0x2c, 0xc0, 0x3, 0x12,
    0x40, 0xe, 0x76, 0xd0, 0x72, 0x90, 0x24, 0x42,
    0x80, 0xe, 0xa2, 0x20, 0x6d, 0x1, 0x15, 0x6e,
    0x10, 0x5e, 0x6e, 0xd4, 0x19, 0xf9, 0x8f, 0xf0,
    0x4, 0x23, 0xc0, 0x4e, 0x9b, 0xa5, 0x60, 0xb,
    0xe2, 0x17, 0xf2, 0x74, 0x80, 0x69, 0x20, 0x15,
    0xe4, 0x15, 0xe1, 0x11, 0x67, 0x9c, 0x40, 0x3f,
    0x84, 0x21, 0x8e, 0x0, 0x23, 0x8a, 0x82, 0xef,
    0x85, 0xd3, 0xc, 0x51, 0x0, 0x16, 0xce, 0xf4,
    0xb5, 0xc6, 0x75, 0xdb, 0x88, 0xe9, 0xd4, 0x81,
    0xa7, 0x98, 0x0, 0xfd, 0x84,

    /* U+6BCF "每" */
    0x0, 0xd2, 0xa0, 0x1f, 0xfc, 0x3, 0x6d, 0x44,
    0xf9, 0x44, 0x2, 0xe2, 0x3f, 0xff, 0xa4, 0x80,
    0x16, 0x19, 0x77, 0xfb, 0xc, 0x2d, 0x7f, 0x3f,
    0xfe, 0xd0, 0xb, 0xb0, 0x8f, 0xb8, 0x5b, 0xfe,
    0xa6, 0x0, 0x94, 0x80, 0x46, 0x7c, 0x10, 0x31,
    0x0, 0x8d, 0x10, 0x8, 0x8e, 0x35, 0x4f, 0x14,
    0x50, 0x4f, 0x80, 0xff, 0x4b, 0x7f, 0x91, 0xbe,
    0x41, 0xef, 0xca, 0xe0, 0xf6, 0xec, 0xaa, 0xbc,
    0x0, 0x9d, 0x80, 0xf6, 0x88, 0x7, 0xc0, 0x38,
    0x93, 0x75, 0xc3, 0xfa, 0xd3, 0xc0, 0x19, 0xf7,
    0xff, 0xc3, 0x1a, 0x1, 0x84, 0x8b, 0x93, 0x41,
    0xcc, 0x3, 0xfc, 0xf7, 0xc2, 0x0,

    /* U+6BD4 "比" */
    0x0, 0xfb, 0x98, 0x3, 0xc5, 0xe4, 0x1, 0xff,
    0xda, 0x5e, 0x50, 0xf, 0xf1, 0xdd, 0x32, 0x0,
    0x5b, 0xff, 0x18, 0x46, 0x17, 0x40, 0x80, 0x55,
    0x97, 0x63, 0x4, 0xe9, 0x10, 0xe, 0x73, 0x44,
    0x0, 0x30, 0x40, 0x3f, 0xfb, 0x6b, 0xa6, 0x1,
    0xfe, 0x4c, 0xa4, 0x20, 0xe, 0x8c, 0x4, 0x9,
    0x5e, 0x91, 0x3c, 0x22, 0x1b, 0x38, 0x32, 0xec,
    0x88, 0x2, 0xd3, 0x75, 0x87, 0x20,

    /* U+6BEB "毫" */
    0x0, 0xff, 0xe5, 0xd5, 0x80, 0x7e, 0x8a, 0xae,
    0x74, 0xaa, 0xd6, 0xc0, 0xa, 0x99, 0xee, 0xc9,
    0x9d, 0x8, 0x0, 0x23, 0x5d, 0xdf, 0xce, 0x64,
    0x1, 0x8c, 0x2a, 0xbc, 0x20, 0x1f, 0xb, 0xee,
    0xf9, 0x98, 0x1, 0xb3, 0x10, 0xab, 0xfb, 0xb3,
    0x0, 0x3, 0x9d, 0xdd, 0xdf, 0x28, 0x8d, 0xa3,
    0x0, 0x3b, 0x9a, 0xae, 0xb6, 0x8b, 0x6c, 0x5e,
    0xc0, 0x10, 0x65, 0xd8, 0x60, 0xd, 0xee, 0x0,
    0xa0, 0x4, 0x58, 0x41, 0xe1, 0x51, 0x3e, 0x60,
    0x18, 0xa8, 0xf7, 0x54, 0x1d, 0xc9, 0x98, 0x48,
    0x0, 0x7b, 0x31, 0x5e, 0x19, 0x8b, 0xb5, 0x3e,
    0x80, 0x5, 0xc, 0x84, 0x89, 0xfb, 0xba, 0x24,
    0x0,

    /* U+6C14 "气" */
    0x0, 0xd8, 0xa0, 0x1f, 0xfc, 0x16, 0x31, 0x22,
    0xfc, 0x1, 0xd0, 0x33, 0xff, 0xf7, 0x0, 0x6a,
    0xf, 0xdd, 0xfd, 0x80, 0x13, 0x2d, 0xff, 0xfe,
    0xb0, 0xc, 0x2e, 0xbf, 0xdf, 0xfd, 0xd4, 0x1,
    0x9e, 0x88, 0xcc, 0x45, 0xc6, 0x20, 0x1d, 0xdf,
    0xff, 0xb5, 0x40, 0x3b, 0x37, 0x7f, 0x0, 0x80,
    0x7f, 0xf4, 0x84, 0x80, 0x3f, 0xf8, 0x45, 0xe1,
    0x20, 0x1f, 0xfc, 0x4, 0x75, 0x62, 0x0, 0xff,
    0xa4, 0x69, 0x48, 0x3, 0xfe, 0x1a, 0x5b, 0x0,

    /* U+6C38 "永" */
    0x0, 0xf0, 0x80, 0x7f, 0xf0, 0xf7, 0x4a, 0x1,
    0xff, 0xc1, 0xe4, 0xad, 0x40, 0xf, 0xf8, 0xa7,
    0x9d, 0x80, 0x3f, 0x37, 0xfe, 0xe8, 0x20, 0xf,
    0xcd, 0xdf, 0xec, 0x0, 0xe3, 0x0, 0xf0, 0x80,
    0x67, 0x0, 0x4e, 0x20, 0x2, 0x73, 0x34, 0x80,
    0x24, 0x29, 0xe5, 0x0, 0x17, 0xdd, 0x8, 0x4,
    0x3c, 0xd8, 0xc0, 0x11, 0x14, 0x65, 0xa0, 0x8,
    0x1e, 0x20, 0xf, 0xa0, 0x50, 0x0, 0x8b, 0xe2,
    0x1, 0xe5, 0x6b, 0x0, 0xd4, 0x1a, 0x20, 0x19,
    0xa9, 0x54, 0x1, 0xd8, 0x3e, 0xe0, 0xa, 0x95,
    0xa0, 0x16, 0x1, 0x1, 0xd4, 0xa1, 0x8, 0x9a,
    0x0, 0x7d, 0x18, 0x6, 0xac, 0x10, 0x26, 0x0,
    0xab, 0x30, 0x1, 0xc2, 0x0,

    /* U+6C60 "池" */
    0x0, 0x28, 0x7, 0xb5, 0x0, 0x3c, 0x55, 0x60,
    0x1c, 0x60, 0x1f, 0x15, 0xa4, 0x85, 0x20, 0x18,
    0x7, 0xe4, 0xd9, 0x4, 0x10, 0xc, 0x6e, 0x1,
    0x28, 0x10, 0x0, 0xc0, 0x2f, 0xec, 0x80, 0x2,
    0x56, 0x98, 0x5, 0xdc, 0x21, 0xab, 0x0, 0x93,
    0x45, 0x17, 0x88, 0x74, 0xb9, 0x0, 0x40, 0x22,
    0xc7, 0x75, 0x17, 0x98, 0x4, 0x26, 0x1, 0xca,
    0x48, 0x1, 0xed, 0x10, 0xc, 0x94, 0x40, 0x1e,
    0xc7, 0xa0, 0xd, 0xea, 0x40, 0x18, 0xc3, 0x79,
    0x84, 0x0, 0x69, 0x20, 0x1d, 0x4a, 0x22, 0x3e,
    0x20, 0xf3, 0x30, 0x5, 0xa4, 0xc6, 0x44, 0xa0,
    0x22, 0xa4, 0x2, 0xb7, 0xdd, 0xe7, 0x90, 0x2e,
    0x50, 0x9, 0xbf, 0xfd, 0xcc, 0x0,

    /* U+6C61 "污" */
    0x5, 0x40, 0xf, 0xfe, 0xe, 0x5b, 0x6, 0x7f,
    0xfc, 0xa0, 0x9, 0x7b, 0xd, 0xd7, 0x76, 0xdd,
    0x28, 0x5, 0x18, 0x2, 0x42, 0x38, 0x88, 0x0,
    0x44, 0x0, 0x8f, 0xfc, 0x1b, 0x6c, 0x3d, 0xdf,
    0xe7, 0x98, 0xb1, 0xff, 0x58, 0x77, 0xff, 0x38,
    0x3e, 0x80, 0x58, 0x42, 0x1, 0xfa, 0x10, 0x0,
    0x65, 0xdd, 0xca, 0x1, 0x39, 0x80, 0x27, 0x73,
    0x2a, 0x11, 0x0, 0x14, 0x18, 0x0, 0x45, 0xce,
    0xc, 0x0, 0xe3, 0x10, 0xf, 0x9c, 0x8, 0x9,
    0x10, 0x1, 0xfb, 0x44, 0x0, 0x27, 0x60, 0x1e,
    0xdf, 0x66, 0x0, 0xf, 0xc, 0x3, 0xd3, 0x5b,
    0x0, 0x0,

    /* U+6CA1 "没" */
    0x0, 0x31, 0x0, 0x7f, 0xf0, 0x77, 0x4a, 0x7,
    0xff, 0xca, 0x1, 0xae, 0x29, 0x0, 0x7f, 0xe1,
    0x10, 0x4, 0x20, 0xf8, 0x8c, 0x60, 0x1f, 0xbe,
    0x40, 0xc3, 0xd0, 0x3, 0x18, 0x88, 0x31, 0x30,
    0x65, 0x20, 0x2, 0x78, 0xeb, 0x2, 0xcb, 0x1e,
    0xc1, 0x0, 0xa7, 0xfd, 0x40, 0x1, 0x70, 0x5d,
    0xff, 0xf1, 0x80, 0x67, 0x82, 0xd0, 0xdf, 0xf3,
    0x99, 0x80, 0x35, 0x78, 0x12, 0xc0, 0xb, 0xf8,
    0x6, 0x53, 0x70, 0x5, 0xa4, 0x6b, 0x18, 0x6,
    0xb9, 0x0, 0x86, 0xdc, 0xa0, 0x3, 0x40, 0x38,
    0x1, 0x2a, 0x8e, 0xbf, 0x4, 0x0, 0x36, 0x2,
    0xfb, 0xd, 0x8b, 0xb2, 0xec, 0x5, 0xc0, 0x15,
    0x75, 0x10, 0x1, 0x76, 0xe4,

    /* U+6CBF "沿" */
    0x0, 0x28, 0x7, 0xff, 0x8, 0x63, 0x4, 0x1,
    0x1f, 0xfc, 0x1, 0x87, 0x5f, 0x40, 0x24, 0xee,
    0x58, 0x80, 0x7a, 0xf8, 0x0, 0x23, 0x80, 0x3c,
    0xc4, 0x4, 0x0, 0x22, 0x0, 0x42, 0x1, 0xb7,
    0x52, 0x20, 0x49, 0x60, 0x7, 0xb, 0xa4, 0xb,
    0xc5, 0x35, 0xc6, 0x30, 0x1, 0xce, 0x12, 0x80,
    0xf, 0x9, 0x22, 0xc8, 0xb2, 0x2c, 0x8, 0x4,
    0x88, 0x12, 0xdd, 0xf8, 0xc0, 0x37, 0xe0, 0x5,
    0xff, 0xc0, 0x20, 0x11, 0x24, 0x80, 0x7f, 0xf0,
    0x61, 0x4, 0x3, 0xff, 0x80, 0x6b, 0xe0, 0x1b,
    0xff, 0x80, 0x34, 0x12, 0x0, 0x6d, 0xde, 0x1,
    0x0, 0x5f, 0x0, 0x62, 0x2f, 0x0, 0x40,

    /* U+6CC4 "泄" */
    0x3, 0xb1, 0x0, 0x29, 0x7, 0xa0, 0x72, 0x80,
    0x42, 0xfe, 0x81, 0x68, 0x2, 0xe0, 0x60, 0x18,
    0xb1, 0xd8, 0xc, 0xc0, 0x1f, 0xc4, 0x12, 0x44,
    0x33, 0x8, 0x38, 0x81, 0x90, 0x9e, 0xd9, 0x2e,
    0xc, 0x78, 0xd7, 0x94, 0x62, 0x1e, 0x3e, 0xa7,
    0x15, 0xf0, 0xef, 0x15, 0xf2, 0x81, 0xe6, 0x88,
    0x7, 0xff, 0x8, 0x40, 0x3f, 0xf8, 0x7a, 0xe0,
    0x18, 0x5c, 0x40, 0x3c, 0xc2, 0xe0, 0x18, 0x6b,
    0xcc, 0x3, 0xad, 0x80, 0x3b, 0xbb, 0x28, 0x4,
    0xe5, 0x60, 0x3, 0x30, 0x8f, 0x10, 0x80, 0x28,
    0xc8, 0x0, 0x51, 0xff, 0xd9, 0x0, 0xd, 0xe0,
    0xb, 0x3b, 0xbe, 0x90,

    /* U+6CD5 "法" */
    0x0, 0x10, 0x7, 0xbd, 0x80, 0x38, 0xb6, 0x0,
    0x38, 0x4c, 0x3, 0x8a, 0x5e, 0xc0, 0x3f, 0xf8,
    0xd, 0x90, 0xdf, 0xf0, 0xd7, 0xfc, 0x40, 0xa0,
    0x66, 0x6f, 0xf8, 0x6b, 0xfe, 0x21, 0xac, 0x20,
    0xf, 0xf8, 0x74, 0x70, 0x48, 0x46, 0x3, 0x11,
    0x11, 0x0, 0xb7, 0x49, 0x9f, 0xee, 0x18, 0xff,
    0x67, 0x0, 0x46, 0xbd, 0xd2, 0x1f, 0x76, 0xc0,
    0x9, 0xac, 0x0, 0x69, 0xc0, 0x40, 0x1c, 0x53,
    0xc0, 0xf, 0x82, 0xf, 0x90, 0xd, 0xca, 0xa0,
    0x70, 0x70, 0x7, 0x33, 0x0, 0x12, 0x76, 0xf,
    0xb, 0x13, 0x50, 0x32, 0x64, 0xf2, 0x21, 0xe8,
    0x1f, 0xee, 0x8c, 0x58, 0x2f, 0x60, 0x4, 0x5c,
    0xbb, 0x21, 0x95, 0xd8,

    /* U+6CE8 "注" */
    0x0, 0xff, 0xe3, 0x28, 0x7, 0x63, 0x0, 0x7c,
    0x75, 0x40, 0xd, 0x12, 0xc0, 0x1e, 0x3d, 0x47,
    0x12, 0x23, 0x41, 0x16, 0x0, 0xc5, 0xef, 0x1b,
    0xb4, 0x5e, 0xec, 0x80, 0x2, 0x1, 0x9, 0xff,
    0x86, 0xbf, 0xe4, 0x0, 0x76, 0xa0, 0x7, 0xff,
    0x7, 0x16, 0x40, 0x3f, 0xf8, 0x51, 0xa0, 0x5d,
    0xba, 0x1b, 0xdd, 0x70, 0x7, 0x20, 0x95, 0x77,
    0x2, 0x7b, 0x94, 0x1, 0xd3, 0x20, 0x43, 0x30,
    0x91, 0x99, 0x0, 0x33, 0x1c, 0x80, 0x7f, 0xf0,
    0x62, 0x44, 0x3, 0xff, 0x81, 0x0, 0xe0, 0x45,
    0x80, 0xc8, 0xb0, 0x13, 0xb0, 0x26, 0xee, 0x19,
    0xdd, 0xc0, 0x59, 0x20, 0x9f, 0xff, 0xe0,

    /* U+6D3B "活" */
    0x0, 0x18, 0x7, 0xf0, 0x90, 0x0, 0xf2, 0x40,
    0x4d, 0x1a, 0x2b, 0x7b, 0x80, 0x3, 0xc7, 0xb2,
    0xc8, 0xc7, 0xdf, 0xf6, 0x0, 0x47, 0x92, 0x7f,
    0x94, 0x26, 0x40, 0x19, 0x40, 0x88, 0x20, 0x1f,
    0x8, 0xd7, 0xa6, 0x9d, 0xff, 0xd, 0xff, 0xbb,
    0x7, 0xd3, 0x1b, 0xff, 0xd, 0xff, 0xda, 0x3,
    0x3a, 0x40, 0x1f, 0xfc, 0x1b, 0x90, 0xbc, 0xc0,
    0xce, 0x64, 0x1, 0xb, 0x68, 0x2d, 0x7e, 0x77,
    0xd1, 0x80, 0x52, 0x68, 0x0, 0x53, 0x3c, 0x42,
    0x0, 0x17, 0x80, 0xf, 0xfe, 0x5, 0x1a, 0x0,
    0x59, 0xff, 0xac, 0x0, 0x21, 0x0, 0x10, 0xdf,
    0xfe, 0xb1, 0x1, 0xb4, 0x0, 0xbd, 0x0, 0x32,
    0x78, 0x0,

    /* U+6D3E "派" */
    0x1, 0x80, 0xf, 0x12, 0x35, 0x68, 0x82, 0xab,
    0x51, 0x1d, 0xcf, 0xf4, 0x61, 0x59, 0x82, 0x6a,
    0x68, 0x9f, 0x7e, 0xe5, 0x43, 0x10, 0x5, 0x32,
    0x0, 0x84, 0xd6, 0x2e, 0x80, 0x19, 0x0, 0x1,
    0x0, 0x74, 0x58, 0xf7, 0x0, 0x14, 0xdc, 0x40,
    0x1a, 0x4b, 0x15, 0x0, 0xd, 0xee, 0x40, 0x20,
    0x20, 0xc6, 0x10, 0x80, 0x1, 0x90, 0xf, 0x1e,
    0xe9, 0x4, 0x2, 0x50, 0x10, 0xd, 0xeb, 0x38,
    0xa0, 0x3, 0xa2, 0x23, 0x0, 0x4a, 0x28, 0x1,
    0xa8, 0xcb, 0x8, 0x2, 0x32, 0x60, 0xc, 0xd4,
    0x29, 0x80, 0x1a, 0xe0, 0x40, 0xe, 0xf, 0x22,
    0x80, 0x7, 0xc7, 0x2c, 0x10, 0x94, 0x6, 0x60,
    0x8, 0xae, 0x87, 0x81, 0x83, 0x7c, 0x7e, 0x40,
    0x63, 0xd8, 0xb, 0x5c,

    /* U+6D41 "流" */
    0x0, 0xff, 0xe3, 0x18, 0x7, 0x35, 0x0, 0x7c,
    0x79, 0x20, 0x44, 0x15, 0x58, 0x44, 0x42, 0x0,
    0x3c, 0x76, 0xcd, 0xfc, 0x1b, 0xff, 0x65, 0x0,
    0x47, 0xed, 0xdf, 0xa1, 0x9d, 0xda, 0xc0, 0xa,
    0x22, 0x0, 0xba, 0x8, 0x78, 0xc0, 0x34, 0x7a,
    0x0, 0x2d, 0x1c, 0x5, 0xb4, 0x80, 0x2d, 0x6a,
    0x1a, 0x46, 0xfe, 0xd4, 0x2c, 0x10, 0xa, 0x3c,
    0x6e, 0xb3, 0xab, 0x7f, 0xa4, 0x3, 0xa9, 0x47,
    0x61, 0x68, 0x21, 0x5c, 0x40, 0x22, 0x41, 0x0,
    0x10, 0x4, 0x20, 0x1e, 0x84, 0x40, 0x17, 0x0,
    0x7f, 0x1a, 0xf8, 0x1, 0x50, 0x3, 0xc8, 0x0,
    0xf3, 0x40, 0xa2, 0x30, 0xd, 0xc3, 0x6a, 0x17,
    0xe1, 0x69, 0xe0, 0x22, 0xc, 0x6e, 0x35, 0x7,
    0x30, 0x8f, 0x20, 0x5f, 0x6, 0xff, 0x60, 0x0,

    /* U+6D4B "测" */
    0x2, 0x30, 0xf, 0xf1, 0xc8, 0x2e, 0x39, 0x5d,
    0xf0, 0x4, 0xee, 0x7, 0xab, 0x14, 0xff, 0x72,
    0x4, 0x90, 0x6, 0x5c, 0x11, 0x20, 0xb8, 0x1,
    0xc4, 0x2, 0x71, 0x0, 0x86, 0x84, 0x3, 0xec,
    0xf3, 0x0, 0x8, 0x8, 0x7, 0xd6, 0x8a, 0x1,
    0xff, 0xc1, 0xa6, 0x0, 0x8, 0x18, 0x7, 0xe1,
    0xb1, 0x2, 0x10, 0x0, 0x80, 0x79, 0x94, 0x51,
    0x48, 0x54, 0x40, 0x3d, 0x52, 0x55, 0xa8, 0xb4,
    0x1, 0xe6, 0x37, 0x3, 0x4d, 0xa6, 0xe, 0x30,
    0x0, 0xc3, 0x0, 0x3d, 0x16, 0xa4, 0x80, 0x31,
    0x94, 0x84, 0x9c, 0x82, 0xa2, 0x3, 0x28, 0x89,
    0x82, 0x17, 0x84, 0x0, 0xb6, 0xa, 0xbd,

    /* U+6D4F "浏" */
    0x2, 0x60, 0xa, 0x9c, 0x3, 0x8f, 0xc1, 0xa6,
    0x80, 0x7, 0x40, 0x11, 0x80, 0x4, 0x13, 0x74,
    0x0, 0xab, 0x0, 0xe, 0x18, 0x6, 0x27, 0xcd,
    0xeb, 0xdd, 0x0, 0x79, 0x0, 0x11, 0x32, 0xa0,
    0x90, 0xe, 0x1a, 0xd3, 0x40, 0x43, 0x64, 0x10,
    0xc, 0x3c, 0xe0, 0xb6, 0xa4, 0x20, 0x1f, 0xa8,
    0xd6, 0x2b, 0x74, 0x1, 0xf9, 0xd4, 0x1d, 0x10,
    0x60, 0x1f, 0xab, 0x40, 0x1a, 0x1c, 0x2, 0x1,
    0xc4, 0x4a, 0x1, 0x86, 0x56, 0x0, 0x38, 0x4,
    0xa6, 0x43, 0xa5, 0x2d, 0x3, 0xc8, 0x1, 0x4d,
    0x8e, 0x17, 0x4, 0x68, 0x8, 0x4, 0x66, 0x51,
    0x8d, 0x20, 0x13, 0x0, 0x66, 0x99, 0xb4, 0x81,
    0x4c, 0x3, 0xd5, 0x3e,

    /* U+6D88 "消" */
    0x0, 0x20, 0x4, 0x40, 0x6, 0xf0, 0x0, 0x88,
    0x0, 0x97, 0x0, 0xba, 0x60, 0x1d, 0x58, 0x0,
    0x49, 0x77, 0x29, 0xf8, 0x6, 0x44, 0x70, 0x4,
    0xd4, 0xe1, 0xee, 0x20, 0x16, 0x39, 0x80, 0x4,
    0x14, 0x0, 0x32, 0x62, 0x5, 0x54, 0x10, 0x2e,
    0xa2, 0x0, 0x66, 0xe4, 0x8e, 0x63, 0x58, 0xb,
    0x42, 0x40, 0x29, 0xee, 0xe1, 0x10, 0x0, 0xaa,
    0xc0, 0x28, 0xdd, 0xe1, 0x0, 0xe9, 0x0, 0x9a,
    0x67, 0x84, 0x3, 0x1b, 0x10, 0x3, 0x91, 0x38,
    0x3, 0xac, 0xc8, 0x1, 0x3f, 0xfc, 0x20, 0x19,
    0xac, 0x2, 0x8e, 0xee, 0x10, 0x9, 0x45, 0x40,
    0x21, 0x1f, 0x0, 0x6b, 0x12, 0x0, 0xf8, 0xa4,
    0x40, 0x2a, 0x60, 0xf, 0xc4, 0x86, 0xe0, 0x4,
    0x80, 0xb, 0x98, 0x3, 0x6e, 0x8, 0x0,

    /* U+6DE1 "淡" */
    0x0, 0xfe, 0x10, 0xf, 0x9a, 0x0, 0x23, 0x10,
    0xe5, 0x3, 0x40, 0x9, 0x5b, 0x4, 0x3a, 0x0,
    0xe, 0x11, 0xc0, 0x11, 0xfa, 0x82, 0x94, 0x18,
    0x11, 0xa5, 0x80, 0x61, 0x91, 0x4c, 0x19, 0xc,
    0x7e, 0x10, 0x9, 0xc4, 0x0, 0x26, 0xcb, 0x97,
    0x5a, 0x60, 0x2, 0xbf, 0x50, 0x3a, 0x9b, 0x37,
    0xe4, 0xc8, 0x2, 0xc9, 0x21, 0xe1, 0xd4, 0xc7,
    0x8, 0xbb, 0x0, 0x4e, 0xe1, 0xda, 0x20, 0x10,
    0x0, 0xe9, 0x0, 0x66, 0x0, 0x55, 0x0, 0xc0,
    0x12, 0x82, 0x1, 0xc, 0xa1, 0xa4, 0x8, 0xb4,
    0xa, 0x0, 0x34, 0x22, 0x6, 0x89, 0x8d, 0xce,
    0x94, 0x2, 0x36, 0x80, 0x25, 0x38, 0x8b, 0x50,
    0x3, 0x72, 0x98, 0x1, 0xf1, 0xd1, 0x66, 0xe4,
    0x80, 0xb, 0x0, 0x3d, 0x13, 0x0, 0x7, 0xb4,
    0xc1, 0x8, 0x20, 0x1d, 0xd3, 0x0, 0x64, 0xdc,
    0x10,

    /* U+6DF1 "深" */
    0x2, 0x80, 0xf, 0xfe, 0x11, 0xa6, 0xf, 0xff,
    0xf2, 0x80, 0x7, 0x1d, 0x3, 0x7f, 0xfc, 0x22,
    0x0, 0xd6, 0xa0, 0x8, 0x80, 0x26, 0xa, 0x80,
    0xf, 0xc, 0x1, 0xf6, 0xb4, 0x8, 0xdf, 0x28,
    0x7, 0x3a, 0xe1, 0x6b, 0x85, 0xa7, 0x4b, 0x60,
    0x12, 0xe3, 0x5, 0xe0, 0x81, 0x0, 0x2e, 0x40,
    0x31, 0x8, 0x5e, 0x64, 0x1d, 0x99, 0x50, 0x6,
    0x70, 0x8f, 0xb3, 0x2, 0xbf, 0xf4, 0x80, 0x43,
    0x6, 0x76, 0x30, 0x35, 0x99, 0xc0, 0x14, 0xa1,
    0x82, 0xa4, 0x6, 0x93, 0x0, 0x73, 0x70, 0x15,
    0x48, 0x83, 0xc4, 0xa8, 0x4, 0xc2, 0xa5, 0x8a,
    0xc0, 0x13, 0x32, 0xa4, 0x6, 0x14, 0x28, 0xa8,
    0x3, 0xa6, 0x28, 0x6, 0xe4, 0x23, 0x0, 0x33,
    0x80, 0x1c, 0xc0,

    /* U+6DFB "添" */
    0x0, 0xff, 0xe2, 0x94, 0x80, 0x17, 0xff, 0xee,
    0x0, 0x8d, 0x74, 0x97, 0xfd, 0x7, 0xff, 0x70,
    0x4, 0x38, 0xc2, 0x1, 0x6a, 0x80, 0x7f, 0x58,
    0x7f, 0xca, 0xdf, 0xfb, 0x80, 0xe, 0x20, 0x79,
    0xb2, 0x18, 0xad, 0xbb, 0x0, 0xdf, 0xb0, 0x19,
    0xae, 0xe, 0xdd, 0x88, 0xc0, 0x71, 0xb0, 0x7,
    0x58, 0xd0, 0x6a, 0xe8, 0xc0, 0x28, 0xa6, 0xf0,
    0xbd, 0xe0, 0x4c, 0x6c, 0x20, 0x8, 0xc1, 0xf8,
    0x3, 0x9f, 0xf4, 0x80, 0x7, 0x8f, 0x3a, 0xa0,
    0xd, 0x6d, 0xf2, 0x0, 0xa1, 0x45, 0x49, 0x40,
    0xb, 0x50, 0x66, 0x0, 0x22, 0x20, 0x22, 0xc0,
    0x2b, 0x30, 0x59, 0x0, 0x4b, 0x12, 0x9b, 0x0,
    0x46, 0x29, 0xc0, 0x2, 0x18, 0x5, 0xe0, 0xb6,
    0xd0, 0xe5, 0x4a, 0x2, 0xc1, 0x0, 0xdf, 0x4e,
    0x1, 0xe0,

    /* U+6E05 "清" */
    0x0, 0x10, 0x7, 0xbd, 0x80, 0x38, 0xf5, 0xc2,
    0x2a, 0xa0, 0xaa, 0xc4, 0x7, 0x92, 0xd9, 0xdd,
    0x2, 0x77, 0x46, 0x0, 0x3f, 0x60, 0x98, 0x80,
    0x2c, 0x42, 0x40, 0x10, 0x22, 0x5, 0xee, 0x86,
    0xfb, 0xa1, 0x11, 0xf3, 0xa6, 0xff, 0x70, 0x6f,
    0xb9, 0xf6, 0x37, 0x20, 0xbf, 0xdd, 0x6f, 0xf7,
    0x3e, 0x0, 0xc, 0xe2, 0x7f, 0xbb, 0xf1, 0x80,
    0x48, 0x20, 0x75, 0xff, 0xa8, 0x3, 0xa5, 0x0,
    0x17, 0xdd, 0xac, 0x3, 0x21, 0xa8, 0x2, 0xff,
    0xf4, 0x0, 0x68, 0x90, 0xa, 0xbb, 0xb4, 0x80,
    0x4c, 0x6e, 0x1, 0x57, 0xfe, 0xa0, 0xa, 0x1c,
    0x3, 0xf2, 0x70, 0x5, 0x52, 0x1, 0xf9, 0x96,
    0x40, 0x8, 0x20, 0x17, 0x28, 0x4, 0x5c, 0xe0,

    /* U+6E32 "渲" */
    0x0, 0xff, 0xe3, 0x30, 0x7, 0x9b, 0x40, 0x3c,
    0x31, 0xa4, 0x1, 0x90, 0xc4, 0x3, 0x87, 0xc5,
    0x6f, 0xfb, 0x98, 0x1f, 0xdc, 0xf4, 0x0, 0xe,
    0x38, 0xb7, 0x77, 0xc2, 0xe0, 0xc6, 0x0, 0xee,
    0x44, 0x7a, 0x6c, 0x80, 0x72, 0xc9, 0x1b, 0x33,
    0xe5, 0x10, 0x7e, 0x32, 0x9, 0xff, 0xf7, 0x18,
    0x4, 0x30, 0x0, 0x33, 0x4c, 0xf2, 0xb8, 0x6,
    0x40, 0xc, 0x67, 0xc0, 0x1c, 0xb6, 0x40, 0x7,
    0xff, 0xe1, 0x0, 0xdc, 0xa4, 0x0, 0x8e, 0xee,
    0x10, 0x8, 0x93, 0x80, 0x28, 0xff, 0xe1, 0x0,
    0xa0, 0x50, 0x1, 0x7f, 0xff, 0x20, 0x4, 0xe0,
    0x5f, 0xff, 0xe9, 0xa, 0x90, 0x2f, 0xff, 0xf4,
    0x80,

    /* U+6E83 "溃" */
    0x0, 0xfe, 0xe6, 0x0, 0xe5, 0xe5, 0x0, 0x6e,
    0xc3, 0x1b, 0xb0, 0x1, 0x66, 0xa4, 0xa, 0x74,
    0xaf, 0x64, 0x80, 0x27, 0xc8, 0x0, 0x7d, 0x14,
    0xd7, 0x80, 0x4c, 0x6, 0x21, 0x91, 0x23, 0x73,
    0x18, 0x9, 0x3a, 0x69, 0x53, 0x30, 0xdc, 0xcd,
    0x49, 0xc9, 0xcd, 0xfd, 0xd5, 0xc7, 0x76, 0x1,
    0x9c, 0x25, 0x99, 0xfc, 0x80, 0x4, 0xf0, 0x1,
    0x46, 0xf6, 0xea, 0x48, 0x2, 0xf4, 0x0, 0xec,
    0x70, 0xe, 0x44, 0x40, 0x6, 0x40, 0x60, 0xc,
    0x34, 0xa4, 0x0, 0xe5, 0x85, 0xa, 0x7f, 0x6,
    0x18, 0x0, 0x93, 0x42, 0x84, 0xf1, 0x81, 0xec,
    0x80, 0x1b, 0x4b, 0x80, 0x9, 0xa9, 0x70, 0x40,
    0xb, 0xb9, 0x0, 0x19, 0x75, 0x80,

    /* U+6E90 "源" */
    0x0, 0x8, 0x7, 0xff, 0x9, 0xfd, 0x3, 0xbf,
    0xff, 0x80, 0xf, 0x36, 0x21, 0x5d, 0xcb, 0x7e,
    0xec, 0x1, 0x3f, 0x9, 0x80, 0x17, 0xcd, 0x56,
    0x10, 0x1a, 0x21, 0x0, 0x96, 0xc0, 0x1f, 0x16,
    0x1, 0xb6, 0x0, 0xc0, 0x3, 0x77, 0x40, 0x4,
    0x35, 0x7a, 0x1, 0x87, 0xfe, 0xb0, 0xe, 0x45,
    0x1, 0x10, 0xf, 0xfd, 0x60, 0x1d, 0x2e, 0x0,
    0x70, 0x1f, 0xfa, 0xc0, 0x39, 0x0, 0x80, 0x93,
    0xfc, 0x37, 0xfe, 0x0, 0x88, 0x8a, 0xe2, 0x24,
    0x50, 0x9, 0x14, 0x2, 0xa3, 0x2e, 0x40, 0x9e,
    0x0, 0x8a, 0x90, 0x0, 0xd6, 0x88, 0xea, 0xb,
    0x0, 0x99, 0x94, 0x26, 0x65, 0x94, 0x67, 0xf0,
    0x81, 0x70, 0x98, 0x13, 0xd2, 0xfa, 0x2d, 0x20,
    0x4, 0x18, 0x1, 0x80,

    /* U+6ED1 "滑" */
    0x0, 0xff, 0xe2, 0xa6, 0x10, 0xf, 0xff, 0xc4,
    0x1, 0x2b, 0xe1, 0x8, 0x77, 0xfe, 0x3, 0x0,
    0x86, 0xe4, 0x80, 0x1b, 0x98, 0x90, 0xf, 0x8,
    0x38, 0x5, 0x1f, 0x4a, 0x1, 0xc9, 0xe6, 0x2,
    0x40, 0xc4, 0x60, 0x20, 0x42, 0xc, 0xb8, 0x7d,
    0x83, 0x9f, 0x65, 0xe3, 0xbc, 0x25, 0x72, 0x63,
    0x9d, 0xdf, 0x78, 0x8, 0x1, 0x81, 0x8f, 0xbb,
    0xde, 0x2e, 0x1, 0x3d, 0x40, 0x9d, 0x77, 0x54,
    0x21, 0x0, 0x15, 0x60, 0x5, 0x7f, 0xf5, 0x80,
    0x72, 0x13, 0x80, 0x57, 0xff, 0x58, 0x7, 0x7a,
    0x88, 0x5, 0x7f, 0xf5, 0x80, 0x65, 0x4e, 0x0,
    0xd7, 0xff, 0x58, 0x6, 0x63, 0x40, 0xf, 0x8f,
    0xc0, 0x31, 0xe0, 0x6, 0x30, 0x8, 0x56, 0x40,
    0x20,

    /* U+6EDA "滚" */
    0x0, 0x8, 0x7, 0xb1, 0x0, 0x3c, 0xde, 0x60,
    0x42, 0x33, 0x70, 0x8c, 0x40, 0x6, 0x66, 0x27,
    0x6e, 0xcc, 0xcd, 0xdb, 0xc0, 0x28, 0xa4, 0xcd,
    0xe, 0xcc, 0x23, 0xee, 0x80, 0x6, 0xa, 0x5,
    0x8a, 0xd6, 0x30, 0x5e, 0xa0, 0x3b, 0x62, 0x5b,
    0x71, 0x58, 0x29, 0x37, 0x61, 0x16, 0x36, 0x97,
    0x3e, 0xcb, 0x87, 0xda, 0xf0, 0x81, 0x67, 0x81,
    0xf9, 0x6d, 0xe3, 0x25, 0x80, 0x61, 0x30, 0x26,
    0x81, 0x9, 0xdf, 0xc0, 0xc, 0x3c, 0x21, 0x0,
    0xb5, 0x4, 0x1c, 0xa0, 0x13, 0x20, 0x8a, 0x64,
    0xc3, 0x73, 0x84, 0x80, 0x14, 0xc9, 0xf8, 0xd8,
    0x0, 0xcd, 0x58, 0x80, 0x20, 0x8d, 0x6e, 0x84,
    0x50, 0x9e, 0x8e, 0x0, 0x17, 0x90, 0x24, 0x4,
    0x63, 0x62, 0xca, 0xe3, 0x1b, 0x50, 0xc, 0xd7,
    0x62, 0x2, 0xda, 0x30,

    /* U+6EE1 "满" */
    0x0, 0x10, 0x6, 0x6c, 0x0, 0x72, 0x80, 0x65,
    0xd5, 0x3, 0x21, 0x2, 0x20, 0x19, 0x18, 0x1,
    0x5e, 0x97, 0x7e, 0x4f, 0xfc, 0x31, 0xfa, 0x1,
    0x46, 0x2f, 0x6c, 0x1e, 0xe8, 0x6f, 0x78, 0x0,
    0x60, 0x62, 0xa8, 0x74, 0x88, 0x80, 0x45, 0x1,
    0xdc, 0x33, 0x4f, 0xf4, 0xc4, 0x27, 0xbe, 0x44,
    0x5c, 0x80, 0x59, 0x76, 0x1e, 0xf1, 0xbb, 0x60,
    0x80, 0x20, 0x87, 0xfe, 0x1d, 0xc1, 0xff, 0x70,
    0x6, 0xc4, 0xd, 0xe0, 0xea, 0x3f, 0xb0, 0xc,
    0xa6, 0x80, 0x5, 0x7, 0x20, 0xf, 0xa6, 0x40,
    0x17, 0xad, 0xd8, 0xe0, 0x3, 0x29, 0xb8, 0x1,
    0x52, 0x38, 0xf1, 0xcc, 0x0, 0x36, 0xe0, 0x12,
    0x49, 0x53, 0x1f, 0x18, 0x0, 0x5e, 0x80, 0x21,
    0x60, 0x98, 0x4, 0xe0, 0xa, 0x48, 0x3, 0xe1,
    0x9, 0x48, 0x0, 0xe1, 0xf2, 0x0, 0xec, 0xe6,
    0x0,

    /* U+6F02 "漂" */
    0x0, 0x20, 0x7, 0xff, 0x8, 0x67, 0x7, 0x3b,
    0x9f, 0xdc, 0xfe, 0xe8, 0x0, 0x3a, 0xa9, 0x99,
    0xd, 0x50, 0x73, 0x1c, 0x0, 0x10, 0x95, 0x56,
    0xf0, 0xc4, 0x7, 0xb5, 0x40, 0x7a, 0xd0, 0x4,
    0xb0, 0x7b, 0x83, 0x82, 0x20, 0x1e, 0x29, 0x1,
    0x2e, 0x1c, 0xc0, 0xf0, 0x88, 0x0, 0x33, 0xa0,
    0xbf, 0xdf, 0xdc, 0xfe, 0xf5, 0x0, 0xc4, 0x0,
    0xde, 0xef, 0x60, 0x6, 0x2d, 0x20, 0xde, 0xef,
    0x60, 0x6, 0xa3, 0x1f, 0xee, 0xfe, 0x0, 0x9a,
    0x4f, 0xbe, 0xb9, 0xcf, 0xb3, 0xbc, 0x0, 0xe6,
    0xa0, 0x37, 0x0, 0x1b, 0xa0, 0x40, 0xa2, 0xc0,
    0x14, 0xfa, 0x1, 0xb5, 0x28, 0xa, 0x18, 0x8,
    0x30, 0x69, 0x9c, 0x7, 0x40, 0x27, 0x0, 0x15,
    0x8, 0x46, 0x50, 0x0, 0x68, 0x0,

    /* U+6F0F "漏" */
    0x2, 0x80, 0x7, 0x77, 0xf6, 0x0, 0x4d, 0x20,
    0x3b, 0xdd, 0xea, 0x10, 0x1, 0x6b, 0x18, 0x31,
    0x17, 0xc0, 0x18, 0xf0, 0xc2, 0x3f, 0xfd, 0x6c,
    0x0, 0x30, 0x30, 0x7, 0x7e, 0x67, 0xa4, 0x7,
    0x74, 0x60, 0x6, 0xcf, 0xf7, 0x7f, 0xd8, 0x22,
    0xf4, 0x90, 0x3, 0xf7, 0x43, 0x9d, 0xd0, 0x80,
    0xcd, 0x8, 0x37, 0xfc, 0x3b, 0xff, 0x10, 0x1,
    0x8, 0xc1, 0xcb, 0xbc, 0x73, 0x1e, 0x6, 0x0,
    0xf8, 0x11, 0x82, 0x1c, 0x1b, 0x18, 0x3, 0x27,
    0x29, 0x0, 0x2c, 0x81, 0xe9, 0x0, 0x27, 0x24,
    0xc5, 0x0, 0x50, 0x85, 0x59, 0x80, 0x53, 0x42,
    0xba, 0x21, 0x98, 0xa, 0x63, 0x0, 0xa, 0xb4,
    0x12, 0x38, 0x24, 0x0, 0xdf, 0x18, 0x8a, 0xc6,
    0x70, 0x13, 0x40, 0x1c, 0x66, 0xec, 0x0,

    /* U+706D "灭" */
    0x0, 0xff, 0xe2, 0xbf, 0xff, 0xff, 0x2, 0x40,
    0xd, 0x98, 0xdd, 0x89, 0xb7, 0x76, 0x58, 0x0,
    0x4c, 0xc4, 0x50, 0xf1, 0x16, 0x32, 0x0, 0xd8,
    0x60, 0x1, 0x0, 0xc8, 0xa0, 0x18, 0xcc, 0x20,
    0x2, 0xf0, 0xb, 0xb8, 0x1, 0xac, 0xc8, 0x4,
    0x10, 0x2, 0x5e, 0x0, 0xcd, 0x60, 0x4, 0x3,
    0x20, 0x71, 0x50, 0x8, 0x51, 0x80, 0x1c, 0xcc,
    0x90, 0x16, 0x0, 0xc3, 0x42, 0x8, 0x8a, 0x85,
    0x66, 0x40, 0x7, 0xc3, 0x4c, 0x63, 0xb2, 0xc0,
    0x1f, 0x16, 0x14, 0x80, 0xe, 0xa6, 0x80, 0x30,
    0xc6, 0xbe, 0x0, 0x65, 0xb4, 0xe8, 0x1, 0xf6,
    0xaa, 0x0, 0x79, 0x3d, 0xc8, 0x7, 0x39, 0x40,
    0x3f, 0xc, 0xd0, 0x0,

    /* U+706F "灯" */
    0x0, 0xc2, 0x1, 0xff, 0xc2, 0x1e, 0x30, 0xf,
    0xfe, 0x19, 0x7, 0xf7, 0x7c, 0x80, 0x1c, 0x21,
    0x99, 0x86, 0xf3, 0xa, 0xe, 0xa0, 0x13, 0xb8,
    0x8a, 0x1, 0x22, 0x8, 0x61, 0x98, 0x26, 0x4,
    0x3, 0xf9, 0x88, 0x41, 0x79, 0x40, 0x3f, 0x89,
    0x9c, 0x70, 0x40, 0x3f, 0x85, 0xc8, 0xa0, 0xf,
    0xf8, 0x60, 0x3c, 0x88, 0x1, 0xff, 0xc1, 0x43,
    0xc2, 0x0, 0xff, 0x8c, 0xb1, 0x70, 0x80, 0x3f,
    0xd0, 0xa3, 0x67, 0xc0, 0x1f, 0xcc, 0x90, 0x0,
    0xff, 0x0, 0x98, 0x38, 0x4, 0x30, 0xe4, 0x0,
    0x23, 0x8, 0xc0, 0x20, 0x8, 0x7e, 0x0, 0x3d,
    0x76, 0xf1, 0x0, 0x80,

    /* U+7070 "灰" */
    0x0, 0xff, 0xe4, 0x9f, 0x88, 0x7, 0xff, 0x5,
    0x88, 0x40, 0x3f, 0x8f, 0xfe, 0xa2, 0xff, 0xfb,
    0x80, 0x7, 0x9b, 0xa1, 0x8d, 0xdf, 0x66, 0x80,
    0x46, 0x40, 0x2e, 0x44, 0x94, 0x22, 0x19, 0x80,
    0x3a, 0xd4, 0x40, 0xa, 0x0, 0x11, 0x0, 0x70,
    0xb7, 0x54, 0x0, 0xc, 0x1b, 0xc0, 0x3a, 0x4d,
    0x52, 0xc0, 0x40, 0x14, 0xc0, 0x18, 0x9e, 0x18,
    0x8c, 0x83, 0x54, 0xa4, 0x3, 0x72, 0x21, 0xfc,
    0x28, 0x19, 0x70, 0x40, 0x2a, 0x2a, 0x0, 0x10,
    0xbd, 0x1c, 0x98, 0x6, 0x2d, 0x10, 0x0, 0xe2,
    0x2c, 0xb4, 0x80, 0x68, 0x30, 0x3, 0x7b, 0x58,
    0x25, 0xb6, 0xa8, 0x6, 0x7e, 0x89, 0xb0, 0x9,
    0x34, 0x6c, 0x40, 0x26, 0x8e, 0x70, 0xe, 0x2c,
    0xc0, 0x80,

    /* U+70B9 "点" */
    0x0, 0xf0, 0xfa, 0x0, 0x7f, 0xf4, 0xef, 0xff,
    0x94, 0x3, 0xfa, 0xbb, 0xb6, 0xa8, 0x6, 0x11,
    0x80, 0x2, 0x1, 0x88, 0x3, 0xbb, 0xb0, 0x5f,
    0x76, 0x0, 0xfa, 0xbf, 0xfd, 0x60, 0x1f, 0xfd,
    0xca, 0xff, 0xf5, 0x80, 0x78, 0xbb, 0xbf, 0xc0,
    0x1d, 0x92, 0x36, 0x42, 0x5a, 0x22, 0x6b, 0x0,
    0x94, 0x64, 0x6, 0x40, 0x88, 0xe0, 0x88, 0x50,
    0x4, 0x30, 0x87, 0x28, 0x89, 0xa4, 0xd, 0xac,
    0x1, 0x30, 0x0, 0x5c, 0x10, 0x9c, 0x0, 0x46,
    0x80,

    /* U+70E7 "烧" */
    0x0, 0xfc, 0x20, 0x1f, 0xc3, 0x62, 0x1, 0x73,
    0x80, 0x7f, 0x20, 0x6, 0x2c, 0x8a, 0xdd, 0x0,
    0x7c, 0x5d, 0xe6, 0xdf, 0xea, 0xe0, 0x8, 0xc0,
    0x21, 0xdf, 0xa0, 0x70, 0x8b, 0x0, 0xb0, 0x82,
    0x34, 0x81, 0x3, 0x22, 0xe0, 0x3, 0x10, 0x17,
    0x89, 0xd1, 0x9b, 0x90, 0x98, 0x8, 0x2, 0xa0,
    0xee, 0x6f, 0xc6, 0xbf, 0xf8, 0x5, 0xc, 0x4,
    0x5f, 0xae, 0x2f, 0x79, 0x52, 0x7, 0x6c, 0x20,
    0xbd, 0xff, 0xa9, 0x23, 0x0, 0x23, 0x1b, 0x7c,
    0xc0, 0x5c, 0x8e, 0xe7, 0x0, 0x58, 0xee, 0x93,
    0x10, 0x42, 0x2, 0x32, 0x0, 0xa, 0x56, 0xb1,
    0x21, 0x80, 0x73, 0x88, 0x41, 0x90, 0xe8, 0x45,
    0x0, 0x4, 0xa, 0x8, 0x5e, 0x40, 0x15, 0xac,
    0xc0, 0x51, 0xfd, 0x53, 0x1f, 0x50, 0x7, 0x64,
    0x0, 0x7, 0xbf, 0xd4, 0x0,

    /* U+7184 "熄" */
    0x0, 0x84, 0x3, 0x8c, 0x40, 0x3f, 0x72, 0x0,
    0x6c, 0x40, 0xf, 0xe6, 0x2, 0xcc, 0x4, 0xe6,
    0x2c, 0x3, 0xf8, 0xf7, 0xb7, 0x50, 0x80, 0x12,
    0x80, 0x6, 0x44, 0x33, 0x35, 0x8, 0x5, 0x64,
    0x1a, 0x60, 0xd, 0xde, 0x0, 0xc2, 0x60, 0xd4,
    0x21, 0xdd, 0xb4, 0x3, 0x84, 0x28, 0x2, 0xee,
    0xda, 0x20, 0x2, 0x20, 0x0, 0xc0, 0x2d, 0xde,
    0x0, 0x8b, 0x44, 0x2, 0x2f, 0xdd, 0x7e, 0x77,
    0x80, 0x65, 0xd, 0x1, 0x5, 0x2f, 0x90, 0x54,
    0x0, 0xb1, 0x5a, 0xe9, 0xa1, 0x20, 0x80, 0xbc,
    0x2, 0x6e, 0xbf, 0x44, 0x8, 0x2d, 0xa, 0xa1,
    0x3, 0x9a, 0x8, 0x88, 0x80, 0x20, 0x8, 0x94,
    0x41, 0x44, 0x0, 0x2a, 0x5, 0x8f, 0xf3, 0x75,
    0xb1, 0x5a, 0x80, 0x15, 0xc2, 0x7f, 0xf2, 0x80,
    0x0,

    /* U+7206 "爆" */
    0x0, 0x84, 0x3, 0xff, 0x87, 0xe6, 0x1, 0xff,
    0xc3, 0x10, 0x3f, 0xdd, 0xef, 0x30, 0xf, 0x84,
    0x3, 0xfc, 0xe4, 0xf, 0xcc, 0x3b, 0xbc, 0x20,
    0x14, 0x88, 0x54, 0xb1, 0xf6, 0xeb, 0xb4, 0xc0,
    0x21, 0x21, 0x97, 0x2d, 0x5e, 0xd7, 0xbd, 0x30,
    0x10, 0x10, 0x70, 0xbe, 0x4d, 0xe6, 0x8e, 0xa0,
    0x23, 0x10, 0x10, 0xbe, 0x4d, 0xe6, 0x8e, 0xa0,
    0x3c, 0x21, 0x5, 0xdd, 0x27, 0x6b, 0x46, 0xe9,
    0x0, 0xa, 0x3c, 0x3b, 0x49, 0xf7, 0x63, 0x9d,
    0x40, 0x6, 0xc4, 0xe6, 0x2f, 0xda, 0x92, 0x27,
    0x4c, 0x5, 0x15, 0xc2, 0xba, 0x8c, 0x92, 0x3a,
    0xc, 0x20, 0xc8, 0x21, 0x9c, 0x28, 0xe0, 0x9,
    0x40, 0x9b, 0xc0, 0x2c, 0xea, 0xa0, 0xe2, 0xf1,
    0x81, 0x61, 0x80, 0x59, 0x6b, 0x72, 0x11, 0x86,
    0x0,

    /* U+7247 "片" */
    0x0, 0xa5, 0x0, 0x37, 0x38, 0x7, 0xce, 0x60,
    0x1f, 0xfc, 0x13, 0x10, 0xc, 0x60, 0x1f, 0xfc,
    0xc8, 0xdd, 0xc5, 0x3b, 0xae, 0x20, 0x8, 0xe7,
    0xff, 0x6e, 0x7f, 0xb4, 0x80, 0x21, 0x11, 0x17,
    0xe3, 0x0, 0xf0, 0x8f, 0xc0, 0x1c, 0x21, 0x3d,
    0xde, 0xa0, 0xe, 0x20, 0xef, 0xfe, 0x70, 0xf,
    0x20, 0x88, 0x3, 0xff, 0x81, 0x6e, 0x1, 0xff,
    0xc0, 0x43, 0xd0, 0xf, 0xfe, 0x4, 0x92, 0x0,
    0x78, 0x40, 0x30, 0xa4, 0x80, 0x7e, 0x70, 0x8,

    /* U+7248 "版" */
    0x0, 0x71, 0x1f, 0x81, 0x6e, 0xd9, 0x8b, 0x50,
    0x8, 0x4c, 0x44, 0x0, 0x2f, 0xcc, 0xad, 0x40,
    0x3f, 0xc4, 0x20, 0x1f, 0xfc, 0x25, 0x5e, 0x10,
    0xd, 0xda, 0x3e, 0xe1, 0x13, 0xfe, 0xa0, 0xe,
    0xef, 0xf9, 0xc5, 0x2e, 0xa4, 0x44, 0x1, 0xf8,
    0x4f, 0xb4, 0x18, 0x80, 0x3b, 0xbf, 0xc8, 0xe2,
    0x6e, 0x18, 0xa0, 0x10, 0x87, 0xf8, 0x9c, 0x99,
    0x8, 0x89, 0xa0, 0x11, 0x8, 0x6, 0xf2, 0x6,
    0x93, 0x40, 0x9, 0x14, 0x3, 0x3e, 0x5, 0x23,
    0x0, 0x6c, 0x30, 0x1, 0xd8, 0x21, 0x69, 0x3b,
    0x0, 0x5, 0x68, 0x2, 0xeb, 0x8d, 0x7d, 0xb8,
    0xd0, 0x1e, 0x20, 0x7, 0x32, 0xd5, 0xc8, 0x27,
    0xf0, 0x0,

    /* U+7269 "物" */
    0x0, 0xff, 0xe3, 0x8f, 0x98, 0x1, 0x3c, 0xc0,
    0x3f, 0x8, 0x6, 0xd3, 0x30, 0x7, 0x9b, 0x0,
    0x39, 0xd9, 0xbc, 0x21, 0xce, 0x40, 0xc2, 0xe0,
    0xd1, 0xb3, 0xb2, 0x40, 0x6b, 0xe1, 0x75, 0x17,
    0x64, 0x80, 0xa0, 0x10, 0x5d, 0xd0, 0x6e, 0x8d,
    0x73, 0x58, 0x40, 0x6, 0x82, 0x60, 0x13, 0x60,
    0xa2, 0x91, 0xc, 0x5, 0x38, 0x3, 0x10, 0x49,
    0x96, 0xb0, 0x80, 0x42, 0x6, 0x1b, 0x86, 0xf0,
    0x9, 0x8e, 0x0, 0x2c, 0xfd, 0x8, 0xdd, 0x2a,
    0x20, 0x5c, 0x44, 0x4, 0xb9, 0xc0, 0xa7, 0x34,
    0x10, 0xc2, 0x1, 0xa4, 0xc0, 0x33, 0x83, 0x94,
    0x1, 0x98, 0x3, 0xf9, 0xe2, 0x84, 0x38, 0x40,
    0x3e, 0x1c, 0x8b, 0x4a, 0xb7, 0xb0, 0xc, 0x20,
    0x1, 0x9d, 0x40, 0xd3, 0xb7, 0x0,

    /* U+7279 "特" */
    0x0, 0x93, 0xc0, 0x3b, 0x94, 0x3, 0xe7, 0x0,
    0x84, 0x88, 0x66, 0x22, 0x8, 0x1, 0xe8, 0x4,
    0x0, 0xd9, 0x82, 0x8c, 0xc4, 0x80, 0x34, 0x80,
    0x2, 0xf, 0xdc, 0x2a, 0xee, 0x40, 0x1, 0xdb,
    0x7, 0xa0, 0x3, 0xf8, 0x4b, 0xb0, 0x7e, 0x3f,
    0xe2, 0xbf, 0xf9, 0x8d, 0x80, 0x3b, 0xbf, 0xf0,
    0xdf, 0x31, 0x48, 0x0, 0x5d, 0x84, 0x3, 0x9c,
    0x40, 0x25, 0x80, 0xc5, 0xef, 0xfc, 0x39, 0xe8,
    0x3f, 0x62, 0x2b, 0x3f, 0xee, 0xc3, 0x7c, 0x83,
    0x7d, 0x20, 0x10, 0xd1, 0x8, 0x81, 0xc4, 0x0,
    0x80, 0x1f, 0x50, 0x7, 0xff, 0xb, 0xc4, 0x3,
    0xfc, 0x20, 0x12, 0x42, 0xb8, 0x80, 0x79, 0xc0,
    0x3c, 0x52, 0xc6, 0x1, 0xc9, 0xe0, 0x1c, 0xfd,
    0x20, 0x10,

    /* U+72B6 "状" */
    0x0, 0xdc, 0xc0, 0x12, 0xc0, 0x7, 0xf1, 0x80,
    0x6d, 0x60, 0x80, 0x8, 0x58, 0x3, 0xf1, 0x1,
    0xe0, 0x0, 0xe1, 0x80, 0x3d, 0xe0, 0xb, 0x73,
    0x2, 0xa9, 0x10, 0x0, 0x8d, 0xe0, 0x22, 0xa1,
    0x0, 0x26, 0x8, 0x3, 0x7b, 0x8e, 0x7d, 0xd6,
    0x0, 0x46, 0x6, 0x19, 0xfe, 0x60, 0xff, 0xb8,
    0x3, 0x40, 0x80, 0x65, 0x3, 0x0, 0xf3, 0x30,
    0x40, 0x31, 0x95, 0x80, 0x73, 0x4e, 0x98, 0x4,
    0x83, 0x6a, 0x1, 0x8a, 0x64, 0x60, 0x1b, 0xdd,
    0xc4, 0x80, 0x11, 0x6b, 0x0, 0x64, 0x45, 0xb,
    0x48, 0x6, 0x20, 0x1, 0x80, 0xca, 0x98, 0x49,
    0xe0, 0x80, 0x7b, 0xb4, 0xec, 0x2, 0xa3, 0xc0,
    0xf, 0x8, 0x68, 0x80, 0x49, 0x7c, 0x0,

    /* U+72D7 "狗" */
    0x0, 0xfe, 0x30, 0xf, 0x86, 0x0, 0x13, 0x60,
    0xb8, 0x40, 0x1e, 0x27, 0x97, 0x6e, 0x9, 0x62,
    0x0, 0xf1, 0xe3, 0x4e, 0x2b, 0x1b, 0x7f, 0xf0,
    0x80, 0x28, 0x0, 0x65, 0x2d, 0xdd, 0xac, 0x0,
    0x3a, 0x98, 0x29, 0x85, 0x22, 0x39, 0x80, 0x45,
    0x5a, 0x64, 0x49, 0x8c, 0xcc, 0x2, 0x1, 0x38,
    0x19, 0x7b, 0xb1, 0xc5, 0x18, 0x7, 0x87, 0x40,
    0xc0, 0x2, 0x88, 0x0, 0xf0, 0xe2, 0xc0, 0x80,
    0x7c, 0xe2, 0x0, 0xf6, 0xb0, 0x70, 0x0, 0xef,
    0x80, 0x4, 0x2, 0xab, 0x0, 0x38, 0x5, 0xd0,
    0x1, 0xe4, 0x0, 0x69, 0x0, 0xb1, 0xad, 0x81,
    0x98, 0x2, 0x39, 0x5d, 0x2, 0x90, 0x9, 0x69,
    0x80, 0x2d, 0x78, 0x40, 0xe, 0x2a, 0x2f, 0x0,
    0xb3, 0x9c, 0x3, 0xcd, 0xdc, 0x40,

    /* U+72EC "独" */
    0x0, 0xe2, 0x0, 0x97, 0xc0, 0x3d, 0x16, 0x13,
    0x82, 0x0, 0x10, 0xf, 0xa9, 0xb5, 0xb4, 0x40,
    0x21, 0x0, 0xf1, 0x21, 0x49, 0x9b, 0xfd, 0x63,
    0xff, 0x0, 0xa, 0xd1, 0x18, 0x0, 0x1e, 0xb1,
    0xeb, 0x10, 0x8, 0xb3, 0x90, 0x2, 0x10, 0x0,
    0xb8, 0x4, 0x52, 0x2c, 0x22, 0x0, 0xff, 0xe0,
    0xf, 0x1, 0x0, 0x7f, 0xc3, 0xaa, 0x6c, 0x3,
    0xf6, 0x3f, 0x82, 0x0, 0x3c, 0x68, 0x0, 0x87,
    0xa8, 0x7b, 0xa0, 0x1, 0x2d, 0x0, 0x88, 0xac,
    0x44, 0x2, 0x22, 0x0, 0xc, 0x0, 0x9, 0xc5,
    0x40, 0x31, 0x61, 0x80, 0x68, 0x13, 0x22, 0x19,
    0x85, 0x94, 0x68, 0x0, 0x7c, 0xf0, 0x5b, 0xb5,
    0xaf, 0xb, 0xb8, 0x0, 0x6f, 0x8c, 0x5b, 0xfd,
    0x95, 0xd, 0x16, 0x0,

    /* U+7387 "率" */
    0x0, 0xf9, 0x58, 0x3, 0xf8, 0x84, 0x76, 0xc0,
    0x8f, 0x80, 0x5, 0xf9, 0xbb, 0x29, 0x6e, 0xec,
    0xb0, 0x1, 0x4f, 0xe6, 0x2c, 0xf7, 0xb3, 0x2a,
    0xa0, 0x5, 0x9a, 0xad, 0x58, 0x5b, 0x5, 0xb8,
    0x40, 0x14, 0x5a, 0x49, 0x6e, 0x3c, 0x1a, 0xd9,
    0x0, 0x64, 0x3c, 0xd2, 0x7b, 0x41, 0xf0, 0xe,
    0x3d, 0xb1, 0xea, 0x84, 0xa3, 0xac, 0x10, 0x3,
    0x65, 0xce, 0x9c, 0xfd, 0x84, 0xeb, 0xc8, 0x1,
    0xb1, 0x83, 0x7e, 0x4f, 0x31, 0x1, 0x70, 0x5,
    0xdc, 0xdd, 0x7e, 0xc9, 0xef, 0xfb, 0x75, 0xc6,
    0x59, 0x9e, 0x63, 0xcc, 0xf1, 0x81, 0x8, 0xf7,
    0x80, 0x8f, 0x10, 0x7, 0xff, 0x33, 0xc4, 0x3,
    0xe0,

    /* U+73AF "环" */
    0x0, 0xff, 0xe2, 0xf, 0xff, 0x47, 0xff, 0xe0,
    0x1f, 0xf0, 0xe7, 0xc7, 0x74, 0x8d, 0xdd, 0x0,
    0x7e, 0x11, 0x93, 0x44, 0x60, 0x1, 0x10, 0x1c,
    0x80, 0x23, 0x4, 0x0, 0xec, 0xc0, 0xd6, 0x10,
    0x2, 0x80, 0xa0, 0x3, 0x77, 0x7, 0x78, 0x80,
    0x58, 0x5, 0xd4, 0x3, 0xfd, 0x2, 0x7, 0x16,
    0x20, 0x1f, 0x8d, 0xa0, 0x0, 0xe7, 0x40, 0x1d,
    0x5a, 0x7c, 0xea, 0x1, 0x4a, 0x11, 0x23, 0x44,
    0xaf, 0x86, 0x0, 0x32, 0x69, 0x1a, 0x57, 0x5a,
    0x3e, 0x80, 0x78, 0x80, 0x71, 0xc4, 0xa, 0x84,
    0x3, 0xff, 0xaa, 0xe0, 0x1e,

    /* U+73B0 "现" */
    0x5, 0x5e, 0x1e, 0xff, 0xf1, 0x80, 0x3b, 0x95,
    0x32, 0x20, 0xbf, 0xfc, 0x20, 0x15, 0xd8, 0x3f,
    0xc, 0xc0, 0x8, 0x40, 0xf, 0xfe, 0x13, 0x10,
    0x7, 0x8, 0x80, 0x2, 0x1, 0xc4, 0x1, 0xdf,
    0xc1, 0x9c, 0x20, 0x19, 0x80, 0x3b, 0xbc, 0x33,
    0xc4, 0xc0, 0x2, 0x40, 0x1f, 0xfc, 0x14, 0xb,
    0x0, 0xff, 0xa9, 0x75, 0x50, 0x34, 0x80, 0x39,
    0x60, 0xd0, 0xdb, 0x80, 0x6, 0x20, 0x55, 0xa1,
    0xbe, 0x41, 0xd0, 0xc0, 0x12, 0x81, 0x1c, 0xfd,
    0xb9, 0x6b, 0x39, 0x80, 0xe, 0x88, 0x25, 0x0,
    0x11, 0xb7, 0x40, 0x25, 0x7e, 0xe4, 0x1, 0xd1,
    0xec, 0x1, 0x6d, 0xe4, 0x0,

    /* U+73E0 "珠" */
    0x0, 0xfe, 0x2f, 0x30, 0xc, 0x50, 0xef, 0x82,
    0x64, 0x60, 0x20, 0x18, 0x45, 0xb1, 0xdc, 0x7,
    0xe0, 0x1, 0x80, 0x63, 0x99, 0xc, 0xc9, 0x6,
    0x38, 0x3b, 0xfc, 0xc0, 0x1f, 0x42, 0xff, 0x6,
    0xff, 0x30, 0x7, 0x84, 0x24, 0x2, 0x30, 0x10,
    0x1, 0x7e, 0xf, 0xdc, 0x1, 0xa8, 0x29, 0x99,
    0x0, 0xb6, 0xc7, 0xa2, 0x7f, 0xd6, 0x15, 0xfe,
    0x92, 0x2, 0x70, 0x12, 0xdc, 0xa1, 0x0, 0x6e,
    0x69, 0x0, 0x7e, 0xb8, 0x4, 0x80, 0xf, 0xc,
    0xe8, 0x48, 0xb8, 0x43, 0xb0, 0x0, 0x6f, 0x13,
    0x35, 0xdb, 0xc0, 0x7, 0x53, 0x21, 0x16, 0x75,
    0xac, 0xc5, 0x18, 0x4, 0x96, 0x80, 0x7, 0x10,
    0x0, 0xd2, 0x80, 0x46, 0x9, 0xa2,

    /* U+7406 "理" */
    0x2, 0x11, 0x89, 0x3f, 0xfe, 0xd0, 0x5d, 0xee,
    0xb4, 0x7, 0xfc, 0x19, 0xf4, 0x0, 0x5f, 0xc1,
    0xff, 0x0, 0x7f, 0xf1, 0x47, 0xfc, 0x19, 0xf4,
    0x1, 0xfc, 0x3f, 0xe0, 0xcf, 0xa0, 0x1, 0x7e,
    0xf, 0xd0, 0x7, 0xf8, 0xbf, 0x7, 0xe8, 0x7,
    0xb8, 0x1b, 0xd4, 0x1, 0xf9, 0x3b, 0xfc, 0x15,
    0xfd, 0x80, 0x1f, 0x84, 0x60, 0x71, 0x18, 0x3,
    0x8a, 0x5f, 0xfe, 0xc, 0xff, 0x68, 0x0, 0xe8,
    0x7f, 0x9b, 0xbf, 0xc1, 0x7f, 0xec, 0x1, 0xc0,
    0xdd, 0x38, 0x88, 0x2, 0x70, 0x0, 0x80, 0xfc,
    0x90, 0x27, 0xfe, 0xc, 0xff, 0x9c, 0x3, 0x93,
    0xff, 0xf9, 0xc0,

    /* U+751F "生" */
    0x0, 0xfb, 0xdc, 0x3, 0xf2, 0xf9, 0x80, 0x4,
    0x40, 0x1f, 0xb0, 0x8c, 0x3, 0xff, 0x80, 0xe8,
    0x67, 0x7, 0x19, 0xc8, 0x20, 0x5, 0x17, 0xdd,
    0x85, 0xb7, 0x6a, 0x70, 0x4, 0x2f, 0x76, 0x18,
    0xee, 0xcc, 0xc, 0x50, 0x1, 0xff, 0xc0, 0x6e,
    0x24, 0x33, 0x83, 0x8c, 0xc8, 0x40, 0x10, 0x85,
    0x6e, 0xc2, 0xdb, 0xaa, 0x50, 0xe, 0xee, 0xc3,
    0x1d, 0xd3, 0x80, 0x7f, 0xf5, 0x50, 0xcf, 0x83,
    0x8c, 0xf8, 0x82, 0xbb, 0xb8, 0xd7, 0xbb, 0x6a,
    0x0,

    /* U+7528 "用" */
    0x0, 0x2f, 0xff, 0xfc, 0x0, 0x11, 0x7f, 0xd4,
    0x3f, 0xf5, 0x0, 0x7f, 0xf0, 0x84, 0x2, 0x1e,
    0xea, 0xc7, 0xba, 0xb0, 0xc, 0x3d, 0xd5, 0x8f,
    0x75, 0x60, 0x1f, 0xfd, 0x31, 0x17, 0xfd, 0x43,
    0xff, 0x50, 0x4, 0x65, 0xff, 0x50, 0xff, 0xd4,
    0x1, 0x73, 0x80, 0x7f, 0xf0, 0x17, 0x0, 0x3f,
    0xe3, 0x27, 0x0, 0xc2, 0x0, 0x3d, 0x30, 0xf5,
    0x10, 0xc, 0x40, 0x8, 0x7b, 0xd, 0xb0, 0xc,
    0xba, 0x0, 0xaf, 0x60,

    /* U+7531 "由" */
    0x0, 0xf6, 0xb0, 0x7, 0xff, 0x0, 0x4c, 0x3,
    0xff, 0x90, 0x28, 0x9c, 0x3a, 0x89, 0xc0, 0x57,
    0xff, 0x89, 0x7f, 0xe8, 0xb1, 0x0, 0x5d, 0xe3,
    0x8b, 0xbb, 0xc0, 0x3f, 0xfa, 0x9f, 0xf8, 0xeb,
    0xfe, 0xc0, 0xd, 0xff, 0x8e, 0xbf, 0xec, 0x0,
    0xff, 0xea, 0x6e, 0xe3, 0xbd, 0xdb, 0x80, 0x37,
    0xfe, 0xdc, 0xff, 0xa4, 0x0, 0x7c, 0x45, 0xfc,
    0x9e, 0x20,

    /* U+7535 "电" */
    0x0, 0xe5, 0xf0, 0xf, 0xfe, 0x61, 0x16, 0x30,
    0x22, 0xe0, 0x9, 0x77, 0x32, 0x80, 0xcc, 0xda,
    0x1, 0xdf, 0xdc, 0xb0, 0xee, 0xa8, 0x3, 0xff,
    0x93, 0xdf, 0xea, 0xf, 0xfa, 0xc0, 0x3d, 0xdf,
    0xea, 0xf, 0xfa, 0xc0, 0x3f, 0xf9, 0x28, 0x96,
    0x82, 0x24, 0x60, 0x1e, 0x98, 0x82, 0x84, 0x45,
    0x66, 0x1, 0xd9, 0x94, 0x6, 0x67, 0x0, 0x4b,
    0xe0, 0x1f, 0xe1, 0xe3, 0x0, 0xe6, 0x5, 0x22,
    0xd2, 0x24, 0x1, 0xc6, 0x97, 0xbb, 0x99, 0xc4,

    /* U+753B "画" */
    0x0, 0xff, 0xe1, 0x1f, 0xff, 0xff, 0x3, 0x8f,
    0xff, 0xff, 0x81, 0xc0, 0x11, 0x5d, 0xfc, 0x1,
    0xe1, 0x48, 0xd4, 0x8d, 0x50, 0x9, 0x28, 0x0,
    0x26, 0xa2, 0x6a, 0x0, 0x4c, 0x17, 0x0, 0x85,
    0xc0, 0x5c, 0x0, 0x24, 0x1, 0x87, 0xe8, 0x7e,
    0x80, 0x3f, 0xf, 0x68, 0xf6, 0x80, 0x7f, 0xf0,
    0x84, 0x3, 0xce, 0x3f, 0x83, 0xf8, 0x1, 0xf2,
    0x7f, 0xfc, 0x1, 0x8a, 0xef, 0xfd, 0x20, 0x99,
    0x11, 0xfe, 0xb0, 0x13, 0x3f, 0xf8, 0x84,

    /* U+754C "界" */
    0x0, 0x2f, 0x77, 0xf9, 0x80, 0x3d, 0xdd, 0x50,
    0x77, 0x46, 0x1, 0xf1, 0x16, 0x2, 0x28, 0xc0,
    0x3c, 0x33, 0x35, 0xc, 0xcc, 0x20, 0x1e, 0x1b,
    0xba, 0x6, 0xee, 0x20, 0xf, 0xbb, 0xaa, 0xe,
    0xe8, 0xc0, 0x39, 0x7b, 0xb4, 0xb7, 0x76, 0x60,
    0xf, 0xd5, 0xc, 0xe0, 0x1f, 0xe5, 0xe7, 0xcc,
    0x4e, 0xa0, 0x7, 0x1c, 0x74, 0x4e, 0x99, 0x78,
    0xde, 0xb9, 0x80, 0x28, 0xef, 0x60, 0xc0, 0x2,
    0x6e, 0xb3, 0xa0, 0x9, 0xb5, 0x20, 0x30, 0x8,
    0x76, 0x3b, 0xc0, 0x39, 0x48, 0x3, 0xf0, 0x80,
    0x65, 0x89, 0x0, 0xff, 0xe0, 0x15, 0x4a, 0x0,
    0x61, 0x0, 0xf8, 0xb9, 0x80, 0x3b, 0xd4, 0x3,
    0x0,

    /* U+7559 "留" */
    0x1, 0x25, 0x99, 0x0, 0x7e, 0x5e, 0xd8, 0x3e,
    0x1e, 0xff, 0xed, 0x0, 0x7e, 0xfb, 0x8f, 0xf0,
    0x67, 0xbb, 0x0, 0x68, 0x90, 0x14, 0x3, 0x2,
    0x20, 0x0, 0xe8, 0x19, 0xa, 0xe0, 0x4d, 0xfb,
    0x3, 0x73, 0x74, 0x18, 0x8e, 0x98, 0x6b, 0x51,
    0xcc, 0x4, 0x97, 0x40, 0xb9, 0xc4, 0x7f, 0xfe,
    0xaf, 0xfb, 0x38, 0x2, 0x3f, 0xfa, 0xc7, 0xfe,
    0xa0, 0xf, 0xfe, 0x31, 0xff, 0xd6, 0x3f, 0xf5,
    0x0, 0x63, 0xff, 0xac, 0x7f, 0xea, 0x0, 0xc7,
    0xbb, 0x50, 0xee, 0xd6, 0x1, 0x8f, 0xfe, 0xcd,
    0xff, 0xa0, 0x40, 0x31, 0x17, 0xe3, 0x0, 0x0,

    /* U+7565 "略" */
    0x0, 0xfc, 0x36, 0x80, 0x1e, 0x11, 0xe0, 0x3,
    0xa3, 0x88, 0xc0, 0x17, 0x67, 0x67, 0x28, 0x58,
    0xf6, 0x7f, 0x0, 0x6f, 0x1f, 0x31, 0x62, 0x5d,
    0xd2, 0xb8, 0x4, 0x20, 0x1b, 0x25, 0xd5, 0x15,
    0x50, 0x1, 0xfb, 0x66, 0x2e, 0xa9, 0xa0, 0x1d,
    0xa3, 0xa6, 0x2c, 0x1a, 0x22, 0x60, 0xe, 0xd1,
    0xd3, 0x16, 0xd5, 0xc6, 0xad, 0x92, 0x0, 0xf6,
    0xca, 0x79, 0x4d, 0xb2, 0x10, 0x7, 0xb3, 0xdf,
    0x3f, 0xd4, 0xba, 0x1, 0x20, 0xa0, 0x80, 0xe,
    0xbb, 0x94, 0x60, 0x10, 0xfb, 0xf1, 0x88, 0x7,
    0xfd, 0x71, 0x6, 0x60, 0x2, 0xbb, 0x94, 0x1,
    0xbc, 0x80, 0x10, 0x60, 0x8, 0xcc, 0x40, 0x7,
    0xfc, 0x64, 0x58, 0xc0, 0x3f, 0xdc, 0x80, 0x4,
    0xe0, 0x0,

    /* U+7591 "疑" */
    0x0, 0xff, 0xe2, 0xaf, 0x1, 0x3b, 0x7, 0xff,
    0x68, 0x80, 0x4, 0x59, 0x1e, 0x0, 0xfd, 0xfb,
    0x2c, 0x10, 0x8, 0x72, 0xaf, 0xc0, 0x72, 0xe7,
    0xc4, 0x2, 0x61, 0xff, 0x67, 0x0, 0xf8, 0x10,
    0x80, 0x62, 0xaf, 0xf9, 0xc9, 0xdb, 0x9, 0x1d,
    0xc0, 0x5, 0xa5, 0x44, 0x18, 0xde, 0x59, 0x64,
    0xd8, 0x2, 0x4e, 0x6b, 0x90, 0xf2, 0xe4, 0xed,
    0x6c, 0x6, 0xf2, 0xd6, 0x9c, 0x35, 0x0, 0x2b,
    0x70, 0x68, 0xf8, 0x4f, 0xf0, 0x93, 0x1, 0xff,
    0x90, 0x1f, 0xb8, 0x2d, 0xdc, 0x30, 0x8, 0xff,
    0xc8, 0x0, 0x16, 0x34, 0xa0, 0x40, 0xb0, 0xf,
    0x92, 0x3b, 0x5d, 0x22, 0x52, 0xc0, 0x39, 0x2e,
    0x4c, 0x33, 0xd5, 0xb1, 0xf, 0xae, 0xc8, 0x8c,
    0x60, 0x0, 0x95, 0x0, 0xd7, 0x56, 0x9a, 0x80,

    /* U+767D "白" */
    0x0, 0xcd, 0x0, 0x1f, 0xf5, 0x10, 0x7, 0xc2,
    0x66, 0x53, 0xf3, 0x3f, 0x3, 0xe7, 0x41, 0x47,
    0x76, 0xdc, 0x13, 0x1d, 0xdf, 0xe0, 0x10, 0xf,
    0xfe, 0x18, 0x8f, 0xe7, 0x0, 0x87, 0xbb, 0xf5,
    0x80, 0x43, 0xdd, 0xfa, 0xc0, 0x30, 0x8f, 0xe7,
    0x0, 0xff, 0xe2, 0x99, 0xfe, 0x50, 0x8, 0x77,
    0x7f, 0x40, 0x0, 0xc7, 0xbb, 0xf6, 0x80, 0xb7,
    0x80, 0x7e, 0x3f, 0x10,

    /* U+767E "百" */
    0x0, 0xff, 0xe1, 0x7f, 0xff, 0xf0, 0x7b, 0xff,
    0xc1, 0x7f, 0xfd, 0xc0, 0x1c, 0x82, 0x80, 0x1f,
    0x16, 0xed, 0x43, 0xbb, 0xc6, 0x1, 0x17, 0x7e,
    0x6f, 0xfe, 0x20, 0xe, 0x22, 0xfc, 0x1, 0xff,
    0xc8, 0xef, 0xff, 0x80, 0x3d, 0xbd, 0xdf, 0x0,
    0x78, 0xc4, 0x7e, 0x0, 0xff, 0xe4, 0x77, 0xff,
    0xc0, 0x1e, 0xee, 0xfc, 0x1, 0xf0, 0x8f, 0xde,
    0x60,

    /* U+7684 "的" */
    0x0, 0xff, 0xe2, 0xe, 0x10, 0x4, 0x58, 0x60,
    0x1c, 0xa6, 0x40, 0x12, 0x19, 0x80, 0x38, 0x94,
    0x3, 0x52, 0x99, 0xe4, 0xf9, 0x5f, 0xf2, 0x11,
    0xa6, 0xeb, 0x30, 0x3, 0xdd, 0x8, 0x41, 0xf7,
    0x58, 0x1, 0x8, 0xc1, 0x8b, 0xe0, 0x18, 0x40,
    0x3d, 0xb4, 0xec, 0x0, 0x70, 0x0, 0xf7, 0x42,
    0x25, 0x29, 0x10, 0x1, 0x80, 0xe6, 0x42, 0x0,
    0x61, 0x60, 0xe, 0x22, 0x80, 0x33, 0x50, 0x8,
    0x80, 0x3f, 0xa7, 0x0, 0xdc, 0x0, 0x23, 0x0,
    0x61, 0x10, 0x8, 0x80, 0x7b, 0xa1, 0x0, 0xf6,
    0x90, 0x8b, 0xfe, 0x20, 0x9, 0x33, 0x9e, 0x97,
    0x80, 0x2d, 0x40, 0x2, 0x56, 0xe8, 0x80,

    /* U+76CA "益" */
    0x0, 0xff, 0xe4, 0x2e, 0x80, 0x6b, 0x90, 0xf,
    0xc8, 0x4e, 0x0, 0x24, 0xd0, 0xe, 0x13, 0x23,
    0x71, 0x22, 0x59, 0x31, 0x19, 0x80, 0xf, 0xb9,
    0x86, 0x8c, 0xc3, 0x9e, 0x63, 0x78, 0x0, 0xdd,
    0xd6, 0x7f, 0x73, 0xfd, 0xdd, 0x68, 0x7, 0x26,
    0x60, 0x1, 0x3d, 0x48, 0x1, 0xc3, 0x36, 0xf8,
    0x0, 0x8c, 0x1b, 0xd6, 0x0, 0x37, 0xa6, 0x48,
    0x80, 0x47, 0x78, 0xc0, 0x12, 0x49, 0xe7, 0xff,
    0xd9, 0xcc, 0x0, 0x27, 0xb, 0xf1, 0xcf, 0x2b,
    0xf2, 0x10, 0xf, 0x38, 0x0, 0x40, 0xe, 0x1,
    0xff, 0xc9, 0x13, 0x30, 0x29, 0x83, 0x98, 0x29,
    0x81, 0x18, 0xa6, 0x60, 0x67, 0x6, 0xb0, 0xa7,
    0xa, 0x71, 0xc0,

    /* U+76D1 "监" */
    0x0, 0xff, 0xe4, 0xf3, 0x0, 0x1b, 0x0, 0x3e,
    0xe6, 0x3, 0x30, 0x3, 0x40, 0x3f, 0x19, 0x80,
    0x30, 0xa5, 0x88, 0xc4, 0x1, 0xfc, 0xc1, 0x3f,
    0xee, 0xd0, 0xf, 0xe9, 0x5e, 0xde, 0xff, 0x0,
    0x7e, 0x61, 0x85, 0xc4, 0x0, 0xe3, 0x0, 0x8e,
    0x98, 0x96, 0x2c, 0xc0, 0x34, 0x38, 0x31, 0xe4,
    0x80, 0x1e, 0x0, 0x39, 0x44, 0xe1, 0x8c, 0xf9,
    0x8, 0x3, 0x6e, 0xd9, 0x8d, 0xd6, 0x6e, 0xb1,
    0xc0, 0x31, 0xdf, 0x2b, 0x77, 0x3, 0x38, 0x8c,
    0x3, 0xff, 0x8c, 0x22, 0x0, 0xff, 0x8c, 0x82,
    0x38, 0xab, 0xd5, 0xbf, 0xc1, 0xbe, 0x53, 0xa1,
    0x1f, 0xff, 0xfc, 0xe, 0xe0, 0x0,

    /* U+76D6 "盖" */
    0x0, 0xff, 0x8, 0x7, 0xfb, 0x24, 0x0, 0x9c,
    0x40, 0x1f, 0xd2, 0x60, 0xf, 0x62, 0x0, 0xe5,
    0xff, 0xa9, 0x7f, 0xc8, 0xdf, 0xf2, 0x0, 0x17,
    0xbf, 0xf4, 0x27, 0xfe, 0xe4, 0x0, 0xc6, 0x7b,
    0xdc, 0xce, 0x40, 0xe, 0x2f, 0xfc, 0xa7, 0xff,
    0x4a, 0x80, 0x63, 0xcc, 0xd4, 0x99, 0x96, 0xa8,
    0x80, 0x2b, 0xbb, 0xa5, 0x7b, 0xb7, 0xe8, 0x2,
    0xbb, 0xbf, 0xf8, 0x18, 0x1, 0x2f, 0xff, 0xf9,
    0x80, 0x30, 0x8b, 0xfc, 0x15, 0xe3, 0x7e, 0x40,
    0x1f, 0xe1, 0x0, 0xfe, 0x21, 0x1, 0x10, 0x8,
    0x80, 0x2, 0x0, 0x11, 0x26, 0xd0, 0xf7, 0x2,
    0xb8, 0x6f, 0x8a, 0x79, 0xc0,

    /* U+76D8 "盘" */
    0x0, 0xf0, 0x90, 0x7, 0xff, 0x9, 0xb0, 0x3,
    0xfe, 0x1c, 0xc4, 0x86, 0x67, 0x0, 0x78, 0x4e,
    0xea, 0x65, 0x10, 0xa3, 0x0, 0xfc, 0x69, 0xb0,
    0xc8, 0xa2, 0x1, 0x88, 0xa0, 0x11, 0x5a, 0x0,
    0xb8, 0x9, 0x0, 0x33, 0x74, 0x15, 0xdc, 0x6d,
    0xeb, 0x1e, 0xd4, 0xe, 0xfc, 0xf, 0xea, 0xff,
    0xac, 0xbf, 0xc8, 0x1, 0x42, 0x1, 0x5e, 0x8,
    0x8, 0x7, 0xa1, 0x20, 0xf, 0xac, 0x72, 0x9c,
    0x3, 0xa9, 0x9d, 0x12, 0x34, 0x44, 0x71, 0x80,
    0x64, 0x6f, 0xf5, 0xff, 0xad, 0x32, 0x78, 0x3,
    0x18, 0xdd, 0x82, 0xac, 0x7a, 0xe8, 0x40, 0x21,
    0x30, 0x11, 0x1, 0x88, 0x8, 0x80, 0x2, 0x9,
    0xd2, 0x3d, 0xc0, 0xde, 0x1c, 0xe8, 0x3e, 0x70,

    /* U+76EE "目" */
    0x5f, 0xff, 0xf3, 0x0, 0x3f, 0xff, 0x0, 0x7f,
    0xf1, 0x11, 0x3f, 0x0, 0x6f, 0xff, 0xc0, 0x1a,
    0xef, 0xf0, 0x7, 0xff, 0x13, 0xbb, 0xf0, 0x6,
    0xff, 0xfc, 0x1, 0x84, 0x7f, 0x0, 0x7f, 0xf1,
    0x3f, 0xff, 0x0, 0x43, 0xff, 0xf8, 0x0,

    /* U+76F4 "直" */
    0x0, 0xf8, 0x40, 0x3f, 0x84, 0x84, 0x62, 0xe8,
    0x11, 0xc4, 0x1, 0x5e, 0x7f, 0xd8, 0xd, 0xff,
    0xb0, 0xc0, 0x15, 0xdd, 0xb4, 0x3b, 0xbc, 0x60,
    0x1b, 0x3f, 0xd8, 0x1f, 0xf9, 0xc0, 0x3e, 0x9f,
    0xff, 0x20, 0x7, 0xe8, 0xcc, 0xf2, 0x0, 0x7e,
    0x9e, 0xef, 0x18, 0x7, 0xea, 0xee, 0xf1, 0x80,
    0x7e, 0xae, 0xef, 0x18, 0x7, 0xef, 0x11, 0xf0,
    0x7, 0xf2, 0xff, 0xf8, 0xc0, 0x38, 0xc8, 0x57,
    0xbb, 0xc7, 0xe4, 0x60, 0x5b, 0x86, 0xd9, 0x9e,
    0x26, 0xcd, 0x30,

    /* U+76F8 "相" */
    0x0, 0x97, 0xc0, 0x3f, 0xf8, 0x42, 0x0, 0x4f,
    0xff, 0x80, 0x3e, 0x70, 0xee, 0xd6, 0x0, 0x67,
    0xc1, 0x67, 0x60, 0x11, 0xc0, 0x21, 0xf8, 0xe1,
    0xb8, 0x60, 0x1f, 0xa6, 0xc8, 0x6e, 0xca, 0x1f,
    0xfa, 0xc0, 0x21, 0x30, 0x71, 0x0, 0x7f, 0xeb,
    0x0, 0xa4, 0x1, 0xba, 0x70, 0xf, 0xe6, 0x60,
    0x53, 0x90, 0x7f, 0xeb, 0x0, 0x49, 0x60, 0x2,
    0xd4, 0x3b, 0xb5, 0x0, 0xf, 0xc0, 0x3c, 0x23,
    0xc0, 0xa, 0x30, 0xf, 0xfe, 0x4f, 0xfe, 0xb1,
    0x0, 0xc2, 0x0, 0x70, 0xee, 0xd4, 0x1, 0x97,
    0x80, 0x9, 0xc2, 0x39, 0x7c,

    /* U+7701 "省" */
    0x0, 0xfb, 0x98, 0x3, 0xfe, 0x62, 0x0, 0xea,
    0x40, 0xf, 0x2c, 0xb8, 0x18, 0x5, 0x97, 0x0,
    0x1a, 0x2a, 0x8a, 0x1, 0x9f, 0xf1, 0xa8, 0x0,
    0x8b, 0x8a, 0x1, 0x6f, 0x56, 0x1e, 0x48, 0x1,
    0x34, 0xc1, 0x2c, 0x86, 0xb5, 0x40, 0x8c, 0x0,
    0x6d, 0x5f, 0x68, 0x9, 0x5d, 0xd2, 0x0, 0x5d,
    0x22, 0x2e, 0xeb, 0xff, 0x0, 0x77, 0xfc, 0x6,
    0x7f, 0x0, 0x71, 0x0, 0x7, 0xbb, 0xe1, 0x0,
    0xf8, 0x73, 0x3e, 0x10, 0xf, 0x87, 0xff, 0xe1,
    0x0, 0xf8, 0x7f, 0xfe, 0x10, 0xf, 0x87, 0xff,
    0xe1, 0x0, 0xf0, 0x8b, 0xff, 0xe1, 0x10, 0x7,
    0x2f, 0x0, 0x7d, 0xca, 0x0,

    /* U+770B "看" */
    0x0, 0xfc, 0x24, 0x8d, 0x10, 0x0, 0x87, 0x75,
    0xdc, 0xff, 0xd1, 0xa4, 0x22, 0x0, 0xf, 0x4e,
    0xe4, 0x8f, 0x6e, 0x5d, 0xa4, 0x40, 0x27, 0xad,
    0xc9, 0x1e, 0xed, 0xf2, 0x1, 0x93, 0xba, 0x1b,
    0xee, 0xe9, 0x10, 0x2f, 0xfe, 0x1b, 0xff, 0xf7,
    0x21, 0x7f, 0xdc, 0x33, 0xff, 0xf9, 0x0, 0x21,
    0xc1, 0x9f, 0xff, 0x38, 0x6, 0x2c, 0x25, 0xff,
    0xf1, 0x80, 0x67, 0xd7, 0x65, 0xff, 0xf1, 0x80,
    0x43, 0x51, 0x40, 0xbf, 0xfe, 0x30, 0x8, 0x75,
    0xc0, 0xb, 0xdd, 0xe3, 0x0, 0xfc, 0xbd, 0xde,
    0x30, 0xf, 0xcb, 0xff, 0xe3, 0x0, 0xfc, 0xbf,
    0xfe, 0x30, 0x8,

    /* U+771F "真" */
    0x0, 0xff, 0xe5, 0xd5, 0x80, 0x7e, 0x5d, 0xcc,
    0xc8, 0xb9, 0x9b, 0x50, 0x0, 0xb9, 0xbb, 0x82,
    0x37, 0x76, 0x20, 0x4, 0x29, 0x99, 0xc, 0x66,
    0x52, 0x20, 0x1e, 0x3c, 0xc7, 0x7e, 0x61, 0x84,
    0x3, 0xe1, 0xee, 0xf2, 0x0, 0x7e, 0x1d, 0xdf,
    0x20, 0x7, 0xe1, 0xdd, 0xf2, 0x0, 0x7f, 0x4c,
    0xf8, 0xc0, 0x3f, 0xf9, 0x3f, 0xd6, 0x11, 0x1e,
    0x36, 0xee, 0x10, 0x66, 0x5b, 0x35, 0x99, 0x35,
    0xee, 0x69, 0x1, 0x93, 0x74, 0x19, 0x10, 0xa,
    0xf9, 0xcc, 0x0, 0x5d, 0x15, 0xee, 0x0, 0x2a,
    0xe5, 0xa3, 0x0, 0x17, 0xe3, 0x0, 0x78, 0x67,
    0x8c, 0x0,

    /* U+7720 "眠" */
    0x1f, 0xfc, 0x8d, 0xff, 0xf0, 0x0, 0x43, 0xbc,
    0x5c, 0xcb, 0xff, 0x68, 0x7, 0xe1, 0x0, 0xff,
    0xe0, 0x55, 0x88, 0x0, 0xb7, 0x5f, 0xbe, 0x40,
    0x1a, 0x24, 0x40, 0x5, 0xba, 0xf, 0xdd, 0x0,
    0x62, 0x20, 0x7, 0x89, 0x80, 0x3d, 0xb8, 0x20,
    0x2, 0xcc, 0x14, 0xe6, 0x2c, 0x2, 0x8f, 0x10,
    0x0, 0xff, 0x91, 0x1f, 0xf0, 0x4, 0xa6, 0x1,
    0x19, 0xda, 0x46, 0x64, 0x0, 0x8c, 0x40, 0x3c,
    0x88, 0x10, 0xe, 0xde, 0x11, 0x0, 0x54, 0x66,
    0x60, 0x10, 0x10, 0xef, 0x37, 0x33, 0x63, 0x84,
    0x40, 0xfd, 0x6, 0x44, 0x31, 0x2c, 0x57, 0x45,
    0x1b, 0x5, 0x81, 0x80, 0x34, 0xcc, 0x1, 0x4c,
    0xac, 0x80,

    /* U+77AC "瞬" */
    0x0, 0xff, 0x84, 0xd5, 0x40, 0x9f, 0xf8, 0x23,
    0xfe, 0xec, 0xe9, 0xf0, 0x71, 0xfd, 0x0, 0x4b,
    0x7f, 0x16, 0x6a, 0x98, 0x4, 0x22, 0x0, 0xa,
    0x28, 0x82, 0xb, 0x50, 0x0, 0x77, 0xc0, 0x70,
    0x27, 0x2, 0x70, 0x3e, 0x0, 0x73, 0x80, 0xcd,
    0xdd, 0xdf, 0xaa, 0x40, 0x1c, 0x58, 0x84, 0x58,
    0x2a, 0xe4, 0x7, 0x7c, 0x0, 0xd0, 0x86, 0x48,
    0x87, 0x12, 0x0, 0x4d, 0x80, 0x38, 0xbb, 0x17,
    0xe8, 0x21, 0x40, 0x51, 0x0, 0x69, 0xf0, 0x5,
    0xbe, 0x36, 0x80, 0x35, 0x0, 0x8f, 0x30, 0x44,
    0xc0, 0xf, 0x7e, 0x3, 0xc6, 0x2d, 0x72, 0xe0,
    0xfd, 0x80, 0xab, 0x40, 0x3, 0x9, 0xe7, 0xf0,
    0x7e, 0x86, 0x40, 0xe, 0x36, 0x9e, 0x1, 0xe1,
    0x27, 0x0, 0x99, 0x70, 0x80, 0x27, 0x0, 0xfc,
    0xfc, 0x60, 0x19, 0x38, 0x0,

    /* U+77E2 "矢" */
    0x0, 0x84, 0x3, 0xff, 0x85, 0x54, 0x0, 0xff,
    0xe0, 0xa7, 0x80, 0x7f, 0xf0, 0x18, 0x27, 0x33,
    0xe8, 0x0, 0xd6, 0xff, 0xeb, 0x3f, 0xfd, 0x40,
    0x12, 0x94, 0x19, 0x88, 0x4c, 0xf1, 0x0, 0x5c,
    0xe0, 0x11, 0x98, 0x3, 0xf5, 0xc0, 0x4, 0x2c,
    0x1, 0xf4, 0xff, 0xf4, 0x27, 0xff, 0x70, 0x46,
    0xf7, 0x5a, 0x21, 0x1d, 0xd6, 0xe0, 0x9, 0x8,
    0xc8, 0x31, 0x22, 0x31, 0x10, 0x3, 0x8a, 0x25,
    0xca, 0x80, 0x3f, 0x17, 0xa3, 0x6, 0xa5, 0x90,
    0x7, 0x46, 0xbd, 0x0, 0x7, 0x1b, 0x69, 0x1,
    0x7d, 0xe6, 0x80, 0x31, 0x6b, 0xac, 0x8a, 0xbf,
    0x30, 0x7, 0xd1, 0xde, 0x20,

    /* U+77E5 "知" */
    0x0, 0x41, 0x80, 0x7f, 0xc2, 0xe0, 0x1f, 0xfc,
    0x7, 0x22, 0x8, 0x88, 0x6a, 0xbc, 0x14, 0x5d,
    0xd6, 0x9a, 0xef, 0xf8, 0x94, 0xcd, 0xb8, 0x1f,
    0xe2, 0x4, 0x55, 0x68, 0xa3, 0x93, 0x80, 0x7f,
    0x9a, 0x44, 0x84, 0x70, 0x7, 0xbf, 0xb9, 0x23,
    0xdc, 0x90, 0xf, 0x77, 0xf9, 0x5b, 0xfd, 0x0,
    0x1f, 0xc8, 0x60, 0x1f, 0xf3, 0xb, 0xd8, 0x4,
    0xc4, 0x43, 0x0, 0xa1, 0xf4, 0x30, 0x1, 0x7f,
    0xe8, 0x0, 0x49, 0xc0, 0x5b, 0x90, 0x6e, 0xd6,
    0x2c, 0xfe, 0x1, 0x59, 0x30, 0x80, 0x12, 0xdb,
    0x8, 0x3, 0xa4, 0x80, 0x2, 0x80,

    /* U+77E9 "矩" */
    0x0, 0x2c, 0x80, 0x7f, 0xf0, 0xbc, 0x80, 0x21,
    0xbb, 0xf6, 0x0, 0x4a, 0x68, 0x90, 0x26, 0x77,
    0x6a, 0x0, 0x30, 0x2d, 0xd5, 0xc, 0x11, 0x57,
    0x30, 0x2, 0x21, 0xc1, 0xdc, 0x20, 0xf, 0xc3,
    0x2e, 0x1, 0xec, 0xff, 0xc6, 0x2, 0xc0, 0x10,
    0x90, 0x3, 0x3f, 0xdc, 0x2, 0xd, 0xdf, 0x81,
    0xda, 0xa0, 0x1f, 0x9b, 0xfd, 0x43, 0xfe, 0x50,
    0xf, 0xfb, 0x4, 0xc0, 0x2c, 0xff, 0x70, 0x7,
    0x9c, 0x70, 0xc0, 0x19, 0xff, 0x88, 0x2, 0x71,
    0xc5, 0xd1, 0x0, 0xfe, 0x48, 0x72, 0xa3, 0x90,
    0x71, 0x1c, 0x42, 0x76, 0x90, 0x0, 0xc9, 0x1a,
    0xff, 0xd8, 0x87, 0x56, 0x1, 0x8, 0xbb, 0xbe,
    0x50,

    /* U+77ED "短" */
    0x0, 0x62, 0x80, 0x7f, 0xf0, 0x48, 0xd8, 0x2,
    0xcf, 0xff, 0x80, 0x8, 0xc, 0xaa, 0x4c, 0xff,
    0xf8, 0x1, 0xa3, 0x15, 0x3a, 0x4, 0x5e, 0x10,
    0x14, 0xde, 0xc, 0x90, 0xdf, 0xfd, 0xb2, 0x3,
    0x86, 0x1, 0xef, 0xdd, 0x97, 0xc0, 0x4, 0xe,
    0x20, 0x20, 0x1f, 0xee, 0xfb, 0x1f, 0xf0, 0x1,
    0xcc, 0xe1, 0x0, 0xbf, 0xce, 0x7f, 0xc0, 0x73,
    0xff, 0x38, 0x80, 0x64, 0x1, 0x0, 0x5f, 0xe6,
    0x21, 0x9c, 0x2, 0x23, 0x6f, 0x40, 0xd8, 0x0,
    0x6b, 0x88, 0x5, 0x29, 0x4d, 0x65, 0x28, 0x42,
    0xd2, 0x1, 0x3a, 0x48, 0x47, 0x19, 0x59, 0xc9,
    0xa8, 0x8d, 0x54, 0x20, 0xb, 0xb9, 0x7c, 0xe7,
    0xdc, 0x81, 0xd5, 0x0, 0x87, 0xff, 0xf4, 0x80,

    /* U+7801 "码" */
    0x0, 0xfc, 0x20, 0x1f, 0xf, 0xff, 0x6c, 0xf7,
    0xfe, 0xb0, 0x0, 0xff, 0x86, 0xff, 0x67, 0x31,
    0xfe, 0x72, 0x0, 0xc2, 0x24, 0x0, 0xa6, 0x80,
    0x5, 0xc0, 0x19, 0xcc, 0x3, 0xf, 0x80, 0x1c,
    0x80, 0x36, 0x8d, 0x51, 0x41, 0x88, 0x0, 0x4c,
    0x1, 0x12, 0x36, 0xe, 0x81, 0x38, 0x8, 0x10,
    0x5, 0x60, 0x6c, 0x5e, 0x21, 0x9f, 0xc1, 0xde,
    0x6, 0xc8, 0x1, 0x87, 0xff, 0xa8, 0x80, 0xa0,
    0x80, 0x31, 0x17, 0x19, 0x8, 0xb, 0x81, 0x21,
    0x7, 0xe6, 0x75, 0xb0, 0x6, 0x7f, 0x5f, 0xde,
    0xed, 0xea, 0x40, 0x19, 0x6e, 0xda, 0x1, 0xe4,
    0xd0, 0xa, 0xe8, 0x15, 0x40, 0x1b, 0x7c, 0xd4,
    0x2, 0x22, 0x0, 0x7d, 0x15, 0xe0, 0x0,

    /* U+7816 "砖" */
    0x0, 0xff, 0x8, 0x7, 0xff, 0x8, 0x79, 0x0,
    0x3b, 0x77, 0xa4, 0x0, 0x40, 0x80, 0x1d, 0xdc,
    0x4, 0xeb, 0x9b, 0xf0, 0xbb, 0x9c, 0x0, 0x66,
    0x2b, 0x32, 0xa8, 0x65, 0x88, 0x94, 0x2, 0x63,
    0x20, 0x1, 0x99, 0xbc, 0xce, 0x20, 0xa, 0xa,
    0xed, 0x1d, 0xa7, 0x7b, 0xb7, 0x8, 0x48, 0xaf,
    0xb8, 0x6d, 0x8e, 0x7f, 0xda, 0x26, 0xc6, 0x48,
    0xde, 0x7c, 0x84, 0x58, 0xc0, 0xed, 0x0, 0x39,
    0x17, 0xbb, 0x20, 0x1, 0x0, 0x3d, 0x9f, 0xde,
    0x6a, 0xa0, 0xc, 0xf8, 0x80, 0x6, 0x0, 0x6b,
    0x58, 0x80, 0x64, 0xe5, 0x2, 0xad, 0xb0, 0xb0,
    0xf, 0x11, 0x21, 0x4b, 0x21, 0x5c, 0x40, 0x3a,
    0x20, 0x6, 0x40, 0x5, 0xf0, 0xf0, 0xf, 0xfe,
    0x8, 0xde, 0x80, 0x40,

    /* U+7834 "破" */
    0x0, 0xff, 0x1f, 0x80, 0x72, 0x27, 0x80, 0x21,
    0x10, 0x7, 0x66, 0xcc, 0xb7, 0x87, 0xb9, 0x83,
    0xdc, 0xd0, 0x4, 0x48, 0xdc, 0xd0, 0x8b, 0x74,
    0x3f, 0x2, 0x1, 0x9, 0xb8, 0x6, 0x21, 0x1,
    0xb, 0x0, 0x98, 0x91, 0x48, 0x3, 0xcc, 0xe0,
    0x1, 0x90, 0xcb, 0x41, 0xe, 0xd1, 0xff, 0x30,
    0x2, 0xc5, 0xe5, 0x40, 0xc1, 0x99, 0xfe, 0x12,
    0x3, 0x47, 0x0, 0xc2, 0x18, 0xa0, 0x42, 0xa0,
    0x7f, 0xe0, 0xc, 0xc2, 0x86, 0x28, 0x62, 0x0,
    0x10, 0x0, 0x80, 0x9, 0x45, 0x26, 0xe8, 0x3,
    0x97, 0xd0, 0x2f, 0x2, 0x1c, 0x18, 0x3, 0x97,
    0xa3, 0x8d, 0x42, 0x88, 0xd4, 0x3, 0x1f, 0x83,
    0xaa, 0x9f, 0x4b, 0x6a, 0xf0, 0xc0, 0x8, 0xa0,
    0xc, 0xb4, 0xab, 0x4, 0xfb, 0x30,

    /* U+786C "硬" */
    0x0, 0xff, 0xe2, 0xd5, 0xde, 0x6f, 0xff, 0xa4,
    0x1, 0x30, 0x9b, 0xed, 0xff, 0xe, 0xff, 0xa4,
    0x0, 0x60, 0x2c, 0x81, 0xff, 0xe, 0xff, 0x88,
    0x2, 0xa7, 0x0, 0xdb, 0xe3, 0xbe, 0x20, 0x10,
    0xb1, 0x4c, 0x8c, 0x3, 0xfd, 0x60, 0x22, 0x77,
    0x7, 0xe8, 0xfe, 0x88, 0x1, 0x54, 0x5f, 0x6,
    0x0, 0xfd, 0x1f, 0xd1, 0x0, 0x2e, 0xb0, 0x7,
    0x6f, 0x8e, 0xf8, 0x80, 0x44, 0x1, 0xdb, 0x9c,
    0x1b, 0xdc, 0x20, 0xd, 0xa8, 0x60, 0xbe, 0x62,
    0x42, 0x20, 0xe, 0x4f, 0x10, 0x76, 0xc7, 0x0,
    0xf9, 0xe6, 0xd9, 0xc0, 0xc1, 0x25, 0x4, 0x3,
    0x42, 0x4, 0xaf, 0x17, 0xee, 0x47, 0x50, 0x4,
    0x82, 0x0, 0x7b, 0xb0, 0x82, 0xe7, 0x58, 0x0,

    /* U+786E "确" */
    0x0, 0xfc, 0x64, 0x1, 0xff, 0xc1, 0xf8, 0x0,
    0xf5, 0xe6, 0x64, 0x41, 0x8d, 0x54, 0x20, 0x8,
    0x81, 0xcf, 0xb5, 0x44, 0x25, 0x48, 0x40, 0x6,
    0x0, 0x53, 0x94, 0x73, 0x51, 0x80, 0xd, 0x8a,
    0x0, 0xd0, 0xcc, 0x48, 0x66, 0x28, 0x0, 0xc0,
    0xee, 0x61, 0xad, 0x1d, 0xd5, 0x38, 0x40, 0x9f,
    0xc0, 0x81, 0x88, 0x8, 0x8c, 0x11, 0xc2, 0xe0,
    0x4, 0x2f, 0x87, 0x3a, 0xc1, 0xd8, 0x40, 0x33,
    0xdf, 0xe, 0x75, 0x81, 0xc8, 0x7, 0x8c, 0x81,
    0x88, 0xc0, 0x33, 0x98, 0x0, 0xaf, 0x86, 0x3a,
    0xc0, 0x34, 0xc0, 0x10, 0xfe, 0xf, 0x64, 0x0,
    0x6e, 0xb4, 0xb2, 0x20, 0x7, 0xe6, 0x30, 0xa7,
    0x90, 0x2, 0x9b, 0x5b, 0x0, 0x20, 0x40, 0x7d,
    0x0, 0x16, 0x29, 0x56,

    /* U+78C1 "磁" */
    0x0, 0xff, 0xe6, 0x60, 0x80, 0x22, 0x40, 0x25,
    0x65, 0x53, 0x0, 0x1e, 0x40, 0xb, 0xe0, 0x16,
    0xe5, 0x76, 0x8, 0xb8, 0x0, 0x86, 0xe2, 0x0,
    0x8b, 0xb, 0xa8, 0xfb, 0x6e, 0xa0, 0xff, 0x20,
    0x1, 0x10, 0x0, 0x9e, 0x4c, 0xee, 0x36, 0x72,
    0x0, 0x3b, 0x40, 0x23, 0x43, 0x1, 0x70, 0xc,
    0x88, 0x9f, 0xb0, 0xa9, 0x75, 0x74, 0x6, 0x0,
    0x48, 0x64, 0x81, 0x3b, 0x59, 0x5f, 0xd5, 0x0,
    0xc4, 0x80, 0x29, 0x28, 0x32, 0x24, 0x3c, 0x1,
    0xe0, 0x6, 0xdb, 0x48, 0x5a, 0xa1, 0x20, 0x7,
    0xcc, 0xc0, 0x60, 0x5f, 0xb1, 0x0, 0xd9, 0x20,
    0x8, 0xbb, 0x18, 0xbf, 0x40, 0x6, 0xcb, 0x35,
    0x52, 0x32, 0x52, 0x92, 0x0, 0x48, 0x49, 0x12,
    0x7a, 0x7a, 0x8c, 0x44, 0x10, 0x4, 0x88, 0x2,
    0x6b, 0xe1, 0xb3, 0x61, 0x4c, 0x3, 0xca, 0xa0,
    0x6c, 0x30, 0x5, 0x10,

    /* U+78E8 "磨" */
    0x0, 0xfc, 0x40, 0x1f, 0xfc, 0x3d, 0x30, 0xf,
    0xd9, 0xdd, 0xc1, 0xbd, 0xdc, 0x20, 0x1, 0xde,
    0xe4, 0xd7, 0xf7, 0x27, 0x3b, 0x82, 0x1, 0x39,
    0x95, 0x61, 0x19, 0x43, 0x91, 0x0, 0x30, 0xcf,
    0x12, 0x2c, 0xf0, 0x5c, 0xb8, 0x4, 0x6d, 0x42,
    0x0, 0x2a, 0x0, 0xbd, 0x40, 0x30, 0xd2, 0x1a,
    0x65, 0x20, 0xdd, 0x30, 0x6, 0x41, 0x91, 0xfe,
    0x8, 0x11, 0x6e, 0x84, 0x0, 0x2b, 0x8d, 0x42,
    0x2c, 0x69, 0x25, 0x81, 0x0, 0x84, 0x40, 0x9,
    0xe0, 0xf, 0xc6, 0x44, 0x66, 0x58, 0x9e, 0xee,
    0x13, 0x0, 0x23, 0x1, 0x61, 0xec, 0x46, 0x2e,
    0x0, 0xac, 0xdb, 0x58, 0xc, 0xfb, 0x80, 0x24,
    0x3b, 0x6b, 0x80, 0xee, 0xe9, 0x0, 0x92, 0xc,
    0x11, 0x83, 0xbb, 0xa4, 0xc0, 0x0,

    /* U+793A "示" */
    0x0, 0xff, 0xe2, 0x7f, 0xff, 0x84, 0x2, 0xde,
    0xef, 0xda, 0x20, 0x11, 0x8, 0xfe, 0x20, 0xf,
    0xfe, 0x25, 0x6e, 0xff, 0xf0, 0x67, 0xbb, 0x94,
    0x7b, 0xba, 0x4c, 0xe0, 0x33, 0x78, 0x19, 0x88,
    0xcc, 0x80, 0x2, 0xc5, 0x0, 0xcd, 0x82, 0x1,
    0xa4, 0xd4, 0x3, 0x30, 0xd0, 0x4, 0xa9, 0xc0,
    0x1e, 0xd5, 0x90, 0x2a, 0x82, 0x0, 0xf0, 0xd3,
    0x2b, 0x9b, 0x80, 0x5e, 0xe0, 0x12, 0x40, 0xae,
    0x0, 0x13, 0xdc, 0xc0, 0x33, 0xa0, 0x6, 0x49,
    0xd8, 0x0, 0xf0,

    /* U+7981 "禁" */
    0x0, 0xc2, 0x20, 0xf, 0xfe, 0x15, 0xc8, 0x6,
    0x99, 0x0, 0x7f, 0xf2, 0x67, 0xfc, 0xaf, 0xf5,
    0xbe, 0xcc, 0xff, 0x48, 0x2, 0x7e, 0xc1, 0xea,
    0x9b, 0x20, 0x9, 0xf9, 0x0, 0x8a, 0x88, 0x96,
    0xe7, 0x8, 0x88, 0x60, 0x9, 0x72, 0xdc, 0xb0,
    0x32, 0xc8, 0x9b, 0x14, 0x0, 0xfb, 0x53, 0xf2,
    0xcb, 0x50, 0x13, 0xcc, 0x0, 0x29, 0x64, 0xb2,
    0xc3, 0xec, 0x8e, 0xc9, 0x80, 0x35, 0xcc, 0xff,
    0x0, 0x66, 0xce, 0xef, 0xf6, 0x30, 0x1, 0x3f,
    0xbf, 0xb9, 0x63, 0xdd, 0xce, 0x0, 0x23, 0xe,
    0x62, 0x10, 0x24, 0xf1, 0x21, 0x0, 0x97, 0x5,
    0x80, 0x32, 0x36, 0x40, 0x5, 0x35, 0x38, 0x49,
    0x82, 0x5, 0x72, 0xec, 0x0, 0xbd, 0x70, 0x4,
    0xb4, 0x0, 0x4d, 0xac, 0x0,

    /* U+79BB "离" */
    0x0, 0xf1, 0x90, 0x7, 0xff, 0x3, 0xec, 0x3,
    0xd5, 0xbb, 0xc4, 0xdb, 0xbe, 0xbc, 0xdd, 0x5f,
    0x73, 0xe5, 0xbb, 0x73, 0x2, 0xb2, 0x3d, 0xfb,
    0x54, 0xd2, 0x39, 0x10, 0x15, 0x1c, 0x50, 0x0,
    0xe1, 0x32, 0x0, 0x61, 0xff, 0x6d, 0x71, 0x20,
    0x7, 0x1e, 0x35, 0xee, 0xb1, 0x6a, 0xc4, 0x0,
    0xbd, 0x99, 0xc, 0xe6, 0x5f, 0x80, 0x1, 0x0,
    0x94, 0xc0, 0x3e, 0x4e, 0xcc, 0xac, 0x67, 0x33,
    0x7c, 0x81, 0x6e, 0xa0, 0x7f, 0x71, 0x37, 0x4c,
    0x1, 0x9a, 0xa8, 0x6, 0x8d, 0x20, 0x1e, 0xf0,
    0xbc, 0x8c, 0x76, 0x10, 0xe, 0xbc, 0xfd, 0xb9,
    0x8d, 0x43, 0x1, 0x0, 0x11, 0x80, 0x71, 0x52,
    0xe2, 0xe8, 0x7, 0xf7, 0xf2, 0x80,

    /* U+79D2 "秒" */
    0x0, 0xe3, 0x10, 0xb, 0x90, 0x3, 0x89, 0x63,
    0x31, 0x20, 0x1f, 0xe5, 0xe1, 0x2f, 0x80, 0x8,
    0xc0, 0x3c, 0xf7, 0x40, 0x1b, 0x4c, 0x1, 0x54,
    0x0, 0x8c, 0xcc, 0x4, 0x43, 0x22, 0x0, 0x25,
    0x58, 0x7, 0x36, 0x87, 0x25, 0x88, 0x40, 0x7,
    0x12, 0x43, 0xfc, 0xa3, 0xd7, 0x8e, 0x1, 0x9e,
    0x88, 0x2, 0x40, 0x55, 0x26, 0x80, 0x69, 0x70,
    0x9, 0x84, 0xe, 0xf1, 0xc0, 0xc1, 0x59, 0x80,
    0x1, 0x84, 0x6, 0x22, 0x0, 0x1d, 0xd2, 0xa8,
    0x0, 0xa0, 0xf0, 0x6, 0x18, 0x2, 0x6c, 0xe0,
    0x0, 0x2b, 0x60, 0x1f, 0x2b, 0xd1, 0x0, 0x7,
    0xd4, 0x3, 0x86, 0x6a, 0x54, 0x3, 0x8, 0x6,
    0x9c, 0xe5, 0xc6, 0x0, 0xf8, 0x44, 0x2, 0xd7,
    0x86, 0x1, 0xc0,

    /* U+79EF "积" */
    0x0, 0xc7, 0x12, 0x1, 0xfe, 0xad, 0xfc, 0x1f,
    0x2f, 0xff, 0x20, 0x2, 0x7b, 0x6, 0x58, 0xc3,
    0xbf, 0xe0, 0x70, 0x1, 0x98, 0x3, 0xc2, 0x1,
    0xf1, 0x99, 0x80, 0xce, 0x0, 0xfc, 0x5b, 0xab,
    0x1d, 0xd3, 0x80, 0x7e, 0x2e, 0xe2, 0xf, 0x71,
    0x0, 0x3f, 0xc2, 0xa0, 0xc0, 0x12, 0x19, 0xc0,
    0xe0, 0x14, 0x88, 0xae, 0x0, 0xa7, 0xba, 0x27,
    0x0, 0x13, 0xc8, 0xf3, 0x86, 0xef, 0x8c, 0x1,
    0xc8, 0x80, 0x3e, 0x15, 0xd0, 0x1d, 0x30, 0x0,
    0xbd, 0x0, 0x42, 0x2b, 0x50, 0x17, 0xe0, 0x0,
    0xd8, 0x80, 0x6b, 0x28, 0x0, 0x51, 0xd0, 0x7,
    0xd0, 0x9a, 0x1, 0xa9, 0x54, 0x1, 0x38, 0x80,
    0xe8, 0x80, 0x64, 0x95,

    /* U+79F0 "称" */
    0x0, 0xe1, 0x20, 0x6, 0x28, 0x7, 0x89, 0x1e,
    0xbb, 0xc0, 0x8c, 0x40, 0x3c, 0xb1, 0x8b, 0x9a,
    0xa, 0x2c, 0x45, 0x80, 0xf, 0x90, 0x26, 0x0,
    0xb1, 0xcc, 0xb7, 0x42, 0x2, 0x27, 0x0, 0x9,
    0x1e, 0xf7, 0x4e, 0x82, 0x19, 0xd6, 0x3f, 0xe9,
    0x32, 0x4d, 0x4, 0xc0, 0x6, 0xf8, 0xf, 0xfa,
    0x7c, 0x0, 0x61, 0x8e, 0x1, 0x20, 0x1, 0x84,
    0x80, 0x3f, 0xdc, 0x81, 0x6e, 0x38, 0xa0, 0x2,
    0xe2, 0x0, 0xa, 0xf0, 0x4f, 0xb8, 0xa8, 0x0,
    0x89, 0x0, 0x8, 0x56, 0x4, 0x8a, 0x70, 0xd,
    0xa, 0x40, 0xf0, 0x1, 0x19, 0xa8, 0x3, 0x21,
    0x40, 0x79, 0x0, 0x4a, 0x86, 0x1, 0xd3, 0x0,
    0x20, 0x19, 0xac, 0x17, 0x4c, 0x0, 0x84, 0x1,
    0x38, 0x80, 0x69, 0x7b, 0x0, 0xf9, 0x3c, 0x3,
    0x67, 0x30, 0x6,

    /* U+79FB "移" */
    0x0, 0xfe, 0x10, 0xf, 0xc4, 0xb1, 0x96, 0x0,
    0xae, 0x0, 0xf6, 0x6d, 0x3b, 0xb0, 0x9, 0x24,
    0x3, 0xd1, 0x34, 0x16, 0xe1, 0x21, 0x3d, 0xcf,
    0x50, 0x2, 0x33, 0x80, 0x52, 0x95, 0x9d, 0x24,
    0xa0, 0x3b, 0x9c, 0x19, 0xba, 0xc3, 0xc8, 0x87,
    0x0, 0x7, 0xf5, 0x3, 0x7d, 0xd, 0xc9, 0xac,
    0xc0, 0x22, 0x14, 0x0, 0x12, 0xcf, 0x12, 0x28,
    0x7, 0x21, 0x86, 0xb4, 0xbc, 0x2b, 0x88, 0x7,
    0x41, 0x85, 0xcc, 0x70, 0xa1, 0x7f, 0xc2, 0xe,
    0x70, 0xf, 0x2b, 0x13, 0x5f, 0xe7, 0x51, 0x14,
    0xc3, 0x0, 0x19, 0x55, 0x9e, 0xc4, 0xf0, 0x3,
    0x8e, 0x1, 0x93, 0x4e, 0x21, 0x92, 0x40, 0x2,
    0x0, 0xf0, 0xa5, 0x8c, 0x30, 0x7, 0xe2, 0xee,
    0x50, 0xf3, 0x0, 0x78, 0xbc, 0xa, 0xb7, 0xa0,
    0x40, 0x30,

    /* U+7A0B "程" */
    0x0, 0xc7, 0x24, 0x1, 0xfe, 0x7d, 0xfc, 0x25,
    0x3f, 0xff, 0x80, 0xb, 0x32, 0x2b, 0x71, 0xe,
    0xed, 0x20, 0x11, 0x21, 0x0, 0x70, 0x8e, 0x1,
    0x0, 0x22, 0xe1, 0xaa, 0x84, 0x2e, 0xf5, 0x8,
    0x3, 0x39, 0x47, 0xbc, 0xa7, 0x77, 0x54, 0x80,
    0x22, 0xd8, 0xae, 0x81, 0x1d, 0xf9, 0x0, 0x22,
    0x40, 0x74, 0x46, 0x7f, 0xbb, 0xfd, 0x86, 0x0,
    0x92, 0x0, 0x52, 0xf7, 0x28, 0x7b, 0xa3, 0x8,
    0x58, 0x7, 0x43, 0x44, 0x18, 0xa2, 0x40, 0x6,
    0xb1, 0x0, 0x50, 0xd4, 0xd0, 0x4c, 0xbc, 0x1,
    0x8a, 0x1, 0x8b, 0xb6, 0x47, 0x75, 0x60, 0x2,
    0x0, 0xe2, 0x28, 0x40, 0x8b, 0x0, 0x78, 0xb7,
    0x6a, 0x1d, 0xdb, 0x80, 0x21, 0x30, 0x2f, 0xff,
    0xd8,

    /* U+7A0D "稍" */
    0x0, 0xc8, 0xa0, 0x20, 0xe, 0x50, 0x21, 0x0,
    0x3d, 0xf5, 0xe1, 0x70, 0x80, 0x6e, 0xa0, 0x7,
    0x60, 0x54, 0x91, 0xc0, 0x18, 0x31, 0x50, 0x2,
    0x5c, 0xc0, 0x28, 0x10, 0x8, 0x68, 0x40, 0x50,
    0xcc, 0x46, 0xb, 0x22, 0x6, 0xca, 0x0, 0x5a,
    0xe1, 0x9d, 0x2c, 0xee, 0x14, 0xf7, 0x14, 0x13,
    0xa4, 0x2f, 0x88, 0x27, 0xff, 0x8, 0x6, 0xe0,
    0xe7, 0x0, 0x4f, 0x76, 0x10, 0x8, 0xd0, 0x4a,
    0x8, 0x23, 0x77, 0x0, 0x6f, 0x93, 0xc5, 0x10,
    0x12, 0x2c, 0x20, 0x6, 0x27, 0x0, 0x51, 0x84,
    0xf7, 0x61, 0x0, 0x36, 0x80, 0x7a, 0x7b, 0xb0,
    0x80, 0x46, 0x6, 0x1, 0x8c, 0x47, 0x0, 0x7f,
    0xf0, 0x8e, 0x44, 0x3, 0x88, 0x2, 0x30, 0x8,
    0x99, 0x10, 0x1, 0xb1, 0x40, 0x1c, 0xa0, 0x1,
    0xfb, 0x10,

    /* U+7A33 "稳" */
    0x0, 0xfc, 0x66, 0x0, 0xfc, 0x29, 0x52, 0x0,
    0xe9, 0x0, 0xf0, 0xef, 0x59, 0xf0, 0x29, 0x3e,
    0x64, 0x20, 0x1, 0xfe, 0x8, 0x70, 0x89, 0xcd,
    0x6, 0x10, 0x8, 0x84, 0x2, 0x70, 0x61, 0x3,
    0x90, 0x8, 0x51, 0x0, 0xa9, 0x6f, 0xfe, 0xe0,
    0xcf, 0x0, 0x16, 0xc0, 0x6e, 0xb2, 0xbf, 0xf5,
    0x80, 0x47, 0x2c, 0x17, 0x21, 0x9f, 0xfa, 0xc0,
    0x30, 0xa8, 0x7b, 0x6, 0x7f, 0xeb, 0x0, 0xd0,
    0xc1, 0x32, 0x3d, 0xcc, 0xd2, 0x1, 0x23, 0x58,
    0x2e, 0x9c, 0xfc, 0x27, 0xf6, 0x0, 0x1a, 0x8,
    0x0, 0x58, 0xba, 0xec, 0x27, 0xe8, 0x4, 0xe0,
    0x12, 0x8, 0xeb, 0x13, 0x99, 0x0, 0x7b, 0x50,
    0x5, 0x90, 0x71, 0x84, 0xc0, 0x3a, 0xec, 0x9,
    0x7d, 0xa8, 0x78, 0x60, 0x1, 0x0, 0x11, 0x2,
    0xbf, 0xeb, 0x0, 0x80,

    /* U+7A7A "空" */
    0x0, 0xf8, 0x40, 0x3f, 0xf8, 0x35, 0x80, 0x1f,
    0xfc, 0x1e, 0x32, 0x0, 0xf3, 0x7f, 0xf5, 0x8e,
    0xff, 0xe7, 0x0, 0xe, 0xeb, 0x37, 0x7e, 0x10,
    0xc, 0x43, 0xa8, 0x44, 0x8, 0x12, 0x20, 0x83,
    0x73, 0x61, 0x20, 0x4, 0x39, 0x7e, 0xc0, 0x99,
    0x32, 0xc2, 0x0, 0x15, 0xd9, 0xb2, 0x1, 0x99,
    0xac, 0x1, 0xe4, 0xd8, 0x90, 0x2a, 0xdf, 0xff,
    0xe3, 0x10, 0xb, 0x37, 0xb8, 0xe3, 0xdc, 0xdd,
    0x28, 0x6, 0x32, 0x11, 0x78, 0x8, 0x88, 0x82,
    0x1, 0xff, 0xc5, 0x21, 0x1e, 0x0, 0x8, 0xfd,
    0x9d, 0xdd, 0x3, 0xdd, 0xeb, 0xff, 0xff, 0xe1,
    0x58,

    /* U+7A81 "突" */
    0x0, 0xf1, 0x6a, 0x0, 0x7e, 0x22, 0xe0, 0x3e,
    0x22, 0xf0, 0x3, 0x31, 0xff, 0x8d, 0xff, 0xf6,
    0x68, 0x80, 0x27, 0x75, 0x3b, 0xbb, 0xb7, 0x54,
    0x1, 0x4a, 0x4, 0xdb, 0x0, 0x13, 0x35, 0x96,
    0x84, 0x1d, 0xb5, 0x71, 0x9c, 0x93, 0x2a, 0x3c,
    0xc0, 0xd, 0x76, 0xc3, 0x18, 0x73, 0xce, 0xf9,
    0x50, 0x3, 0x73, 0x0, 0x66, 0x3d, 0x22, 0x39,
    0x80, 0xff, 0xf7, 0x6, 0x7e, 0xa6, 0x7f, 0x8c,
    0x73, 0x1b, 0xb2, 0x80, 0x27, 0x76, 0xcc, 0x18,
    0x19, 0x88, 0x80, 0xb1, 0x9, 0x12, 0x21, 0x98,
    0x3, 0x8b, 0xcd, 0xdc, 0xd8, 0xc0, 0x1e, 0x18,
    0xd1, 0xd0, 0x4, 0xc4, 0xe2, 0x88, 0x2, 0xf9,
    0xe7, 0x4, 0x2, 0x7c, 0x7a, 0xf1, 0x8, 0x87,
    0xb0, 0x7, 0x8e, 0xfa, 0x84,

    /* U+7A84 "窄" */
    0x0, 0xff, 0xe3, 0x9f, 0x8, 0x7, 0x84, 0x78,
    0x82, 0x44, 0x7d, 0xdd, 0xe1, 0x7e, 0xee, 0xf0,
    0xaf, 0xf5, 0x7f, 0xdb, 0x3f, 0xe9, 0x7, 0x71,
    0x5d, 0x8c, 0x0, 0xd7, 0xa8, 0x8b, 0xa8, 0xd2,
    0xc8, 0x20, 0x4d, 0xab, 0x45, 0x23, 0xc9, 0x92,
    0x89, 0x14, 0xb6, 0x40, 0x9, 0x3a, 0x41, 0xef,
    0xfd, 0x34, 0x40, 0x58, 0x94, 0x1b, 0xbe, 0xe2,
    0x6d, 0xc, 0x40, 0xff, 0xf4, 0x2, 0x46, 0x10,
    0x3, 0xbb, 0xb6, 0x40, 0x9c, 0x3, 0x19, 0xf0,
    0x98, 0x7, 0xd9, 0x9d, 0xb2, 0x1, 0xc6, 0x1d,
    0xde, 0xb0, 0xf, 0xfe, 0x18,

    /* U+7A97 "窗" */
    0x0, 0xff, 0xe3, 0x9e, 0x80, 0x7c, 0x67, 0xce,
    0x4c, 0x67, 0xc3, 0x9d, 0xff, 0x41, 0xd7, 0xfe,
    0xd6, 0x18, 0xc9, 0xc, 0xc8, 0x1a, 0x31, 0x1,
    0xbf, 0x66, 0x99, 0xc3, 0x8a, 0x78, 0xda, 0xc3,
    0xb1, 0xa0, 0x80, 0xa3, 0x6b, 0xc4, 0xc7, 0x3f,
    0xc3, 0x5f, 0xfa, 0xcc, 0x0, 0x2f, 0xfc, 0x99,
    0xff, 0x84, 0x40, 0x18, 0x75, 0x37, 0xb9, 0xa2,
    0x1, 0xec, 0x48, 0xce, 0x35, 0x10, 0xf, 0x64,
    0x16, 0x6a, 0x40, 0x7, 0xcb, 0x56, 0x5, 0xc0,
    0x1f, 0x8, 0x82, 0x32, 0x74, 0x88, 0x1, 0x85,
    0xe1, 0xef, 0xed, 0xff, 0xc2, 0x1, 0x9b, 0x77,
    0xf0, 0x80, 0x0,

    /* U+7ACB "立" */
    0x0, 0xff, 0xe5, 0x3e, 0x0, 0x7f, 0xf0, 0x94,
    0xd8, 0x3, 0xff, 0x82, 0x50, 0xa0, 0x1f, 0x87,
    0xff, 0xa3, 0x3f, 0xf8, 0x40, 0x3, 0xbd, 0xdf,
    0xdb, 0xa1, 0x0, 0x88, 0xc8, 0x47, 0xd4, 0xe4,
    0x1, 0xd1, 0xc0, 0x1c, 0x28, 0x60, 0x1e, 0x92,
    0x50, 0xc, 0x80, 0xc0, 0x1e, 0x33, 0x48, 0x6,
    0xf5, 0x0, 0xfd, 0x26, 0x60, 0x9, 0x78, 0x3,
    0xf2, 0x8c, 0x80, 0x14, 0x50, 0x3, 0xf9, 0x90,
    0x1, 0xce, 0x1, 0xe4, 0x33, 0xb6, 0x8d, 0x11,
    0xe6, 0x64, 0x40, 0x2, 0xf7, 0x6b, 0xad, 0xa1,
    0x8d, 0xd5, 0x50, 0x40,

    /* U+7AD6 "竖" */
    0x0, 0xd1, 0x60, 0x1f, 0xf4, 0xd0, 0x4, 0xbf,
    0xfe, 0xa0, 0x8, 0x40, 0x1e, 0xb, 0x63, 0xfe,
    0xd0, 0x90, 0xf, 0xe4, 0x37, 0x8, 0x43, 0x0,
    0xff, 0x74, 0x4a, 0xc8, 0x7, 0xfc, 0x44, 0x66,
    0x10, 0x6, 0x10, 0x7, 0x81, 0xd6, 0x2c, 0xa6,
    0x31, 0x80, 0x22, 0xc2, 0x2d, 0xc7, 0x61, 0xb7,
    0xf9, 0x80, 0x23, 0x11, 0x81, 0x18, 0x47, 0x52,
    0x80, 0x2f, 0x3f, 0xea, 0x18, 0xff, 0xb3, 0x80,
    0x2a, 0xef, 0x4f, 0xee, 0xd3, 0x7d, 0x80, 0x1c,
    0x2d, 0x40, 0x11, 0x40, 0x7, 0x9, 0x15, 0x2,
    0x45, 0x41, 0xb9, 0x14, 0x11, 0xbb, 0x5a, 0xee,
    0xca, 0x7b, 0xb8, 0x40,

    /* U+7ADE "竞" */
    0x0, 0xf8, 0xd0, 0x3, 0xff, 0x84, 0x96, 0x20,
    0x1f, 0x37, 0x6e, 0xea, 0xf, 0xdd, 0xd2, 0x0,
    0x7c, 0xf8, 0x4f, 0xf6, 0xe3, 0x47, 0xf5, 0x80,
    0x4, 0x88, 0x6c, 0x4, 0x41, 0x41, 0x23, 0x20,
    0x1, 0x91, 0x10, 0x9c, 0x89, 0x64, 0xc4, 0x43,
    0x22, 0x6e, 0x7f, 0x82, 0x3f, 0xca, 0x1f, 0xec,
    0xdb, 0x2e, 0xe6, 0xef, 0xfb, 0xb9, 0x20, 0x17,
    0xff, 0xf9, 0xc0, 0x38, 0x6b, 0xff, 0xe2, 0x10,
    0xe, 0x1b, 0xdd, 0xf8, 0x80, 0x3d, 0xb9, 0x25,
    0x1e, 0x15, 0xfa, 0xe0, 0x1c, 0x44, 0xc1, 0x52,
    0x11, 0x11, 0x5, 0x44, 0x2, 0x39, 0x7b, 0x0,
    0xb0, 0x0, 0x74, 0xe1, 0x1f, 0x81, 0xaa, 0x0,
    0x45, 0xff, 0x62, 0x30, 0x4e, 0x7c, 0x90, 0x5,
    0x1f, 0xfa, 0xc0,

    /* U+7AEF "端" */
    0x0, 0xb, 0x0, 0x7b, 0xcc, 0x3, 0x92, 0x48,
    0x1, 0xe2, 0x1, 0xbd, 0x0, 0xa, 0x88, 0x0,
    0x8, 0x7, 0xb, 0x82, 0x23, 0xc9, 0x40, 0x59,
    0xc2, 0xdc, 0x40, 0x1d, 0xdc, 0x10, 0x0, 0x8f,
    0x8, 0x20, 0xaa, 0xbf, 0x88, 0xcf, 0xe5, 0xd,
    0x60, 0xed, 0x7f, 0xf4, 0x5f, 0xfd, 0xc0, 0xb8,
    0xb, 0x8b, 0x76, 0x82, 0xbb, 0xa8, 0x35, 0x4,
    0x48, 0xbf, 0xeb, 0x2f, 0xfa, 0x41, 0xd, 0xc,
    0x0, 0xba, 0x3e, 0x3c, 0xe0, 0x1, 0xd2, 0x66,
    0x18, 0x7, 0xe1, 0x7a, 0x97, 0xf0, 0xf, 0xf5,
    0x6e, 0x6c, 0x98, 0x8, 0x7, 0x87, 0x5c, 0x80,
    0x31, 0xf0, 0x7a, 0x28, 0x80, 0x78, 0xc0, 0x30,
    0x91, 0xd8, 0x7, 0x9a, 0x80, 0x33, 0x71, 0x80,

    /* U+7B26 "符" */
    0x0, 0x8c, 0x3, 0x84, 0x80, 0x3e, 0x1c, 0x60,
    0xc, 0xd8, 0x20, 0x1e, 0x90, 0xac, 0xc9, 0x28,
    0x73, 0x75, 0xc8, 0x4, 0xf3, 0x7, 0x5e, 0x44,
    0xca, 0x3f, 0xd5, 0x1f, 0x46, 0x43, 0xc3, 0xb6,
    0x37, 0x4, 0x31, 0x13, 0x48, 0x25, 0x10, 0xb4,
    0x0, 0x24, 0xc0, 0x2b, 0x23, 0xb1, 0x81, 0xb1,
    0x6, 0xc5, 0x0, 0xef, 0x36, 0x32, 0x2d, 0xcc,
    0x46, 0x1, 0x41, 0xcb, 0xee, 0x66, 0x62, 0xcd,
    0x20, 0x67, 0x0, 0x37, 0x77, 0x41, 0xf7, 0x9,
    0x26, 0x44, 0x1, 0x62, 0x80, 0x7c, 0x98, 0xc0,
    0x19, 0x6c, 0x3, 0xf1, 0x80, 0x74, 0x19, 0x0,
    0x7f, 0xf0, 0x47, 0x48, 0x3, 0xf8, 0xc0, 0x38,
    0x9a, 0x9c, 0x3, 0xe3, 0x0, 0xe9, 0x8, 0x0,
    0xf7, 0x30, 0x6, 0x2f, 0xc3, 0x0, 0x80,

    /* U+7B2C "第" */
    0x0, 0x84, 0x40, 0x1c, 0x20, 0x1f, 0xaf, 0x4,
    0x2, 0x2e, 0x50, 0xf, 0x12, 0x9e, 0xe6, 0x1e,
    0xc2, 0x37, 0x66, 0x0, 0x7b, 0x51, 0xd7, 0x93,
    0x54, 0x94, 0x7b, 0x86, 0xc, 0xa4, 0x1, 0xeb,
    0xaa, 0x39, 0x10, 0x43, 0xab, 0xfd, 0x13, 0xee,
    0xef, 0xf3, 0xd0, 0x4, 0x4d, 0xdc, 0xff, 0x50,
    0xff, 0xd4, 0x60, 0x1c, 0x22, 0x0, 0xff, 0xe0,
    0xaf, 0xfe, 0xa1, 0xff, 0xa8, 0x3, 0x8c, 0xbf,
    0xeb, 0x1f, 0xfd, 0xc0, 0x18, 0x41, 0x12, 0x30,
    0x44, 0xf0, 0x4, 0x2d, 0xfe, 0x98, 0x1f, 0xfd,
    0x32, 0x0, 0x9a, 0xed, 0xe6, 0x83, 0x77, 0xc2,
    0x1, 0x8e, 0xa9, 0x7e, 0x1, 0x1a, 0x52, 0x80,
    0x1b, 0x30, 0x7e, 0xa0, 0x1a, 0x6c, 0x2c, 0x0,
    0xaa, 0xd9, 0x10, 0x11, 0x0, 0x2f, 0xf0, 0x80,

    /* U+7B49 "等" */
    0x0, 0x88, 0x3, 0xff, 0x84, 0xda, 0x40, 0x19,
    0x7c, 0xc0, 0x3d, 0x1, 0x9d, 0xd1, 0xd8, 0x76,
    0xec, 0xc1, 0x67, 0xf0, 0x1d, 0xf0, 0x5d, 0x87,
    0x78, 0xc1, 0x9e, 0xf, 0x3, 0xa7, 0x82, 0x29,
    0xe1, 0x0, 0x3a, 0x6e, 0x5e, 0x1b, 0x6e, 0xd5,
    0x80, 0x19, 0xf3, 0x31, 0xb6, 0x65, 0xe8, 0x1,
    0x84, 0x78, 0x3c, 0x46, 0x20, 0xa, 0x7f, 0xfc,
    0x71, 0xff, 0xe7, 0x9f, 0xff, 0xe9, 0x1f, 0xf9,
    0xc0, 0x6, 0x45, 0xf7, 0x1, 0x10, 0x40, 0x3,
    0xbf, 0xff, 0x30, 0xfe, 0x30, 0x0, 0x7b, 0x7,
    0xb7, 0x74, 0xe, 0xf3, 0x80, 0x61, 0x5e, 0x10,
    0x8, 0x40, 0x3f, 0xa6, 0x84, 0x16, 0x68, 0x80,
    0x3f, 0x9c, 0x0, 0xc7, 0x5a, 0x1, 0x80,

    /* U+7B56 "策" */
    0x0, 0x88, 0x80, 0x1c, 0x60, 0x1f, 0xbe, 0x0,
    0x31, 0x62, 0x80, 0x7a, 0x49, 0x3b, 0x9e, 0x5c,
    0x17, 0xdd, 0x40, 0x43, 0xe4, 0x7, 0xed, 0x16,
    0xba, 0xff, 0xa4, 0xf, 0x4d, 0xc4, 0xb, 0xe8,
    0xb1, 0x84, 0x60, 0xb2, 0x10, 0xd0, 0x48, 0x51,
    0x4c, 0x11, 0x0, 0x1f, 0xba, 0xde, 0xb0, 0xee,
    0xf1, 0x83, 0xff, 0xf6, 0xf, 0xff, 0x8c, 0x0,
    0x9f, 0xfb, 0x7, 0xff, 0x68, 0x7, 0xf, 0xfc,
    0xe3, 0xff, 0x61, 0x80, 0x7e, 0x37, 0x15, 0x3,
    0xa3, 0x0, 0xe5, 0x1, 0xd6, 0xb, 0x56, 0x7b,
    0x0, 0xc9, 0x67, 0xef, 0x43, 0xb5, 0x9e, 0xc0,
    0x1c, 0xf8, 0xd2, 0x0, 0x3d, 0x4e, 0x94, 0x10,
    0x6e, 0x89, 0x80, 0x0, 0x81, 0x6c, 0x35, 0xa0,
    0x2a, 0xb5, 0x80, 0xe, 0x1, 0x9f, 0xa9, 0x40,

    /* U+7B7E "签" */
    0x0, 0x88, 0xc0, 0x38, 0xc0, 0x3f, 0x4f, 0x80,
    0x4, 0x1b, 0x4, 0x3, 0xca, 0x87, 0xff, 0x4,
    0x6, 0x6e, 0xac, 0x0, 0x95, 0x14, 0x5f, 0xeb,
    0x3d, 0x47, 0xf9, 0x1, 0xa7, 0x72, 0x20, 0x58,
    0xbc, 0xb4, 0x48, 0x80, 0x3d, 0x0, 0x33, 0x10,
    0x53, 0x4, 0xb0, 0xf, 0xd2, 0xd8, 0xfe, 0xc0,
    0x1f, 0x8b, 0x1a, 0xce, 0xde, 0x7a, 0xc, 0x0,
    0x2b, 0x7a, 0x72, 0xc4, 0x4b, 0x71, 0x7c, 0xf1,
    0x3a, 0xa, 0x68, 0xcc, 0xcd, 0x56, 0xca, 0x25,
    0xf6, 0xb3, 0xd9, 0x1d, 0xcc, 0x25, 0x9a, 0x0,
    0xcd, 0x60, 0x9, 0x10, 0xbb, 0x8, 0x7, 0x99,
    0x4c, 0x88, 0x80, 0xf0, 0x1, 0xc2, 0x44, 0xb1,
    0x2e, 0x78, 0x36, 0x22, 0x0, 0x57, 0xba, 0xad,
    0xd6, 0x6b, 0x96, 0xec, 0x20,

    /* U+7B80 "简" */
    0x0, 0x84, 0x40, 0x18, 0x40, 0x3f, 0x4e, 0x80,
    0x68, 0xc0, 0xf, 0x13, 0x96, 0xea, 0xc1, 0x86,
    0xef, 0x0, 0xfb, 0xd9, 0xfd, 0x4a, 0x73, 0x84,
    0x40, 0x31, 0xe1, 0x49, 0xde, 0xa3, 0x94, 0x23,
    0xe, 0xa8, 0x7d, 0x57, 0xd1, 0x5, 0xe1, 0x0,
    0x18, 0x64, 0x15, 0x76, 0x7f, 0xdd, 0xe0, 0x14,
    0x34, 0xd, 0x7f, 0xf6, 0x88, 0x4, 0xc2, 0xf9,
    0xdd, 0x94, 0x3, 0xc6, 0x1, 0x67, 0x70, 0x84,
    0x3, 0xfd, 0xbf, 0xe3, 0x0, 0xff, 0xb7, 0xfc,
    0x60, 0x1f, 0xf3, 0x99, 0x84, 0x3, 0xfc, 0xbd,
    0x10, 0x60, 0xf, 0x8c, 0x1, 0x77, 0xca, 0xd6,
    0x60, 0x1f, 0xf0, 0xc2, 0x58, 0x5, 0xc6, 0x1,
    0xf7, 0x6b, 0x0,

    /* U+7B97 "算" */
    0x0, 0x8c, 0x3, 0x84, 0x40, 0x1f, 0x36, 0x10,
    0x6, 0xac, 0x0, 0xf1, 0x48, 0x6f, 0xfb, 0x91,
    0x5, 0xff, 0x68, 0xf, 0xaf, 0x9b, 0x7e, 0x54,
    0xfa, 0xb7, 0xe8, 0xd, 0xd8, 0x27, 0x0, 0xa1,
    0x82, 0x68, 0x3, 0x30, 0xf5, 0xdb, 0xb9, 0x1d,
    0xcd, 0xe0, 0xf, 0x92, 0x23, 0xc8, 0x1, 0xf1,
    0x80, 0x7f, 0xf1, 0x12, 0x23, 0xc8, 0x1, 0xf1,
    0xc7, 0x77, 0xa0, 0x3, 0xe2, 0x8e, 0xfe, 0xeb,
    0xe0, 0x40, 0x30, 0x86, 0x73, 0x27, 0x74, 0x51,
    0x80, 0x20, 0x9f, 0xdd, 0x3a, 0x77, 0x45, 0x1d,
    0xcf, 0x44, 0x77, 0x54, 0x19, 0xdd, 0x14, 0x77,
    0x48, 0x0, 0x39, 0xb8, 0x30, 0x8, 0xc0, 0x3e,
    0xe5, 0xb7, 0x0, 0xe1, 0x0, 0xf6, 0xe2, 0x0,
    0x77, 0x38, 0x6,

    /* U+7BA1 "管" */
    0x0, 0x84, 0xc0, 0x38, 0xc0, 0x3f, 0x4e, 0x10,
    0x4, 0x58, 0xa0, 0x1e, 0x37, 0xd, 0xff, 0x15,
    0x5, 0x7f, 0xca, 0x9, 0x8b, 0xa1, 0xbc, 0xcf,
    0x76, 0xd, 0xe5, 0x9, 0x4a, 0x23, 0x6c, 0x28,
    0x44, 0x13, 0x8, 0x3, 0xa4, 0x89, 0xcc, 0xca,
    0x52, 0x27, 0xb1, 0x0, 0x33, 0x1f, 0xf9, 0x87,
    0xff, 0x66, 0x80, 0x57, 0xbf, 0xff, 0xb6, 0x0,
    0x2a, 0x45, 0xde, 0xef, 0x6a, 0x3d, 0x80, 0x14,
    0x40, 0x1f, 0xfe, 0x0, 0xa, 0x0, 0x7a, 0x23,
    0xc8, 0xe0, 0x1f, 0xa2, 0x3e, 0x0, 0xfe, 0xff,
    0xf7, 0x60, 0x7, 0xc3, 0x99, 0xe9, 0x0, 0xfc,
    0x3f, 0xfe, 0xb0, 0xf, 0xc3, 0xff, 0xf8, 0x2,

    /* U+7BB1 "箱" */
    0x0, 0x84, 0x80, 0x38, 0x80, 0x3f, 0x4e, 0x90,
    0x4, 0x3a, 0xe0, 0x1e, 0x27, 0xd, 0xff, 0x3b,
    0x5, 0x6e, 0xc2, 0x3, 0xeb, 0xa1, 0xde, 0xb1,
    0x52, 0x7f, 0xe1, 0xf, 0xb, 0x20, 0x40, 0xe4,
    0x54, 0x11, 0x10, 0x2, 0xfc, 0xaa, 0x88, 0x13,
    0xe4, 0x49, 0x10, 0x9, 0x49, 0xd1, 0x44, 0xeb,
    0xe6, 0x5b, 0xa4, 0x0, 0x33, 0xe8, 0xbb, 0x80,
    0x6e, 0xf0, 0x80, 0x44, 0x45, 0x2, 0x20, 0xf,
    0xfe, 0x10, 0x9, 0x10, 0x63, 0xec, 0x3, 0xff,
    0x84, 0x3, 0x49, 0x6, 0xe9, 0x86, 0xef, 0x8,
    0x4, 0x8f, 0x60, 0xf2, 0x21, 0x11, 0x80, 0x21,
    0xa7, 0x20, 0x3, 0xb8, 0x4c, 0xf0, 0x80, 0x6,
    0x20, 0x2, 0x1, 0xf, 0xfe, 0x10, 0x9, 0x80,
    0x40, 0x27, 0x1f, 0xfc, 0x22, 0x0, 0xcb, 0xc0,
    0x4, 0xe0, 0xd, 0xca, 0x0,

    /* U+7BE1 "篡" */
    0x0, 0xff, 0xe3, 0xb6, 0x0, 0x63, 0xe2, 0x0,
    0xf1, 0xc9, 0xf7, 0x4b, 0xe3, 0x9d, 0xcd, 0x0,
    0x3e, 0xde, 0x8f, 0xf7, 0x87, 0xd9, 0x76, 0x80,
    0x3f, 0x45, 0xd, 0x98, 0x76, 0xc6, 0x20, 0x1a,
    0xe, 0x35, 0x3f, 0x87, 0xfb, 0xc8, 0x3, 0xe6,
    0x44, 0xf2, 0x80, 0x7c, 0x2f, 0x77, 0xe4, 0x0,
    0xf8, 0x4c, 0x8b, 0xdc, 0x1, 0xf3, 0xac, 0xd4,
    0xce, 0xa4, 0x0, 0xca, 0x93, 0xe8, 0x7f, 0xfd,
    0x6, 0x80, 0xf, 0xe9, 0xf7, 0x77, 0xcc, 0xb3,
    0xe6, 0x5e, 0x0, 0xaa, 0x61, 0x58, 0x35, 0x75,
    0x16, 0x55, 0x80, 0x23, 0xb3, 0x1c, 0x34, 0x1d,
    0x3b, 0xaf, 0xb1, 0xf, 0xda, 0xf5, 0x4e, 0xe2,
    0x17, 0x56, 0x70, 0x83, 0x98, 0x4e, 0x7f, 0x76,
    0x91, 0x35, 0x0,

    /* U+7C7B "类" */
    0x0, 0xff, 0xe2, 0x9b, 0x80, 0x1f, 0x0, 0xd,
    0x60, 0x1e, 0x98, 0x0, 0xc7, 0x3a, 0x1, 0xc7,
    0xaa, 0x20, 0x14, 0x3b, 0x0, 0x4f, 0xfd, 0xa7,
    0xf0, 0x7c, 0xad, 0xdc, 0xb0, 0x6d, 0xff, 0x61,
    0x89, 0xe2, 0xef, 0xfa, 0x80, 0x48, 0x4f, 0xde,
    0x40, 0xdf, 0x50, 0x44, 0x0, 0x18, 0xd5, 0xa0,
    0x0, 0xe4, 0xd5, 0x4, 0xb, 0x93, 0x20, 0x5,
    0xc0, 0xf, 0x68, 0x60, 0x5b, 0x86, 0x0, 0x35,
    0x0, 0x93, 0x88, 0x2b, 0x7f, 0xf5, 0xf, 0xff,
    0x86, 0xfb, 0x9f, 0xed, 0x1, 0x6f, 0xfb, 0xb8,
    0x23, 0x80, 0x12, 0x9e, 0x92, 0x0, 0x11, 0x0,
    0x65, 0xd0, 0xb1, 0xc5, 0xd6, 0x0, 0x96, 0xfe,
    0x2e, 0xc0, 0x1, 0xcb, 0x8f, 0xa0, 0x62, 0xbd,
    0x60, 0xe, 0x6e, 0xae, 0x0,

    /* U+7C97 "粗" */
    0x0, 0x8f, 0xc0, 0x3f, 0xf8, 0x4, 0x60, 0x20,
    0xa5, 0xdf, 0xfc, 0x60, 0xa, 0x90, 0xa, 0x9c,
    0x33, 0xfe, 0x0, 0xda, 0x80, 0x8, 0x55, 0x18,
    0x7, 0x8, 0x1, 0x7c, 0x1, 0x16, 0x0, 0x8a,
    0xa8, 0x2, 0x2e, 0xcd, 0x1d, 0xc6, 0xd, 0xee,
    0x80, 0x22, 0xdc, 0x41, 0xcf, 0x70, 0x54, 0x48,
    0x3, 0x18, 0xa0, 0x28, 0x8, 0x7, 0xf9, 0x84,
    0x32, 0x40, 0xa, 0x89, 0x0, 0x61, 0x88, 0x4,
    0x22, 0x85, 0x7f, 0xc0, 0x1a, 0x95, 0x0, 0x16,
    0xa1, 0xf7, 0x70, 0x4, 0x4b, 0x40, 0x12, 0x0,
    0x7f, 0x17, 0x88, 0x4, 0x22, 0x7, 0x11, 0x81,
    0x84, 0x4, 0x3, 0x57, 0x9d, 0x7f, 0xc3, 0x4c,
    0x1, 0x84, 0x2f, 0xbb, 0xf3, 0x80,

    /* U+7CBE "精" */
    0x0, 0xbc, 0xc0, 0x3b, 0xc8, 0x3, 0xe1, 0x0,
    0x8c, 0x88, 0xc, 0x46, 0x20, 0x5a, 0x1, 0x6a,
    0xfc, 0xc8, 0x22, 0x7d, 0x40, 0x9a, 0x2, 0xc1,
    0x7e, 0x20, 0x11, 0xf, 0x40, 0x4, 0xd8, 0x7c,
    0x85, 0x54, 0x1d, 0x52, 0x0, 0x3d, 0xc1, 0x8b,
    0x4f, 0xf8, 0x37, 0xf1, 0x80, 0xfa, 0x2, 0xf8,
    0x4, 0x68, 0x1, 0x17, 0x0, 0x6, 0xc3, 0x25,
    0x2e, 0x67, 0xaa, 0x0, 0x8, 0x22, 0xd6, 0x41,
    0xde, 0xeb, 0x48, 0x2, 0x98, 0x6, 0xb2, 0xd,
    0xee, 0xb4, 0x40, 0xa, 0xca, 0x0, 0x56, 0xd,
    0xee, 0xb4, 0x2, 0x5b, 0x0, 0xf6, 0xf7, 0x5a,
    0x1, 0xff, 0x6f, 0x75, 0xa0, 0x1e, 0x10, 0xf,
    0x92, 0x40, 0x3f, 0xc6, 0x1, 0xa, 0xb0, 0x7,
    0x79, 0x80, 0x38, 0xc0, 0xb, 0xf0, 0x0,

    /* U+7CFB "系" */
    0x0, 0xf8, 0x49, 0x1a, 0x76, 0x40, 0x36, 0xf7,
    0x3f, 0xdd, 0xcf, 0xf7, 0x5e, 0x0, 0x6f, 0xcf,
    0xf4, 0x4, 0xdc, 0xbb, 0x28, 0x6, 0x22, 0xa,
    0xcd, 0x28, 0x3f, 0x28, 0x7, 0x92, 0xae, 0x9c,
    0xae, 0x61, 0x40, 0x3d, 0xc8, 0x71, 0xba, 0x2e,
    0x60, 0xf, 0xab, 0xbd, 0xcf, 0x24, 0xb9, 0x80,
    0x38, 0x52, 0xb3, 0x70, 0xc4, 0xe2, 0x64, 0x1,
    0xa2, 0xd4, 0x23, 0xbf, 0xd9, 0x66, 0xd4, 0x1,
    0x46, 0xf7, 0x58, 0x1f, 0xba, 0xcb, 0xc0, 0x8,
    0x5b, 0x48, 0x3, 0xe, 0xaa, 0x30, 0x4, 0x76,
    0xa4, 0x1, 0x86, 0xaa, 0x0, 0x9b, 0x22, 0x40,
    0x30, 0x83, 0xda, 0xd8, 0x5, 0x4e, 0x0, 0xdd,
    0x8, 0x4, 0x99, 0x0, 0x6, 0x50, 0xa, 0xeb,
    0xc0, 0x31, 0x98, 0x0,

    /* U+7D20 "素" */
    0x0, 0xfb, 0x94, 0x3, 0xf6, 0xef, 0xd, 0xee,
    0xe9, 0x0, 0xbb, 0xff, 0x14, 0xff, 0xeb, 0x0,
    0x87, 0xfb, 0xa2, 0xae, 0xea, 0x48, 0x2, 0x2f,
    0xdd, 0x8a, 0xf7, 0x6a, 0x0, 0x17, 0xf6, 0x7f,
    0xc5, 0x3f, 0xfb, 0xa8, 0xbb, 0xaf, 0x70, 0xbf,
    0xf2, 0x5f, 0x72, 0x80, 0x42, 0x39, 0x8a, 0x37,
    0x80, 0x40, 0x3d, 0x57, 0x96, 0x4f, 0xb5, 0x96,
    0x1, 0x8d, 0x7b, 0x61, 0x42, 0x71, 0x52, 0xc0,
    0x25, 0xc0, 0x69, 0x1, 0x8e, 0xcd, 0x10, 0x9,
    0xb9, 0x39, 0x8c, 0x4e, 0xf5, 0xe8, 0x0, 0xfd,
    0x10, 0x61, 0x20, 0x4, 0x25, 0x69, 0x81, 0x46,
    0xb0, 0x62, 0xe0, 0xc, 0x72, 0x98, 0x2b, 0x0,
    0x59, 0xec, 0x1, 0xc, 0x0,

    /* U+7D22 "索" */
    0x0, 0xf0, 0xf9, 0x80, 0x7c, 0x79, 0x9b, 0x43,
    0xb3, 0x34, 0x0, 0xf, 0x77, 0x70, 0x4e, 0xee,
    0x90, 0x1, 0x19, 0xe1, 0x1, 0x33, 0xe1, 0xc,
    0xfe, 0xeb, 0xce, 0x7b, 0xb6, 0xb8, 0x2, 0x33,
    0x1c, 0x13, 0x99, 0xc2, 0x0, 0x31, 0x6, 0xfa,
    0x51, 0xac, 0x20, 0x85, 0xd, 0x4f, 0x90, 0xbf,
    0xe1, 0x93, 0x6, 0x30, 0xb, 0xb9, 0x40, 0xdb,
    0x67, 0xe6, 0x1, 0xa2, 0xba, 0x1c, 0xe6, 0xe8,
    0x71, 0x40, 0x21, 0x39, 0xaf, 0x5c, 0xac, 0xf7,
    0x0, 0xd2, 0x38, 0xaa, 0x12, 0x1a, 0xca, 0x50,
    0x1, 0xe2, 0xc0, 0x0, 0x40, 0x14, 0xba, 0xe0,
    0x8, 0x4c, 0x25, 0xe0, 0x70, 0x4, 0xd5, 0x88,
    0x5c, 0x0, 0x12, 0xf8, 0x80, 0x25, 0xc1,

    /* U+7D2F "累" */
    0xd, 0xee, 0xdf, 0xdd, 0xbd, 0x0, 0x3, 0x1d,
    0xd0, 0x6f, 0x74, 0x20, 0x1a, 0x37, 0x60, 0xdd,
    0xc2, 0x1, 0xa3, 0x76, 0xd, 0xdc, 0x20, 0x13,
    0x5e, 0xf7, 0x8f, 0x6e, 0xb8, 0xc0, 0x2a, 0xca,
    0x38, 0xfc, 0xb0, 0x2d, 0x40, 0x2, 0x74, 0x5,
    0x77, 0x32, 0xf4, 0x3, 0x27, 0x6a, 0x3, 0xf5,
    0xf, 0xb8, 0x0, 0xeb, 0x35, 0x85, 0x7f, 0xa4,
    0xeb, 0x48, 0x4e, 0x9e, 0xfc, 0xeb, 0xbf, 0x75,
    0x64, 0x49, 0x7, 0x13, 0x0, 0xf, 0x59, 0xb0,
    0x26, 0xd5, 0xa8, 0x8, 0xe, 0x96, 0x60, 0x4d,
    0x75, 0xb, 0xc1, 0x40, 0xa7, 0x10, 0x5e, 0x0,
    0x5, 0x7c, 0x20, 0x11, 0xc0, 0x0,

    /* U+7EA2 "红" */
    0x0, 0x99, 0x40, 0x3f, 0xf8, 0x30, 0x40, 0x1f,
    0xfc, 0x5, 0x37, 0x0, 0x6f, 0xff, 0x98, 0x1,
    0x12, 0xc, 0xcc, 0xef, 0x1a, 0xfe, 0x60, 0x87,
    0x40, 0x81, 0x18, 0x0, 0x20, 0x20, 0x8e, 0x37,
    0xa4, 0xe0, 0x1f, 0x95, 0xfb, 0x4b, 0x80, 0x3f,
    0x86, 0x16, 0xe8, 0x80, 0x3f, 0xea, 0x45, 0x23,
    0x0, 0xfe, 0xb5, 0x4f, 0xcb, 0x0, 0xfe, 0xc8,
    0x9e, 0xe4, 0x0, 0x7f, 0x3b, 0x90, 0x51, 0xc0,
    0x3f, 0x96, 0x33, 0xe7, 0x90, 0xcc, 0x6, 0x78,
    0x2c, 0xeb, 0xb7, 0x55, 0xdc, 0x3a, 0xee, 0x78,
    0x75, 0xb0, 0x82, 0x76, 0xef, 0xb0,

    /* U+7EA6 "约" */
    0x0, 0x99, 0x40, 0x33, 0xb8, 0x3, 0xeb, 0x30,
    0xd, 0x40, 0x1f, 0x28, 0xb0, 0x4, 0x44, 0x60,
    0xe, 0x1b, 0xf0, 0x8a, 0xb, 0xe, 0xff, 0x98,
    0x29, 0xcc, 0x5f, 0xc5, 0xab, 0x32, 0x30, 0x14,
    0x6e, 0xe2, 0xaa, 0xd1, 0x4c, 0xe0, 0x0, 0xef,
    0xe8, 0xd8, 0xa4, 0x90, 0x4, 0x26, 0x4, 0x1f,
    0x2, 0x2e, 0xd, 0x30, 0x8, 0x40, 0x12, 0xc,
    0x26, 0x4, 0xdc, 0x0, 0x30, 0x3, 0x30, 0xff,
    0xb8, 0x0, 0x90, 0x30, 0x17, 0x7, 0x75, 0xf7,
    0xe8, 0x5, 0xa6, 0x0, 0x10, 0x18, 0x41, 0x25,
    0x10, 0xf, 0x18, 0x3c, 0xe7, 0xec, 0x88, 0x6,
    0x10, 0xa, 0x8a, 0xf3, 0xf0, 0x2, 0x17, 0xb0,
    0x10, 0xdb, 0x73, 0x0, 0xe1, 0x96, 0x90,

    /* U+7EA7 "级" */
    0x0, 0xa1, 0x0, 0x3f, 0xf8, 0x4e, 0x21, 0x5f,
    0xfe, 0x30, 0xc, 0xc6, 0xa3, 0x7a, 0x1f, 0xeb,
    0x3, 0x0, 0x86, 0x3c, 0x3d, 0xc, 0x2, 0x23,
    0x0, 0xd4, 0xe6, 0xc0, 0xa0, 0x1b, 0xd0, 0x2,
    0x14, 0x6f, 0x9b, 0x0, 0xe4, 0xf3, 0x10, 0x1b,
    0xe8, 0x45, 0x2, 0x1, 0x1a, 0xf1, 0x40, 0x8,
    0x53, 0x40, 0x7, 0x9, 0x1c, 0xe0, 0x40, 0x1,
    0x6c, 0xab, 0x1, 0x93, 0x88, 0x2a, 0x0, 0x5e,
    0x33, 0x1c, 0x19, 0x4d, 0x61, 0x5a, 0x1, 0x7e,
    0xf6, 0x51, 0x23, 0x42, 0x51, 0xb0, 0x4, 0x2b,
    0x5d, 0xc8, 0x51, 0x14, 0x2c, 0x80, 0x6e, 0xbd,
    0xd5, 0xa5, 0x81, 0xc1, 0x49, 0x80, 0x5b, 0x8e,
    0xb1, 0x47, 0x39, 0x1a, 0xd9, 0x22, 0x1, 0x9b,
    0x52, 0xf, 0x58, 0x22, 0xcc, 0x40,

    /* U+7EAF "纯" */
    0x0, 0xa0, 0xc0, 0x31, 0xf8, 0x7, 0xc2, 0xea,
    0x1, 0x84, 0x3, 0xf3, 0x23, 0x0, 0x8e, 0x1,
    0x1c, 0x1, 0x4c, 0x80, 0x15, 0x98, 0xe0, 0xcc,
    0xac, 0x1, 0xe, 0x47, 0xd1, 0xba, 0xf0, 0xdd,
    0xa8, 0x9, 0xd3, 0x71, 0xc2, 0xc0, 0x3a, 0xcc,
    0xa, 0xbe, 0x8a, 0x5d, 0x40, 0x39, 0x0, 0x25,
    0x9, 0xf0, 0xf, 0xe1, 0x0, 0xf, 0xd9, 0x0,
    0x42, 0x20, 0x11, 0x0, 0x6a, 0x2b, 0xfd, 0x0,
    0x7e, 0x87, 0xf8, 0x3, 0x45, 0x6f, 0x6a, 0x77,
    0x30, 0x3b, 0x8c, 0x1, 0x1a, 0x99, 0x39, 0x0,
    0x7a, 0x50, 0x6, 0xb7, 0xfe, 0x30, 0xc, 0x20,
    0x72, 0x42, 0x53, 0xf9, 0x2, 0x0, 0x23, 0xef,
    0xc5, 0x20,

    /* U+7EBF "线" */
    0x0, 0xa1, 0x0, 0x26, 0x90, 0xf, 0xc2, 0xe2,
    0x1, 0xb, 0x86, 0x38, 0x7, 0x42, 0xa8, 0x2,
    0x13, 0xf, 0xb0, 0xc, 0x6f, 0x65, 0xc6, 0x1,
    0xd7, 0x63, 0x1, 0xe8, 0x18, 0x57, 0x75, 0x17,
    0xfb, 0xb0, 0x81, 0x4a, 0x7d, 0x6b, 0x39, 0x3,
    0xf2, 0x5c, 0x0, 0x99, 0xeb, 0x23, 0x13, 0x40,
    0x8f, 0x5d, 0xc0, 0x1, 0xab, 0x30, 0x1a, 0xf0,
    0x27, 0xb3, 0x7c, 0x0, 0xb5, 0x26, 0x85, 0xfe,
    0x38, 0x9e, 0x81, 0x0, 0x40, 0x5f, 0xea, 0x20,
    0x53, 0xdd, 0xda, 0x20, 0xf, 0xf7, 0x64, 0x80,
    0x56, 0xb1, 0x4c, 0x1, 0xa, 0xc5, 0xf3, 0x0,
    0xc0, 0x1a, 0x82, 0x0, 0xe5, 0x8f, 0x63, 0x33,
    0xc3, 0x4a, 0x4e, 0xd0, 0x7b, 0x92, 0xa5, 0x93,
    0x16, 0x58, 0xf8, 0x48, 0x2, 0x1, 0xbb, 0x8c,
    0x0, 0x2f, 0x9c, 0x0,

    /* U+7EC4 "组" */
    0x0, 0x34, 0x0, 0x7f, 0xf0, 0x6c, 0x3, 0x5e,
    0x67, 0x20, 0x0, 0xcd, 0x0, 0x13, 0x5f, 0xfc,
    0x42, 0x0, 0xa9, 0xa, 0x70, 0x1, 0x19, 0xc0,
    0x11, 0x3b, 0x85, 0x48, 0x3, 0xfa, 0x83, 0x30,
    0x6a, 0x0, 0xaf, 0xf8, 0x40, 0x15, 0x7c, 0x5e,
    0x1, 0x57, 0xfc, 0x20, 0x2, 0x5a, 0x63, 0x0,
    0xff, 0x95, 0xa0, 0x8c, 0x0, 0x62, 0x30, 0x4,
    0x34, 0x3d, 0x92, 0x0, 0x9e, 0xe8, 0x40, 0x3,
    0x59, 0xfd, 0x40, 0xa, 0xff, 0x84, 0x2, 0x53,
    0x14, 0x40, 0x7, 0xf2, 0xe7, 0x72, 0xc, 0x80,
    0xc8, 0xa0, 0x32, 0x74, 0xdf, 0xc4, 0xd2, 0x9d,
    0xd8, 0x67, 0xc0,

    /* U+7EC8 "终" */
    0x0, 0x9c, 0x40, 0x24, 0xb0, 0xf, 0xc9, 0x6,
    0x1, 0x70, 0x80, 0x7e, 0xe6, 0x20, 0x1, 0x2a,
    0xbf, 0xec, 0x0, 0x85, 0x20, 0x68, 0x60, 0x2b,
    0xfc, 0x32, 0x1, 0x5b, 0xc, 0xa3, 0xac, 0xc0,
    0x39, 0x28, 0x1, 0x14, 0xa9, 0xeb, 0x65, 0x86,
    0xe3, 0xc0, 0x24, 0x6f, 0x76, 0x4b, 0x60, 0xa4,
    0x41, 0x80, 0x69, 0x0, 0x48, 0x0, 0x66, 0x25,
    0xb0, 0xc0, 0x22, 0xbe, 0x1, 0x9e, 0x3a, 0x6d,
    0x5c, 0xa0, 0x6, 0xe, 0xfc, 0xfd, 0xd5, 0xf4,
    0x5e, 0x78, 0x2, 0x21, 0x5b, 0xc, 0x81, 0xf6,
    0x98, 0x6a, 0x0, 0x67, 0x43, 0x40, 0x1a, 0x55,
    0x67, 0x80, 0x43, 0x17, 0xdc, 0xf0, 0x30, 0xae,
    0x93, 0x0, 0x85, 0x33, 0x7e, 0xc0, 0xab, 0xed,
    0x75, 0x40, 0x2c, 0x73, 0x0, 0xf2, 0xe5, 0xa0,
    0x0,

    /* U+7ECF "经" */
    0x0, 0x95, 0x0, 0x3f, 0xf8, 0x51, 0x80, 0xe,
    0xdd, 0xe5, 0x0, 0xca, 0x10, 0x0, 0xdf, 0xf9,
    0x1, 0x40, 0x34, 0x48, 0x3c, 0x99, 0x11, 0xdd,
    0xe0, 0x1a, 0x5d, 0x6, 0x3c, 0x0, 0xb4, 0x60,
    0x18, 0x99, 0x3b, 0x8a, 0xc1, 0x17, 0x76, 0xb8,
    0x0, 0xb3, 0x12, 0x54, 0xdc, 0x98, 0x8d, 0x93,
    0x80, 0x3, 0x9, 0xf0, 0x29, 0xc2, 0x0, 0x1f,
    0xc0, 0x0, 0xb2, 0x19, 0x8f, 0x5d, 0xde, 0x50,
    0x7, 0xc, 0xc6, 0xe, 0x7f, 0x82, 0xff, 0x44,
    0x1, 0xdb, 0xf9, 0x44, 0x23, 0x0, 0x88, 0x80,
    0x22, 0x21, 0xb4, 0xa8, 0x7, 0xf0, 0xf7, 0xe5,
    0x8, 0x8, 0xc0, 0x1, 0x18, 0x6, 0xf3, 0xf2,
    0x2f, 0xba, 0x1b, 0xee, 0x80,

    /* U+7ED1 "绑" */
    0x0, 0x8c, 0x80, 0x9, 0x0, 0x1f, 0xe8, 0xb0,
    0x0, 0xa0, 0x1, 0x9b, 0x0, 0x42, 0xb0, 0x4,
    0x60, 0x44, 0x9f, 0xd8, 0x0, 0xa6, 0x40, 0xc,
    0x83, 0xc5, 0x9, 0x37, 0x0, 0x12, 0xbc, 0x57,
    0x59, 0xf3, 0x0, 0x13, 0x40, 0x1e, 0x32, 0xd2,
    0x20, 0x1, 0x0, 0x8d, 0x0, 0x15, 0x45, 0x63,
    0xea, 0x3e, 0x70, 0x53, 0x0, 0x9d, 0xa, 0x3,
    0xe9, 0x3d, 0xc1, 0x8, 0xc0, 0x29, 0x91, 0x88,
    0x18, 0x80, 0x43, 0x30, 0x0, 0x84, 0x8f, 0x7f,
    0x95, 0xf9, 0x0, 0x3a, 0x8, 0x4d, 0xfe, 0xb7,
    0x23, 0xf5, 0x0, 0x62, 0x1, 0x43, 0x7a, 0x15,
    0xc1, 0x30, 0x4c, 0x13, 0x9, 0xfd, 0xee, 0x28,
    0x20, 0x4, 0xcc, 0xc0, 0x5, 0xe7, 0x4b, 0x5c,
    0x0, 0x62, 0xa2, 0x0, 0x11, 0x80, 0x11, 0xc,
    0x1, 0xff, 0xc1, 0x6a, 0x0, 0x87, 0xc0, 0x30,

    /* U+7ED3 "结" */
    0x0, 0xa8, 0xc0, 0x3b, 0x94, 0x3, 0xc6, 0xae,
    0x1, 0xff, 0xc1, 0x94, 0x40, 0x9, 0x9c, 0x4,
    0x66, 0x41, 0x2, 0x59, 0x8, 0x7e, 0xff, 0xd,
    0x7f, 0xa5, 0x43, 0x94, 0x99, 0xd7, 0x73, 0x5,
    0x19, 0x8d, 0x45, 0x37, 0xd9, 0xa3, 0x22, 0x8c,
    0xc4, 0x41, 0x4, 0x9e, 0x66, 0x28, 0x5f, 0xf8,
    0xef, 0xfc, 0xc0, 0x2c, 0xed, 0x20, 0x9, 0xdd,
    0xf3, 0x80, 0xe, 0x95, 0xe8, 0x93, 0xff, 0xc8,
    0x0, 0xc1, 0x5d, 0x22, 0x0, 0xff, 0xe1, 0x0,
    0xb7, 0xf6, 0xa0, 0x3, 0xfe, 0x20, 0x35, 0x83,
    0x0, 0xfe, 0x4f, 0xf6, 0x41, 0x8, 0xf, 0xfe,
    0x10, 0x2, 0x56, 0xfe, 0xd1, 0x0, 0xff, 0xe1,
    0x0, 0x94, 0x80, 0x32, 0x78, 0x6, 0xe4, 0x0,

    /* U+7ED5 "绕" */
    0x0, 0xff, 0xe3, 0xc9, 0x80, 0x5c, 0x80, 0x11,
    0x0, 0x62, 0x61, 0x0, 0x97, 0x16, 0x77, 0xc0,
    0x34, 0x40, 0x82, 0x2d, 0x1f, 0x37, 0x34, 0x2,
    0x37, 0x71, 0xa7, 0x7e, 0x84, 0xad, 0x50, 0x0,
    0x5d, 0x5, 0x1c, 0xc8, 0x4b, 0x9e, 0x76, 0x0,
    0x13, 0x9e, 0x5b, 0x3, 0x94, 0x39, 0x83, 0x70,
    0x3e, 0xc0, 0xb1, 0xce, 0xe7, 0xe4, 0xca, 0x2c,
    0x2, 0x76, 0x50, 0xcd, 0x71, 0x3f, 0x36, 0xe0,
    0x3, 0x46, 0x3a, 0x6e, 0xf6, 0x38, 0xc8, 0x3,
    0x93, 0xc1, 0xbf, 0xc5, 0xde, 0x59, 0x8a, 0x0,
    0x45, 0xcb, 0x91, 0x0, 0x6, 0x60, 0x11, 0x80,
    0x6, 0xaf, 0x78, 0x16, 0x80, 0x1c, 0xc4, 0x1b,
    0x21, 0xfb, 0x2d, 0x20, 0x1d, 0x2e, 0x1f, 0x8e,
    0xb8, 0x98, 0x40, 0x29, 0xdc, 0x35, 0x1, 0x0,
    0xf, 0xe9, 0x80, 0x57, 0xdc, 0xc0,

    /* U+7ED8 "绘" */
    0x0, 0xff, 0x8, 0x7, 0xe9, 0x60, 0xc, 0xdc,
    0x40, 0x1e, 0x16, 0x0, 0xea, 0x5, 0x0, 0xf3,
    0x13, 0x0, 0x48, 0x79, 0x24, 0x1, 0xd3, 0x1,
    0x66, 0x12, 0xe7, 0x18, 0x40, 0x15, 0xaa, 0xe2,
    0x90, 0x80, 0x64, 0xd7, 0x2, 0x44, 0x75, 0x4c,
    0x3a, 0x77, 0x48, 0xf0, 0x85, 0x9d, 0x24, 0xe3,
    0x51, 0x99, 0xa3, 0x50, 0xc, 0x22, 0x42, 0x10,
    0x48, 0xb0, 0x10, 0x0, 0x75, 0x95, 0x7, 0xff,
    0xe9, 0x0, 0x31, 0xb7, 0xc8, 0xef, 0x22, 0xf7,
    0x50, 0x0, 0x6d, 0xfe, 0xd0, 0x25, 0x4b, 0x2d,
    0x11, 0x0, 0x4, 0x15, 0xe8, 0x45, 0x32, 0x13,
    0x26, 0x0, 0xbf, 0x63, 0xb0, 0x30, 0xd, 0x9c,
    0xec, 0x2, 0xbe, 0xd9, 0x61, 0x6, 0xd1, 0x29,
    0x25, 0x0, 0x20, 0x80, 0x6d, 0xb8, 0x75, 0x4c,
    0x50,

    /* U+7ED9 "给" */
    0x0, 0x99, 0x0, 0x32, 0x6a, 0x0, 0x7d, 0x4,
    0x1, 0xb4, 0x84, 0x3, 0xc6, 0xc, 0x1, 0x9c,
    0xe0, 0x3, 0xd4, 0xc1, 0x28, 0xe, 0x18, 0x12,
    0x1, 0x89, 0xa4, 0x99, 0x85, 0x16, 0x1c, 0xce,
    0x1, 0x78, 0xdf, 0xc1, 0xf9, 0xa8, 0x1c, 0xc5,
    0x90, 0x2b, 0x11, 0xb6, 0x98, 0x7f, 0xd3, 0x26,
    0x70, 0x88, 0x1d, 0x8f, 0x7e, 0x7f, 0xe6, 0xd5,
    0x1, 0xa5, 0x38, 0x4, 0xee, 0xed, 0x0, 0x8d,
    0x46, 0x8c, 0x80, 0x77, 0x68, 0x30, 0x8, 0xb7,
    0xf2, 0xc0, 0x2, 0x67, 0x10, 0x7, 0x11, 0x1a,
    0x90, 0x3, 0xfd, 0x1f, 0xb4, 0x4a, 0x3, 0xff,
    0x58, 0x6, 0xba, 0xec, 0x81, 0x1, 0xff, 0xac,
    0x40, 0x23, 0x51, 0x0, 0xfc, 0x9e, 0x0,

    /* U+7EDD "绝" */
    0x0, 0x98, 0x40, 0x26, 0x80, 0xf, 0xc3, 0x2e,
    0x1, 0x40, 0x80, 0x7e, 0x93, 0x60, 0x4, 0xb,
    0x7f, 0xc2, 0x1, 0xb, 0x70, 0x0, 0xde, 0xbf,
    0xc7, 0x2, 0x1, 0x5c, 0x93, 0x72, 0x3a, 0x82,
    0x13, 0x80, 0x42, 0xb1, 0xf3, 0x27, 0x6f, 0xf5,
    0x8f, 0xf8, 0xc0, 0x73, 0xdd, 0x1c, 0x7, 0x38,
    0x73, 0x84, 0x2, 0x33, 0x35, 0x0, 0x61, 0x1,
    0x10, 0x6, 0x2d, 0xa1, 0x0, 0x9c, 0x40, 0x44,
    0x1, 0xb8, 0x23, 0xb8, 0x0, 0x9c, 0x3e, 0xc1,
    0x0, 0xbe, 0xbb, 0xf8, 0x1, 0xdb, 0xba, 0x88,
    0x0, 0x6c, 0xd4, 0x80, 0x7c, 0xa4, 0x7, 0xfb,
    0xfe, 0xc0, 0x15, 0x0, 0xcf, 0x84, 0x79, 0xf7,
    0xa, 0x13, 0x2f, 0xfd, 0x10, 0x20,

    /* U+7EDF "统" */
    0x0, 0xff, 0x10, 0x7, 0xea, 0x40, 0xd, 0x3c,
    0x1, 0xf1, 0xab, 0x80, 0x68, 0x71, 0x0, 0xf4,
    0xa9, 0x86, 0x7f, 0xb9, 0x3b, 0xfd, 0xc0, 0x3,
    0x5b, 0x4d, 0xff, 0x71, 0x5f, 0xfb, 0xbc, 0xb,
    0x95, 0x50, 0x26, 0xe, 0x6a, 0x2, 0x30, 0x0,
    0x9e, 0x4f, 0x80, 0x62, 0x84, 0xb9, 0x0, 0x5,
    0xfa, 0x30, 0x47, 0x8c, 0x82, 0x9, 0x42, 0x1,
    0x30, 0xb8, 0x29, 0x3f, 0xf6, 0xb8, 0x58, 0x1,
    0x65, 0x1e, 0x96, 0x99, 0x38, 0x37, 0x20, 0x1,
    0xe4, 0x7f, 0x86, 0xa2, 0x20, 0x8, 0x88, 0x0,
    0xad, 0xa8, 0x61, 0x3, 0xd0, 0xf, 0x85, 0x1e,
    0xfd, 0xcd, 0x14, 0x3, 0x30, 0x8b, 0xab, 0x75,
    0xc9, 0xac, 0x40, 0x5, 0x39, 0x21, 0xde, 0xa6,
    0x3c, 0x59, 0x1, 0x3b, 0xc5, 0x30, 0x20, 0x8,
    0xb6, 0xc0, 0x2c, 0xff, 0x50, 0x0,

    /* U+7EE7 "继" */
    0x0, 0x33, 0x80, 0x79, 0x38, 0x3, 0xd5, 0xa0,
    0x7, 0x3a, 0x20, 0xa, 0x58, 0x0, 0x27, 0x0,
    0xa, 0x50, 0xa0, 0x9, 0x8c, 0x1, 0x2c, 0x4a,
    0x20, 0x7e, 0xa0, 0x5, 0x5, 0x2, 0x68, 0xa,
    0x60, 0x2, 0x40, 0x1, 0x28, 0x1, 0x43, 0xfe,
    0x37, 0x0, 0x2b, 0x10, 0x93, 0x18, 0x55, 0xd0,
    0x70, 0x5, 0x3d, 0x21, 0xdc, 0x80, 0x24, 0x88,
    0x10, 0x5, 0xba, 0x11, 0x66, 0xd8, 0x2, 0x9d,
    0x88, 0x3, 0x40, 0x3, 0x5c, 0x0, 0x4a, 0x9d,
    0xc0, 0x9, 0x1a, 0x3, 0xa1, 0x0, 0xb7, 0xfd,
    0x80, 0x2, 0xb8, 0x20, 0x29, 0x0, 0x88, 0x4d,
    0x84, 0xa, 0xd8, 0x4, 0x19, 0x1, 0xbf, 0xb9,
    0xe2, 0x6, 0xa2, 0xb8, 0x23, 0x3, 0xe7, 0xec,
    0x80, 0x27, 0xba, 0xce, 0xe8, 0x80,

    /* U+7EEA "绪" */
    0x0, 0xa1, 0x0, 0x34, 0xc0, 0x7, 0xc6, 0xe4,
    0x1, 0xde, 0x0, 0xc8, 0x0, 0xa4, 0xd8, 0x1,
    0xde, 0xd1, 0xaa, 0x78, 0x0, 0x25, 0xf0, 0xe6,
    0xef, 0x68, 0xfb, 0x84, 0x0, 0x72, 0x9b, 0x1a,
    0x10, 0x87, 0xf2, 0xb1, 0x9, 0x99, 0x7e, 0x7a,
    0x7f, 0x11, 0xc9, 0xb3, 0xe0, 0xf3, 0x99, 0x87,
    0x7b, 0xa9, 0x1f, 0xdd, 0xa4, 0xc, 0x92, 0x40,
    0x34, 0x9d, 0x5d, 0x88, 0x0, 0x5a, 0x8f, 0x1,
    0x5f, 0xdc, 0x88, 0x20, 0x80, 0x28, 0x5e, 0xcf,
    0x14, 0xc, 0xf0, 0x80, 0x53, 0xdc, 0xc9, 0x6a,
    0xf, 0xfc, 0x20, 0x10, 0x9a, 0x3d, 0xd8, 0x43,
    0xbb, 0x8, 0x0, 0xff, 0x63, 0xf0, 0x40, 0x19,
    0x98, 0x40, 0x7, 0x7f, 0x90, 0xa0, 0x22, 0x99,
    0xc0, 0x19, 0x0, 0x3c, 0x68, 0x9b, 0xcc, 0x0,

    /* U+7EED "续" */
    0x0, 0xc, 0x90, 0x7, 0x79, 0x80, 0x7a, 0x5c,
    0xc0, 0x4c, 0x88, 0xc, 0x44, 0x30, 0x9, 0xa4,
    0x41, 0x7b, 0xa0, 0x8e, 0xe7, 0x80, 0x14, 0x1d,
    0xa1, 0x33, 0x20, 0xec, 0xc8, 0x6, 0xe4, 0x2f,
    0x97, 0x32, 0x3f, 0xce, 0xa0, 0x41, 0x8e, 0x6,
    0x5e, 0xbc, 0xff, 0x60, 0x70, 0x2e, 0x70, 0x48,
    0x5, 0x37, 0x50, 0x12, 0x80, 0x3, 0x95, 0x40,
    0x49, 0xc8, 0x2, 0x7, 0x0, 0x95, 0xf9, 0x9,
    0x5e, 0x4c, 0x4, 0x3, 0xa4, 0x2e, 0x18, 0x7f,
    0x80, 0xfc, 0x4, 0x40, 0xe, 0xeb, 0x12, 0x32,
    0xf9, 0x67, 0xbf, 0xc0, 0x2, 0x3, 0x64, 0x8e,
    0xe4, 0xe, 0x7f, 0x70, 0x7, 0xfb, 0x74, 0x20,
    0x31, 0x36, 0x9d, 0x2, 0x3, 0x7b, 0xd6, 0xdb,
    0xc9, 0x8a, 0xd6, 0xbe, 0x20, 0x84, 0x0, 0x3b,
    0xcc, 0x18, 0x1, 0x36, 0x84,

    /* U+7EF4 "维" */
    0x0, 0x14, 0x8, 0x1, 0x2c, 0x4e, 0x0, 0x3d,
    0x6a, 0x20, 0xd, 0x71, 0x13, 0x98, 0x7, 0x3c,
    0x0, 0x4e, 0x84, 0x10, 0x4, 0x40, 0x2, 0x1a,
    0xc4, 0x10, 0x57, 0xf2, 0x3b, 0xe0, 0x1, 0x16,
    0xd, 0x9e, 0x1f, 0xb4, 0x5b, 0xaa, 0x5, 0x3a,
    0xd5, 0x5, 0x1, 0x18, 0x4, 0x80, 0x9, 0x10,
    0x39, 0xd6, 0xd, 0xfb, 0x2f, 0xc4, 0x1, 0x73,
    0x42, 0x98, 0xc, 0xea, 0x2e, 0xe2, 0x0, 0xa,
    0x60, 0x88, 0x1, 0xff, 0x78, 0xee, 0x9c, 0x1,
    0xbf, 0x65, 0xfe, 0x50, 0x4, 0xe7, 0xf9, 0x40,
    0x1b, 0xf6, 0x5f, 0xe5, 0x0, 0x21, 0x1b, 0x48,
    0x80, 0x7f, 0x1f, 0xf6, 0xe8, 0x44, 0x1b, 0xf6,
    0x5f, 0xf2, 0x9b, 0x5f, 0x5c, 0x0, 0x37, 0xff,
    0xca, 0x12, 0x80, 0x1f, 0xfc, 0x10,

    /* U+7EFF "绿" */
    0x0, 0x98, 0x3, 0xff, 0x84, 0x72, 0x60, 0xbf,
    0xfe, 0xd0, 0xd, 0x4a, 0x60, 0xbf, 0xfd, 0xc,
    0x1, 0x9e, 0xb, 0x87, 0xbf, 0xf4, 0x10, 0x5,
    0xc, 0x54, 0x83, 0xdf, 0xf9, 0x44, 0x0, 0x4e,
    0xba, 0xd6, 0x42, 0x3e, 0xf2, 0x2, 0x78, 0x66,
    0xe, 0xff, 0xdd, 0xeb, 0x38, 0x41, 0xe, 0xd0,
    0x1f, 0xdc, 0xd1, 0xee, 0xc4, 0x0, 0xe8, 0x2,
    0x3e, 0x0, 0x9, 0x1f, 0x28, 0x2, 0xce, 0x3e,
    0x4c, 0x9a, 0xc3, 0xf6, 0x54, 0x1, 0xf5, 0xfe,
    0xb0, 0xdc, 0x61, 0x67, 0x70, 0x4, 0x8a, 0x48,
    0xa5, 0xad, 0x41, 0x2d, 0x0, 0x14, 0xe7, 0xf8,
    0xf5, 0xb1, 0xc0, 0xad, 0xf4, 0x43, 0xa7, 0xed,
    0xb6, 0x8e, 0x4c, 0x13, 0x14, 0x41, 0xd4, 0x2,
    0x20, 0x76, 0x80, 0x1, 0xc0, 0x0,

    /* U+7F00 "缀" */
    0x0, 0x2c, 0x88, 0x7, 0xff, 0x7, 0xc8, 0x53,
    0xff, 0x37, 0xfd, 0x0, 0x1, 0x59, 0x4, 0xef,
    0xb1, 0x6f, 0xf0, 0x58, 0x2, 0x58, 0x9c, 0x2e,
    0xdc, 0xe9, 0x8e, 0x26, 0x2, 0xf6, 0x70, 0x94,
    0x4a, 0x28, 0x88, 0x40, 0x2, 0x6, 0x61, 0x50,
    0x91, 0x98, 0x64, 0x45, 0x90, 0x5f, 0xc0, 0xb5,
    0xd5, 0x9e, 0x87, 0xcc, 0x80, 0x28, 0x71, 0x49,
    0xa2, 0x1e, 0x93, 0x17, 0x0, 0x32, 0xda, 0x22,
    0xff, 0x2e, 0xec, 0xd9, 0x0, 0x48, 0x77, 0xaf,
    0xe9, 0x64, 0xb7, 0x26, 0x0, 0x37, 0xf6, 0xd3,
    0x1c, 0xdc, 0xd0, 0x11, 0x40, 0x6, 0x65, 0x87,
    0xd8, 0x13, 0x43, 0xb4, 0x20, 0x5e, 0xc9, 0x11,
    0x58, 0xa4, 0x3, 0xa6, 0x80, 0x12, 0xff, 0x22,
    0x5b, 0x6b, 0xad, 0xdd, 0x36, 0x42, 0x80, 0x1,
    0xcc, 0x18, 0x69, 0x74, 0x69, 0x10,

    /* U+7F13 "缓" */
    0x0, 0xd, 0x8, 0x4, 0x24, 0x6a, 0xf6, 0x20,
    0x4, 0x50, 0x5, 0x7f, 0x67, 0x74, 0x66, 0x0,
    0x4b, 0x88, 0x44, 0x3e, 0x21, 0x61, 0xa4, 0x8,
    0x50, 0x7a, 0x10, 0x5f, 0xc2, 0xce, 0x3, 0x28,
    0x70, 0xe5, 0x1, 0x50, 0xc8, 0x40, 0x3, 0x1e,
    0x6a, 0x99, 0x66, 0x36, 0x57, 0x94, 0x7a, 0x4f,
    0xc2, 0x3a, 0xc7, 0xba, 0xf4, 0x0, 0x74, 0x11,
    0xff, 0x50, 0x77, 0x5f, 0x81, 0x87, 0xd2, 0x5d,
    0xc1, 0xce, 0xed, 0xa0, 0xea, 0x2, 0x20, 0x61,
    0xdf, 0xfb, 0x0, 0x17, 0x51, 0x1, 0x14, 0x14,
    0xfe, 0x87, 0x1, 0x45, 0x6f, 0xb5, 0x3f, 0xc2,
    0xfc, 0x10, 0x1a, 0x9c, 0x6e, 0x34, 0x93, 0x51,
    0xa8, 0x0, 0x76, 0x55, 0x99, 0xed, 0x6d, 0x29,
    0xbd, 0x20, 0x19, 0x34, 0xbb, 0x79, 0xab, 0xa3,
    0x40,

    /* U+7F16 "编" */
    0x0, 0x94, 0x40, 0x30, 0xd9, 0x0, 0x7d, 0x4e,
    0x1, 0x85, 0x54, 0x1, 0xe6, 0x26, 0x3, 0xfd,
    0xd1, 0xd6, 0xf6, 0x80, 0x55, 0x22, 0x62, 0x1b,
    0xbd, 0x40, 0x12, 0x3a, 0x47, 0x8, 0x77, 0x75,
    0x0, 0x54, 0x9e, 0xdc, 0x3, 0xdd, 0xed, 0x0,
    0x5e, 0x2b, 0x1b, 0x1, 0x17, 0xc2, 0xa, 0x2f,
    0x20, 0x43, 0xfd, 0x93, 0xb3, 0x8e, 0x0, 0xe9,
    0x21, 0xc0, 0xbf, 0x2b, 0xb, 0x50, 0x5, 0x1d,
    0xe3, 0x21, 0xb, 0x1, 0x1, 0x80, 0x5d, 0x7f,
    0xde, 0xad, 0x52, 0x52, 0x10, 0xa0, 0x4, 0x41,
    0x3f, 0x40, 0x5f, 0x95, 0x85, 0x28, 0xd, 0x6e,
    0xb1, 0x48, 0x0, 0xe0, 0x1e, 0x16, 0xbe, 0xb3,
    0x7, 0x5, 0x90, 0xa7, 0x63, 0xc, 0x61, 0x0,
    0x84, 0x5, 0x41, 0x7c, 0x10, 0x3, 0xed, 0x60,
    0xd, 0x3a, 0x20,

    /* U+7F29 "缩" */
    0x0, 0xa4, 0x80, 0x31, 0xe0, 0x7, 0xc6, 0xe6,
    0x4, 0x53, 0x9b, 0x11, 0x40, 0x14, 0xd8, 0x86,
    0xe7, 0xc9, 0x5f, 0xfb, 0x4c, 0x9, 0x94, 0xc0,
    0x15, 0x1b, 0xbc, 0x20, 0x9, 0xf3, 0xc3, 0x5d,
    0x94, 0x54, 0x4a, 0xcd, 0x93, 0x71, 0x4e, 0x1b,
    0x84, 0xa7, 0x8c, 0x81, 0xb3, 0x3, 0x61, 0xc0,
    0x4a, 0xe1, 0x2e, 0xe0, 0x1, 0xdc, 0x8d, 0x80,
    0x4f, 0xe5, 0x9f, 0x0, 0x5, 0x45, 0x38, 0xf0,
    0x9, 0x7f, 0xce, 0x0, 0x1a, 0x2d, 0xc0, 0x10,
    0x0, 0x80, 0x42, 0x0, 0x1a, 0xdf, 0xf1, 0x80,
    0x65, 0xff, 0x30, 0x4, 0xa4, 0x4, 0x40, 0xc,
    0xbf, 0xe7, 0x0, 0x26, 0x6f, 0xed, 0x0, 0x61,
    0x22, 0x8, 0x1, 0x5e, 0xaf, 0xa0, 0x40, 0x25,
    0xee, 0x38, 0x0, 0x6d, 0xd0, 0x40, 0x30, 0xa6,
    0x61, 0x80, 0x0,

    /* U+7F3A "缺" */
    0x0, 0xff, 0xe3, 0x33, 0x0, 0x39, 0x3c, 0x80,
    0x3d, 0x2, 0x1, 0xce, 0x4, 0x1, 0xca, 0x8,
    0x67, 0x0, 0x7f, 0xa0, 0xfb, 0x3b, 0x8b, 0xf8,
    0x1f, 0xf0, 0x83, 0xb6, 0xf0, 0xee, 0x97, 0xac,
    0x7f, 0x0, 0x41, 0xe8, 0x3, 0xc2, 0x6, 0x1,
    0xc7, 0xdf, 0x83, 0xfe, 0x60, 0xf, 0xc7, 0xdf,
    0x83, 0xfe, 0x7, 0xe3, 0x7a, 0x7, 0x20, 0x30,
    0x8, 0x5b, 0xb5, 0xc7, 0xd, 0x74, 0x43, 0x10,
    0x0, 0x73, 0x14, 0xc0, 0x75, 0x51, 0x81, 0xb8,
    0x7, 0xa, 0x3b, 0x8, 0x7, 0xe6, 0x0, 0x49,
    0xc1, 0x50, 0x6, 0x3c, 0xd2, 0xf1, 0x47, 0xf0,
    0xe5, 0xa0, 0xb, 0x3f, 0xb2, 0xee, 0x93, 0x2,
    0xd4, 0xc0, 0x1, 0x0, 0x74, 0xb0, 0x4, 0x79,
    0x0,

    /* U+7F51 "网" */
    0x6f, 0xff, 0xfe, 0x8, 0x18, 0xf7, 0x7f, 0xa8,
    0x3, 0x8, 0x8, 0xa8, 0x84, 0x4a, 0xc0, 0x20,
    0x13, 0x78, 0x1a, 0x2, 0x6, 0xd8, 0x7, 0x31,
    0xba, 0x25, 0x42, 0x92, 0x1, 0xee, 0x8a, 0xe7,
    0x2a, 0x25, 0x0, 0xf1, 0xa9, 0x28, 0x42, 0x28,
    0x7, 0xe1, 0x4, 0x5, 0x0, 0xfe, 0x34, 0x59,
    0xb, 0x25, 0x30, 0xf, 0x7b, 0xdb, 0x31, 0x7d,
    0x20, 0x3, 0x9c, 0xa0, 0x62, 0x5c, 0xa0, 0xc0,
    0x39, 0x28, 0x0, 0x51, 0x0, 0x38, 0x0, 0xe3,
    0x40, 0x0, 0xb8, 0x0, 0x5b, 0x80, 0x6, 0x1,
    0xfc, 0x36, 0xf0, 0x0,

    /* U+7F6E "置" */
    0xd, 0xed, 0xd7, 0x6e, 0xbf, 0x75, 0xd8, 0x1,
    0xc, 0x6c, 0xa6, 0xe8, 0xbf, 0x64, 0x3, 0x35,
    0x64, 0x36, 0xf0, 0xf6, 0x5b, 0x0, 0xf, 0x2a,
    0xb0, 0x9d, 0x56, 0xc0, 0x3, 0xf0, 0x8e, 0x27,
    0x11, 0xdc, 0x0, 0x48, 0x1c, 0xc8, 0x5b, 0x32,
    0x38, 0x0, 0xdc, 0x53, 0x2d, 0xe9, 0x90, 0x8,
    0x7, 0x7b, 0xff, 0xf9, 0x0, 0x3e, 0x6c, 0xcf,
    0x20, 0x7, 0xcf, 0xdd, 0xe4, 0x0, 0xf9, 0x22,
    0x3c, 0x40, 0x1f, 0x88, 0xbc, 0x20, 0x1b, 0xb6,
    0x56, 0x23, 0xc5, 0x1b, 0xc0,

    /* U+7FFB "翻" */
    0x0, 0x84, 0xde, 0xc0, 0x3f, 0x9b, 0xfb, 0x37,
    0x45, 0xdd, 0x1f, 0xfc, 0xe, 0x9e, 0x51, 0xa7,
    0x98, 0x31, 0xfe, 0x0, 0x8, 0x20, 0x20, 0x89,
    0x8, 0x1e, 0x40, 0x42, 0xd2, 0x8a, 0x12, 0x64,
    0x40, 0x2c, 0x40, 0xa, 0xe3, 0xa, 0xb9, 0x55,
    0x3, 0x12, 0x80, 0x6, 0x5c, 0x89, 0x4d, 0x9e,
    0x0, 0x50, 0xa, 0x16, 0xe9, 0xee, 0x9a, 0x0,
    0x10, 0xe0, 0x6a, 0x5d, 0x1d, 0x70, 0x2, 0x60,
    0x74, 0x7, 0xa1, 0xc5, 0xa8, 0xf, 0xe3, 0x18,
    0x60, 0x1b, 0x8b, 0x50, 0x2b, 0x4a, 0x72, 0x40,
    0x37, 0x16, 0x23, 0xe9, 0x80, 0x98, 0x7, 0x10,
    0x3b, 0x80, 0x3f, 0xee, 0x9, 0x37, 0x29, 0x32,
    0x38, 0x20, 0x7, 0x6e, 0xde, 0x85, 0x5c, 0x5,
    0xb8,

    /* U+800C "而" */
    0x0, 0xff, 0xe2, 0x17, 0xff, 0xff, 0x8, 0x4b,
    0x75, 0xdd, 0x8d, 0xbb, 0xbb, 0x44, 0x8, 0x82,
    0x38, 0xb4, 0x47, 0x88, 0x2, 0xcc, 0xe1, 0x9c,
    0xcd, 0x40, 0x18, 0xee, 0x10, 0xae, 0x49, 0x21,
    0x1c, 0x3, 0x8d, 0x34, 0x11, 0x1, 0xa9, 0xc0,
    0x1f, 0xff, 0xf0, 0xf, 0xfe, 0xb, 0xb0, 0x2,
    0x1c, 0xf0, 0x40, 0x3e, 0x28, 0x0, 0x31, 0x7a,
    0xa0, 0x6, 0xf4, 0x0, 0xfb, 0xb6, 0x0, 0x0,

    /* U+8010 "耐" */
    0x0, 0xff, 0xe0, 0x2f, 0x0, 0xb, 0xff, 0xf2,
    0x80, 0x4, 0xc0, 0x5, 0xff, 0x32, 0xff, 0xca,
    0x1, 0xfe, 0x5d, 0x0, 0x96, 0x21, 0xc7, 0x8,
    0x11, 0xba, 0x39, 0xdd, 0x60, 0xff, 0x18, 0x73,
    0x80, 0xbc, 0x1d, 0x7, 0x92, 0x3b, 0x69, 0xb1,
    0x80, 0x80, 0x83, 0x81, 0x81, 0xb0, 0x7, 0xff,
    0x9, 0xe4, 0x80, 0x3f, 0xf8, 0x28, 0xbc, 0x1,
    0xff, 0xc2, 0x88, 0x0, 0x7f, 0xf0, 0x89, 0x0,
    0x3e, 0x77, 0x12, 0x80, 0x7f, 0x84, 0xe, 0xc6,
    0x98, 0x3, 0x10, 0x6, 0xed, 0x0, 0x86, 0xac,
    0x7, 0xe5, 0xc0, 0x27, 0x70, 0x4, 0x7a, 0xa0,
    0x39, 0xb4, 0x0,

    /* U+8017 "耗" */
    0x0, 0x8f, 0xc0, 0x3e, 0x24, 0x0, 0x84, 0x4e,
    0x4, 0x41, 0x25, 0x8c, 0xd9, 0x0, 0xab, 0xe8,
    0x33, 0x13, 0xb2, 0xf5, 0xda, 0x1, 0x5f, 0x68,
    0x77, 0x23, 0xf0, 0x14, 0x40, 0x34, 0x76, 0x86,
    0xe8, 0x0, 0x20, 0x8f, 0x26, 0x0, 0x9d, 0xb0,
    0xfe, 0x1f, 0xe0, 0x9d, 0x12, 0x0, 0x19, 0x8,
    0x18, 0x85, 0x68, 0x6d, 0x40, 0x80, 0x37, 0xec,
    0x3f, 0x15, 0x44, 0x1, 0x9, 0x80, 0x3f, 0x90,
    0x3b, 0x8e, 0xe9, 0xe, 0xfe, 0xe0, 0x4, 0x88,
    0x9, 0xa4, 0xee, 0x4, 0x77, 0xe8, 0x0, 0x69,
    0xc2, 0xd5, 0x25, 0xc1, 0x84, 0x2, 0x1c, 0x4b,
    0x2, 0xe3, 0x0, 0xe2, 0x40, 0x2, 0xd0, 0x4,
    0x20, 0x19, 0xc1, 0x6c, 0x6, 0x0, 0x3f, 0x2d,
    0xfc, 0x38, 0x0,

    /* U+8026 "耦" */
    0x0, 0xb9, 0x40, 0x3f, 0xf8, 0x26, 0x20, 0x9,
    0xee, 0x7f, 0x73, 0xc8, 0xea, 0x85, 0xf4, 0xa3,
    0x3c, 0x39, 0xc2, 0x7, 0x76, 0x2e, 0xb5, 0x9,
    0xe1, 0xce, 0x10, 0x2, 0xa1, 0xeb, 0x80, 0x27,
    0x87, 0x38, 0x40, 0x1d, 0x22, 0xb4, 0x21, 0xc4,
    0xc, 0x40, 0x15, 0x61, 0x4e, 0xf, 0x14, 0x8c,
    0x4a, 0x83, 0xee, 0x14, 0xea, 0xb5, 0xd8, 0x7a,
    0xec, 0x4d, 0xfe, 0xb, 0xf4, 0xfe, 0xe0, 0xe7,
    0x74, 0x25, 0x40, 0x32, 0x21, 0xfc, 0x3b, 0x78,
    0x0, 0x34, 0x23, 0x17, 0x2, 0x31, 0xba, 0x70,
    0x2d, 0x90, 0x5, 0x38, 0x2f, 0xbe, 0xc1, 0x83,
    0xb2, 0x0, 0x73, 0xe4, 0x2b, 0x98, 0x2c, 0x0,
    0x7f, 0x8e, 0x9c, 0x2, 0x31, 0x0, 0x78, 0x80,
    0x47, 0xd2,

    /* U+80CC "背" */
    0x0, 0xe6, 0xd0, 0x7, 0x90, 0x7, 0xc2, 0x1,
    0x8, 0x6, 0x17, 0xa0, 0x9, 0xbf, 0xb9, 0x0,
    0x1b, 0xfd, 0x84, 0x1, 0x37, 0x75, 0x60, 0x1b,
    0xb9, 0x70, 0x1, 0x44, 0xde, 0xd8, 0x6, 0x70,
    0x2, 0xe0, 0x5, 0xf1, 0x94, 0xe0, 0x7, 0x9e,
    0xe4, 0x58, 0x2, 0x18, 0x81, 0x68, 0x45, 0x39,
    0xfe, 0xd7, 0x0, 0xdf, 0xec, 0xcf, 0x7f, 0x0,
    0x7d, 0x7b, 0xbe, 0xa0, 0xf, 0x8e, 0xbf, 0xfd,
    0x62, 0x1, 0xf5, 0x7f, 0xfa, 0xc0, 0x3f, 0x57,
    0xff, 0xac, 0x3, 0xf5, 0x7f, 0xfa, 0xc0, 0x3e,
    0x30, 0xe, 0x18, 0xf3, 0x0, 0xff, 0xe0, 0xa,
    0xbc, 0x80, 0x40,

    /* U+80FD "能" */
    0x0, 0xff, 0xe2, 0xbe, 0x0, 0x6f, 0x30, 0x0,
    0x80, 0x43, 0x36, 0x4, 0x0, 0x10, 0x19, 0xe1,
    0x0, 0x52, 0xbb, 0x60, 0x80, 0x23, 0xcf, 0x4,
    0x25, 0x3d, 0xc, 0x30, 0x0, 0x7f, 0x44, 0x20,
    0x3, 0xed, 0x29, 0x3, 0xc, 0x10, 0x6c, 0x9,
    0xdb, 0x86, 0x66, 0x9a, 0xd6, 0x62, 0x2c, 0x7,
    0xbb, 0x98, 0x2f, 0x3b, 0xa6, 0x0, 0xbb, 0xa3,
    0x30, 0x70, 0x91, 0xc, 0x3, 0x7f, 0xc6, 0x1,
    0x86, 0xb4, 0x80, 0x2c, 0xff, 0x18, 0x5, 0xfc,
    0xd8, 0x40, 0x10, 0x99, 0x84, 0x2, 0x7b, 0xc3,
    0x0, 0xdd, 0xfe, 0x20, 0xa, 0x10, 0x3, 0xd9,
    0xba, 0x30, 0x9, 0xc0, 0xd, 0xc0, 0x1d, 0x66,
    0x20, 0x97, 0xfe, 0x99, 0x0, 0x79, 0x10, 0x15,
    0xff, 0x9c, 0x7, 0xc4, 0x2e, 0xc0, 0x1f, 0xc0,

    /* U+8109 "脉" */
    0x0, 0xfe, 0x10, 0xf, 0xfe, 0x12, 0xfb, 0x80,
    0x7d, 0xff, 0x70, 0x1, 0x62, 0x74, 0xc0, 0x3d,
    0xd8, 0x20, 0x24, 0x98, 0xa6, 0x1, 0xfe, 0xbd,
    0xda, 0xc0, 0x3e, 0x55, 0x0, 0x2b, 0xfc, 0x20,
    0x3, 0x90, 0xd, 0x14, 0x1, 0xf0, 0xf1, 0x80,
    0x6d, 0xf0, 0x3f, 0xf4, 0x4, 0xd2, 0xd0, 0x7,
    0xc7, 0xe7, 0xa0, 0xa7, 0x0, 0x10, 0x87, 0x60,
    0x4, 0x6e, 0xa, 0x60, 0x18, 0x87, 0xac, 0x0,
    0x82, 0x41, 0xca, 0xa0, 0x9, 0x94, 0x5c, 0x1,
    0xee, 0x0, 0x7b, 0xa5, 0x0, 0x69, 0x0, 0x4c,
    0x96, 0x1, 0x2b, 0xd1, 0x2, 0xf9, 0xd0, 0xa4,
    0x10, 0x8, 0x82, 0x28, 0x8a, 0x77, 0x2d, 0x13,
    0xa7, 0x89, 0x0, 0x14, 0xb, 0x85, 0x31, 0x0,
    0x9, 0x5e, 0x1, 0xc0,

    /* U+810F "脏" */
    0x0, 0xff, 0x8, 0x7, 0xff, 0xa, 0xa0, 0x3,
    0x17, 0xfe, 0x20, 0xa, 0x50, 0x3, 0xdf, 0xc0,
    0x2, 0xff, 0x69, 0xff, 0xac, 0x3, 0xfb, 0xbb,
    0x6d, 0x0, 0x44, 0x40, 0xc, 0x22, 0x63, 0x21,
    0x0, 0xb7, 0x0, 0x3d, 0x2c, 0x1, 0xdf, 0xc0,
    0x1f, 0xfc, 0x61, 0xae, 0x1a, 0xf3, 0x1, 0xd,
    0xc0, 0x3, 0x1d, 0x70, 0xd7, 0x98, 0x39, 0x74,
    0x80, 0x4, 0x40, 0x1f, 0x13, 0x1a, 0x80, 0x9,
    0xc0, 0x3e, 0xf3, 0x0, 0xd8, 0x60, 0x1f, 0x27,
    0x0, 0x42, 0x9a, 0x42, 0x2, 0x22, 0x32, 0x46,
    0xf1, 0xb2, 0x26, 0x78, 0x5f, 0xf0, 0xa1, 0x3c,
    0x7c, 0xc9, 0xfb, 0xbb, 0xa, 0xc0, 0x58, 0x44,
    0x80, 0x1f, 0x0,

    /* U+811A "脚" */
    0x0, 0xf8, 0x6c, 0x3, 0xf1, 0x7f, 0xe0, 0x2,
    0x0, 0x37, 0xba, 0x20, 0x0, 0xfe, 0x0, 0x90,
    0x10, 0x9d, 0xf8, 0x80, 0x78, 0x63, 0x3, 0x58,
    0xc4, 0x40, 0x60, 0x11, 0x30, 0x4f, 0x7, 0xb8,
    0x7, 0xc3, 0xf6, 0x1, 0xff, 0xc1, 0x1d, 0xd0,
    0x66, 0x86, 0x50, 0x7, 0xfd, 0xb6, 0x9b, 0x60,
    0x1e, 0x11, 0x7e, 0x0, 0xe1, 0xb8, 0x80, 0x79,
    0x93, 0xf0, 0x5, 0x26, 0x14, 0x3, 0xda, 0x40,
    0x15, 0x95, 0xf, 0x0, 0xe8, 0x8, 0x1f, 0x80,
    0x42, 0xfd, 0xa6, 0x3, 0x5a, 0x2, 0x88, 0x5e,
    0x2b, 0xa5, 0x28, 0x0, 0x39, 0x1, 0xa9, 0x25,
    0xe8, 0x7, 0x18, 0x80, 0x40,

    /* U+81EA "自" */
    0x0, 0xc4, 0x1, 0xff, 0x4d, 0x80, 0x7f, 0x9b,
    0x40, 0x3c, 0x79, 0x91, 0x5e, 0x67, 0x1b, 0x9c,
    0x42, 0xe6, 0x23, 0x1b, 0x80, 0xa2, 0x7e, 0x10,
    0x0, 0x99, 0xfe, 0x10, 0xb, 0xff, 0xf0, 0x4,
    0x39, 0x9f, 0x84, 0x0, 0x26, 0x7f, 0x84, 0x2,
    0xff, 0xfc, 0x1, 0xe, 0x67, 0xe1, 0x0, 0xff,
    0xe1, 0xf, 0xff, 0xe1, 0x1, 0x17, 0xff, 0xe1,
    0x10,

    /* U+81F3 "至" */
    0x0, 0xff, 0xe1, 0xf, 0xff, 0xff, 0x0, 0x87,
    0x7b, 0xa4, 0x6e, 0xee, 0xd2, 0x2, 0x11, 0x1a,
    0x8, 0xc4, 0x22, 0x20, 0xe, 0xf7, 0x80, 0x1c,
    0x80, 0xe, 0x1c, 0x48, 0x0, 0xd, 0xbb, 0x80,
    0x22, 0xe3, 0x4d, 0xd7, 0x72, 0x4a, 0x18, 0x0,
    0x53, 0x7d, 0xe8, 0xbd, 0xba, 0x90, 0xc, 0xc8,
    0x64, 0x1, 0xcc, 0xc0, 0x0, 0xf6, 0xec, 0xe9,
    0xbb, 0x70, 0x80, 0x6, 0xbb, 0xa4, 0x3e, 0xea,
    0x84, 0x2, 0x43, 0x3c, 0xe6, 0x72, 0x0, 0xc,
    0xc4, 0x58, 0xc0, 0x8b, 0x8f, 0xb7, 0x33, 0x22,
    0xe6, 0x76, 0x80,

    /* U+81F4 "致" */
    0x0, 0xfe, 0x8a, 0x0, 0xef, 0xff, 0x30, 0x19,
    0x0, 0x77, 0x70, 0xeb, 0xb8, 0xc0, 0x96, 0x1,
    0xc2, 0x66, 0x65, 0x30, 0x30, 0xcf, 0xf9, 0x80,
    0x10, 0xc7, 0x92, 0x14, 0xbd, 0xa1, 0xae, 0x10,
    0x9a, 0xbe, 0x8a, 0xfc, 0x20, 0x2, 0x10, 0x30,
    0x9b, 0x7, 0x91, 0x80, 0x12, 0x0, 0xaf, 0xa0,
    0x9e, 0x11, 0x8c, 0x55, 0x80, 0x22, 0x28, 0x8,
    0x91, 0x24, 0x9e, 0x60, 0x16, 0x62, 0x4f, 0xf1,
    0x1, 0x31, 0x30, 0x2, 0xee, 0x59, 0xef, 0x20,
    0x53, 0x12, 0x0, 0x7e, 0x32, 0x1, 0x1, 0x0,
    0x85, 0x62, 0x4f, 0xf9, 0xcf, 0x14, 0xb5, 0x0,
    0x14, 0x69, 0x7d, 0xb9, 0x89, 0xac, 0x4b, 0x81,
    0xfb, 0x84, 0x10, 0xdc, 0x70, 0x4, 0xe4, 0x80,

    /* U+820D "舍" */
    0x0, 0xff, 0xe4, 0x8f, 0x18, 0x7, 0xff, 0x3,
    0x43, 0xc0, 0x3f, 0xea, 0xe, 0x5c, 0x10, 0xf,
    0x87, 0x1b, 0x42, 0x57, 0xd4, 0x3, 0x93, 0xdf,
    0x80, 0x45, 0x73, 0x58, 0xc2, 0x17, 0x57, 0x19,
    0xfd, 0xf9, 0xfc, 0xb2, 0xc1, 0xfc, 0xa7, 0xdc,
    0x1c, 0xe8, 0x19, 0xe7, 0x4, 0xef, 0xfc, 0x3b,
    0xff, 0x8c, 0x2, 0xcd, 0xee, 0x87, 0x3b, 0x9b,
    0xa2, 0x0, 0x88, 0x82, 0x30, 0x8, 0xc4, 0x40,
    0xe, 0xdf, 0xf8, 0x77, 0xfe, 0x30, 0xe, 0x1a,
    0xff, 0xf0, 0x80, 0x7c, 0x62, 0x3e, 0x0, 0xf8,
    0x67, 0xbb, 0xc2, 0x1, 0xed, 0xff, 0xfc, 0x60,
    0x0,

    /* U+822A "航" */
    0x0, 0x95, 0x40, 0x19, 0x20, 0x3, 0xf7, 0x10,
    0x6, 0x77, 0x18, 0x7, 0x13, 0xa7, 0xb9, 0x0,
    0xd, 0x9c, 0x0, 0x20, 0x6, 0x98, 0xf9, 0x67,
    0xff, 0x35, 0xff, 0xc0, 0x11, 0xfa, 0x90, 0x3f,
    0xff, 0xb8, 0x3, 0x75, 0x80, 0x44, 0xab, 0x80,
    0x3c, 0xf4, 0x1, 0x2c, 0x67, 0xd0, 0x80, 0x12,
    0x8b, 0xf4, 0xc0, 0x27, 0x9b, 0x1, 0x0, 0x25,
    0x97, 0xf8, 0xc0, 0x3f, 0xe1, 0x16, 0x98, 0x6,
    0x30, 0xf, 0x89, 0xea, 0x0, 0x2e, 0x10, 0xf,
    0xb8, 0x9a, 0x40, 0x27, 0xd0, 0xc, 0x82, 0x9,
    0xe0, 0x62, 0xe, 0xa, 0x1, 0x14, 0xb9, 0x99,
    0xc3, 0xcb, 0x22, 0x0, 0x1, 0x2d, 0x37, 0x29,
    0x10, 0xcf, 0x99, 0x30, 0x5, 0xbf, 0xc2,

    /* U+8272 "色" */
    0x0, 0xe7, 0xa1, 0x0, 0xff, 0xe0, 0xc, 0x10,
    0x80, 0x7f, 0xf0, 0x34, 0x1f, 0xff, 0x60, 0x7,
    0xd6, 0x1f, 0xfa, 0x3, 0x40, 0x38, 0xf5, 0xb4,
    0x2, 0x38, 0x91, 0x0, 0xef, 0x62, 0xef, 0xfb,
    0x2, 0x7f, 0xd4, 0x1, 0x65, 0x8d, 0x7f, 0xac,
    0x7f, 0xe6, 0x30, 0xf, 0xfe, 0x55, 0x7f, 0xac,
    0x7f, 0xe6, 0x0, 0xfa, 0xbf, 0xfe, 0x63, 0x0,
    0xff, 0xe1, 0x45, 0x80, 0x7f, 0xf0, 0x84, 0x46,
    0x1, 0xde, 0x45, 0xf9, 0xb0, 0x40, 0x28, 0x4d,
    0xdf, 0xb2, 0xac, 0x40,

    /* U+8282 "节" */
    0x0, 0xc3, 0xe6, 0x0, 0x8d, 0x0, 0xff, 0xe4,
    0x97, 0xfd, 0xc1, 0x9f, 0xe7, 0x2f, 0xfc, 0x25,
    0x9b, 0xda, 0x17, 0xdc, 0x62, 0xee, 0x6e, 0x84,
    0xc, 0x84, 0xc1, 0xc4, 0x60, 0x11, 0x11, 0x0,
    0x2, 0x42, 0x74, 0x23, 0x5c, 0x88, 0xc0, 0x14,
    0x6f, 0x6d, 0x6f, 0x73, 0x2f, 0xba, 0x20, 0x4,
    0xff, 0xe0, 0xaf, 0xfd, 0x60, 0x60, 0x1f, 0xfc,
    0x11, 0x1, 0x0, 0xff, 0xe8, 0x90, 0x80, 0x7f,
    0xf0, 0x26, 0xe1, 0x0, 0x3f, 0xf8, 0x2e, 0xeb,
    0x0, 0xff, 0xe0, 0x4e, 0x40, 0x80, 0x7f, 0xf1,
    0x80,

    /* U+82AF "芯" */
    0x0, 0x8f, 0xc8, 0x0, 0x7e, 0x20, 0x1f, 0xc6,
    0x1, 0xfd, 0xff, 0x60, 0x77, 0xfb, 0x3, 0xbf,
    0xe1, 0xde, 0xe5, 0x86, 0xf7, 0x2c, 0x37, 0xb7,
    0x42, 0x42, 0x27, 0x3, 0x11, 0x38, 0x18, 0x91,
    0x0, 0x31, 0x50, 0x91, 0xe, 0xc4, 0x3, 0xe1,
    0x60, 0x8f, 0x4, 0x0, 0xf4, 0x31, 0x61, 0xd9,
    0xc8, 0x16, 0x88, 0x4, 0xe2, 0x1, 0xc, 0x20,
    0x10, 0x50, 0x0, 0x81, 0x0, 0x33, 0x68, 0x3,
    0x91, 0x41, 0x44, 0xc0, 0x3f, 0x1b, 0x58, 0x5b,
    0x80, 0x7e, 0x82, 0x8d, 0xf, 0xb0, 0x30, 0x61,
    0x18, 0xdd, 0x84, 0xc0, 0xc8, 0x4, 0xeb, 0xba,
    0xc4, 0x40, 0x4,

    /* U+82E5 "若" */
    0x0, 0xef, 0x50, 0xb, 0xd4, 0x3, 0x84, 0x78,
    0x4, 0x70, 0x8, 0xc0, 0xe, 0xec, 0x35, 0xdd,
    0xd, 0x77, 0x44, 0x1f, 0xf8, 0x6f, 0x7b, 0xc6,
    0xff, 0xe2, 0x0, 0xe6, 0x65, 0xf8, 0xcb, 0x0,
    0x78, 0xc8, 0x94, 0xc, 0xe6, 0xa0, 0x45, 0x0,
    0x13, 0x7f, 0xed, 0x4, 0xff, 0xd9, 0x20, 0x4,
    0xed, 0xd7, 0x5, 0x6e, 0xf7, 0x58, 0x7, 0x2e,
    0x32, 0x8, 0xf0, 0x7, 0xd, 0xd0, 0x3f, 0xff,
    0x72, 0x80, 0x53, 0xcf, 0x1, 0xdd, 0xe1, 0x0,
    0xd5, 0x78, 0x60, 0x1f, 0xfc, 0x3, 0x40, 0xb,
    0x77, 0xc2, 0x1, 0xf0, 0x87, 0xff, 0x84, 0xc0,
    0x3c, 0xbe, 0x45, 0xee, 0x60, 0x0,

    /* U+8303 "范" */
    0x0, 0xcb, 0xe0, 0x11, 0x79, 0x80, 0x7f, 0xf0,
    0x4c, 0x3, 0xc5, 0xff, 0x50, 0x7f, 0xdc, 0x19,
    0xff, 0x11, 0x3f, 0xea, 0xf, 0xfb, 0x83, 0x3f,
    0xe2, 0x0, 0x13, 0xa, 0x80, 0x42, 0xa2, 0x1,
    0xe1, 0xb8, 0xb0, 0xdf, 0xf2, 0xef, 0xb0, 0x6,
    0x3c, 0x73, 0x3, 0x9f, 0xf8, 0x4c, 0x2, 0x76,
    0x1b, 0x20, 0x30, 0xc, 0x22, 0x0, 0xbe, 0x6c,
    0x40, 0x3f, 0x38, 0x5, 0x18, 0x1, 0xf4, 0x58,
    0x10, 0x6, 0x3b, 0xb2, 0x80, 0x71, 0x58, 0x80,
    0x74, 0x22, 0x0, 0x34, 0x4a, 0xa, 0x0, 0x4e,
    0xec, 0x10, 0x7, 0x80, 0x66, 0xb0, 0x2, 0xc5,
    0x90, 0x2, 0x9b, 0xff, 0x44, 0x0, 0xb, 0x68,
    0x1, 0x3f, 0xff, 0x9c, 0x0,

    /* U+8350 "荐" */
    0x0, 0xef, 0x30, 0x2, 0xe8, 0x7, 0x11, 0x60,
    0x62, 0x21, 0x81, 0x16, 0xe, 0xff, 0x82, 0x3f,
    0xd0, 0x5f, 0xf8, 0x33, 0x76, 0xb, 0xed, 0xa2,
    0xdd, 0xc0, 0x42, 0x36, 0xd7, 0x92, 0xf8, 0x88,
    0x80, 0x1d, 0xff, 0x69, 0x96, 0x7e, 0x7f, 0xb1,
    0x43, 0x3b, 0x94, 0x17, 0xdd, 0xf2, 0x80, 0x47,
    0x72, 0x7f, 0xfe, 0xc0, 0x9, 0x34, 0x1d, 0xdd,
    0xfe, 0x81, 0x7e, 0x0, 0x45, 0xb8, 0x0, 0x80,
    0x52, 0x2a, 0x40, 0x91, 0xea, 0xc0, 0xb3, 0xfd,
    0x41, 0x5f, 0x9a, 0x9c, 0xa0, 0x2, 0xee, 0xbc,
    0x3b, 0xaf, 0x1, 0x0, 0xff, 0xe4, 0xab, 0x0,
    0x7e, 0x10, 0x30, 0x7, 0x4b, 0x80, 0x7c, 0x7e,
    0x40, 0xb, 0xe8, 0x0, 0xc0,

    /* U+83B7 "获" */
    0x0, 0xff, 0xe4, 0x6b, 0x0, 0x1b, 0x40, 0x38,
    0x48, 0x44, 0x2, 0x38, 0x4, 0x44, 0x21, 0x39,
    0xfe, 0x29, 0xff, 0x49, 0x7f, 0xb2, 0x2, 0x3b,
    0xa2, 0x8e, 0xe4, 0x17, 0x75, 0x20, 0x5, 0x10,
    0x57, 0x0, 0x2d, 0x81, 0x80, 0x6d, 0xfc, 0x30,
    0x9, 0x28, 0x75, 0x80, 0x2d, 0x3, 0xa1, 0x0,
    0x8, 0xe, 0xe0, 0x2, 0xa7, 0x56, 0x5b, 0xfd,
    0x27, 0xf8, 0xb4, 0x17, 0x82, 0x8a, 0xdd, 0xea,
    0x1d, 0xfd, 0x60, 0x29, 0x90, 0x40, 0x20, 0x82,
    0x80, 0x22, 0x9, 0xad, 0x70, 0x9, 0xce, 0xe0,
    0x3, 0x67, 0x9a, 0x88, 0x14, 0x4a, 0x8d, 0x80,
    0x4a, 0x25, 0xc, 0x58, 0xc8, 0x1a, 0xb8, 0x20,
    0xb, 0xd6, 0xad, 0x59, 0x0, 0xe, 0xc, 0x80,
    0x23, 0xa8, 0xb2, 0xc0, 0x31, 0x6c, 0x0,

    /* U+83DC "菜" */
    0x0, 0xff, 0x8, 0x7, 0xfb, 0x5c, 0x0, 0x7c,
    0x1, 0xe5, 0x44, 0x83, 0x91, 0xa, 0x8, 0x98,
    0x45, 0x11, 0x89, 0x22, 0x16, 0x11, 0x18, 0x87,
    0x73, 0x24, 0x8c, 0xc7, 0xf, 0x7e, 0xe1, 0x80,
    0xe6, 0xe9, 0xaf, 0xfd, 0xa7, 0xdf, 0x0, 0x10,
    0xfa, 0xfe, 0x7a, 0xcf, 0x6e, 0x82, 0x80, 0x31,
    0x35, 0x8, 0x8a, 0x0, 0x12, 0x26, 0x1, 0x86,
    0xdc, 0x43, 0x8, 0x5, 0xa4, 0x3, 0x11, 0x1f,
    0xc, 0x8b, 0x1e, 0x31, 0x10, 0xb, 0x76, 0xcd,
    0xd4, 0x8e, 0xef, 0x8c, 0xbf, 0xf2, 0x15, 0x14,
    0x17, 0x7f, 0xc6, 0x1, 0xa9, 0x7c, 0x41, 0xdd,
    0xe8, 0x1, 0xc7, 0xaf, 0x84, 0x1, 0x53, 0xdd,
    0x90, 0x1, 0x58, 0xfa, 0x40, 0x1d, 0x34, 0xb0,
    0x21, 0xd5, 0x40, 0x8, 0x4c, 0x2, 0x5e, 0xd1,

    /* U+843D "落" */
    0x0, 0xc5, 0xe2, 0x0, 0xc7, 0x0, 0xe1, 0xfe,
    0xe6, 0x7, 0xf7, 0xe, 0x3b, 0xaf, 0x1, 0xdf,
    0xec, 0xf, 0xf7, 0x1c, 0x77, 0x60, 0x1, 0x41,
    0x1c, 0xd, 0xd6, 0xb0, 0x4, 0x20, 0x1b, 0x55,
    0xcd, 0x55, 0xdc, 0xff, 0x28, 0x6, 0x9b, 0x51,
    0xe0, 0xdf, 0xf2, 0x9a, 0x80, 0x54, 0xc8, 0x3a,
    0xd3, 0x87, 0x29, 0xa0, 0x1b, 0x66, 0x82, 0xa8,
    0xcc, 0xc6, 0xa1, 0x0, 0xcf, 0x92, 0xa, 0xf6,
    0xec, 0xb7, 0xb7, 0x42, 0x0, 0x3f, 0x6c, 0xac,
    0xe9, 0xaf, 0x83, 0x30, 0x80, 0x1c, 0x1b, 0x92,
    0x3b, 0xfe, 0xac, 0x90, 0x0, 0xc7, 0x80, 0x82,
    0x7f, 0xe1, 0x0, 0xd4, 0x86, 0x1, 0x84, 0x70,
    0x6, 0x10, 0x80, 0xc, 0x99, 0x98, 0x40, 0x21,
    0xb3, 0x0, 0xa3, 0xf7, 0x77, 0xa0, 0x0,

    /* U+84DD "蓝" */
    0x0, 0xef, 0x20, 0x6, 0x30, 0x7, 0x37, 0xf7,
    0x41, 0x9d, 0xc3, 0x9e, 0xeb, 0xc5, 0xb7, 0xfd,
    0x81, 0xbf, 0xe3, 0x8f, 0xfb, 0x44, 0x8, 0x44,
    0x54, 0x42, 0x2b, 0x51, 0x18, 0x80, 0x2a, 0x40,
    0xb7, 0x1, 0x84, 0x0, 0xf9, 0x84, 0xc, 0xc1,
    0x21, 0x7b, 0xb5, 0x80, 0x7e, 0x17, 0x99, 0x5f,
    0xf4, 0x80, 0x7e, 0xa3, 0x63, 0x83, 0x31, 0x0,
    0x63, 0x3, 0x36, 0x78, 0x39, 0x48, 0x7, 0x6a,
    0x15, 0x2a, 0x84, 0x89, 0x14, 0x1, 0xd5, 0x9f,
    0x59, 0xf9, 0xbf, 0x3a, 0x80, 0x18, 0x5b, 0x6c,
    0xf7, 0x43, 0xba, 0x10, 0xc, 0x20, 0x1, 0x30,
    0x17, 0x1, 0x10, 0x8, 0x81, 0x79, 0x5f, 0xa4,
    0xfa, 0xc7, 0xb8, 0x35, 0xc6,

    /* U+853D "蔽" */
    0x0, 0xff, 0xe4, 0x1f, 0x80, 0x5c, 0xa0, 0x1c,
    0x7f, 0xf6, 0x7, 0xfc, 0x35, 0xff, 0x80, 0xff,
    0xec, 0x1f, 0xf8, 0xab, 0xff, 0x0, 0x9, 0x3,
    0xec, 0x18, 0x30, 0xdc, 0x3, 0x9a, 0x80, 0x42,
    0x28, 0x7, 0x40, 0x3c, 0x88, 0x30, 0x11, 0x70,
    0xa, 0x56, 0x64, 0x0, 0xd4, 0xd2, 0xa7, 0xc5,
    0x65, 0xe4, 0x1f, 0x0, 0x1d, 0x71, 0x5f, 0x10,
    0x4f, 0x9f, 0xb9, 0x80, 0xc, 0x18, 0x35, 0x0,
    0x87, 0xc3, 0x88, 0x3, 0x15, 0x0, 0xf8, 0x1f,
    0x20, 0xa6, 0x0, 0x6c, 0x40, 0xc4, 0x0, 0xb,
    0xd9, 0x20, 0x6, 0x2a, 0x1, 0xd0, 0xa, 0xd5,
    0x40, 0x18, 0xf0, 0x80, 0x94, 0x80, 0xb8, 0x56,
    0x4, 0x3, 0x8c, 0xd8, 0xd9, 0xaf, 0xf6, 0xde,
    0x0, 0xf4, 0xe, 0x5b, 0x88, 0x55, 0x8a, 0x76,
    0x0,

    /* U+85CF "藏" */
    0x0, 0xff, 0xe4, 0xf9, 0x0, 0x30, 0xc0, 0x3d,
    0xdd, 0x83, 0x3b, 0x87, 0xbd, 0xd5, 0x80, 0x3f,
    0xba, 0xc, 0xee, 0x36, 0xf4, 0x4d, 0x0, 0x8,
    0x40, 0x1e, 0x40, 0x9, 0xe5, 0x56, 0x88, 0x2,
    0x16, 0xb7, 0x7c, 0x57, 0xcf, 0x0, 0x13, 0x8d,
    0x7f, 0xf2, 0x4f, 0xfa, 0x40, 0x2f, 0x51, 0xed,
    0xda, 0x4c, 0xa, 0xcc, 0x1, 0x3e, 0x40, 0xb,
    0xc3, 0xbe, 0xe0, 0xb0, 0x0, 0xaa, 0xc4, 0x1e,
    0xb4, 0xb4, 0x95, 0x8, 0x80, 0x28, 0x83, 0x0,
    0x57, 0x70, 0x14, 0xfe, 0x80, 0x6, 0x94, 0x66,
    0xa, 0xef, 0x11, 0x1a, 0xb0, 0x4, 0x84, 0x6c,
    0xf5, 0xa7, 0x80, 0x24, 0x22, 0x2, 0x23, 0x9,
    0xbd, 0xe1, 0xf5, 0xb1, 0xb7, 0x90, 0x42, 0x18,
    0x5f, 0xfb, 0x8d, 0xaa, 0x24, 0x48, 0x8d, 0x94,
    0x1, 0x85, 0xb0, 0x59, 0x8a, 0x1, 0x53, 0x0,
    0x75, 0x88, 0x2, 0x68, 0x0,

    /* U+867D "虽" */
    0x0, 0x67, 0xff, 0xe3, 0x0, 0xcf, 0x5f, 0xfe,
    0x10, 0xf, 0xfe, 0x45, 0x7f, 0xf8, 0x40, 0x3a,
    0xff, 0xe1, 0xbf, 0xf8, 0xc0, 0x2d, 0xff, 0xc3,
    0x7f, 0xf9, 0xc0, 0x7, 0x3d, 0xd0, 0xd7, 0x74,
    0x80, 0x11, 0x98, 0x46, 0x1, 0x1e, 0x0, 0x8e,
    0xf7, 0x61, 0xad, 0xd9, 0x40, 0x35, 0xe6, 0x43,
    0x79, 0x89, 0x93, 0x80, 0x31, 0x44, 0x60, 0x11,
    0x8e, 0x48, 0x0, 0x40, 0x1c, 0x48, 0xa0, 0xe,
    0x8, 0xff, 0xe0, 0xb8, 0xee, 0x39, 0xbd, 0x5e,
    0xf7, 0xfb, 0xb7, 0x2e, 0x62, 0x98,

    /* U+884C "行" */
    0x0, 0xff, 0xe3, 0xcd, 0x80, 0x7f, 0xf0, 0x4d,
    0xa0, 0x1, 0xbf, 0xfe, 0x20, 0x1, 0x6c, 0x18,
    0x3, 0x3b, 0xbc, 0x40, 0xf, 0x57, 0x30, 0x0,
    0x8f, 0xc0, 0x15, 0xd8, 0xf1, 0x40, 0x3f, 0xe6,
    0xe, 0x55, 0x4f, 0xff, 0xe7, 0x0, 0x41, 0x40,
    0x5e, 0x6e, 0xb0, 0x2b, 0x71, 0x81, 0x5c, 0x2,
    0x23, 0x22, 0x18, 0x31, 0x18, 0x95, 0x38, 0x7,
    0xff, 0x4, 0xa6, 0x40, 0x1f, 0xfc, 0x26, 0x0,
    0xff, 0xf5, 0xbc, 0x80, 0x7f, 0xf0, 0xd1, 0x8c,
    0x2,

    /* U+8854 "衔" */
    0x0, 0x88, 0x2, 0x10, 0xf, 0xf1, 0xe9, 0x84,
    0x60, 0x7, 0xfb, 0x98, 0xc5, 0xe0, 0x2, 0xde,
    0xe6, 0x80, 0x28, 0xe4, 0x20, 0x2f, 0xbc, 0xb3,
    0xb9, 0xa0, 0x2f, 0x80, 0xad, 0xbd, 0xd1, 0x8,
    0x6, 0x1d, 0x2c, 0x3a, 0x20, 0x0, 0x80, 0x7e,
    0x53, 0x5d, 0xee, 0xb1, 0x3b, 0xb2, 0x80, 0xdc,
    0x1c, 0x68, 0x76, 0x27, 0x50, 0x72, 0x86, 0x89,
    0x9, 0x38, 0x11, 0x4, 0x3, 0x9c, 0x48, 0x1f,
    0xe4, 0x7f, 0xcc, 0x1, 0xcf, 0x82, 0xd, 0xbc,
    0x3b, 0xa7, 0x0, 0xf0, 0x80, 0x7c, 0xe4, 0x1,
    0xff, 0xc1, 0x89, 0x10, 0xf, 0xf9, 0x45, 0x70,
    0xc0, 0x3e, 0x10, 0x8, 0x4b, 0x8, 0x13, 0x40,
    0x38, 0xcc, 0x0, 0x7c, 0x10, 0x1, 0x34, 0x80,
    0x6e, 0x60, 0x8, 0x40, 0x26, 0xf7, 0x0, 0x0,

    /* U+8865 "补" */
    0x0, 0x85, 0x80, 0x31, 0x28, 0x7, 0xe2, 0x94,
    0x0, 0x92, 0x80, 0x3f, 0x1b, 0x60, 0x4, 0x62,
    0x1, 0xe2, 0x33, 0x55, 0x90, 0x7, 0xfa, 0xb7,
    0xb9, 0x88, 0x1, 0x85, 0x80, 0x34, 0x76, 0xd1,
    0x30, 0x6, 0x29, 0x50, 0xe, 0x28, 0xe0, 0x90,
    0x8, 0xde, 0xc4, 0x2, 0x1f, 0x0, 0x61, 0x10,
    0x2, 0x80, 0xa0, 0x0, 0xe0, 0x3, 0x2, 0xc8,
    0x3, 0x42, 0x20, 0x7c, 0x78, 0x6c, 0xe8, 0x3,
    0x9a, 0x90, 0x5b, 0x40, 0x9, 0x80, 0x1f, 0x28,
    0x2, 0x4, 0x2, 0x3a, 0x0, 0xff, 0xeb, 0x8,
    0x7, 0xe7, 0x10, 0xc, 0x60, 0x1e,

    /* U+8868 "表" */
    0x0, 0xfb, 0x9c, 0x3, 0xf8, 0x44, 0x1, 0x84,
    0x3, 0x8, 0x4, 0x5d, 0xcf, 0xf8, 0x67, 0xff,
    0x70, 0x80, 0xb, 0xff, 0x8a, 0x7f, 0xf8, 0x40,
    0x26, 0xff, 0xc5, 0x3f, 0xf9, 0x80, 0x33, 0x7f,
    0xe2, 0x9f, 0xfc, 0xc0, 0x5, 0xdd, 0xf1, 0x46,
    0xef, 0x81, 0x3b, 0xfe, 0xb2, 0xa9, 0xff, 0xbb,
    0xa0, 0x13, 0x22, 0x3c, 0xc2, 0x41, 0x90, 0xeb,
    0x98, 0x4, 0x33, 0x40, 0x62, 0xb4, 0x7a, 0xe8,
    0x1, 0x3f, 0xa6, 0x8, 0x2, 0x17, 0x26, 0x40,
    0x1b, 0x27, 0x4c, 0x0, 0xfd, 0xa1, 0xa6, 0x1,
    0xad, 0xc0, 0x3, 0x53, 0x47, 0xad, 0x9d, 0x40,
    0x1c, 0x20, 0xfc, 0xc0, 0x59, 0x87, 0xd0, 0xe,
    0x1e, 0x90, 0xe, 0x39, 0x70,

    /* U+88AB "被" */
    0x0, 0xff, 0xe3, 0xf, 0x10, 0x7, 0x72, 0x0,
    0x78, 0x52, 0x0, 0x38, 0xc0, 0x3f, 0x45, 0x80,
    0x22, 0x64, 0x5f, 0x32, 0x80, 0x7, 0xfb, 0x7a,
    0x41, 0xbf, 0x47, 0x35, 0x44, 0x1, 0xfe, 0xd0,
    0x80, 0x2, 0xa1, 0x99, 0x11, 0x40, 0x1b, 0xa1,
    0x40, 0x3e, 0x83, 0x0, 0xa4, 0xcd, 0x4a, 0x1d,
    0xa5, 0x5b, 0x20, 0x14, 0xb0, 0x5c, 0xa8, 0x23,
    0xf7, 0x8f, 0x80, 0xd, 0xec, 0x1a, 0x84, 0x5a,
    0xe2, 0x23, 0x70, 0x1, 0xfb, 0x4, 0xa1, 0x82,
    0x1, 0xb1, 0x88, 0x4, 0x20, 0x14, 0xb9, 0x85,
    0x44, 0x40, 0x1f, 0xde, 0x80, 0xc8, 0x48, 0x1,
    0xf8, 0x96, 0x82, 0xc4, 0xa0, 0x40, 0x3e, 0xf5,
    0x1c, 0x7f, 0xc5, 0xea, 0x0, 0xf2, 0xdb, 0x33,
    0x4, 0xb6, 0x70, 0x0,

    /* U+88C5 "装" */
    0x0, 0xc8, 0xa0, 0x16, 0xa8, 0x6, 0x51, 0xc,
    0xc0, 0x7, 0xf7, 0x61, 0x78, 0x47, 0x69, 0x5e,
    0xe9, 0x82, 0xd4, 0xc0, 0x13, 0xf8, 0x57, 0x98,
    0x60, 0x4, 0xcc, 0x2, 0x30, 0x0, 0x44, 0x7,
    0x5e, 0xe, 0x0, 0xef, 0x2a, 0xfd, 0x1, 0x2f,
    0x81, 0x7, 0xcf, 0xfd, 0xa0, 0x50, 0x21, 0x13,
    0xf0, 0x1, 0xe6, 0xff, 0xe7, 0x5f, 0xfe, 0xe6,
    0xff, 0xb8, 0xd4, 0x7b, 0xfd, 0x7f, 0xc0, 0x12,
    0xfa, 0x54, 0xe8, 0x35, 0xa8, 0xb, 0x6f, 0x6,
    0x3, 0xb7, 0x56, 0xa8, 0x25, 0x4d, 0x9f, 0x71,
    0x69, 0x5, 0x4c, 0x57, 0x10, 0x48, 0x75, 0x42,
    0xa7, 0x72, 0x0, 0x21, 0xeb, 0x30, 0x9, 0x2b,
    0xe4,

    /* U+8981 "要" */
    0x0, 0xff, 0xe2, 0xff, 0xff, 0xf0, 0x74, 0x1,
    0xff, 0xa8, 0x7f, 0xc3, 0x7f, 0xf6, 0x80, 0x57,
    0xfe, 0xa1, 0xff, 0xd, 0xff, 0xac, 0x3, 0x9f,
    0xe8, 0x7f, 0xc3, 0x7e, 0xe0, 0x1f, 0xfc, 0xa7,
    0xfa, 0x1f, 0xf0, 0xdf, 0xb8, 0x7, 0x5f, 0xfc,
    0xe9, 0xff, 0xd6, 0x0, 0xad, 0xde, 0x75, 0xdd,
    0xf7, 0x14, 0x7f, 0xd0, 0x53, 0x9f, 0x5, 0x3f,
    0xed, 0x22, 0xc1, 0x62, 0x20, 0x3b, 0x84, 0x22,
    0x18, 0x6, 0x2d, 0x8d, 0xce, 0x3, 0x0, 0xfe,
    0x13, 0x10, 0x86, 0x9f, 0xb6, 0x10, 0x5, 0x7f,
    0xb7, 0xb7, 0x9e, 0x37, 0x47, 0x10, 0x0, 0x45,
    0xef, 0xdb, 0x0, 0x62, 0x8e, 0x90,

    /* U+8986 "覆" */
    0x0, 0xff, 0xe2, 0x2e, 0xee, 0xfd, 0xd7, 0xee,
    0xe5, 0x5, 0xdd, 0xa4, 0xb7, 0x41, 0xfb, 0xb2,
    0x80, 0x3f, 0x75, 0x25, 0xba, 0xf, 0xde, 0x90,
    0x8, 0x67, 0xa8, 0x7b, 0x81, 0x1c, 0x80, 0x1a,
    0x72, 0x3d, 0xb6, 0x9f, 0x6c, 0xb0, 0x2, 0x7f,
    0x5b, 0xf1, 0x45, 0x5d, 0x60, 0x1, 0xbb, 0x65,
    0x43, 0x55, 0x77, 0x80, 0x2f, 0x30, 0x94, 0xc6,
    0x7d, 0x26, 0x0, 0xa7, 0xba, 0x21, 0x78, 0x8c,
    0x26, 0x0, 0x2c, 0x4c, 0x10, 0x15, 0x5c, 0x6,
    0x5, 0x96, 0x1, 0x52, 0xa6, 0xed, 0x64, 0x5,
    0xea, 0x1, 0x2b, 0x14, 0xca, 0xf4, 0x2, 0x10,
    0x9, 0x73, 0x4a, 0x6c, 0xa4, 0x3, 0x8, 0x1,
    0x28, 0x56, 0xe6, 0xc8, 0x82, 0x1, 0x8, 0x4f,
    0x70, 0x6e, 0xb3, 0xf2, 0x0, 0x7, 0xc1, 0x1f,
    0xb2, 0x8b, 0x5b, 0xd2,

    /* U+89C1 "见" */
    0x0, 0xb7, 0xff, 0xf7, 0x0, 0x7d, 0x5f, 0xfe,
    0xb0, 0xf, 0xfa, 0xc, 0x3, 0xff, 0x84, 0xac,
    0x1, 0xff, 0xc3, 0x60, 0xf, 0xfe, 0x11, 0x90,
    0x7, 0xff, 0x8, 0x44, 0x1, 0xfe, 0x30, 0x1,
    0x12, 0x90, 0x0, 0x20, 0x1f, 0xc8, 0xe8, 0x20,
    0xca, 0x1, 0xee, 0x50, 0xbe, 0x30, 0x1, 0x50,
    0x7, 0xe9, 0x64, 0x0, 0xf1, 0x80, 0x61, 0xa7,
    0xa0, 0xf, 0x16, 0x18, 0x24, 0xf0, 0xf8, 0x80,
    0x34, 0x2, 0xa1, 0x31, 0x94, 0xbb, 0x8, 0x2,
    0xdf, 0xfe, 0x6b, 0x1, 0xcd, 0x40, 0xc, 0xdf,
    0xfb, 0x94, 0x0,

    /* U+89C4 "规" */
    0x0, 0xff, 0xe3, 0xaf, 0x0, 0x7f, 0xf0, 0xcc,
    0x0, 0x9f, 0xfe, 0x30, 0x0, 0x91, 0x81, 0x11,
    0xcb, 0xbb, 0x0, 0x64, 0xc8, 0x2f, 0x80, 0x0,
    0x98, 0x8, 0x6, 0x5e, 0xb2, 0xda, 0x0, 0xa6,
    0x0, 0x3f, 0xf8, 0x4f, 0xe0, 0x1, 0x0, 0x76,
    0xd9, 0x6e, 0x9c, 0x2, 0x30, 0x0, 0x80, 0x37,
    0xd8, 0xff, 0xce, 0x0, 0x26, 0x0, 0xe3, 0x21,
    0x11, 0x93, 0x80, 0x8a, 0x80, 0x3e, 0x72, 0xf2,
    0x59, 0x61, 0x61, 0xc3, 0x0, 0x98, 0x70, 0xf5,
    0x5a, 0x24, 0x0, 0x60, 0x10, 0xc3, 0x9e, 0xa1,
    0x62, 0x30, 0x4, 0xe2, 0x1a, 0x50, 0x2, 0x72,
    0x96, 0x20, 0x14, 0x28, 0xb7, 0x0, 0x2d, 0x6a,
    0x80, 0x4, 0xfd, 0x44, 0xd, 0x10, 0x2, 0xb5,
    0x40, 0x2b, 0xed, 0xb0,

    /* U+89C6 "视" */
    0x0, 0x1c, 0x0, 0x7f, 0xf0, 0xdd, 0x40, 0x1f,
    0xff, 0x0, 0x63, 0x96, 0x0, 0xb3, 0xfe, 0xc1,
    0x0, 0x17, 0xfa, 0x72, 0x0, 0x24, 0xf2, 0x0,
    0xc5, 0xdf, 0xa1, 0x60, 0x1c, 0x40, 0x1c, 0x21,
    0x46, 0x60, 0xc, 0x20, 0x1f, 0xb, 0xc8, 0x6,
    0x12, 0x0, 0xfb, 0x42, 0x64, 0x1, 0x13, 0x80,
    0x4, 0x2, 0x90, 0x4, 0xb1, 0x0, 0x31, 0xd4,
    0x3, 0x23, 0xe8, 0x3c, 0x96, 0x8a, 0xf, 0x1f,
    0x0, 0x13, 0xc4, 0x0, 0xc0, 0x56, 0x2a, 0x0,
    0x10, 0x8, 0x40, 0x39, 0x1a, 0x0, 0x33, 0x98,
    0x7, 0x92, 0xcd, 0xbd, 0x84, 0x52, 0xa0, 0x1c,
    0xf6, 0x5a, 0x6, 0x5d, 0xc3, 0x60, 0xe, 0x53,
    0xc1, 0x4, 0xff, 0xb4, 0x3, 0x79, 0x13, 0x4,
    0x3, 0xf0,

    /* U+89C8 "览" */
    0x0, 0xfe, 0x10, 0xf, 0xfb, 0x94, 0x13, 0x8c,
    0x3, 0xef, 0x40, 0x0, 0x86, 0x11, 0x80, 0x42,
    0x1, 0x9c, 0x3, 0x29, 0x7f, 0xee, 0x0, 0xfc,
    0x66, 0xfc, 0xdf, 0xf8, 0x3, 0xf4, 0x30, 0x5e,
    0x20, 0x7, 0x9c, 0x11, 0xe2, 0x42, 0x2a, 0x48,
    0x3, 0x73, 0x9c, 0x80, 0x8, 0xcc, 0xf8, 0x40,
    0x18, 0x63, 0x7f, 0xfd, 0x8a, 0x1, 0xf3, 0x66,
    0xfe, 0x64, 0x2e, 0x1, 0xfc, 0x9e, 0x20, 0x1f,
    0xfc, 0x19, 0x97, 0xa8, 0x7, 0xf1, 0x73, 0x8a,
    0x98, 0x84, 0x88, 0x10, 0x6, 0xdd, 0x56, 0x0,
    0x8, 0x1c, 0x8f, 0x50, 0x33, 0xe8, 0xf4, 0x41,
    0x67, 0xfe, 0xc5, 0x40, 0xfc, 0xe8, 0x0, 0xa3,
    0xff, 0xa8, 0x0,

    /* U+89D2 "角" */
    0x0, 0xe6, 0x90, 0xf, 0xf8, 0xe7, 0x84, 0x78,
    0x3, 0x8b, 0x46, 0x7f, 0xee, 0x90, 0xc, 0xba,
    0xdd, 0xd9, 0x1a, 0x0, 0x29, 0xa2, 0x6e, 0xec,
    0xaf, 0xdd, 0x4, 0x68, 0xb6, 0x62, 0xc7, 0x73,
    0x10, 0x0, 0x12, 0xe, 0x22, 0x30, 0x11, 0x60,
    0xe, 0x9f, 0xf6, 0x7, 0xfd, 0x60, 0x18, 0x6b,
    0xfd, 0x81, 0xff, 0x58, 0x6, 0x21, 0x0, 0xff,
    0x8c, 0x2f, 0xfd, 0x81, 0xff, 0x58, 0x5, 0x63,
    0xff, 0x60, 0x7f, 0xd6, 0x0, 0x27, 0x90, 0xf,
    0xc2, 0x0, 0x93, 0x70, 0x9, 0xc0, 0x2e, 0xa7,
    0xb, 0xd0, 0xc, 0x9e, 0x0, 0xce, 0x90,

    /* U+89E3 "解" */
    0x0, 0xa5, 0xc0, 0x3f, 0xf8, 0x24, 0xde, 0x66,
    0x9, 0xff, 0xed, 0x0, 0xa4, 0x8f, 0xb8, 0x13,
    0xc1, 0xfe, 0x91, 0x0, 0x4b, 0xed, 0x84, 0x80,
    0x1d, 0x0, 0x2, 0xe0, 0x6e, 0x5f, 0xe2, 0xbf,
    0x28, 0xe3, 0xa9, 0x30, 0x3e, 0x3a, 0xb3, 0xd0,
    0x15, 0x51, 0x4, 0x40, 0x3, 0x6e, 0xa, 0x1,
    0xc0, 0x57, 0xb0, 0x7, 0x19, 0xd8, 0x0, 0xf8,
    0x63, 0x22, 0x0, 0x6f, 0xf1, 0x40, 0x11, 0xa1,
    0x5f, 0xf0, 0x4, 0x73, 0x23, 0xe0, 0x1a, 0xc3,
    0x9d, 0xc0, 0x8, 0x72, 0x4f, 0x82, 0xe7, 0xe,
    0x73, 0x48, 0x8, 0x4, 0x3, 0x4f, 0x70, 0xaf,
    0xb8, 0x40, 0xa6, 0x1, 0x30, 0x9, 0x10, 0x48,
    0x86, 0x0, 0x9b, 0x4, 0xe9, 0x20, 0xf, 0xed,
    0x60, 0x1, 0x76, 0x0, 0x42, 0x20, 0x8,

    /* U+89E6 "触" */
    0x0, 0xff, 0xe3, 0xd2, 0x80, 0x71, 0x78, 0x7,
    0x95, 0x4c, 0x22, 0x0, 0x8c, 0x40, 0x38, 0x6c,
    0x7b, 0x8e, 0x1, 0xfc, 0x38, 0xfd, 0x6, 0xc1,
    0x79, 0xa3, 0x7a, 0x40, 0x7, 0x6f, 0xa3, 0xf4,
    0x7f, 0xd1, 0xb3, 0x0, 0xd, 0x87, 0x8f, 0x1b,
    0x80, 0x7f, 0xc4, 0x4, 0x20, 0x1f, 0xfc, 0xe,
    0x1f, 0x20, 0x3, 0x98, 0x8, 0x7, 0xb0, 0x74,
    0xc0, 0x11, 0x23, 0x42, 0x20, 0x1, 0x7, 0x8f,
    0x18, 0xf, 0xd0, 0xdc, 0x98, 0x1, 0x8b, 0xc7,
    0x8c, 0x34, 0xc0, 0x28, 0x10, 0x1, 0x38, 0x7,
    0xf9, 0x58, 0x1, 0x7a, 0xa, 0x0, 0x58, 0xad,
    0x1d, 0x7b, 0x2, 0x36, 0xb, 0x83, 0x53, 0xcf,
    0xf6, 0xe8, 0x80, 0xbc, 0x40, 0x11, 0xc7, 0x6c,
    0x60, 0x1, 0xe0,

    /* U+8B66 "警" */
    0x0, 0xff, 0xe3, 0xdb, 0x6, 0x98, 0x3, 0x1c,
    0x3, 0xaf, 0x52, 0x34, 0xbb, 0x1c, 0xf2, 0xee,
    0x60, 0xbd, 0x2b, 0xd7, 0xf8, 0x84, 0xc6, 0x2c,
    0x20, 0x2, 0xc2, 0x35, 0x73, 0x13, 0x47, 0xc8,
    0x64, 0x3a, 0x89, 0xbe, 0x41, 0x96, 0xda, 0x0,
    0x3, 0x1, 0xb4, 0x8b, 0x5e, 0x1e, 0x81, 0x6c,
    0x40, 0xa5, 0x3c, 0x4, 0xe7, 0xd7, 0x34, 0x70,
    0x0, 0x8a, 0xac, 0x4d, 0xf, 0x42, 0x5a, 0xcc,
    0xe, 0x10, 0x11, 0xaa, 0x9e, 0x22, 0x1, 0xe7,
    0x6, 0x67, 0x55, 0x7e, 0xc6, 0x61, 0x80, 0x5e,
    0x89, 0xfb, 0x0, 0x3e, 0xff, 0xfc, 0x1, 0xf4,
    0x66, 0xef, 0xd0, 0x20, 0x1e, 0x76, 0x6f, 0x80,
    0x3f, 0x7e, 0x67, 0xc0, 0x18,

    /* U+8BA1 "计" */
    0x0, 0x41, 0x0, 0x72, 0x78, 0x7, 0xc5, 0x84,
    0x1, 0xc2, 0x1, 0xf5, 0x2e, 0x8, 0x7, 0xff,
    0x6, 0xe4, 0x40, 0x3f, 0xe1, 0x19, 0xc0, 0x3f,
    0xe6, 0xee, 0x92, 0x7f, 0xeb, 0x1f, 0xfc, 0x2d,
    0xfe, 0x10, 0x8d, 0xee, 0x50, 0xf7, 0x5a, 0x20,
    0x1c, 0x24, 0x23, 0x0, 0x8c, 0x40, 0x1f, 0xfc,
    0xa4, 0x30, 0xf, 0xfe, 0x9, 0xd2, 0x0, 0x7f,
    0xf0, 0x6, 0x19, 0xc0, 0x3f, 0xe2, 0x7, 0x80,
    0xf, 0xfe, 0x1, 0x64, 0x0, 0x70, 0x80, 0x70,

    /* U+8BA2 "订" */
    0x0, 0x2b, 0x80, 0x7f, 0xf0, 0x8e, 0x1c, 0x2b,
    0xff, 0xf4, 0x0, 0x19, 0xe1, 0x6f, 0x7b, 0x9a,
    0x17, 0xdb, 0x20, 0x14, 0x4a, 0x89, 0x8, 0x88,
    0x18, 0x48, 0x40, 0x33, 0x0, 0x7f, 0xf0, 0x3f,
    0xed, 0x0, 0xff, 0xe0, 0x6f, 0x48, 0x7, 0xff,
    0x4, 0x84, 0xc0, 0x3f, 0xfc, 0xca, 0x60, 0x1f,
    0xfc, 0x15, 0xa5, 0x0, 0xff, 0xe0, 0x15, 0x4b,
    0x0, 0x4, 0x3, 0xf7, 0x85, 0x30, 0xe, 0x60,
    0xc, 0x3, 0xdf, 0x4a, 0x0, 0x11, 0xa4, 0x40,
    0x20,

    /* U+8BA4 "认" */
    0x0, 0xff, 0xe3, 0x15, 0x88, 0x6, 0xda, 0x0,
    0xf8, 0xdb, 0x40, 0x38, 0x80, 0x3e, 0x1c, 0x27,
    0x0, 0x84, 0x3, 0xf8, 0x71, 0xc0, 0x21, 0x0,
    0xff, 0x10, 0x7, 0x8, 0x7, 0x1f, 0xfc, 0x60,
    0x18, 0xc8, 0x3, 0x8f, 0xb4, 0x3, 0x84, 0x4a,
    0x1, 0xe1, 0x30, 0xe, 0x51, 0x11, 0x0, 0x7f,
    0xf0, 0x39, 0x11, 0x40, 0x1f, 0xd3, 0x21, 0x5e,
    0xd6, 0x0, 0xfd, 0xf, 0x56, 0x48, 0xc0, 0xe0,
    0x1f, 0x26, 0xb2, 0xc8, 0x2, 0x60, 0xc0, 0x32,
    0x85, 0xbd, 0x3a, 0x0, 0x1c, 0xf4, 0x80, 0x24,
    0xd7, 0xb5, 0x80, 0xd, 0xa7, 0xe2, 0x1, 0x11,
    0xdd, 0x0, 0x70, 0xe7, 0x88,

    /* U+8BA9 "让" */
    0x0, 0xff, 0xe1, 0xe3, 0x0, 0x77, 0x30, 0x7,
    0x7c, 0x28, 0x6, 0x30, 0xf, 0x1e, 0xb0, 0x7,
    0xf8, 0x84, 0x8c, 0x3, 0xf0, 0x86, 0x7f, 0x28,
    0x7, 0x4f, 0xfb, 0x97, 0xb8, 0x20, 0x1e, 0x9f,
    0xf9, 0x40, 0x3f, 0xfc, 0x52, 0x60, 0x1f, 0xf4,
    0xa0, 0x80, 0x7f, 0x8, 0x8b, 0x80, 0x44, 0x2,
    0x31, 0x10, 0xc, 0xb1, 0x33, 0xfc, 0x73, 0xfe,
    0xcf, 0x2, 0xd2, 0x7e, 0xef, 0xda,

    /* U+8BB0 "记" */
    0x0, 0x3a, 0x0, 0x7f, 0xf0, 0xed, 0x81, 0xff,
    0xfd, 0xc0, 0x19, 0xe6, 0x46, 0xdb, 0xdd, 0xa8,
    0x3, 0xcd, 0x86, 0x24, 0x23, 0xc0, 0x10, 0xa2,
    0x44, 0x1, 0xff, 0x2c, 0xc5, 0xa8, 0x7, 0xfc,
    0x9b, 0x82, 0x1, 0x6f, 0xfe, 0xb1, 0x0, 0xfe,
    0x3a, 0xee, 0xa8, 0x3, 0xfc, 0x62, 0x39, 0x7c,
    0x3, 0xff, 0x97, 0x6e, 0x1, 0xff, 0xc0, 0x1a,
    0x65, 0x0, 0xf1, 0xe1, 0x0, 0x18, 0x17, 0x48,
    0x34, 0x47, 0x51, 0x90, 0x1, 0x1a, 0xc0, 0x16,
    0xdd, 0xd9, 0xa0, 0x0,

    /* U+8BB8 "许" */
    0x0, 0x24, 0x80, 0x45, 0x84, 0x1, 0xfc, 0xc6,
    0x0, 0x51, 0x20, 0xf, 0xc8, 0x89, 0x0, 0x52,
    0x27, 0x8c, 0x3, 0x4d, 0x2, 0x11, 0x3e, 0xe3,
    0xfd, 0x60, 0x4a, 0xa7, 0x0, 0x43, 0xdd, 0x8a,
    0x6e, 0xd0, 0xf, 0x32, 0xa2, 0x52, 0x90, 0xf,
    0xcb, 0x9a, 0x0, 0x5f, 0x10, 0xf, 0xfe, 0x11,
    0x16, 0x32, 0x28, 0xc4, 0x3, 0xdb, 0x99, 0xc,
    0xe6, 0x35, 0x40, 0x3d, 0xdd, 0x8a, 0xfb, 0xa4,
    0x0, 0xec, 0x0, 0xff, 0xe1, 0x70, 0x88, 0x3,
    0xfe, 0x30, 0x1c, 0x10, 0xf, 0xfa, 0x87, 0x4,
    0x3, 0xff, 0x81, 0x1a, 0x20, 0x1c, 0x60, 0x1c,

    /* U+8BBE "设" */
    0x0, 0x28, 0x7, 0xff, 0xe, 0x2c, 0x2, 0xff,
    0xe3, 0x0, 0xec, 0x59, 0x0, 0xb7, 0xf8, 0x3,
    0xe1, 0xdc, 0x2, 0x3, 0x0, 0xff, 0x1a, 0x85,
    0x18, 0x80, 0x7c, 0x9b, 0xb0, 0xab, 0xc0, 0x0,
    0x43, 0x76, 0x5, 0xe8, 0x20, 0x19, 0x40, 0xb,
    0x6e, 0x64, 0x2, 0x6e, 0x1, 0x4f, 0xfe, 0xda,
    0x14, 0x0, 0xf2, 0x70, 0x77, 0xfa, 0x5, 0x40,
    0x3f, 0xa, 0x48, 0x2, 0x64, 0x1, 0xf1, 0x48,
    0x4b, 0x9c, 0x9b, 0x80, 0x7d, 0xaa, 0x5, 0x18,
    0xdc, 0x1, 0xe6, 0x5, 0xc0, 0x1d, 0x0, 0x58,
    0x80, 0x78, 0xa9, 0x2b, 0x8f, 0xb0, 0xfb, 0x24,
    0x40, 0x9, 0xa1, 0xfb, 0xd2, 0x27, 0x7b, 0x40,
    0x20,

    /* U+8BBF "访" */
    0x0, 0xff, 0xe2, 0x8c, 0x80, 0x71, 0xf1, 0x0,
    0x78, 0x52, 0x80, 0x31, 0x97, 0x0, 0x7d, 0xca,
    0xa1, 0x1d, 0xa, 0x23, 0x80, 0x23, 0xa4, 0xae,
    0xea, 0xdb, 0xbb, 0x18, 0x8, 0x90, 0x6f, 0xfc,
    0x19, 0xff, 0xc6, 0x5d, 0xd0, 0x7, 0xff, 0x0,
    0xbe, 0xc0, 0x3d, 0x9f, 0xf8, 0x40, 0x3f, 0x8,
    0x67, 0x73, 0x0, 0x40, 0x3f, 0x18, 0x18, 0x88,
    0x3, 0xf8, 0xc1, 0xc8, 0x2, 0x71, 0x0, 0xf2,
    0xe9, 0x72, 0x0, 0x42, 0x60, 0x1e, 0xbd, 0x64,
    0xb0, 0x8, 0xc4, 0x3, 0x71, 0x78, 0xd4, 0x10,
    0x23, 0x5a, 0x80, 0x6b, 0xc1, 0x54, 0x70, 0x6,
    0x43, 0x40, 0x6, 0x11, 0x3, 0xd0, 0x5, 0x1d,
    0x62, 0x0,

    /* U+8BC1 "证" */
    0x0, 0xff, 0xe3, 0x5b, 0x80, 0x7f, 0xf0, 0xba,
    0x14, 0x37, 0xbb, 0xef, 0x10, 0x2, 0xa8, 0xc3,
    0xf7, 0x30, 0x37, 0x99, 0x8, 0x5, 0x4c, 0x4,
    0x64, 0x40, 0x12, 0x21, 0x80, 0x7f, 0xf1, 0x5b,
    0xb7, 0x42, 0x0, 0x30, 0xf, 0xc9, 0x76, 0x20,
    0x0, 0xe1, 0x0, 0x31, 0x54, 0x80, 0x4a, 0x80,
    0x1f, 0x93, 0xb9, 0xa0, 0x1f, 0xfc, 0x8, 0xbb,
    0x48, 0x7, 0xff, 0x25, 0x9c, 0x3, 0xff, 0x85,
    0x0, 0x1f, 0xfc, 0x16, 0x5, 0x42, 0x6, 0x20,
    0x22, 0x8c, 0x40, 0x1c, 0x75, 0xba, 0x1a, 0xc1,
    0x8c, 0xc6, 0xb8, 0x2, 0xf4, 0x3b, 0xbf, 0xcc,

    /* U+8BC4 "评" */
    0x0, 0x30, 0x80, 0x7f, 0xf0, 0xb7, 0x4, 0x3f,
    0xff, 0x60, 0x5, 0x63, 0x61, 0xdd, 0x60, 0x77,
    0x5a, 0x1, 0xb6, 0xc1, 0x88, 0x40, 0x21, 0x96,
    0x1, 0x32, 0x31, 0xe, 0xf0, 0xc, 0x2e, 0x0,
    0x7c, 0xdd, 0x8, 0x59, 0x98, 0x2, 0x61, 0x70,
    0x6f, 0xd0, 0x8, 0x95, 0xc0, 0x2d, 0x90, 0xf,
    0x84, 0xe1, 0x98, 0x5, 0xa, 0x62, 0x1, 0xcf,
    0xb9, 0x8b, 0xd, 0xcc, 0x6b, 0x80, 0x73, 0x77,
    0x5a, 0x1f, 0xdd, 0x30, 0x6, 0x2e, 0x20, 0xf,
    0xfe, 0xe, 0xb9, 0x0, 0x7f, 0xd4, 0xd, 0x20,
    0x1f, 0xfc, 0xb, 0x78, 0x0, 0xff, 0xe0, 0x9c,
    0x0, 0x7f, 0xf0, 0x0,

    /* U+8BC6 "识" */
    0x0, 0x34, 0x80, 0x7f, 0xf0, 0x89, 0x9c, 0x1b,
    0xff, 0xe0, 0xc, 0x8f, 0x40, 0x1, 0xcc, 0xce,
    0x1, 0xe8, 0xc0, 0x8, 0xcf, 0x70, 0x80, 0x4,
    0x8a, 0x10, 0xf, 0xf9, 0x33, 0x1a, 0x20, 0x1f,
    0xf2, 0xf6, 0x80, 0x7f, 0xf2, 0x7, 0xbb, 0x48,
    0x80, 0x7e, 0x7d, 0xcc, 0xdb, 0xa0, 0xf, 0xa0,
    0x49, 0x48, 0x82, 0xe4, 0x1, 0xed, 0x60, 0x88,
    0x10, 0x55, 0xc, 0x3, 0xc5, 0x88, 0xf4, 0x41,
    0x27, 0xa4, 0x1, 0x48, 0x68, 0x53, 0xa8, 0x5,
    0xa1, 0xe0, 0x15, 0xd8, 0xf9, 0x60, 0x3, 0xd,
    0x0, 0x80, 0x5, 0x3, 0x6c, 0x3, 0xc9, 0xa2,

    /* U+8BD1 "译" */
    0x0, 0x19, 0x80, 0x3f, 0xf8, 0x55, 0xa2, 0x1d,
    0xff, 0xed, 0x0, 0xd2, 0x50, 0x1c, 0xe7, 0xfe,
    0xa1, 0xf0, 0xe, 0xd9, 0x0, 0x43, 0x64, 0x5e,
    0x10, 0x0, 0xb3, 0x1a, 0x1, 0x9, 0x1b, 0x93,
    0x0, 0x45, 0xf4, 0x61, 0x5b, 0xcd, 0x18, 0xd7,
    0xfc, 0xa0, 0x64, 0x21, 0x8f, 0x5c, 0xd7, 0x5d,
    0x4c, 0x80, 0x1c, 0xd4, 0xa0, 0x6e, 0x22, 0x58,
    0x10, 0xf, 0xf, 0xfb, 0x43, 0xbf, 0xc2, 0x1,
    0xe8, 0x1f, 0xf6, 0x87, 0xfc, 0x20, 0x1d, 0x2c,
    0x44, 0x11, 0x1, 0x8, 0x88, 0x3, 0xb, 0x6d,
    0x6f, 0x60, 0x6f, 0x73, 0x44, 0x1, 0xa1, 0x67,
    0x1f, 0xed, 0xf, 0xfc, 0x20, 0xd, 0x94, 0x0,
    0xff, 0xe0, 0xa3, 0x0, 0x70, 0x80, 0x80, 0x60,

    /* U+8BD5 "试" */
    0x0, 0xff, 0x10, 0x7, 0xcc, 0x1, 0xf6, 0xac,
    0x50, 0x4, 0x31, 0x20, 0x1f, 0xd, 0x24, 0x0,
    0x7, 0x1c, 0xc0, 0x3e, 0x2a, 0xa0, 0x4, 0x5e,
    0x5b, 0x99, 0x82, 0x72, 0x24, 0x0, 0x44, 0x31,
    0x9f, 0xfc, 0x4b, 0xfe, 0x80, 0x6, 0xec, 0x8,
    0x67, 0x9b, 0xcc, 0xe0, 0x7, 0xe0, 0x82, 0x6e,
    0x61, 0x8b, 0x80, 0x3f, 0x96, 0x4e, 0xd3, 0x88,
    0x3, 0xf8, 0x50, 0x50, 0x8d, 0x0, 0x3f, 0xf8,
    0x4a, 0x6, 0x1, 0xf2, 0xe0, 0x4, 0x22, 0x34,
    0x1, 0x0, 0xc3, 0x52, 0x83, 0xde, 0x17, 0x41,
    0xe8, 0x0, 0xb0, 0xcc, 0x5a, 0xc7, 0x83, 0x9d,
    0x8, 0x5, 0x58, 0x73, 0xf4, 0xa2, 0x0, 0xb5,
    0x14, 0x0, 0x11, 0x80, 0x7e, 0x5d, 0xf0,

    /* U+8BE2 "询" */
    0x0, 0xfc, 0x40, 0x1f, 0xd2, 0xa0, 0x1b, 0xe8,
    0x3, 0xfa, 0xc4, 0x0, 0x85, 0x0, 0x1f, 0xa0,
    0x18, 0x1, 0x1, 0xd9, 0x9c, 0x20, 0x1, 0xf7,
    0x4, 0x3c, 0xee, 0xe3, 0x0, 0xc2, 0x0, 0x96,
    0x32, 0x2e, 0x0, 0x27, 0xfb, 0x82, 0x89, 0xbf,
    0xf1, 0x0, 0x49, 0xb4, 0x21, 0xb4, 0x19, 0xfc,
    0x6, 0x1, 0x88, 0x44, 0xe, 0xa0, 0x1f, 0xfc,
    0x5c, 0xfe, 0x0, 0xff, 0xe0, 0xe7, 0xf0, 0x7,
    0xf0, 0xb0, 0x7, 0xff, 0x4, 0x73, 0x40, 0x1b,
    0xac, 0x3, 0x0, 0xec, 0x6, 0xb0, 0xdc, 0xff,
    0x69, 0x18, 0x6, 0xf3, 0xb0, 0x1, 0x17, 0x66,
    0xc, 0x40, 0xf, 0x80, 0x1f, 0xbf, 0x30, 0x0,

    /* U+8BE5 "该" */
    0x0, 0xfe, 0x30, 0xf, 0xd4, 0x40, 0x18, 0x71,
    0xc0, 0x3e, 0x3f, 0x0, 0xc3, 0x3a, 0x1, 0xf4,
    0x9b, 0xc6, 0x65, 0x4d, 0x99, 0x68, 0x6, 0xc7,
    0xae, 0xe3, 0xa7, 0x77, 0x0, 0x62, 0x2, 0x21,
    0xa7, 0x10, 0x88, 0x8c, 0xf, 0xb7, 0x40, 0x15,
    0xb3, 0x2, 0x3c, 0x2, 0x2b, 0xb1, 0x0, 0x1d,
    0xd6, 0x4a, 0x9c, 0x1, 0xa, 0xa8, 0x2, 0xc2,
    0xfe, 0xa8, 0x27, 0x0, 0xfd, 0x7f, 0xa8, 0x87,
    0x69, 0x20, 0xf, 0xe9, 0x4a, 0x28, 0xb2, 0x0,
    0xf0, 0xb7, 0x1e, 0xf, 0xa2, 0x80, 0x7a, 0x29,
    0x6e, 0x87, 0x8, 0x44, 0x1, 0x98, 0x12, 0x4d,
    0x5b, 0xdf, 0x43, 0x8, 0x2, 0x24, 0xc0, 0x8e,
    0x8b, 0xb1, 0x5b, 0x61, 0x0, 0x1e, 0xc0, 0xcd,
    0x7c, 0xa0, 0x15, 0xc9, 0x0,

    /* U+8BE6 "详" */
    0x0, 0xff, 0xe3, 0x11, 0x0, 0x28, 0x90, 0x2,
    0x79, 0x0, 0x69, 0xf0, 0xa, 0xd8, 0x83, 0x54,
    0x80, 0x35, 0x1b, 0x80, 0x93, 0x88, 0x9f, 0x84,
    0x40, 0x10, 0xe3, 0x8f, 0x71, 0xf3, 0x86, 0xfb,
    0x82, 0x2, 0x4, 0x3, 0xff, 0x58, 0x7f, 0xe1,
    0x5e, 0xff, 0x0, 0x7f, 0xf0, 0x17, 0xac, 0x40,
    0x6, 0xa8, 0x60, 0x88, 0x54, 0x0, 0x8, 0x6,
    0x4e, 0xfb, 0xf, 0xf7, 0x68, 0x7, 0xcf, 0x76,
    0x80, 0xbb, 0xa4, 0x3, 0xff, 0x92, 0x41, 0xff,
    0x58, 0x7f, 0xe8, 0x0, 0x87, 0xd7, 0xb9, 0xf6,
    0x1f, 0xf7, 0x40, 0x0, 0x41, 0x14, 0x44, 0x1,
    0xe1, 0x0, 0xb5, 0x24, 0x3, 0xff, 0x83, 0x14,
    0x1, 0xc2, 0x1, 0xe0,

    /* U+8BED "语" */
    0x0, 0x8, 0x7, 0xff, 0xf, 0x18, 0x1f, 0xba,
    0xfe, 0xed, 0x0, 0x17, 0xd9, 0x3f, 0x73, 0x43,
    0xbb, 0x40, 0x4, 0x5a, 0x41, 0xfe, 0xc0, 0xff,
    0xa8, 0x0, 0x26, 0x70, 0x3, 0xfc, 0x8f, 0xfe,
    0x53, 0x0, 0x36, 0x64, 0x20, 0x12, 0xe8, 0x1,
    0xc4, 0x0, 0xff, 0xa0, 0x4, 0x42, 0x89, 0xa2,
    0x8, 0x54, 0x40, 0x3b, 0xb9, 0xeb, 0x9d, 0xc5,
    0x3f, 0x20, 0xe, 0xaa, 0x5d, 0xfd, 0x46, 0x1,
    0xc2, 0xbd, 0xde, 0xc0, 0xf, 0x5c, 0x8, 0xbf,
    0xf5, 0x0, 0x7c, 0xb4, 0x1, 0xff, 0xc0, 0x70,
    0x93, 0x0, 0x11, 0x70, 0x7, 0x7a, 0x30, 0x0,
    0x7f, 0xf4, 0x80, 0x75, 0x50, 0x0, 0x22, 0xdd,
    0xd6, 0x1, 0xe1, 0x0, 0x2f, 0x0, 0x65, 0xd0,
    0x0,

    /* U+8BEF "误" */
    0x0, 0x28, 0x7, 0xff, 0xe, 0x2c, 0x1, 0xbf,
    0xfe, 0x80, 0xd, 0xaf, 0x0, 0xb, 0xff, 0xcc,
    0x1, 0xed, 0x90, 0xf, 0xfe, 0x0, 0x88, 0x4,
    0x6, 0xbb, 0xb3, 0xf8, 0x5, 0xb9, 0xc0, 0xc,
    0xee, 0xf3, 0x80, 0x59, 0x22, 0xf, 0xff, 0xf9,
    0xc0, 0x3c, 0xff, 0xf0, 0xd7, 0xfc, 0xe0, 0x1e,
    0x22, 0x8, 0xc0, 0x22, 0x22, 0x0, 0x7b, 0xf3,
    0xfc, 0x15, 0xfe, 0xcd, 0x40, 0xc, 0xb9, 0xdc,
    0x72, 0x1f, 0xee, 0x7a, 0x0, 0x43, 0x4a, 0xa,
    0xdc, 0xb4, 0x1, 0xec, 0xb, 0x46, 0xa8, 0x3a,
    0x6c, 0x40, 0xd, 0x52, 0x1b, 0x32, 0x70, 0x1c,
    0x6b, 0xd1, 0x0, 0x13, 0x22, 0xf3, 0x0, 0x43,
    0x5b, 0x22,

    /* U+8BF4 "说" */
    0x0, 0x20, 0x4, 0x88, 0x0, 0x86, 0x88, 0x2,
    0x1a, 0xa0, 0x5, 0x42, 0x0, 0x75, 0x30, 0x8,
    0x71, 0x24, 0x11, 0x6c, 0x1, 0x4e, 0x20, 0x18,
    0xb2, 0x80, 0xf7, 0xd, 0x4f, 0x4c, 0x2, 0x21,
    0x33, 0x6, 0xdd, 0x7c, 0x9c, 0x60, 0x0, 0xb7,
    0xb8, 0x0, 0x38, 0xcc, 0xdc, 0x20, 0x2, 0xfc,
    0x0, 0xff, 0xe3, 0x9c, 0x66, 0x6e, 0x10, 0xf,
    0xdb, 0x27, 0x54, 0x3e, 0xc0, 0xf, 0x90, 0xd8,
    0x1d, 0x44, 0xcc, 0x1, 0xe7, 0xa1, 0x51, 0x10,
    0x7, 0xfa, 0x74, 0x69, 0x80, 0x39, 0xc8, 0x0,
    0xc1, 0xa7, 0x47, 0x20, 0x1, 0x23, 0x84, 0x0,
    0x2f, 0x6, 0xbe, 0x8, 0x10, 0xee, 0x1b, 0x0,
    0x42, 0x77, 0xa4, 0x0, 0x1e, 0xff, 0x60, 0x0,

    /* U+8BF7 "请" */
    0x0, 0x20, 0x80, 0x71, 0xf8, 0x7, 0xdd, 0x82,
    0x17, 0x77, 0x85, 0xdd, 0x40, 0x15, 0x36, 0x84,
    0x45, 0x21, 0x11, 0x48, 0x6, 0xaf, 0xb, 0xee,
    0x40, 0x77, 0x48, 0x1, 0x84, 0xc2, 0x37, 0x5c,
    0x1b, 0xb3, 0x81, 0x76, 0xe8, 0x1b, 0x73, 0x1c,
    0x19, 0x96, 0xb1, 0x6d, 0x98, 0x3f, 0xf7, 0x3f,
    0x7b, 0xaf, 0x70, 0x35, 0x0, 0x8, 0xb7, 0x7e,
    0x21, 0x0, 0xf0, 0x87, 0xfe, 0xc0, 0xf, 0xfb,
    0xbb, 0x68, 0x7, 0xc3, 0x40, 0xe, 0xed, 0xa0,
    0x1c, 0xe3, 0xfa, 0x0, 0xee, 0xda, 0x1, 0xda,
    0x3a, 0xe0, 0xe, 0xed, 0xa0, 0x1d, 0x18, 0x60,
    0x20, 0x18, 0x74, 0xc0, 0x30, 0x90, 0x0, 0xfc,
    0x2, 0x1e, 0xc0, 0x0,

    /* U+8BFB "读" */
    0x0, 0x30, 0x7, 0x97, 0x40, 0x3c, 0x31, 0x20,
    0x1, 0x10, 0x7, 0x8, 0x4, 0x3a, 0xc4, 0x19,
    0xfd, 0x65, 0xdc, 0xf8, 0x0, 0x8f, 0x8, 0x37,
    0xb9, 0x65, 0xdd, 0x40, 0x0, 0x84, 0x81, 0xb7,
    0x6b, 0x2d, 0xda, 0x80, 0xb3, 0xf8, 0x1f, 0xd7,
    0x3e, 0xfb, 0x7, 0x40, 0xbb, 0x40, 0x2, 0x69,
    0x85, 0xd6, 0x24, 0xc0, 0x1e, 0x18, 0xd5, 0x61,
    0xe0, 0xe1, 0x0, 0xf1, 0x97, 0x62, 0xb9, 0x0,
    0x7f, 0x1c, 0xbb, 0x84, 0x80, 0x44, 0x40, 0x1c,
    0x93, 0x8d, 0xbe, 0x35, 0xfe, 0xd1, 0x0, 0xd5,
    0x9d, 0xd2, 0x36, 0xf7, 0x3c, 0x40, 0xa, 0x10,
    0x80, 0x9, 0x78, 0x86, 0x98, 0x6, 0x17, 0x62,
    0x7e, 0x2c, 0x1b, 0xac, 0x70, 0x9, 0xe0, 0xf,
    0x6a, 0xc4, 0x0, 0xf6, 0x60,

    /* U+8C03 "调" */
    0x0, 0x84, 0x3, 0xff, 0x83, 0x18, 0x20, 0x9f,
    0xff, 0x80, 0x10, 0x14, 0xe, 0x3f, 0xe4, 0xdf,
    0xc1, 0x0, 0xbe, 0x40, 0x22, 0x35, 0x73, 0x0,
    0x84, 0x46, 0x40, 0x12, 0xf8, 0xcc, 0x80, 0x7,
    0xdd, 0x8, 0x4, 0xf8, 0x3f, 0x40, 0x3, 0xfe,
    0x0, 0xe7, 0xb1, 0xfc, 0x70, 0xf, 0xe5, 0x8c,
    0xff, 0x38, 0x7, 0xce, 0xf, 0xff, 0x50, 0x7,
    0x97, 0x48, 0x86, 0xfb, 0x4a, 0x1, 0xeb, 0x5f,
    0x60, 0x0, 0x98, 0x7, 0x10, 0x34, 0x3e, 0x82,
    0xf5, 0xb8, 0x6, 0x16, 0x96, 0x16, 0x67, 0x75,
    0x6c, 0x1, 0x14, 0x94, 0xb8, 0x80, 0x43, 0xd4,
    0xa0, 0x18, 0xae, 0x0, 0x30, 0xcd, 0x58,

    /* U+8C61 "象" */
    0x0, 0xe3, 0x0, 0xff, 0xe1, 0x2e, 0x28, 0x7,
    0xff, 0x1, 0x28, 0x2f, 0xba, 0xd2, 0x0, 0xf3,
    0x5c, 0xff, 0x73, 0xc2, 0x8, 0x3, 0xae, 0x46,
    0xb3, 0x2f, 0x19, 0xcc, 0x18, 0x5, 0xd0, 0x1b,
    0xb3, 0x33, 0xb7, 0x44, 0xe0, 0x12, 0x90, 0x8,
    0xcb, 0x42, 0x30, 0x7, 0xee, 0xe7, 0x8e, 0x77,
    0x40, 0x1e, 0x5e, 0xb3, 0x8, 0xee, 0x9b, 0x50,
    0x2, 0x3a, 0xe8, 0x83, 0xca, 0xd, 0x33, 0x80,
    0x63, 0xdd, 0x66, 0x1a, 0x2b, 0xd7, 0x50, 0x3,
    0x11, 0x27, 0xc3, 0xf4, 0x65, 0xe4, 0x3, 0x92,
    0x37, 0xf7, 0xd, 0x7e, 0x1e, 0x0, 0x33, 0x60,
    0xec, 0x74, 0x88, 0x3, 0xd7, 0xa4, 0x0, 0xfd,
    0x9f, 0x89, 0x69, 0x60, 0x5a, 0xde, 0x0, 0x7e,
    0xa3, 0x1, 0x2c, 0x30, 0xa, 0x18, 0x0,

    /* U+8D1D "贝" */
    0x2, 0xff, 0xff, 0x28, 0x6, 0xde, 0xef, 0x80,
    0x3e, 0x11, 0xf8, 0x3, 0xfa, 0xb4, 0x3, 0xff,
    0x82, 0x20, 0x1f, 0xfc, 0x16, 0x0, 0xff, 0xe0,
    0x31, 0x0, 0x7f, 0xf0, 0xb, 0x80, 0x3f, 0xe3,
    0x14, 0x10, 0xf, 0x16, 0x10, 0x4a, 0x15, 0x61,
    0x7a, 0x80, 0x46, 0x10, 0xb2, 0x14, 0x1a, 0xa0,
    0x18, 0xed, 0xec, 0x80, 0x71, 0xea, 0x41, 0x73,
    0x1, 0xa8, 0x1, 0xa2, 0x9a, 0x9d, 0xd7, 0x62,
    0x0, 0xf2, 0xdc, 0x0,

    /* U+8D1F "负" */
    0x0, 0xe8, 0x90, 0xf, 0xfe, 0x1, 0xbf, 0x80,
    0x7f, 0xc3, 0xa1, 0x3f, 0xf9, 0x80, 0x38, 0x71,
    0x7f, 0xf3, 0x1b, 0x0, 0x65, 0xf6, 0xb0, 0x8,
    0xdb, 0x80, 0x31, 0x5b, 0x2f, 0xfe, 0xc0, 0xdf,
    0xf2, 0x81, 0x74, 0x1c, 0xff, 0xfc, 0x20, 0x1f,
    0xca, 0xa0, 0xf, 0xfe, 0xf, 0xf8, 0x3, 0xff,
    0x82, 0xf8, 0x1, 0xfc, 0x60, 0x2, 0x22, 0x0,
    0x7f, 0x5a, 0x7, 0x29, 0x4b, 0x6, 0x20, 0x6,
    0x44, 0x70, 0x50, 0xc, 0xf2, 0x88, 0x2, 0x77,
    0xae, 0x30, 0x1, 0x1f, 0x31, 0xc8, 0x1f, 0x5b,
    0xa6, 0x0, 0xe7, 0xe6, 0x50,

    /* U+8D23 "责" */
    0x0, 0xfb, 0xd4, 0x3, 0xe4, 0xdd, 0xe0, 0x8d,
    0xdd, 0x20, 0x4, 0xcc, 0xe1, 0xbc, 0xcd, 0x0,
    0x12, 0xee, 0xe1, 0xbd, 0xdb, 0x4, 0x2, 0x5e,
    0xec, 0x37, 0xdd, 0x80, 0x5, 0x76, 0x88, 0xc3,
    0x51, 0x14, 0xd5, 0xf, 0xbb, 0xd7, 0x1d, 0xdb,
    0xf8, 0x55, 0x2a, 0xef, 0xf5, 0x2a, 0x0, 0x6b,
    0xff, 0x6f, 0x7f, 0xac, 0x40, 0x3f, 0xaa, 0x0,
    0x3f, 0xf8, 0x29, 0xa0, 0x1f, 0xce, 0xc0, 0xa4,
    0x96, 0xed, 0x20, 0x1d, 0x2d, 0x57, 0x41, 0xd5,
    0x80, 0x1a, 0xbb, 0xe4, 0xbd, 0x1, 0x76, 0x21,
    0xc2, 0x11, 0x5d, 0xb0, 0x20, 0x19, 0xba, 0xc4,

    /* U+8D25 "败" */
    0x0, 0xff, 0xe7, 0x5b, 0x80, 0x71, 0xe6, 0x75,
    0x80, 0x10, 0xc0, 0x3c, 0x5f, 0xf4, 0x20, 0x18,
    0xa0, 0x7, 0xc6, 0x82, 0xc2, 0x16, 0x3f, 0xf9,
    0x80, 0x34, 0xb0, 0x4, 0xd7, 0xfa, 0x3e, 0xc0,
    0x1c, 0xe0, 0x5, 0x11, 0x3, 0x10, 0x7, 0xc2,
    0x0, 0xf3, 0x20, 0x16, 0x0, 0xff, 0x54, 0x60,
    0x69, 0x0, 0x78, 0x48, 0x4, 0x11, 0x40, 0xf4,
    0x3, 0x88, 0x40, 0x39, 0x5d, 0x10, 0x1, 0x1f,
    0x2b, 0xb0, 0x78, 0x3, 0xe1, 0x44, 0x3, 0x14,
    0xd7, 0xe1, 0x0, 0x4, 0x8, 0x3, 0x16, 0x31,
    0xcb, 0xe0, 0x3d, 0xcb, 0x40, 0x5, 0xef, 0x0,
    0x9, 0x8d, 0xac, 0x6c, 0x5d, 0x30, 0xc9, 0x0,
    0xcf, 0x5a, 0x40, 0x5b, 0x66,

    /* U+8D34 "贴" */
    0x0, 0xff, 0x79, 0x80, 0x6d, 0xff, 0xe0, 0x8,
    0x40, 0x38, 0x67, 0xfd, 0x60, 0x1c, 0xc4, 0x66,
    0x0, 0xae, 0x0, 0x40, 0x35, 0xe6, 0xe8, 0x2,
    0x1f, 0x0, 0xf6, 0xf7, 0x40, 0x10, 0x88, 0x3,
    0xff, 0x84, 0x60, 0x1f, 0xfc, 0x16, 0x10, 0x2,
    0x7f, 0x87, 0x3f, 0xc8, 0x1, 0x13, 0x0, 0xb9,
    0xff, 0xe1, 0x0, 0xf, 0x81, 0x0, 0x7f, 0xd2,
    0x6, 0x4b, 0xc0, 0x1f, 0xc8, 0xe9, 0x3e, 0x60,
    0x1f, 0xd0, 0x33, 0x69, 0xee, 0x7f, 0xf8, 0x41,
    0x5d, 0x84, 0x2b, 0x9c, 0xff, 0xf0, 0x82, 0xaa,
    0x40, 0x23, 0x70, 0xe, 0xe4, 0xa, 0x0, 0xe4,
    0xc0, 0xf, 0x0,

    /* U+8D44 "资" */
    0x0, 0xff, 0xe1, 0x8c, 0x88, 0x4, 0xfc, 0x1,
    0xf8, 0xbd, 0x80, 0xa0, 0x37, 0x78, 0x80, 0x6e,
    0xdc, 0x5e, 0xd8, 0xf1, 0xee, 0x24, 0x1, 0x2c,
    0x1a, 0xc9, 0xa9, 0x91, 0x20, 0x3, 0x26, 0x8c,
    0x3, 0xd, 0x8c, 0x20, 0x4, 0x55, 0x60, 0x4,
    0x8a, 0x4c, 0x50, 0x8, 0xf2, 0x59, 0xf2, 0xe5,
    0x25, 0x6b, 0xec, 0x55, 0x14, 0xb9, 0xb1, 0x8,
    0x95, 0x6e, 0x62, 0xd5, 0xb8, 0xe9, 0xb9, 0x9a,
    0xed, 0x0, 0x1a, 0xbb, 0x95, 0xbd, 0xd0, 0x7,
    0xfa, 0x28, 0x3, 0xff, 0x80, 0x66, 0xa4, 0x20,
    0x31, 0x0, 0xda, 0x88, 0xd7, 0x3e, 0xdc, 0xa2,
    0x0, 0x1b, 0x5e, 0xd4, 0x40, 0x2b, 0x52, 0x7d,
    0x0, 0x16, 0x11, 0xcc, 0x1, 0x14, 0x73, 0xa8,
    0x0,

    /* U+8D4B "赋" */
    0x0, 0xff, 0xa5, 0x0, 0x37, 0x77, 0x5, 0x66,
    0x15, 0x45, 0x22, 0x1, 0x67, 0x78, 0x2, 0x7f,
    0xce, 0x6, 0xac, 0x0, 0x30, 0xf2, 0x0, 0x11,
    0x98, 0x80, 0xf9, 0x80, 0x38, 0x41, 0xbb, 0xfe,
    0x39, 0xdc, 0x0, 0xf9, 0xbf, 0xc3, 0xe9, 0x3f,
    0xa0, 0x1f, 0xa4, 0x80, 0x3f, 0x84, 0xc, 0x41,
    0x80, 0x70, 0x44, 0x1, 0x8d, 0xc4, 0x2, 0x10,
    0x1d, 0x3f, 0x0, 0xe3, 0x20, 0x10, 0xc, 0x22,
    0x20, 0xd, 0x9c, 0x8d, 0xc0, 0x1d, 0xac, 0x1,
    0x89, 0xf2, 0xa8, 0x0, 0x61, 0xa6, 0x30, 0xc,
    0xe4, 0x9e, 0x10, 0x34, 0xb8, 0x66, 0x69, 0x4,
    0x8f, 0x2, 0xaa, 0x67, 0x53, 0x4, 0x4b, 0x2,
    0x51, 0x80, 0x44, 0x60, 0x19, 0x2a, 0x0,

    /* U+8D56 "赖" */
    0x0, 0xff, 0xe3, 0xa7, 0x80, 0x66, 0xe2, 0x0,
    0xf9, 0xc4, 0x3, 0x59, 0x9, 0x90, 0x0, 0x77,
    0x5c, 0x3b, 0xa5, 0x72, 0xf, 0xc6, 0x0, 0xf,
    0xfa, 0x47, 0xfc, 0x11, 0x59, 0x68, 0x80, 0x8,
    0xcc, 0x0, 0x33, 0x6a, 0xa0, 0xcf, 0x8, 0x5,
    0x9f, 0x43, 0x9d, 0x49, 0xf8, 0x71, 0xc6, 0x1,
    0x6e, 0x87, 0x44, 0xe, 0xb7, 0x61, 0x0, 0xca,
    0xa1, 0x31, 0x0, 0x93, 0x80, 0x39, 0xf6, 0x2,
    0x10, 0x2, 0x12, 0x0, 0xea, 0xa0, 0x8a, 0x6c,
    0x80, 0x6, 0xc0, 0x1e, 0xd3, 0x1f, 0x70, 0x30,
    0xfd, 0x0, 0xeb, 0x6f, 0x1c, 0xa2, 0xe7, 0x63,
    0x6b, 0x20, 0x22, 0x50, 0x0, 0x74, 0x9f, 0x25,
    0x6a, 0x40, 0x5, 0x20, 0x1, 0x2, 0xeb, 0xc6,
    0x1c, 0x6b, 0x0, 0xc7, 0xe0, 0x59, 0x83, 0x0,
    0xaa, 0x80,

    /* U+8D70 "走" */
    0x0, 0xfb, 0x98, 0x3, 0xff, 0x84, 0x66, 0x0,
    0xfe, 0x5f, 0xee, 0x8a, 0xbb, 0xaf, 0x40, 0xc,
    0x99, 0x98, 0xa3, 0x33, 0x20, 0x6, 0x13, 0x22,
    0x80, 0x8b, 0x18, 0x6, 0x33, 0x11, 0x60, 0x22,
    0xc6, 0x61, 0x3, 0xdd, 0x66, 0x62, 0x9c, 0xcb,
    0x74, 0x80, 0x7d, 0xde, 0x2b, 0xee, 0xe5, 0x0,
    0xcf, 0xc0, 0x11, 0x14, 0x66, 0x0, 0xf7, 0xa0,
    0x5, 0x39, 0x8d, 0xd1, 0x80, 0x71, 0xb0, 0x5,
    0x7d, 0xd8, 0xc0, 0x30, 0xa0, 0xd8, 0x80, 0x7f,
    0xd6, 0xba, 0x3c, 0x5a, 0x86, 0x64, 0x55, 0x0,
    0x2d, 0xec, 0x2b, 0x19, 0x6f, 0x31, 0x75, 0xa0,
    0xf, 0xc1, 0x0, 0x1c, 0xef, 0xff, 0x40, 0x0,

    /* U+8D77 "起" */
    0x0, 0xde, 0x60, 0x1f, 0xfc, 0x68, 0xaa, 0xd2,
    0x1, 0x37, 0x68, 0x6f, 0x35, 0xf7, 0x5a, 0xc0,
    0x13, 0xe7, 0x8d, 0xe3, 0x9a, 0x26, 0x0, 0xc2,
    0x44, 0x6, 0x21, 0x0, 0xfe, 0x22, 0x81, 0x88,
    0xc5, 0x13, 0x0, 0x6f, 0xf8, 0x6f, 0xf5, 0x6e,
    0x21, 0x66, 0x1, 0x6e, 0xcb, 0x3b, 0xce, 0x19,
    0x98, 0x3, 0x41, 0x7, 0x91, 0x0, 0x3f, 0x85,
    0xc0, 0xd, 0xfc, 0x1, 0xd3, 0x0, 0x4, 0x6,
    0x9, 0xdc, 0x0, 0x18, 0x92, 0x8, 0x3, 0xce,
    0x58, 0x2, 0x33, 0x67, 0x68, 0x58, 0x12, 0xf7,
    0xa, 0xa1, 0x92, 0x33, 0x29, 0x71, 0x6, 0x23,
    0xe8, 0x2a, 0xa5, 0xe6, 0x57, 0x40, 0x52, 0x1,
    0x2d, 0x67, 0x7f, 0xf8, 0x40,

    /* U+8D85 "超" */
    0x0, 0xde, 0x60, 0x1f, 0xfc, 0x51, 0xff, 0xf3,
    0x0, 0x1f, 0xfc, 0x19, 0xe9, 0xf4, 0x1f, 0xe1,
    0x30, 0x3, 0x6e, 0x82, 0xf5, 0x43, 0xc, 0x0,
    0x22, 0x0, 0x9, 0x10, 0x1c, 0x80, 0xda, 0x40,
    0x41, 0xc0, 0x19, 0xfe, 0xc, 0xfd, 0xc5, 0x54,
    0x71, 0x18, 0x3, 0x7b, 0xd5, 0xfb, 0x2a, 0x4f,
    0x63, 0x84, 0x2, 0x82, 0x0, 0x8, 0x9b, 0x3a,
    0x2b, 0x14, 0x0, 0x6c, 0x0, 0x6d, 0x70, 0x6,
    0xec, 0x40, 0x13, 0x1, 0x3, 0xca, 0x80, 0x7f,
    0x18, 0x18, 0xa, 0x10, 0x0, 0x46, 0x0, 0xd8,
    0x5a, 0xc0, 0x1d, 0xdd, 0x10, 0x0, 0x92, 0x34,
    0x56, 0x5d, 0xaa, 0xb8, 0x80, 0xa, 0xa3, 0xd8,
    0xb, 0xb5, 0x57, 0x68, 0x0,

    /* U+8DB3 "足" */
    0x0, 0xbb, 0xff, 0xf2, 0x80, 0x71, 0xcf, 0xff,
    0x84, 0x3, 0xff, 0x92, 0x62, 0x45, 0xe0, 0xf,
    0x96, 0xfb, 0x9b, 0xfd, 0xc2, 0x10, 0xe, 0xbc,
    0xc8, 0x63, 0x32, 0x40, 0xe, 0xb5, 0x0, 0xff,
    0xe0, 0xa0, 0x6, 0xbe, 0xeb, 0xd8, 0x2, 0x10,
    0x70, 0xa, 0x3f, 0xed, 0x70, 0x9, 0x1, 0x40,
    0x23, 0x11, 0x88, 0x40, 0x2e, 0x49, 0x70, 0xf,
    0xf1, 0xa4, 0xe5, 0x68, 0xe9, 0x91, 0xd, 0xc,
    0x35, 0x88, 0x9b, 0xc, 0xbb, 0xb6, 0x5a, 0x85,
    0x48, 0x4, 0xb3, 0xbd, 0xff, 0x98,

    /* U+8DC3 "跃" */
    0x0, 0xff, 0xe0, 0x88, 0x6, 0xff, 0xe0, 0x14,
    0x6a, 0xea, 0x0, 0xc3, 0xbf, 0xa0, 0xf5, 0xb3,
    0x98, 0xb0, 0xf, 0xc2, 0xf7, 0x22, 0xa4, 0x1,
    0xc3, 0xfb, 0xe2, 0x1, 0xff, 0x6f, 0x94, 0x63,
    0xb3, 0x6, 0xd9, 0x8a, 0x0, 0x2a, 0x20, 0x62,
    0xee, 0x78, 0x1f, 0x70, 0x80, 0x2, 0xc0, 0xe,
    0xc9, 0x8a, 0x2, 0x88, 0x38, 0x7, 0xa3, 0x80,
    0x8, 0x2e, 0x1, 0xfc, 0xc6, 0x0, 0xa9, 0x5,
    0x0, 0xfc, 0xe8, 0x8, 0x4d, 0x30, 0x1, 0x94,
    0x68, 0x2f, 0x86, 0x9c, 0x5c, 0xe4, 0x2, 0x93,
    0xdc, 0xfb, 0xd2, 0x80, 0x6, 0xb4, 0x0, 0x3b,
    0x1c, 0xc3, 0x3, 0x0, 0x23, 0xa5, 0x20, 0x10,
    0xd, 0x98, 0x0, 0xe5, 0xd2,

    /* U+8DDF "跟" */
    0x3, 0xff, 0xdd, 0x1f, 0xfe, 0x10, 0x0, 0x8b,
    0xfd, 0x81, 0xeb, 0xff, 0x70, 0x8, 0x7, 0xf2,
    0xff, 0xdc, 0x1, 0xc3, 0x10, 0xa0, 0x2, 0xff,
    0xdc, 0x1, 0x8d, 0xc1, 0xce, 0x40, 0x38, 0xc0,
    0x30, 0xc4, 0x7, 0x9c, 0x17, 0xfe, 0xd0, 0x10,
    0x1, 0xf0, 0x0, 0x8c, 0x17, 0xcb, 0x3f, 0x44,
    0x0, 0x20, 0x15, 0x50, 0x2, 0x65, 0x1f, 0x90,
    0xf, 0x44, 0x80, 0x59, 0xba, 0x79, 0x0, 0xff,
    0x99, 0x1a, 0x80, 0x3e, 0x37, 0x0, 0xca, 0xc2,
    0x1, 0x20, 0xd8, 0xe1, 0x0, 0xe4, 0x58, 0xe1,
    0x80, 0x2d, 0xbf, 0xd6, 0xbc, 0x8b, 0x23, 0x8d,
    0x8a, 0x1b, 0x28, 0x1, 0x6d, 0x48, 0x0, 0x6e,
    0x94,

    /* U+8DE8 "跨" */
    0x0, 0xff, 0xe7, 0x6b, 0x80, 0x71, 0xe6, 0x63,
    0x22, 0x19, 0x17, 0x8, 0x0, 0xbb, 0x84, 0xbf,
    0xda, 0x17, 0xfd, 0xe8, 0x1, 0x11, 0x1, 0x77,
    0xe, 0xa1, 0xf3, 0x54, 0x0, 0x33, 0x21, 0x1,
    0xc4, 0x56, 0x64, 0x0, 0x45, 0x7e, 0xf6, 0xbe,
    0x4f, 0xba, 0x26, 0xe6, 0x1, 0x45, 0x34, 0x34,
    0xfd, 0xee, 0x6f, 0xb2, 0x1, 0x70, 0x1a, 0x22,
    0xc4, 0xcf, 0xc, 0x90, 0x6, 0x1f, 0x5e, 0xff,
    0xf7, 0x28, 0x6, 0x2b, 0x4f, 0xc0, 0xff, 0xe5,
    0x0, 0xf0, 0x82, 0x7, 0xfe, 0x40, 0xe, 0x2d,
    0x80, 0x7f, 0xfb, 0x81, 0xc0, 0x14, 0x38, 0x91,
    0x20, 0x1c, 0x40, 0x40, 0x5, 0x8e, 0xb5, 0x0,
    0xe7, 0x82, 0x10, 0x6, 0xb8, 0x80, 0x7d, 0x4f,
    0xc0, 0x0,

    /* U+8DEF "路" */
    0x0, 0xfe, 0x84, 0x0, 0xfa, 0xab, 0x48, 0xb,
    0x81, 0x14, 0x20, 0x12, 0xff, 0x63, 0x84, 0x94,
    0x77, 0xe9, 0x0, 0x65, 0x44, 0x0, 0xbd, 0x66,
    0x15, 0xc, 0x3, 0x19, 0x30, 0x5b, 0xd2, 0x13,
    0x48, 0x6, 0x3f, 0xd9, 0x5b, 0x8f, 0xaf, 0x92,
    0x0, 0xd9, 0x81, 0xeb, 0x10, 0x13, 0x2d, 0x10,
    0x8, 0x64, 0x3, 0x25, 0x6d, 0xf9, 0xf5, 0x18,
    0x1b, 0x80, 0x33, 0x79, 0xac, 0x93, 0x60, 0x4,
    0x3, 0xaf, 0x28, 0xa7, 0xfd, 0x10, 0xa2, 0x0,
    0xe7, 0x10, 0x7, 0x5d, 0xbc, 0x40, 0x38, 0x42,
    0x71, 0x80, 0x3f, 0xa0, 0x7d, 0x33, 0x58, 0x37,
    0xfd, 0x80, 0x1b, 0x6f, 0xa9, 0x84, 0x1, 0xbf,
    0xec, 0x10, 0x9, 0xd0, 0x3, 0xb8, 0x80, 0x7,
    0xe0, 0x0,

    /* U+8DF3 "跳" */
    0x0, 0xfc, 0x76, 0x5e, 0x1, 0xd9, 0xff, 0x48,
    0x4, 0x86, 0x1, 0xe7, 0xaf, 0x70, 0x53, 0x0,
    0xea, 0x60, 0xf, 0xba, 0x40, 0x40, 0x2, 0xa4,
    0x0, 0x73, 0x10, 0x7, 0x28, 0x6, 0x93, 0x40,
    0x3, 0xc7, 0x30, 0xb9, 0x30, 0x4, 0xb2, 0x1,
    0x5f, 0x15, 0x41, 0x6b, 0x0, 0x5a, 0xa0, 0x14,
    0xa0, 0x11, 0x0, 0x14, 0x60, 0x8, 0x0, 0xca,
    0x21, 0x14, 0x7a, 0xec, 0x0, 0x5b, 0x0, 0xf5,
    0x5e, 0x54, 0x98, 0x3, 0x1d, 0x0, 0x3c, 0x7a,
    0xf7, 0x80, 0x1, 0xc4, 0x0, 0xed, 0x82, 0x52,
    0x40, 0x8, 0x98, 0x10, 0xa8, 0xc2, 0xd2, 0xac,
    0x2, 0x25, 0x90, 0x2, 0xdf, 0x4a, 0xdb, 0xa8,
    0x9, 0x6c, 0x38, 0x25, 0xa0, 0x1, 0xea, 0x0,
    0x2d, 0xff, 0x40, 0x0,

    /* U+8EAB "身" */
    0x0, 0xf1, 0xa0, 0x7, 0xff, 0xa, 0xa8, 0x1,
    0xff, 0x1e, 0x61, 0x83, 0x33, 0x58, 0x7, 0x9c,
    0xfb, 0x73, 0xba, 0xb6, 0x0, 0xfc, 0x45, 0xf0,
    0x7, 0xf7, 0xff, 0xa8, 0x3, 0xfb, 0xff, 0xd4,
    0x0, 0x40, 0xf, 0x77, 0x7a, 0x82, 0x2d, 0x40,
    0x3b, 0xff, 0xd2, 0x4f, 0x6a, 0x6, 0x62, 0x2,
    0x2f, 0x60, 0x5a, 0x0, 0x23, 0x60, 0x77, 0x76,
    0x61, 0x49, 0x0, 0x2b, 0xee, 0xf3, 0x3, 0x50,
    0x7, 0xf9, 0xb5, 0xae, 0x40, 0x3f, 0x1c, 0x75,
    0xdb, 0x90, 0x3, 0xe8, 0xec, 0x3a, 0xd6, 0x3,
    0x99, 0x8, 0x6, 0xb8, 0xeb, 0x40, 0x8, 0x9d,
    0xd0, 0x1, 0x0,

    /* U+8F68 "轨" */
    0x0, 0x92, 0x80, 0x30, 0xd8, 0x80, 0x7d, 0x82,
    0x1, 0x8d, 0x4, 0x3, 0x99, 0x54, 0x4a, 0xa3,
    0x0, 0x8, 0x7, 0xb7, 0x88, 0xff, 0xc8, 0x4e,
    0x4, 0x41, 0x0, 0xaf, 0x12, 0x2e, 0x97, 0xa0,
    0x7b, 0x18, 0x3, 0x4c, 0x73, 0x81, 0x64, 0x1e,
    0x29, 0x0, 0x52, 0x46, 0x0, 0x10, 0x1, 0xb0,
    0x38, 0x80, 0x4e, 0x7e, 0x73, 0xd2, 0x1c, 0x60,
    0x20, 0x1b, 0x7b, 0xce, 0x7e, 0x40, 0xfc, 0xd,
    0xc0, 0x23, 0x10, 0xc, 0x20, 0x8a, 0x2, 0x20,
    0x1, 0x2b, 0xc9, 0x47, 0x42, 0x89, 0x80, 0xc,
    0x0, 0xd5, 0x62, 0x71, 0xd3, 0xc, 0x2, 0x2,
    0x0, 0x4f, 0xc8, 0x10, 0x3, 0x94, 0x81, 0x80,
    0x34, 0xc0, 0x3c, 0x91, 0x22, 0x4, 0x1e, 0x66,
    0x0, 0xf2, 0x53, 0x0, 0x5d, 0x9e, 0x0,

    /* U+8F6C "转" */
    0x0, 0xff, 0x8, 0x7, 0xea, 0xa0, 0x7, 0x7b,
    0x80, 0x7c, 0x9c, 0x1, 0xc2, 0xa0, 0x18, 0x7b,
    0x46, 0x76, 0x5a, 0xf0, 0x26, 0xed, 0x20, 0x3a,
    0x8b, 0xfe, 0xb4, 0x84, 0x38, 0x8a, 0x80, 0x6,
    0x9c, 0xe6, 0x44, 0x31, 0x43, 0x3c, 0x0, 0x30,
    0x48, 0x50, 0xdd, 0x33, 0x37, 0x6e, 0x40, 0xe7,
    0x43, 0x32, 0x77, 0x3, 0x7f, 0xed, 0x40, 0x34,
    0x91, 0x98, 0x36, 0x23, 0x22, 0x8c, 0x1, 0xdc,
    0xd2, 0xac, 0xc, 0x2e, 0xec, 0xc0, 0x1e, 0xc7,
    0x9, 0xfe, 0xe2, 0x92, 0x1, 0x6f, 0xf8, 0x8f,
    0xc1, 0x0, 0x12, 0xf8, 0x40, 0x53, 0xbe, 0x5f,
    0x1, 0xdc, 0xa7, 0xd0, 0xc, 0x84, 0x1, 0xd5,
    0xac, 0x6a, 0x1, 0xf1, 0x88, 0x4, 0x79, 0x76,
    0x20, 0xf, 0x72, 0x80, 0x73, 0x71, 0x0, 0x0,

    /* U+8F6E "轮" */
    0x0, 0xff, 0x18, 0x7, 0xe5, 0xe0, 0xc, 0x78,
    0xa0, 0x1f, 0x63, 0x80, 0x6a, 0xc, 0x0, 0xc3,
    0xda, 0xcf, 0xba, 0x91, 0x69, 0x45, 0x0, 0x87,
    0x6c, 0x73, 0xfa, 0xf5, 0x1b, 0xa9, 0x40, 0x23,
    0xc7, 0x16, 0x38, 0x2a, 0x3, 0xaa, 0x84, 0x5,
    0x6e, 0xdc, 0xaa, 0x64, 0x0, 0x2d, 0xa2, 0x2,
    0x90, 0xc0, 0x9, 0xa1, 0x80, 0x13, 0x7a, 0x83,
    0x27, 0xba, 0xfb, 0x80, 0x45, 0x98, 0x10, 0x6,
    0x7f, 0x42, 0xf2, 0x81, 0xc6, 0xaf, 0x80, 0x42,
    0x1, 0x84, 0x40, 0xa3, 0xb2, 0x20, 0x14, 0xde,
    0x4a, 0xe3, 0x3, 0x49, 0x0, 0x77, 0x6f, 0xb2,
    0xeb, 0x80, 0x71, 0xa0, 0x1, 0xd8, 0xfc, 0x3,
    0x10, 0x5, 0x54, 0x0, 0xef, 0x0, 0xb1, 0x3f,
    0xe6, 0xb0, 0xf, 0x8, 0x1, 0x3f, 0xf9, 0x40,

    /* U+8F6F "软" */
    0x0, 0xff, 0xe3, 0xc5, 0x0, 0x68, 0x80, 0x7,
    0xe4, 0x20, 0xc, 0xde, 0x1, 0xea, 0xa1, 0x9a,
    0xa8, 0xa6, 0x2e, 0x1, 0xef, 0x21, 0xef, 0xf3,
    0xc8, 0x7f, 0xed, 0x0, 0x29, 0x30, 0xba, 0x8a,
    0xe7, 0xfc, 0x6a, 0x1, 0x2d, 0xc2, 0x2, 0x29,
    0xc3, 0x9, 0xd8, 0x2, 0x48, 0xc0, 0x27, 0xa0,
    0x4e, 0x1f, 0x30, 0x2, 0x17, 0x9c, 0x76, 0x0,
    0x4, 0x3, 0xd9, 0xfe, 0x3b, 0xec, 0x0, 0x11,
    0x0, 0x38, 0x40, 0x30, 0x98, 0x20, 0x20, 0x7,
    0x34, 0x51, 0x57, 0x48, 0x72, 0x92, 0x80, 0x6d,
    0x2d, 0x39, 0xfa, 0x35, 0x89, 0xb1, 0x0, 0xae,
    0x9c, 0x4c, 0x7, 0x58, 0x95, 0x58, 0x40, 0x1e,
    0x33, 0x79, 0xc8, 0x2, 0xc7, 0x4c, 0x3, 0x8,
    0x1a, 0x60, 0x6, 0xca, 0x30,

    /* U+8F74 "轴" */
    0x0, 0x84, 0x3, 0xff, 0x85, 0x54, 0x0, 0xe4,
    0xf0, 0xf, 0x27, 0x0, 0x78, 0x40, 0x22, 0xff,
    0x5, 0xff, 0x0, 0x7e, 0x2f, 0x67, 0xff, 0x74,
    0x7f, 0xac, 0x7f, 0xdc, 0x0, 0x7b, 0x72, 0x0,
    0x27, 0x50, 0xf5, 0x8, 0x29, 0x1c, 0x30, 0x4,
    0x22, 0x1, 0x18, 0x2d, 0x94, 0x30, 0xfc, 0x3,
    0xf3, 0x86, 0x1, 0xa8, 0x26, 0xd0, 0xed, 0x0,
    0x26, 0xa4, 0x21, 0x81, 0x3e, 0x7, 0xe0, 0x3,
    0xd6, 0xe0, 0x2, 0x20, 0x11, 0x0, 0x6f, 0xbc,
    0x1b, 0x40, 0x3f, 0x9, 0x46, 0x6, 0xd7, 0x80,
    0x88, 0x4, 0x40, 0x9, 0x63, 0x0, 0xc9, 0xd4,
    0x3d, 0x42, 0x1, 0xce, 0x0, 0x4f, 0xfd, 0x60,
    0x1f, 0xa6, 0x80, 0x32, 0x78,

    /* U+8F7D "载" */
    0x0, 0xff, 0xe4, 0x63, 0x80, 0x5e, 0x46, 0xe0,
    0x19, 0xae, 0xc5, 0x57, 0x61, 0x0, 0x14, 0xc0,
    0x4, 0x91, 0x2, 0x58, 0xf1, 0x3, 0x1d, 0xb0,
    0x0, 0x88, 0x3, 0x9c, 0xc5, 0xc, 0x0, 0x80,
    0xbf, 0x10, 0x13, 0x88, 0x86, 0x62, 0x30, 0x26,
    0x5f, 0x94, 0x5d, 0xc7, 0x17, 0x15, 0x80, 0xe,
    0xfb, 0xc, 0xff, 0x2b, 0x10, 0x7c, 0x0, 0x5e,
    0xe7, 0x93, 0xfc, 0xa5, 0xc0, 0x74, 0x1, 0x2b,
    0x6b, 0x58, 0x8, 0x69, 0xa9, 0x98, 0x2, 0x31,
    0xea, 0x2f, 0xf1, 0x22, 0x22, 0x40, 0x33, 0xff,
    0xa8, 0xbf, 0xc4, 0x26, 0xa, 0x1, 0x91, 0x5f,
    0xcb, 0x7c, 0xc4, 0x8c, 0x0, 0x60, 0xb, 0xb6,
    0x9, 0x7f, 0x8b, 0x1d, 0x65, 0x74, 0x1, 0xdc,
    0xbe, 0x2, 0x26, 0x34, 0xd3, 0xd3, 0x0, 0x4,
    0x3, 0x9d, 0xd6, 0x3, 0x8f, 0x0,

    /* U+8F83 "较" */
    0x0, 0x84, 0x3, 0xc4, 0x1, 0xfb, 0xdc, 0x3,
    0xe, 0xb8, 0x7, 0x88, 0x54, 0x0, 0x22, 0x8,
    0xf1, 0x11, 0x0, 0xfe, 0x86, 0xfd, 0x47, 0xfa,
    0x5b, 0xfd, 0xa2, 0x2e, 0x47, 0xfe, 0xb9, 0xec,
    0xee, 0x7f, 0xc2, 0x2, 0x96, 0xa2, 0x20, 0x5d,
    0x20, 0xad, 0x0, 0x94, 0x89, 0x44, 0x5, 0x4a,
    0x41, 0x7, 0x60, 0x8, 0x53, 0x1, 0x17, 0x1d,
    0x0, 0xe, 0xd8, 0x44, 0x4d, 0x81, 0xb7, 0xb5,
    0x60, 0xf, 0x3d, 0x11, 0x7f, 0x78, 0x7d, 0xa,
    0xa0, 0x98, 0x20, 0x7, 0xe2, 0x13, 0x27, 0x42,
    0x30, 0x0, 0xac, 0x58, 0x76, 0x28, 0x55, 0xcd,
    0x80, 0x47, 0x48, 0x61, 0xbc, 0x80, 0xc4, 0xc,
    0x1, 0x17, 0x64, 0x1, 0x80, 0xb, 0x44, 0x52,
    0x40, 0x10, 0x80, 0x46, 0xb7, 0xaf, 0xf8, 0x9b,
    0xa4, 0x0, 0x8c, 0x0, 0xcf, 0x56, 0x27, 0xb4,
    0xc8,

    /* U+8F85 "辅" */
    0x0, 0x9d, 0xc0, 0x1d, 0xe9, 0x48, 0x1, 0xb0,
    0x40, 0x3c, 0xfb, 0xa0, 0x1, 0x11, 0x8, 0x82,
    0xec, 0xc0, 0xb1, 0xf7, 0xf, 0xc0, 0x8f, 0x7e,
    0xfe, 0x2, 0xef, 0xe0, 0xd7, 0x76, 0x6b, 0x4c,
    0xa0, 0x66, 0x26, 0x40, 0x7, 0xcf, 0x0, 0x7f,
    0xc3, 0x9f, 0xe5, 0x6, 0x56, 0x0, 0x87, 0x7c,
    0x73, 0xc8, 0x42, 0x57, 0xc3, 0x1c, 0x4, 0x40,
    0xe2, 0x1, 0x4d, 0xc0, 0x42, 0x86, 0xf8, 0xd7,
    0x90, 0x1, 0x95, 0xc1, 0xc, 0x33, 0x87, 0x78,
    0x80, 0x56, 0x24, 0x3a, 0x3, 0xb0, 0x7b, 0x8,
    0x6, 0x47, 0x3, 0xa4, 0x27, 0xc2, 0xfc, 0x40,
    0x19, 0x2a, 0x1, 0x9c, 0xc5, 0x48, 0x3, 0xff,
    0x80, 0x21, 0x42, 0xe0, 0x1f, 0x8, 0x3, 0xcf,
    0x18, 0xc0, 0x22, 0xe0, 0x7, 0x90, 0x4, 0xf2,
    0x0,

    /* U+8F91 "辑" */
    0x0, 0x9a, 0x40, 0x3f, 0xf8, 0x5b, 0xc0, 0x17,
    0xf7, 0x6f, 0x20, 0x1f, 0xf2, 0x47, 0xf9, 0x83,
    0xfb, 0xa0, 0x30, 0x1f, 0xb3, 0xff, 0x98, 0x37,
    0x32, 0x3, 0x0, 0xb6, 0xcc, 0x2, 0xcf, 0xfd,
    0x84, 0x1, 0x3b, 0x69, 0x2f, 0xe6, 0x7b, 0xcc,
    0x24, 0xc8, 0x1d, 0xbc, 0x3b, 0xfd, 0xa3, 0xe6,
    0x4, 0x3e, 0x31, 0xe0, 0xa, 0xbb, 0x70, 0x6,
    0xbc, 0xc0, 0xfe, 0x0, 0x22, 0x65, 0x0, 0x1f,
    0xc2, 0x20, 0x13, 0x33, 0x80, 0x70, 0xa8, 0xff,
    0x88, 0x3b, 0x75, 0xe0, 0x1b, 0x7a, 0x42, 0x38,
    0xc3, 0x73, 0x1e, 0x2a, 0x61, 0x3d, 0x82, 0xe5,
    0x21, 0xba, 0xfc, 0xc, 0x0, 0x20, 0x80, 0x4,
    0x8e, 0x27, 0xfd, 0xa1, 0x26, 0x1, 0xf5, 0x3a,
    0x90, 0x8, 0x4,

    /* U+8F93 "输" */
    0x0, 0xff, 0xe3, 0x1c, 0x0, 0x76, 0x38, 0x7,
    0xc8, 0xa0, 0x19, 0x4a, 0x4c, 0x3, 0x9b, 0x19,
    0x50, 0x6, 0xea, 0x9a, 0x40, 0x1b, 0x51, 0xfb,
    0x43, 0x51, 0x98, 0xfa, 0xc0, 0x15, 0x86, 0xdc,
    0xdb, 0x33, 0xfc, 0x8f, 0x3a, 0x20, 0xa8, 0x82,
    0xa7, 0xef, 0xed, 0xd4, 0x5d, 0x8, 0x4f, 0x4d,
    0x42, 0xf3, 0x69, 0xda, 0xd2, 0x1, 0x9a, 0x8d,
    0x4, 0xd, 0x80, 0x31, 0x80, 0xf, 0x7d, 0x24,
    0xc1, 0x20, 0x40, 0x3e, 0x20, 0x1, 0x90, 0x55,
    0x90, 0x7, 0x85, 0xa5, 0x65, 0x42, 0x38, 0x80,
    0x3c, 0x36, 0x7, 0x4e, 0xf, 0xe4, 0xe, 0x1,
    0xdb, 0x2c, 0x1, 0x78, 0x98, 0x53, 0x18, 0x7,
    0x38, 0x0, 0xc2, 0x84, 0x9b, 0x84, 0x3, 0xc6,
    0x14, 0xf7, 0xc2, 0xe, 0x86, 0x1, 0xb1, 0x80,
    0x21, 0x10, 0x2, 0xac, 0x0,

    /* U+8FB9 "边" */
    0x0, 0xff, 0xe2, 0x8c, 0x88, 0x6, 0x5f, 0x10,
    0xf, 0xb, 0xc8, 0x7, 0x84, 0x3, 0xe6, 0x60,
    0x7, 0xff, 0xa, 0x64, 0x9, 0xfe, 0xa0, 0xff,
    0xc8, 0x1, 0xb, 0x82, 0xde, 0x31, 0x6e, 0xb0,
    0x18, 0x9, 0xc, 0xc0, 0x28, 0x66, 0x72, 0x28,
    0xc, 0x12, 0xb7, 0x0, 0x32, 0x60, 0x0, 0xc0,
    0x41, 0xba, 0x80, 0x32, 0x8b, 0x80, 0x4, 0x3,
    0xfd, 0xa, 0x20, 0x7, 0x10, 0xf, 0xd4, 0x50,
    0x1, 0x61, 0x80, 0x7c, 0xcb, 0x44, 0x11, 0xee,
    0xa0, 0x1b, 0x42, 0x9f, 0x14, 0x1, 0x71, 0x90,
    0x1, 0x52, 0xf6, 0x7c, 0x41, 0x95, 0xcd, 0xd1,
    0x48, 0x5b, 0x85, 0xbf, 0x4a, 0xef, 0xd4, 0x43,
    0x84, 0x0, 0x16, 0xad, 0xef, 0xfe, 0x0,

    /* U+8FBE "达" */
    0x0, 0x28, 0x7, 0xad, 0x40, 0x3c, 0x37, 0x20,
    0x1c, 0xa4, 0x1, 0xe1, 0xd6, 0x60, 0x6, 0x31,
    0x0, 0xf8, 0xe0, 0xc0, 0x38, 0xc0, 0x3f, 0x3a,
    0xdf, 0xfc, 0x55, 0xff, 0x48, 0x1, 0xc, 0xc1,
    0x5d, 0xcd, 0xb, 0xee, 0xa0, 0x1, 0x5d, 0x86,
    0x23, 0x38, 0x20, 0x8e, 0x0, 0x76, 0x0, 0x77,
    0x2b, 0x38, 0x7, 0xfc, 0x88, 0x92, 0x87, 0x0,
    0xfe, 0x3b, 0x73, 0x4a, 0x87, 0x0, 0xf9, 0x71,
    0x60, 0x0, 0xb3, 0xc, 0x1, 0x40, 0x70, 0x45,
    0x0, 0x66, 0x97, 0x1, 0xc5, 0xeb, 0xac, 0x75,
    0x44, 0xc6, 0xe2, 0x24, 0xd1, 0x6e, 0xcc, 0x45,
    0xde, 0xa8, 0x10, 0x81, 0x0, 0xb, 0xde, 0xff,
    0xf7, 0x0,

    /* U+8FC1 "迁" */
    0x0, 0x8, 0x7, 0xe2, 0x79, 0x0, 0x8b, 0xd0,
    0x5, 0x5e, 0xb3, 0xf6, 0x8c, 0x80, 0x4, 0xb2,
    0x0, 0x9d, 0x25, 0x1f, 0xda, 0x20, 0xa, 0x4c,
    0xc3, 0x95, 0x18, 0x1, 0xf8, 0xb8, 0xc0, 0x3f,
    0xe1, 0x33, 0x81, 0x15, 0x6d, 0x15, 0x59, 0x85,
    0x37, 0x58, 0x19, 0xdd, 0x28, 0x77, 0x54, 0x6b,
    0xd6, 0x21, 0x17, 0x74, 0xd, 0xdd, 0x84, 0x1,
    0xff, 0xde, 0x10, 0xf, 0x88, 0x54, 0x3, 0xfe,
    0x1b, 0xb6, 0xed, 0x2c, 0xa4, 0x67, 0xc4, 0x27,
    0xa5, 0x19, 0xf9, 0x32, 0x3c, 0xcc, 0xc1, 0x2,
    0x0, 0x16, 0xac, 0xef, 0xf7, 0x74, 0x80,

    /* U+8FC7 "过" */
    0x0, 0x20, 0x7, 0xef, 0x60, 0xc, 0x37, 0x0,
    0x1f, 0x8, 0x7, 0xc, 0x39, 0x80, 0x78, 0xc0,
    0x3c, 0xe6, 0xcc, 0xff, 0xe2, 0x9f, 0xc0, 0xd,
    0x8a, 0xdd, 0xdc, 0x53, 0xda, 0x0, 0x21, 0x10,
    0x0, 0xdc, 0x46, 0x0, 0x8, 0x80, 0x77, 0xb8,
    0xa0, 0xb2, 0x40, 0x1f, 0xf, 0xf8, 0x40, 0xe,
    0x16, 0x1, 0xff, 0xc2, 0x70, 0xf, 0xfe, 0x1c,
    0x48, 0x7, 0xff, 0x10, 0x48, 0x86, 0x1, 0xc8,
    0x3a, 0x1, 0xb3, 0x45, 0x0, 0x34, 0xd5, 0x8f,
    0x53, 0xad, 0x45, 0x2a, 0xc2, 0x49, 0xa9, 0x38,
    0x75, 0x71, 0xb, 0xb5, 0x40, 0x96, 0x98, 0x0,
    0xa7, 0x7b, 0xff, 0xb4, 0x0,

    /* U+8FD0 "运" */
    0x0, 0x38, 0x7, 0xff, 0x4, 0x66, 0x0, 0x1d,
    0xff, 0xe4, 0x0, 0xe, 0xb9, 0x86, 0x6f, 0x76,
    0xd4, 0x0, 0x8f, 0xc, 0x8, 0x82, 0x38, 0x80,
    0x38, 0xc1, 0x13, 0xf8, 0x41, 0x95, 0x49, 0x75,
    0x4b, 0xb5, 0x55, 0x68, 0x15, 0xd4, 0x1f, 0xde,
    0x19, 0xdd, 0x7a, 0x86, 0x59, 0x0, 0x4e, 0x66,
    0x1a, 0x0, 0xff, 0x47, 0x80, 0xb4, 0x80, 0x7e,
    0xa2, 0x4, 0x65, 0x65, 0x0, 0xf0, 0xa9, 0x7f,
    0x73, 0xda, 0x0, 0x23, 0x37, 0xf, 0x73, 0x2a,
    0x1a, 0x70, 0x6, 0xb2, 0x47, 0xa5, 0x50, 0xce,
    0x44, 0x28, 0xb6, 0x3d, 0xd1, 0x45, 0x66, 0x57,
    0x44, 0x18, 0x60, 0x4, 0xad, 0xef, 0xfe, 0x70,

    /* U+8FD1 "近" */
    0x0, 0xff, 0xe0, 0x1a, 0x0, 0x6c, 0x70, 0xa,
    0x26, 0xf7, 0xf2, 0x80, 0x34, 0xc2, 0x80, 0x1c,
    0x36, 0x33, 0xb8, 0x1, 0x95, 0xe0, 0x2, 0xb6,
    0x53, 0x10, 0xf, 0x46, 0x80, 0x7f, 0xf0, 0x10,
    0xcc, 0x1, 0xb7, 0xff, 0xc2, 0x2a, 0xec, 0x20,
    0x10, 0xde, 0xd0, 0xbe, 0xd1, 0x17, 0x60, 0x4,
    0x40, 0x42, 0x60, 0xe2, 0x40, 0x1f, 0x21, 0x0,
    0x7f, 0xf0, 0xa9, 0x0, 0x3f, 0xf8, 0x2e, 0x56,
    0x1, 0xfe, 0x30, 0x70, 0x82, 0x0, 0xfe, 0x5c,
    0x59, 0xae, 0x64, 0x32, 0xa0, 0x45, 0x21, 0x8b,
    0xac, 0xf1, 0xd9, 0xdc, 0xac, 0xba, 0x31, 0xd5,
    0x0, 0x14, 0x5e, 0xf7, 0xff, 0x8,

    /* U+8FD4 "返" */
    0x0, 0x29, 0x80, 0x7c, 0x28, 0xa0, 0x1b, 0xa4,
    0x0, 0xb7, 0x6d, 0xfe, 0xba, 0x30, 0xb, 0x94,
    0x40, 0x9b, 0xa7, 0x37, 0xbc, 0xc0, 0x25, 0x60,
    0x0, 0x89, 0x50, 0xc8, 0x40, 0x3d, 0x22, 0x0,
    0x2a, 0xae, 0x80, 0x8, 0xce, 0x0, 0x8f, 0xff,
    0x31, 0x0, 0x5f, 0xd8, 0x20, 0x2c, 0xa6, 0xaa,
    0x1c, 0x0, 0xb3, 0x80, 0x2e, 0x13, 0x8c, 0x42,
    0x70, 0xf, 0xc9, 0xa7, 0xef, 0x68, 0x20, 0x1f,
    0x19, 0x28, 0x9, 0x82, 0x30, 0x7, 0xdc, 0x84,
    0x76, 0xd9, 0x12, 0xc0, 0x13, 0x82, 0x2c, 0x8f,
    0x17, 0x9b, 0xcb, 0x80, 0x16, 0xd6, 0x52, 0x92,
    0x68, 0x8d, 0xd, 0xcc, 0x26, 0x2b, 0x3c, 0x3a,
    0x73, 0x2b, 0xa9, 0x10, 0xc7, 0x0, 0x1c, 0x5e,
    0xff, 0xf8, 0x80,

    /* U+8FD8 "还" */
    0x0, 0x30, 0x7, 0xff, 0x8, 0x62, 0x1, 0xdf,
    0xff, 0x90, 0x0, 0x36, 0xe7, 0x9d, 0xcd, 0x8,
    0xee, 0x6a, 0x0, 0x4a, 0xc0, 0x42, 0x25, 0x17,
    0x11, 0x10, 0x7, 0x49, 0x80, 0x6, 0x8, 0x3,
    0xc2, 0xca, 0xa0, 0xa, 0x80, 0x2d, 0x50, 0x8,
    0xea, 0x68, 0x1, 0x2a, 0xe0, 0xa, 0xa1, 0x80,
    0xb, 0x20, 0x1, 0x2f, 0x9c, 0x0, 0x76, 0xd2,
    0x0, 0xe8, 0x4f, 0x20, 0xd, 0x25, 0x40, 0x1d,
    0x1a, 0x20, 0x1e, 0xc8, 0x0, 0xff, 0xe3, 0x98,
    0x28, 0x6, 0x70, 0xf, 0x9a, 0x1a, 0x36, 0x54,
    0xa0, 0xcc, 0x88, 0x60, 0x18, 0xa9, 0xd8, 0x39,
    0xac, 0xca, 0xee, 0x1, 0xf5, 0x0, 0x2d, 0x67,
    0x7f, 0xf6, 0x80,

    /* U+8FD9 "这" */
    0x0, 0xff, 0xe2, 0xa, 0x0, 0x61, 0xe3, 0x0,
    0xf3, 0x59, 0x80, 0x43, 0x18, 0x40, 0x1c, 0xeb,
    0xc0, 0x19, 0xa4, 0xc0, 0x3d, 0x6c, 0x57, 0xff,
    0x4f, 0x7f, 0xc2, 0x0, 0x1b, 0x2a, 0xde, 0xff,
    0x70, 0x57, 0x8, 0x7, 0xc, 0xe8, 0x82, 0x82,
    0x88, 0x3, 0xfe, 0x40, 0x91, 0xc2, 0xf5, 0x0,
    0xdf, 0xe1, 0x0, 0x16, 0xb6, 0x24, 0x80, 0x7f,
    0xd2, 0x20, 0xe0, 0x1f, 0xe3, 0xc5, 0x6b, 0x50,
    0xf, 0x8e, 0xb2, 0x6a, 0x5e, 0x94, 0x2, 0x31,
    0xd7, 0x1d, 0x70, 0x4, 0x30, 0x80, 0xd7, 0x51,
    0xd1, 0x3a, 0x26, 0xc2, 0x41, 0xc, 0x5a, 0xd0,
    0x9a, 0xbb, 0xaa, 0x44,

    /* U+8FDB "进" */
    0x0, 0x30, 0x80, 0x49, 0xc0, 0xf, 0x40, 0xe,
    0xb8, 0x0, 0x9c, 0x40, 0x27, 0x0, 0xeb, 0x60,
    0x23, 0x60, 0x22, 0x3, 0x19, 0x0, 0x4c, 0xc1,
    0x9c, 0xb0, 0xcc, 0x5, 0xef, 0x0, 0x69, 0x1b,
    0xfa, 0x1e, 0xe0, 0x6f, 0x60, 0x2, 0xea, 0x80,
    0x10, 0x98, 0x7, 0xe3, 0x32, 0x82, 0x1e, 0x89,
    0x98, 0x14, 0xd0, 0x1, 0x1a, 0x21, 0x5c, 0xc7,
    0xdc, 0x8, 0xea, 0x10, 0xe, 0xed, 0x47, 0xdd,
    0x6, 0xeb, 0x84, 0x3, 0xe4, 0xc0, 0xf, 0xfe,
    0xb, 0x2, 0x0, 0x7f, 0x8, 0x89, 0x26, 0x0,
    0x33, 0x80, 0x43, 0x30, 0xfd, 0x22, 0x68, 0x67,
    0x11, 0xa0, 0x88, 0x36, 0x33, 0xa7, 0xa7, 0x30,
    0x73, 0x96, 0x61, 0x20, 0x11, 0xbd, 0xef, 0xff,
    0x88,

    /* U+8FDE "连" */
    0x0, 0x10, 0x7, 0x2d, 0x80, 0x7c, 0xd8, 0x20,
    0x1b, 0x88, 0x3, 0xe6, 0x2a, 0xe, 0xe9, 0x1f,
    0xbb, 0x50, 0x5, 0xc8, 0x79, 0x82, 0x6d, 0x8c,
    0xca, 0x0, 0x22, 0xe3, 0x21, 0x38, 0x9, 0x22,
    0xc0, 0x2, 0x10, 0x0, 0xf3, 0x83, 0x88, 0xe0,
    0xb, 0x7b, 0x80, 0xa4, 0xdf, 0x43, 0xfe, 0xe3,
    0x0, 0x7d, 0x80, 0x13, 0xfb, 0x9a, 0x3d, 0xcf,
    0x30, 0xf, 0x8, 0x80, 0x3e, 0x10, 0xf, 0x77,
    0x3f, 0xd8, 0x3f, 0xf7, 0x0, 0x7b, 0xff, 0x60,
    0xff, 0xe0, 0xf, 0xf8, 0x40, 0x3c, 0xb1, 0xb,
    0xa6, 0x43, 0x40, 0x22, 0x84, 0x1, 0xde, 0xf7,
    0xdc, 0xfe, 0x90, 0xdd, 0xb9, 0x0,

    /* U+8FDF "迟" */
    0x0, 0x29, 0x80, 0x7f, 0xf0, 0xbf, 0xc0, 0x3,
    0xff, 0xf8, 0x3, 0x49, 0x98, 0x4, 0x37, 0x75,
    0x0, 0x71, 0xab, 0x80, 0x44, 0x58, 0x44, 0x1,
    0xd4, 0x80, 0x1f, 0xfc, 0x4, 0x33, 0x0, 0x6f,
    0xfd, 0x62, 0x1, 0x57, 0x60, 0x80, 0x86, 0xee,
    0xa2, 0x0, 0xbb, 0x0, 0x25, 0x22, 0x1c, 0x9a,
    0xe8, 0x7, 0xec, 0x40, 0x3, 0x61, 0x0, 0x7e,
    0x25, 0xa0, 0x1c, 0xc, 0x20, 0xf, 0xb8, 0xcc,
    0x0, 0x1c, 0x3c, 0x0, 0xc6, 0xf, 0x7c, 0x1,
    0x87, 0xec, 0x2, 0x4c, 0x6d, 0x9b, 0x65, 0x44,
    0x98, 0x18, 0x42, 0x66, 0xbc, 0xed, 0x8a, 0xbb,
    0xaa, 0xc4, 0x35, 0xc0, 0x4, 0xf7, 0xbd, 0xff,
    0xb4, 0x0,

    /* U+9000 "退" */
    0x0, 0x5b, 0x80, 0x3f, 0xfe, 0xe0, 0xc, 0x56,
    0x0, 0x19, 0xee, 0xd4, 0x1, 0xda, 0x64, 0x1,
    0xff, 0xc1, 0x44, 0x0, 0x53, 0xdd, 0xa8, 0x3,
    0xd6, 0x40, 0xa, 0xff, 0xd6, 0x1, 0x95, 0x10,
    0x1, 0x4d, 0x56, 0x80, 0xd, 0x75, 0x60, 0x13,
    0x6e, 0xeb, 0x60, 0xb, 0xa8, 0x40, 0x2f, 0x3d,
    0x57, 0x47, 0x60, 0xf, 0xe5, 0x1d, 0x8d, 0x96,
    0x0, 0xfe, 0x3e, 0xa6, 0x35, 0x0, 0xf8, 0x45,
    0x1b, 0xeb, 0xed, 0x90, 0x1, 0x10, 0xb1, 0x82,
    0x6d, 0x0, 0xdc, 0x68, 0x2, 0x64, 0x97, 0x8b,
    0xee, 0x88, 0x55, 0x6, 0xb0, 0xa5, 0xdb, 0x68,
    0xea, 0x2e, 0xd5, 0x49, 0x53, 0x1d, 0x40, 0x2,
    0x4e, 0x6f, 0xfe, 0xed, 0x50,

    /* U+9001 "送" */
    0x0, 0x10, 0x4, 0xaa, 0x0, 0xa1, 0x40, 0x31,
    0x6a, 0x80, 0x6, 0x8c, 0x0, 0xe0, 0x1c, 0x53,
    0x44, 0x8, 0xf6, 0xc, 0x6a, 0x1, 0xcc, 0xa2,
    0xbc, 0xcb, 0xb2, 0x5b, 0xc0, 0x1d, 0x46, 0x9b,
    0xae, 0x2a, 0xde, 0xd0, 0x8, 0x40, 0x21, 0x33,
    0x81, 0xc, 0xe0, 0xb, 0xbf, 0xc2, 0x89, 0x28,
    0x22, 0x62, 0x0, 0x65, 0x80, 0x3e, 0x22, 0x9,
    0x88, 0x9c, 0x0, 0x6c, 0x0, 0xbc, 0xc2, 0x2,
    0x66, 0x4a, 0x1, 0xf9, 0x5a, 0xcf, 0x4c, 0x3,
    0xf9, 0xea, 0x89, 0x75, 0x90, 0x1, 0x84, 0x9,
    0x67, 0x14, 0x0, 0xf5, 0xc0, 0x13, 0x62, 0x6f,
    0xc0, 0x11, 0x66, 0x36, 0x0, 0x6d, 0x5f, 0x95,
    0x6e, 0xf6, 0x57, 0x80, 0x2d, 0x40, 0x63, 0x3b,
    0xff, 0xd2, 0x0,

    /* U+9002 "适" */
    0x0, 0xfc, 0x26, 0xb1, 0x62, 0x0, 0x2d, 0x20,
    0x1f, 0xf6, 0x63, 0x87, 0x8, 0x0, 0x49, 0xc0,
    0x3d, 0xfa, 0x31, 0x2e, 0x60, 0x14, 0xb0, 0x80,
    0x80, 0x7f, 0xd4, 0x7f, 0xf8, 0x73, 0xfe, 0x80,
    0x11, 0x8b, 0xff, 0xe, 0x7f, 0xd0, 0x1d, 0xd0,
    0x7, 0xff, 0x3, 0xb4, 0x2, 0xef, 0xf0, 0xe7,
    0xf9, 0x40, 0x2, 0x1, 0xd7, 0xff, 0x88, 0x40,
    0x3f, 0xf9, 0x77, 0xff, 0x88, 0x3, 0xc6, 0x0,
    0xbf, 0xfc, 0x42, 0x0, 0x1e, 0x4e, 0xc7, 0x13,
    0x22, 0xbc, 0x50, 0x31, 0x2f, 0x60, 0xe3, 0x77,
    0xaf, 0x3, 0x60, 0x0, 0x95, 0xbd, 0xff, 0xd0,

    /* U+9009 "选" */
    0x0, 0xf2, 0x28, 0x5e, 0x80, 0x7d, 0x92, 0x0,
    0xfc, 0x0, 0x8, 0x7, 0xd2, 0xc0, 0x4, 0x46,
    0x29, 0xe6, 0xc8, 0x6, 0x53, 0x27, 0x2f, 0xe5,
    0x2e, 0xfb, 0x0, 0xec, 0x22, 0x59, 0x10, 0x4,
    0x8a, 0x0, 0x88, 0x44, 0x6, 0xc, 0xc7, 0x16,
    0x69, 0x40, 0x1b, 0xfc, 0x5d, 0x98, 0x97, 0x69,
    0xcc, 0x68, 0x3, 0xfc, 0x0, 0x8a, 0xa0, 0x4f,
    0x8d, 0x52, 0x0, 0x3f, 0x10, 0x10, 0x7, 0xff,
    0x6, 0x94, 0x3, 0x22, 0x80, 0x7c, 0x8f, 0x0,
    0x1, 0x4f, 0xa0, 0xe, 0x12, 0xba, 0x20, 0x53,
    0xb4, 0x70, 0x1, 0xe3, 0x44, 0xb8, 0x19, 0xdd,
    0xb9, 0x82, 0x9, 0xa9, 0xb9, 0xff, 0xb7, 0x37,
    0x59, 0x46, 0x14, 0xe0, 0x2, 0x7a, 0xce, 0xe7,
    0xfd, 0xc2,

    /* U+9010 "逐" */
    0x0, 0x8, 0x7, 0xff, 0x9, 0x7c, 0x83, 0xbf,
    0xff, 0x48, 0x1, 0x55, 0xe1, 0x9b, 0xd6, 0x2d,
    0xdc, 0xd8, 0x0, 0xa9, 0x84, 0x88, 0xf6, 0xd2,
    0x20, 0xa2, 0x1, 0xd, 0x84, 0x75, 0xaa, 0x0,
    0x2e, 0x80, 0x23, 0x22, 0x8, 0xa7, 0x44, 0xda,
    0x1f, 0x0, 0x2d, 0xfd, 0x49, 0x5d, 0x18, 0x95,
    0xc1, 0x0, 0xbb, 0x44, 0x55, 0x97, 0x6a, 0x3,
    0x40, 0xf, 0x87, 0xbd, 0x31, 0x46, 0x2e, 0x0,
    0x3e, 0x46, 0xd5, 0x80, 0x2c, 0x69, 0x0, 0xf6,
    0xde, 0x41, 0xb, 0x16, 0xd8, 0x4, 0x63, 0xb9,
    0x83, 0xdd, 0x31, 0x1, 0x90, 0x2, 0x31, 0xcb,
    0xe9, 0xd2, 0x74, 0xd1, 0x5c, 0x5, 0x6e, 0x2f,
    0x37, 0x12, 0x6f, 0x2e, 0xb0, 0x7, 0x50, 0x0,
    0x4f, 0x7b, 0xff, 0xd6, 0x0,

    /* U+9012 "递" */
    0x0, 0xf8, 0x80, 0x22, 0x0, 0xf1, 0x80, 0x6c,
    0x40, 0x1d, 0x60, 0xc, 0x58, 0x80, 0x14, 0xe8,
    0x49, 0x30, 0x6, 0x27, 0xa0, 0x6f, 0x86, 0xf7,
    0x2f, 0xf1, 0x80, 0x50, 0x66, 0x6f, 0xf8, 0xeb,
    0xfc, 0x20, 0x1d, 0xa6, 0x1, 0xff, 0xc0, 0x44,
    0x18, 0x27, 0xfc, 0x75, 0xfe, 0x10, 0x0, 0xe6,
    0xe0, 0x0, 0xff, 0xc7, 0x5f, 0xf1, 0x80, 0xc5,
    0x8, 0x11, 0xee, 0x8e, 0xf7, 0x6b, 0x0, 0xf3,
    0x77, 0x80, 0x23, 0x31, 0x4e, 0x1, 0xfb, 0x9c,
    0x8c, 0x45, 0xcc, 0x1, 0xe8, 0xe6, 0xa1, 0x0,
    0x73, 0x78, 0x5, 0x63, 0x1, 0x34, 0x2, 0x0,
    0xde, 0x50, 0x5, 0x35, 0x13, 0xec, 0x30, 0xea,
    0x32, 0x31, 0x0, 0x35, 0x6b, 0x4c, 0xd6, 0x6f,
    0x75, 0x49, 0x0, 0x51, 0x80, 0xa, 0x2f, 0x7f,
    0xfc, 0x40,

    /* U+901A "通" */
    0x0, 0xff, 0xe2, 0xa5, 0x0, 0x37, 0xff, 0xe6,
    0x0, 0x99, 0x5c, 0x37, 0xf1, 0xfe, 0xc6, 0xd8,
    0x2, 0x2a, 0x0, 0xc4, 0x7d, 0x38, 0x80, 0x1c,
    0xae, 0x1d, 0xfc, 0x82, 0x5b, 0xfe, 0x0, 0x1c,
    0x40, 0x80, 0x19, 0xfe, 0xe, 0xfe, 0x0, 0x87,
    0xd5, 0xc0, 0x19, 0xfe, 0xe, 0xfe, 0x0, 0x89,
    0xc4, 0x40, 0x79, 0xfc, 0x1b, 0xfa, 0x1, 0xfc,
    0xe2, 0x1, 0x8, 0x7, 0xf1, 0xd7, 0xf8, 0x33,
    0xf0, 0x3, 0xfb, 0x7b, 0x81, 0xf9, 0x20, 0x1e,
    0xd0, 0xf, 0x9a, 0xc, 0x2, 0x90, 0x2e, 0x1b,
    0x54, 0x55, 0x3, 0x4a, 0x83, 0x26, 0x5f, 0xc9,
    0x4c, 0x92, 0xad, 0xaa, 0x41, 0xb0, 0x0, 0x2d,
    0x59, 0xbd, 0xcf, 0xfb, 0x0,

    /* U+901F "速" */
    0x0, 0x8, 0x7, 0x93, 0x40, 0x3e, 0xe5, 0x5,
    0x44, 0x8c, 0x11, 0x30, 0x4, 0xb2, 0x1d, 0xff,
    0x59, 0x7f, 0xdc, 0x1, 0x79, 0xd, 0xd5, 0x52,
    0x55, 0x58, 0x2, 0x5e, 0x13, 0xef, 0xf5, 0x97,
    0xfb, 0x90, 0x3, 0xe1, 0xee, 0x51, 0x77, 0x4,
    0x0, 0x3f, 0xee, 0x0, 0x9, 0x98, 0x80, 0xcc,
    0x20, 0x1, 0xda, 0x0, 0xa, 0x47, 0x49, 0x44,
    0x11, 0xc0, 0x4, 0x20, 0x2, 0xbb, 0x1, 0x10,
    0xe2, 0xcc, 0x3, 0xf5, 0xc, 0x87, 0xe2, 0x0,
    0x7c, 0x38, 0xfa, 0x0, 0x79, 0xb6, 0x0, 0xf5,
    0x6, 0x8, 0x4, 0xd2, 0x60, 0x3, 0xf4, 0xc1,
    0xb4, 0x53, 0x4, 0x41, 0x9, 0x7, 0xfa, 0xb3,
    0xb9, 0x31, 0x27, 0x77, 0x84, 0x31, 0x0, 0x9,
    0x39, 0xbd, 0xcf, 0xfc, 0x60,

    /* U+903B "逻" */
    0x0, 0x10, 0x7, 0xff, 0x9, 0xf0, 0x1, 0xdd,
    0xfc, 0x60, 0x4, 0x12, 0x1, 0xad, 0xf, 0x3b,
    0xf1, 0x0, 0x8c, 0x50, 0x0, 0xe2, 0x2, 0x2,
    0x20, 0xe, 0xa6, 0x0, 0xff, 0xe1, 0x20, 0x0,
    0x77, 0x3, 0x8e, 0xb8, 0x40, 0xd, 0x9a, 0xa1,
    0xdc, 0x83, 0xee, 0xe3, 0x6, 0xc1, 0x0, 0x92,
    0x4b, 0xbb, 0x50, 0x7, 0xcf, 0x73, 0xbf, 0xe9,
    0x19, 0x0, 0xf0, 0xd5, 0x96, 0x29, 0x43, 0x98,
    0x7, 0x87, 0x51, 0x13, 0x78, 0xb0, 0x1, 0xfc,
    0x6d, 0x81, 0x14, 0x1, 0xe1, 0xf1, 0xac, 0xb3,
    0xe7, 0x0, 0xe1, 0xc0, 0x3e, 0x66, 0x46, 0x2a,
    0x21, 0x54, 0xc0, 0x41, 0x93, 0xd6, 0x71, 0x57,
    0x75, 0x54, 0x7, 0x82, 0x2, 0xf5, 0xbd, 0xff,
    0xd8, 0x0,

    /* U+9053 "道" */
    0x0, 0xf8, 0x80, 0x22, 0x10, 0xe, 0x52, 0x0,
    0xb1, 0x80, 0x11, 0xa0, 0x1d, 0x16, 0x1, 0x57,
    0x80, 0x17, 0xc0, 0x39, 0x10, 0x1d, 0xf6, 0xdf,
    0xe0, 0xcf, 0xf3, 0x80, 0x36, 0xc3, 0xfb, 0xfc,
    0x8b, 0xff, 0x73, 0x80, 0x11, 0x80, 0x49, 0x10,
    0xa6, 0x89, 0x8, 0x7, 0xd1, 0x5e, 0xa5, 0xf1,
    0x60, 0x1, 0xdc, 0xc0, 0x4, 0xf5, 0x5a, 0x0,
    0x21, 0x9a, 0x30, 0x0, 0xbe, 0x66, 0xa0, 0xc,
    0x84, 0x20, 0x13, 0xee, 0xf0, 0x7, 0xf0, 0xb7,
    0xfe, 0xc0, 0xf, 0xf3, 0x7f, 0xec, 0x0, 0xe1,
    0x18, 0x1d, 0xbf, 0xf6, 0x0, 0x66, 0x89, 0xab,
    0xb5, 0x5d, 0xf5, 0x31, 0xe, 0xf3, 0x5f, 0xf4,
    0xd5, 0x2e, 0xea, 0x83,

    /* U+9057 "遗" */
    0x0, 0x8, 0x7, 0x8f, 0xc0, 0x3c, 0x3c, 0xa0,
    0xf, 0xfb, 0x3, 0xfe, 0x10, 0x0, 0xad, 0x80,
    0x6, 0xbf, 0x7, 0xf4, 0x4, 0x2, 0x81, 0x40,
    0x3b, 0xed, 0x1e, 0xc1, 0x10, 0x4, 0x5e, 0x8b,
    0x53, 0x27, 0x9, 0x99, 0x8c, 0x1d, 0x98, 0x2,
    0x22, 0x26, 0x51, 0x14, 0x22, 0xf, 0xc9, 0x4,
    0xaa, 0xfc, 0xe4, 0x11, 0xc2, 0x1, 0x47, 0xdb,
    0xfe, 0x80, 0x80, 0x7c, 0x20, 0xd, 0x20, 0x8,
    0x40, 0x3e, 0x84, 0x16, 0x98, 0x7b, 0x10, 0xf,
    0x99, 0x3e, 0xf, 0xae, 0x54, 0x2, 0x11, 0x1a,
    0x6f, 0x63, 0x83, 0x72, 0x98, 0x1, 0x6d, 0x76,
    0x27, 0x44, 0x8b, 0x59, 0x18, 0x4d, 0xd7, 0x4f,
    0x47, 0x6e, 0xec, 0xb6, 0xc, 0x50, 0x2, 0xce,
    0x6f, 0xff, 0x94,

    /* U+907F "避" */
    0x0, 0xff, 0x17, 0x10, 0x6, 0xd6, 0xc, 0xff,
    0x94, 0xc4, 0x48, 0x62, 0x0, 0xa8, 0x7, 0x8e,
    0x30, 0xdd, 0xc, 0x6a, 0x80, 0x1d, 0xc2, 0x2,
    0x20, 0x6, 0xb7, 0x42, 0xa0, 0x5, 0x22, 0x13,
    0xe6, 0x4, 0xc9, 0x84, 0x0, 0x7b, 0xb1, 0x3c,
    0xf7, 0x11, 0x90, 0xd0, 0x10, 0x4, 0x90, 0x44,
    0x42, 0x20, 0x97, 0x80, 0x4d, 0x6, 0x91, 0x11,
    0x5f, 0xf9, 0xbb, 0x4a, 0xf6, 0x40, 0x33, 0x90,
    0x72, 0x80, 0x88, 0x0, 0x20, 0x1d, 0xe8, 0x1,
    0xbf, 0xc5, 0x7e, 0x80, 0x19, 0x68, 0x8, 0x1,
    0xdc, 0x1b, 0xe4, 0x0, 0xd0, 0x41, 0x8a, 0x1,
    0xfd, 0x4b, 0xba, 0x8b, 0xc5, 0x22, 0x38, 0x19,
    0x81, 0x5a, 0xeb, 0xb9, 0x1b, 0xb9, 0xab, 0x38,
    0x17, 0x0, 0x5, 0x39, 0xdf, 0xfe, 0xd0,

    /* U+90E8 "部" */
    0x0, 0xff, 0xe3, 0x72, 0x80, 0x7f, 0xf0, 0x66,
    0x0, 0x23, 0xdd, 0xd4, 0x13, 0xfe, 0x82, 0xff,
    0x63, 0x94, 0xc8, 0xc8, 0x22, 0xa3, 0xb9, 0x7,
    0xae, 0x8, 0xa3, 0x60, 0x27, 0x6, 0x38, 0xa2,
    0x1, 0x20, 0x98, 0x1, 0x89, 0xc9, 0x2c, 0x3,
    0x7b, 0x0, 0x3f, 0xc5, 0x5a, 0x1b, 0xea, 0x0,
    0x4f, 0x0, 0x77, 0x7e, 0x50, 0x5, 0xc2, 0x0,
    0x99, 0x17, 0x8, 0x4, 0xad, 0x40, 0xe, 0xdf,
    0xf7, 0x60, 0x7, 0x40, 0xa0, 0x2, 0x73, 0x1c,
    0x1, 0xe2, 0x0, 0xff, 0xe0, 0x16, 0xe1, 0xa0,
    0x2, 0x3f, 0xd8, 0x1, 0x8a, 0xed, 0x80, 0x14,
    0x7f, 0xb0, 0x3, 0x99, 0x0, 0x27, 0x10, 0x0,
    0x88, 0x3, 0xf0,

    /* U+90FD "都" */
    0x0, 0xda, 0xc0, 0x2, 0x1, 0x1e, 0x0, 0xe1,
    0x0, 0xe, 0x97, 0x76, 0xd0, 0x2, 0x6e, 0x1c,
    0x5c, 0x31, 0x6, 0xfa, 0x58, 0x1, 0x33, 0x4e,
    0x39, 0xe4, 0x3, 0x22, 0x80, 0x42, 0x20, 0x4,
    0x50, 0x6, 0x41, 0x20, 0x1f, 0xf8, 0xe4, 0xaf,
    0xdc, 0x1, 0xae, 0x0, 0x1f, 0xf9, 0x55, 0xff,
    0x38, 0x1, 0x38, 0x3, 0x16, 0x28, 0x55, 0x24,
    0x2, 0xe8, 0x30, 0x4, 0x69, 0xe4, 0xcb, 0x10,
    0x2, 0x38, 0xe0, 0x14, 0x71, 0x33, 0x94, 0x3,
    0x9c, 0x8c, 0x72, 0x87, 0xfe, 0xc0, 0xe, 0x10,
    0x70, 0x8, 0x7f, 0xec, 0x0, 0xd5, 0xc8, 0x80,
    0x8, 0x77, 0x70, 0x6, 0x9d, 0xb0, 0x8, 0x45,
    0x99, 0x51, 0x80, 0x46, 0x40, 0x18, 0xf8, 0x46,
    0x4e, 0x0, 0xf8,

    /* U+914D "配" */
    0x0, 0xfe, 0x11, 0xe0, 0x2, 0xff, 0xfc, 0xdd,
    0xdc, 0x80, 0xbd, 0xc1, 0xe0, 0xde, 0x6f, 0xfc,
    0x20, 0x15, 0x68, 0xe8, 0x76, 0x88, 0x7, 0xe5,
    0x91, 0xf0, 0xe3, 0x0, 0xff, 0x30, 0x98, 0x10,
    0x7, 0xfc, 0xe0, 0x1c, 0x3d, 0xff, 0x8, 0x6,
    0xd3, 0x1, 0x90, 0x1, 0xdf, 0xfc, 0x80, 0x11,
    0x50, 0x66, 0x80, 0x7f, 0xd0, 0xc0, 0x48, 0x1,
    0xff, 0x6f, 0x76, 0x0, 0xff, 0xb7, 0xbb, 0x0,
    0x80, 0x73, 0x88, 0x3, 0x3f, 0xf0, 0x4, 0x40,
    0x4, 0x80, 0xb, 0x3f, 0xee, 0x0, 0x24, 0xff,
    0xad, 0x44, 0x38, 0xc0, 0x21, 0xf1, 0x9f, 0xee,
    0x7d, 0x0,

    /* U+9192 "醒" */
    0x0, 0xfc, 0x7f, 0xfe, 0x5, 0xff, 0xf4, 0x8,
    0xbf, 0xed, 0x10, 0x5f, 0xd1, 0xc3, 0xf8, 0x0,
    0x11, 0x4c, 0x1, 0x1b, 0x82, 0x89, 0x88, 0xf,
    0xfd, 0x20, 0x16, 0x60, 0x70, 0xfd, 0x0, 0x77,
    0x6f, 0x0, 0xd4, 0x3c, 0x4a, 0x1, 0x77, 0xf6,
    0x18, 0x4, 0xe6, 0x1, 0x8, 0x4f, 0xe, 0xf6,
    0x80, 0x46, 0xc0, 0x20, 0xa, 0x92, 0x7, 0x22,
    0x0, 0x55, 0x8a, 0x6c, 0xa, 0x7e, 0x33, 0xf0,
    0x1, 0x63, 0xf, 0x37, 0x16, 0xe8, 0x7b, 0x68,
    0x2, 0xff, 0x77, 0x1b, 0x26, 0xec, 0x3f, 0x74,
    0x1, 0x7f, 0x74, 0xc4, 0xdf, 0xe0, 0xaf, 0xe0,
    0xa, 0xae, 0xe7, 0x10, 0x44, 0xa, 0xa2, 0x0,
    0x2f, 0x88, 0x93, 0x7f, 0xe1, 0xcf, 0xf2, 0x0,
    0x14, 0xcf, 0x6f, 0xff, 0xc8, 0x1a, 0x20, 0x14,
    0xa8, 0x7, 0xe0,

    /* U+91C7 "采" */
    0x0, 0xff, 0xe5, 0x9, 0x23, 0x45, 0xfa, 0x80,
    0x49, 0xbd, 0xcf, 0xed, 0x9a, 0x22, 0x38, 0x6,
    0x4b, 0x8d, 0xd5, 0x46, 0xe5, 0x42, 0xb0, 0x6,
    0xeb, 0x32, 0x8, 0x10, 0x5, 0x99, 0x0, 0x69,
    0x39, 0x5, 0x16, 0x4, 0x5a, 0x10, 0xc, 0x32,
    0xa0, 0x4, 0x40, 0x1b, 0x20, 0x7, 0x9f, 0x0,
    0x8, 0xc0, 0xf2, 0x1, 0x97, 0xb7, 0x78, 0x6f,
    0x77, 0xb8, 0x52, 0xe6, 0x64, 0x20, 0x33, 0x4c,
    0xeb, 0x11, 0x2a, 0x21, 0x5d, 0x86, 0xc4, 0xd1,
    0x25, 0x0, 0xc3, 0x87, 0x20, 0x73, 0xa, 0x1,
    0xe2, 0xc3, 0xf0, 0x9, 0x96, 0xa4, 0x3, 0x36,
    0x86, 0x10, 0x6, 0xa6, 0x67, 0x40, 0x24, 0xae,
    0x10, 0x0, 0x40, 0x29, 0xa0, 0xf0, 0x4d, 0xa1,
    0x0, 0xc6, 0x1, 0x2f, 0x38, 0x0,

    /* U+91CA "释" */
    0x0, 0x89, 0x1e, 0x40, 0x3f, 0xdd, 0xfb, 0x79,
    0xc9, 0xff, 0xe5, 0x0, 0x55, 0x43, 0x68, 0x8c,
    0x1f, 0xf4, 0x92, 0x80, 0x7, 0x58, 0x1, 0x86,
    0x62, 0x82, 0x89, 0x0, 0x85, 0x80, 0x8, 0x26,
    0x1a, 0xd8, 0xc8, 0x1, 0x99, 0x45, 0xe8, 0xe,
    0x0, 0x9a, 0x10, 0x42, 0x16, 0x43, 0xa5, 0xb0,
    0xea, 0xe8, 0xec, 0x83, 0x34, 0x45, 0xfa, 0xd9,
    0x61, 0xb, 0x5c, 0x60, 0x7, 0x30, 0x9b, 0xe,
    0xe5, 0x87, 0x72, 0x0, 0x3, 0x36, 0x16, 0xe9,
    0xbf, 0x83, 0xfe, 0x90, 0x5, 0x22, 0x80, 0x31,
    0x8c, 0xcc, 0x26, 0x70, 0x93, 0x58, 0x6, 0x5e,
    0xf8, 0xf, 0xf7, 0x21, 0x68, 0x80, 0x67, 0xdc,
    0xe1, 0xcc, 0x6a, 0x80, 0x61, 0x0, 0xf0, 0x80,
    0x7c, 0x7e, 0x1, 0xff, 0x0,

    /* U+91CC "里" */
    0x0, 0x27, 0xff, 0xf9, 0x0, 0x3b, 0xba, 0x1a,
    0xee, 0x80, 0x39, 0xc0, 0x46, 0x0, 0x8, 0xc0,
    0x1f, 0x7f, 0xc3, 0x5f, 0xf0, 0x7, 0xdf, 0xf0,
    0xdf, 0xfc, 0x1, 0xce, 0x2, 0x30, 0x8, 0xe0,
    0xf, 0xbb, 0xa1, 0xae, 0xe8, 0x3, 0x93, 0xff,
    0xd, 0xff, 0xe4, 0x0, 0x91, 0x51, 0x20, 0x34,
    0x49, 0x48, 0x2, 0xe9, 0x88, 0x86, 0xa2, 0x29,
    0x60, 0xa, 0xb3, 0x30, 0xce, 0x66, 0x40, 0x2,
    0x19, 0xf0, 0x19, 0xfc, 0x57, 0xbb, 0xc1, 0x3b,
    0xbd, 0x5, 0xfd, 0xdf, 0xfc, 0xb,

    /* U+91CD "重" */
    0x0, 0xfe, 0x24, 0x76, 0x0, 0xd3, 0x79, 0xbd,
    0xff, 0x46, 0x78, 0x6, 0xb8, 0xec, 0xe1, 0xad,
    0xcb, 0x90, 0x1, 0xef, 0x7f, 0x6e, 0xc, 0x66,
    0x75, 0x1f, 0xf7, 0x70, 0xdf, 0x77, 0x40, 0x11,
    0x3b, 0xfe, 0x18, 0xff, 0xc4, 0x40, 0x8, 0xaf,
    0xfc, 0x31, 0xfe, 0xb3, 0x0, 0xe3, 0x8c, 0xc0,
    0xc6, 0x62, 0x0, 0x3c, 0x73, 0x98, 0x19, 0xcc,
    0x48, 0x7, 0xd1, 0xba, 0x18, 0xdd, 0x40, 0x80,
    0x77, 0x7f, 0xc3, 0x5f, 0xf8, 0x3, 0x6f, 0x76,
    0x1b, 0xee, 0xbe, 0x0, 0x2d, 0xee, 0xc3, 0x7d,
    0xd7, 0xc0, 0xf, 0xff, 0x86, 0xbf, 0xfa, 0xc0,

    /* U+91CF "量" */
    0x0, 0xbf, 0x33, 0xf7, 0x80, 0x78, 0x47, 0xf0,
    0x7, 0xd7, 0x33, 0xeb, 0x0, 0xf4, 0x81, 0x17,
    0x82, 0x40, 0x5, 0xfd, 0x77, 0xfe, 0xef, 0x2f,
    0xeb, 0xbf, 0xf7, 0x78, 0x0, 0x67, 0x84, 0x55,
    0x41, 0x17, 0x48, 0x80, 0x72, 0xd5, 0x8, 0x95,
    0x45, 0x0, 0xfa, 0xe2, 0xa, 0xa8, 0x85, 0x80,
    0x70, 0xc0, 0x91, 0x1d, 0xc4, 0x41, 0x81, 0x0,
    0x9e, 0xef, 0x11, 0x2e, 0xea, 0x50, 0x9, 0xb7,
    0x32, 0x77, 0x66, 0x65, 0x0, 0x5e, 0x63, 0x76,
    0x77, 0x6e, 0xd9, 0xb6,

    /* U+9488 "针" */
    0x0, 0x84, 0x40, 0x1f, 0xfc, 0x29, 0xb0, 0xe,
    0x4f, 0x0, 0xf1, 0x3a, 0xff, 0xa0, 0x0, 0xe0,
    0x1f, 0x74, 0xf7, 0x50, 0x1, 0xfd, 0x2e, 0xc2,
    0x30, 0x7, 0xf0, 0xab, 0xff, 0xdd, 0x1f, 0xec,
    0xf, 0xf9, 0x87, 0x36, 0x87, 0xb2, 0x77, 0xac,
    0x3b, 0x9a, 0xe0, 0x20, 0x20, 0x3, 0x12, 0x17,
    0x1, 0x11, 0x8, 0x47, 0x58, 0xf7, 0x18, 0x3,
    0xfa, 0x7f, 0x7, 0xfc, 0xc0, 0x1f, 0xfc, 0x22,
    0x60, 0xf, 0xfe, 0xb, 0xe8, 0x80, 0x7f, 0xc8,
    0x33, 0x8e, 0x1, 0xff, 0x22, 0x3c, 0xc0, 0x27,
    0x0, 0xe0,

    /* U+949F "钟" */
    0x0, 0xe, 0xa0, 0x7, 0x7a, 0x0, 0x73, 0x93,
    0x80, 0x7f, 0xf0, 0x2c, 0x81, 0x0, 0x3f, 0xd2,
    0x43, 0xf2, 0x6e, 0xf0, 0x6b, 0xb8, 0x95, 0xa7,
    0x31, 0xa5, 0x0, 0x20, 0x22, 0x86, 0x79, 0xbf,
    0xf6, 0x88, 0x2b, 0x6, 0x30, 0x81, 0x36, 0x8d,
    0xe8, 0x7, 0xff, 0x36, 0xfc, 0x6f, 0xd0, 0x1c,
    0xc0, 0x8c, 0x40, 0x13, 0xa3, 0x38, 0xa1, 0x3e,
    0x17, 0xe0, 0x11, 0x10, 0x8, 0x80, 0x9b, 0x81,
    0x38, 0xae, 0x1, 0x8f, 0xc2, 0xc4, 0x3, 0x51,
    0x80, 0x4, 0x50, 0xe2, 0x1, 0xfe, 0x40, 0x79,
    0x0, 0xff, 0x96, 0xa0, 0x3, 0xc2, 0x1, 0x0,

    /* U+94AE "钮" */
    0x0, 0x98, 0x40, 0x3f, 0xf8, 0x25, 0x26, 0x0,
    0x43, 0x3f, 0x8, 0x5, 0x8, 0x26, 0x51, 0xc,
    0xe8, 0x86, 0x28, 0x1, 0x14, 0x22, 0x9, 0x96,
    0x53, 0x76, 0x17, 0x1, 0x99, 0x5d, 0xcc, 0x0,
    0x37, 0x0, 0x8, 0x80, 0x86, 0x7b, 0xa0, 0x8,
    0x44, 0x1, 0x18, 0x1e, 0x78, 0xe7, 0x83, 0xb8,
    0x15, 0x9c, 0x4, 0x3, 0xc2, 0x1d, 0xc0, 0xfe,
    0xe0, 0x6, 0xbe, 0xc, 0xf4, 0x9a, 0x18, 0x85,
    0x8, 0x5, 0x7c, 0x19, 0xc8, 0xe, 0x60, 0x7,
    0x0, 0xfc, 0x60, 0x1, 0x10, 0x0, 0x4c, 0x3,
    0xcd, 0x88, 0x4, 0xc0, 0x10, 0x80, 0x61, 0xb,
    0x85, 0xf, 0x30, 0x1, 0xb8, 0x80, 0x48, 0x16,
    0xd9, 0xcc, 0xfd, 0xc8, 0x5f, 0x10, 0x2, 0xea,
    0x6, 0xf7, 0x7e, 0x10,

    /* U+94B3 "钳" */
    0x0, 0x8c, 0x3, 0xff, 0x87, 0xac, 0x1, 0x72,
    0x0, 0xf, 0xc0, 0x33, 0x93, 0x0, 0x7e, 0x10,
    0x8, 0xa0, 0xff, 0xcc, 0x1, 0xfe, 0xe7, 0xff,
    0x9c, 0xc0, 0x8a, 0x60, 0x21, 0x30, 0x80, 0x9,
    0x78, 0x6f, 0xfd, 0x3, 0xe8, 0x71, 0xff, 0x72,
    0x68, 0xce, 0xeb, 0x87, 0x54, 0x13, 0xc3, 0x78,
    0x3, 0xfe, 0x10, 0x8, 0x40, 0x23, 0x44, 0x80,
    0x37, 0x70, 0x33, 0xdc, 0x1, 0x9d, 0xcc, 0x0,
    0xdf, 0xc1, 0x9c, 0xe0, 0xf, 0xaa, 0x40, 0x7,
    0xe1, 0x0, 0xff, 0xe1, 0xe, 0xb0, 0x7, 0xfc,
    0x21, 0xd6, 0xc0, 0xb, 0xff, 0x60, 0x7, 0x19,
    0xb9, 0xc0, 0x2b, 0xff, 0x60, 0x80, 0x62, 0xc3,
    0x0, 0xb9, 0x0, 0x7, 0xe0, 0x0,

    /* U+94FE "链" */
    0x0, 0xb, 0x8, 0x7, 0xad, 0x40, 0x39, 0xa0,
    0x1, 0xc, 0x0, 0x24, 0x60, 0xe, 0xa4, 0x53,
    0xfb, 0x2d, 0xc0, 0xfc, 0xc3, 0x2, 0x90, 0xc2,
    0x28, 0x1f, 0x9b, 0xf7, 0x3d, 0xca, 0xa6, 0xf1,
    0xcb, 0x44, 0x47, 0x4a, 0x46, 0x24, 0xf3, 0xfe,
    0x56, 0x60, 0xc3, 0xc, 0x0, 0x68, 0xc1, 0xe4,
    0xc9, 0x74, 0x5e, 0xd, 0xd1, 0x1, 0xb0, 0x11,
    0xd0, 0x3d, 0xfc, 0x8f, 0xf8, 0x83, 0xa0, 0x7a,
    0x80, 0x2, 0x84, 0xe0, 0x44, 0x0, 0x6f, 0x8e,
    0xc0, 0x0, 0xb7, 0x5c, 0x3b, 0xa4, 0x0, 0xe4,
    0x0, 0x1f, 0xfa, 0x47, 0xfc, 0xa0, 0x1a, 0x64,
    0x40, 0x64, 0x47, 0x12, 0x20, 0x80, 0x10, 0x49,
    0x71, 0xfe, 0x59, 0x8a, 0x46, 0x60, 0x1, 0x35,
    0xe5, 0x46, 0xfe, 0xc2, 0x6e, 0x28,

    /* U+9500 "销" */
    0x0, 0xb0, 0xc0, 0x3b, 0x94, 0x3, 0x9c, 0xc0,
    0x2a, 0x30, 0x31, 0x8, 0x60, 0x19, 0x27, 0x51,
    0x3f, 0x0, 0x85, 0xcc, 0x2c, 0x45, 0x10, 0x38,
    0x33, 0x0, 0x24, 0xd4, 0xd6, 0xf3, 0x1a, 0x43,
    0x82, 0x5, 0x5e, 0x7, 0x97, 0xfe, 0xd0, 0x3c,
    0x96, 0xd9, 0xc4, 0x3, 0xe1, 0xbc, 0x0, 0xd,
    0xde, 0x10, 0x1, 0x18, 0x9, 0x8, 0xd, 0xde,
    0x10, 0x4, 0xe8, 0xd6, 0x30, 0x2, 0x23, 0x0,
    0x57, 0xe3, 0x9e, 0xe0, 0x26, 0x78, 0x40, 0x3c,
    0x20, 0x1, 0xff, 0xc2, 0x1, 0xd7, 0xe0, 0x1,
    0xff, 0xc2, 0x1, 0x8, 0x9a, 0x80, 0x3c, 0x42,
    0x1, 0x93, 0xd0, 0x3, 0x8f, 0x49, 0x40, 0x3,
    0x62, 0x0, 0x3e, 0x0, 0x1f, 0x68, 0x80,

    /* U+9501 "锁" */
    0x0, 0xb1, 0x0, 0x3b, 0xcc, 0x4, 0x3, 0x21,
    0x28, 0xe, 0x88, 0x8, 0x1f, 0x10, 0x5, 0x1,
    0xb8, 0x8d, 0xa0, 0x17, 0x99, 0x0, 0x14, 0xeb,
    0xe1, 0x26, 0xc0, 0x2a, 0xf0, 0x0, 0xdc, 0x21,
    0xa0, 0xb8, 0xb0, 0xd8, 0x28, 0x81, 0x2c, 0x7f,
    0xc5, 0x15, 0x8a, 0x59, 0x24, 0x7, 0x7e, 0x39,
    0xe4, 0x11, 0x5d, 0x14, 0x1, 0xff, 0xc1, 0x95,
    0x0, 0xed, 0xf1, 0xcf, 0x50, 0xc, 0x20, 0x1d,
    0x9c, 0x37, 0xca, 0x1, 0x19, 0x0, 0x70, 0x88,
    0x1c, 0xc1, 0x9c, 0x85, 0x41, 0x0, 0x3c, 0x98,
    0x76, 0x76, 0xa0, 0x96, 0x60, 0x11, 0xc, 0x51,
    0x84, 0x3d, 0xa5, 0xd0, 0x80, 0x4c, 0x38, 0x8d,
    0xcb, 0x82, 0xba, 0xf8, 0x1, 0x27, 0x18, 0x3c,
    0x69, 0x0, 0xb, 0x78, 0x0,

    /* U+9519 "错" */
    0x0, 0xa8, 0xc0, 0x29, 0x40, 0x39, 0x0, 0xe4,
    0x57, 0x0, 0x90, 0x41, 0xd8, 0x3, 0xa4, 0xdc,
    0xc5, 0xcf, 0x1b, 0x41, 0xd4, 0x1, 0x4, 0x1f,
    0x27, 0xc0, 0x5e, 0x41, 0xc4, 0x8, 0xf5, 0xba,
    0xa2, 0x93, 0xe9, 0xf0, 0x97, 0x4, 0xcb, 0xef,
    0x87, 0xc2, 0x8c, 0x90, 0xcc, 0x20, 0x1f, 0x86,
    0x43, 0x76, 0xff, 0x7e, 0xf7, 0x14, 0x4, 0x2,
    0x11, 0x11, 0x7e, 0x10, 0xcf, 0xc, 0xf3, 0xee,
    0xf7, 0x80, 0x5b, 0xe1, 0x9c, 0x66, 0xae, 0xeb,
    0x40, 0x3f, 0x38, 0x2, 0xff, 0xec, 0x0, 0xfa,
    0xe4, 0x42, 0xff, 0xec, 0x0, 0xe2, 0x5, 0xf1,
    0x2, 0x2c, 0xc0, 0x1c, 0xeb, 0x82, 0x7, 0x7d,
    0xd4, 0x0, 0x72, 0x50, 0x6, 0x9c, 0xcb, 0x7c,
    0x0,

    /* U+951A "锚" */
    0x0, 0x84, 0x3, 0xff, 0x84, 0x5c, 0x60, 0x16,
    0xa0, 0x35, 0x80, 0x75, 0x98, 0x12, 0x20, 0xd,
    0x3d, 0xd1, 0x0, 0x2, 0x61, 0xea, 0xf8, 0x2a,
    0x84, 0x38, 0x81, 0x7, 0x2e, 0xea, 0x2f, 0xe,
    0x72, 0xd3, 0x30, 0x46, 0xd, 0x76, 0x70, 0x5,
    0xb0, 0x27, 0x0, 0x47, 0x9c, 0x94, 0xe7, 0xf1,
    0xbf, 0xb5, 0xe6, 0x0, 0x36, 0x4, 0x20, 0x1f,
    0xf0, 0x77, 0x88, 0x5, 0x5e, 0x1c, 0xa0, 0x1f,
    0xf4, 0xd0, 0x53, 0x80, 0xff, 0x83, 0xbc, 0x40,
    0x3e, 0x70, 0x1e, 0xe0, 0x6f, 0x8, 0x7, 0xb6,
    0x80, 0x2, 0x20, 0x31, 0x0, 0xe4, 0x7, 0xd0,
    0x1c, 0xc0, 0x6e, 0x8, 0x6, 0x47, 0xb0, 0x70,
    0xff, 0x67, 0xf8, 0x3, 0x86, 0x0, 0x9, 0xe6,
    0x7d, 0xe6, 0x0,

    /* U+9525 "锥" */
    0x0, 0xe, 0x10, 0x5, 0x2a, 0x18, 0x60, 0x1c,
    0xe6, 0x60, 0x0, 0xb0, 0x5, 0x40, 0x1d, 0x46,
    0x8c, 0xc, 0x2e, 0x31, 0x42, 0x40, 0x4, 0x35,
    0xcf, 0x1a, 0x1c, 0xfb, 0xdf, 0xd1, 0x15, 0x3c,
    0xcc, 0xc4, 0x4e, 0xe0, 0x67, 0x78, 0x83, 0xb6,
    0xea, 0x60, 0xc0, 0x44, 0x2, 0x30, 0xc, 0xc1,
    0xf5, 0xe4, 0x17, 0x70, 0x33, 0xb4, 0x2, 0x50,
    0x32, 0x30, 0x2f, 0xf0, 0x6f, 0xe0, 0x2, 0xf4,
    0x7b, 0x40, 0x3f, 0xe9, 0xb1, 0xde, 0x0, 0x17,
    0xf8, 0x37, 0xf0, 0x0, 0x4c, 0x6, 0x40, 0x2,
    0xff, 0x6, 0x7e, 0x80, 0x73, 0xf8, 0x7, 0x84,
    0x4, 0x2, 0x61, 0x88, 0x0, 0x97, 0xf8, 0x37,
    0xfc, 0xa0, 0x2, 0xb, 0x60, 0x1, 0x7f, 0xf7,
    0x28, 0x1, 0xed, 0x0, 0x3f, 0x84, 0x0,

    /* U+952E "键" */
    0x0, 0x43, 0x80, 0x7a, 0xd4, 0x3, 0xcc, 0x0,
    0x54, 0x32, 0x67, 0xd5, 0x50, 0x4, 0xc3, 0xf1,
    0x35, 0x41, 0xc2, 0x3f, 0xa0, 0x0, 0xc3, 0x7,
    0xe1, 0x68, 0xc1, 0x6c, 0x81, 0x4, 0xbc, 0xc3,
    0x89, 0x2f, 0x70, 0xef, 0xc3, 0xc2, 0x3f, 0x31,
    0x4c, 0xe3, 0x9a, 0x71, 0xc1, 0xa0, 0x6, 0x78,
    0xa8, 0x6e, 0x4f, 0x3b, 0xc2, 0x0, 0xe1, 0x16,
    0xe1, 0xa7, 0x1d, 0xf6, 0x80, 0x7, 0xd2, 0xe9,
    0x1c, 0x63, 0xce, 0xbf, 0x80, 0x3, 0xe9, 0x57,
    0x1a, 0xb1, 0xe7, 0x5f, 0xc0, 0x1e, 0x57, 0x6f,
    0xde, 0x3b, 0xee, 0x8, 0x6, 0xae, 0xb0, 0x3c,
    0xe3, 0xbe, 0xf1, 0x0, 0xa, 0x22, 0xe1, 0x62,
    0x98, 0x4c, 0x8c, 0xc0, 0x1, 0xaa, 0x2b, 0x56,
    0xf7, 0x8d, 0xe6, 0xf8, 0x4, 0xa0, 0xb8, 0x0,
    0x59, 0xcd, 0xef, 0xc0,

    /* U+955C "镜" */
    0x0, 0xff, 0x10, 0x7, 0xcd, 0x80, 0x1c, 0xba,
    0x1, 0xf5, 0x50, 0x0, 0xdb, 0xa8, 0xd, 0xd9,
    0xc0, 0x6, 0x69, 0xff, 0x27, 0xaf, 0x71, 0x5b,
    0xd8, 0x1, 0xef, 0xfe, 0xe2, 0x22, 0x58, 0x99,
    0x88, 0x41, 0x4e, 0xc4, 0x82, 0x30, 0x93, 0x11,
    0x73, 0x2, 0xaf, 0x9d, 0xb1, 0x5f, 0xbf, 0xec,
    0xef, 0x81, 0x8, 0xd0, 0xf9, 0x2f, 0xdd, 0xec,
    0x40, 0x0, 0x88, 0x4, 0x40, 0xb, 0xff, 0xb4,
    0x3, 0x7e, 0x7, 0x70, 0x82, 0xbf, 0xed, 0x0,
    0xdd, 0xa1, 0xfe, 0x20, 0x9c, 0xca, 0xc0, 0x3f,
    0x30, 0x2d, 0xe4, 0xe4, 0xa0, 0x7, 0xaa, 0x83,
    0x2f, 0x36, 0x53, 0x60, 0x19, 0xc0, 0xf0, 0xe1,
    0x18, 0x1c, 0xc3, 0x90, 0x0, 0xb3, 0x25, 0xd2,
    0xc1, 0xc, 0x9f, 0x24, 0x0, 0x98, 0x17, 0xa8,
    0x80, 0xf, 0xfe, 0xc0,

    /* U+957F "长" */
    0x0, 0xdc, 0xe0, 0x1a, 0x58, 0x3, 0xe3, 0x10,
    0x9, 0x5b, 0x80, 0x3f, 0xe4, 0xa7, 0x80, 0xf,
    0xf2, 0x5b, 0xc0, 0x7, 0xf9, 0x2d, 0xe0, 0x3,
    0xfe, 0x48, 0x80, 0x7, 0x93, 0xfe, 0x29, 0xf8,
    0xff, 0xf5, 0xa6, 0xec, 0x51, 0xb6, 0x19, 0xbb,
    0xa4, 0x8, 0xa0, 0x12, 0x42, 0xa2, 0x2e, 0x0,
    0xfd, 0x2c, 0x60, 0x1f, 0xf2, 0xa2, 0xe9, 0x80,
    0x7e, 0x1a, 0xa3, 0xd1, 0x63, 0x0, 0x78, 0xa1,
    0x2d, 0xc3, 0x1a, 0x74, 0xc0, 0x22, 0x5, 0xe4,
    0x0, 0xa6, 0xd0, 0xc0, 0x22, 0xda, 0x0, 0xf2,
    0x48, 0x0,

    /* U+95E8 "门" */
    0x0, 0xff, 0xe1, 0x97, 0x20, 0x7, 0xfc, 0x4b,
    0x40, 0x9f, 0xff, 0x38, 0x2, 0x98, 0x53, 0x7b,
    0xb8, 0x44, 0xb8, 0x30, 0x20, 0x42, 0x3c, 0x0,
    0x32, 0x0, 0xff, 0xff, 0x80, 0x7f, 0xf8, 0x56,
    0x4, 0xc4, 0x3, 0xfb, 0x59, 0x15, 0xf8, 0x3,
    0xf4, 0x75, 0x80,

    /* U+95EA "闪" */
    0x0, 0xff, 0xe2, 0x62, 0x0, 0x7f, 0xf0, 0x2a,
    0xc8, 0x3f, 0xbb, 0xc8, 0x0, 0x67, 0x0, 0x6f,
    0xff, 0x0, 0xb, 0xc6, 0x8, 0xc, 0x47, 0x80,
    0x3f, 0x63, 0x80, 0x7f, 0xc2, 0x4a, 0x1, 0xff,
    0x20, 0x8, 0x7, 0xfd, 0xe7, 0x8a, 0x1, 0xfc,
    0x4b, 0xd7, 0x4c, 0x1, 0xfb, 0xdc, 0x92, 0xa5,
    0x0, 0x38, 0xf0, 0x60, 0x0, 0xad, 0x0, 0x1c,
    0x75, 0xa0, 0x1a, 0x74, 0x3, 0xcc, 0x20, 0x1c,
    0x6a, 0x2e, 0x1, 0xfe, 0x4a, 0x53, 0x2f, 0x10,
    0xf, 0x9b, 0xe8, 0x0,

    /* U+95ED "闭" */
    0x0, 0x4a, 0x0, 0x7f, 0xf0, 0x6, 0xc8, 0x37,
    0xff, 0xe0, 0x28, 0x80, 0x87, 0xe4, 0x6e, 0xd2,
    0xd, 0xa0, 0xe6, 0x4, 0x10, 0x64, 0x43, 0x13,
    0x10, 0xf, 0x84, 0x3, 0xc5, 0xff, 0xb0, 0x3f,
    0xcc, 0x1, 0x8b, 0x37, 0x50, 0x0, 0xcc, 0x38,
    0x7, 0x19, 0x12, 0x94, 0xc, 0xc2, 0x1, 0xf5,
    0x4, 0x80, 0x7f, 0xa9, 0x3c, 0x3, 0xf9, 0x39,
    0x34, 0x80, 0x3f, 0x99, 0xfc, 0xc1, 0x0, 0x3f,
    0x14, 0x88, 0x64, 0x28, 0x12, 0xf8, 0x18, 0x7,
    0x77, 0x28, 0x1, 0x4f, 0xd, 0xc0, 0x18, 0x84,
    0x0, 0x5f, 0xac,

    /* U+95EE "问" */
    0x2, 0xb0, 0xf, 0xfe, 0x1, 0xad, 0x2, 0xff,
    0xfc, 0xe0, 0x36, 0x84, 0xbd, 0xde, 0x11, 0x89,
    0x7c, 0x80, 0x47, 0xc0, 0x7, 0xd0, 0x11, 0xf0,
    0x7, 0x84, 0xf, 0xbb, 0xbc, 0x3, 0xe1, 0xf,
    0xfa, 0x80, 0x3f, 0xf8, 0x42, 0x1, 0xff, 0xc1,
    0x10, 0xf, 0x84, 0x3b, 0xab, 0x0, 0xfc, 0x7b,
    0x99, 0xb4, 0x3, 0xf1, 0x17, 0x80, 0x3f, 0xf8,
    0x82, 0x1, 0xff, 0x36, 0x1, 0x88, 0x7, 0xf1,
    0x11, 0x51, 0xf8, 0x3, 0xf2, 0x75, 0x8,

    /* U+95F2 "闲" */
    0x0, 0xff, 0xe1, 0x8e, 0x10, 0x7, 0xfc, 0x2b,
    0xc1, 0x1f, 0xff, 0x30, 0x94, 0x20, 0xd5, 0xd6,
    0x66, 0x13, 0x7d, 0x18, 0x12, 0x1a, 0x33, 0xc0,
    0x3, 0x10, 0xe, 0x10, 0xf, 0xef, 0xfa, 0x87,
    0xfe, 0x30, 0xe, 0xdd, 0x60, 0xe, 0xec, 0x60,
    0x1c, 0x44, 0xa0, 0x3, 0x39, 0x0, 0x7c, 0x6c,
    0xc0, 0x5, 0x20, 0x7, 0x87, 0x5f, 0x1, 0x1e,
    0x84, 0x3, 0x16, 0x2c, 0x0, 0x50, 0x44, 0x0,
    0xe6, 0xb0, 0x0, 0x80, 0x30, 0xc0, 0x6, 0x5,
    0x60, 0x10, 0x80, 0x4, 0x84, 0x3, 0xe5, 0xe0,
    0x3, 0xe8, 0x3b, 0x70, 0x7, 0xe6, 0xcf, 0x20,

    /* U+95F4 "间" */
    0x0, 0xff, 0xe2, 0x63, 0x0, 0x7f, 0xf0, 0x26,
    0x46, 0xdf, 0xff, 0x31, 0x2a, 0xa4, 0x1b, 0xbb,
    0xc4, 0x9, 0x40, 0xc6, 0x2, 0x3e, 0x0, 0x18,
    0x80, 0x3f, 0xfc, 0x80, 0x1f, 0xaf, 0xfe, 0x7,
    0x0, 0xfc, 0xe0, 0x1f, 0xfc, 0x1c, 0xff, 0x80,
    0x3f, 0xd7, 0xff, 0x0, 0x7f, 0x9c, 0x3, 0xff,
    0x83, 0xd9, 0x90, 0x38, 0x7, 0xd9, 0xdf, 0xf6,
    0x28, 0x4, 0x62, 0x0, 0x33, 0xf0, 0x21, 0x18,
    0x7, 0xf9, 0x6c, 0x91, 0xbc, 0x3, 0xf2, 0x76,
    0x88,

    /* U+9605 "阅" */
    0x0, 0xff, 0xe2, 0x63, 0x0, 0x7f, 0xf0, 0x3e,
    0x5, 0xff, 0xfe, 0x61, 0x53, 0xf4, 0x47, 0xfa,
    0x33, 0xfc, 0x60, 0xb6, 0x2, 0x1e, 0x3, 0x2,
    0x1, 0x18, 0x6, 0x5a, 0x9, 0x72, 0x0, 0xf8,
    0xfe, 0x39, 0x99, 0xe2, 0x1, 0xe1, 0x17, 0x76,
    0x0, 0xfc, 0x22, 0xbb, 0xc0, 0x1f, 0x8f, 0x13,
    0xdb, 0x30, 0x20, 0x1f, 0x10, 0x20, 0x91, 0x80,
    0x7e, 0x73, 0x0, 0x86, 0x80, 0x3c, 0x31, 0x40,
    0xff, 0x4e, 0x1, 0xec, 0x46, 0x8, 0xdd, 0x72,
    0x18, 0x88, 0x1, 0xf4, 0x0, 0x37, 0x6b, 0xb1,
    0xa2, 0xf0, 0x10, 0x7, 0xa7, 0xf0, 0x0,

    /* U+9608 "阈" */
    0x3, 0xd1, 0x0, 0xff, 0x8c, 0x68, 0x33, 0xff,
    0xf0, 0x3, 0xb8, 0x19, 0xf2, 0xf4, 0xbf, 0xa0,
    0xbc, 0x4a, 0x1, 0x9, 0x27, 0x80, 0x4, 0x46,
    0xdd, 0xda, 0x57, 0xee, 0x80, 0x33, 0x77, 0x6b,
    0x5f, 0xca, 0x0, 0xc5, 0xff, 0x70, 0xb2, 0xe0,
    0x7, 0x18, 0x7e, 0x3, 0x11, 0xb8, 0x7, 0xf8,
    0x82, 0xb4, 0x3, 0xef, 0xc3, 0x7, 0x34, 0x0,
    0xe1, 0xfe, 0xbb, 0xa, 0x80, 0xa8, 0x6, 0xaf,
    0xce, 0x18, 0x16, 0xfb, 0x0, 0x8, 0x47, 0x6d,
    0x32, 0xfc, 0x3d, 0xb8, 0x18, 0x10, 0x80, 0x7,
    0x8, 0x2e, 0xae, 0x5b, 0x40, 0x3f, 0x17, 0xf3,
    0x80,

    /* U+9632 "防" */
    0x0, 0xff, 0xe5, 0x9e, 0x80, 0x71, 0xdd, 0xe5,
    0x0, 0x11, 0x1c, 0x3, 0x3a, 0xff, 0x94, 0x8,
    0x42, 0x50, 0x44, 0x40, 0x3, 0x47, 0xf, 0xce,
    0xe4, 0xe7, 0x73, 0x4c, 0x2, 0xa6, 0xae, 0x2a,
    0xff, 0xe3, 0x0, 0x9a, 0xc0, 0x3f, 0xf8, 0x22,
    0xc0, 0x15, 0x7f, 0xe2, 0x0, 0xd5, 0x60, 0x3,
    0xae, 0xe5, 0x81, 0x0, 0x64, 0x35, 0x1, 0x71,
    0x10, 0x8, 0x7, 0x9c, 0x88, 0x4, 0x0, 0x23,
    0x0, 0xc9, 0x2a, 0x48, 0x80, 0x8, 0x58, 0x3,
    0x31, 0x4a, 0xdf, 0x0, 0x5c, 0x40, 0x18, 0xad,
    0xa0, 0xd4, 0x2, 0x4e, 0x0, 0xf2, 0xbd, 0x82,
    0xef, 0x12, 0x80, 0x4, 0x2, 0xd6, 0x50, 0x77,
    0x4e, 0x90, 0x1, 0x74, 0x1, 0x12, 0x0, 0x2a,
    0x72, 0x0, 0x80,

    /* U+9636 "阶" */
    0x0, 0xff, 0xe5, 0xdb, 0x80, 0x77, 0x7f, 0xd8,
    0x0, 0x34, 0xc0, 0xf, 0x56, 0x9d, 0x80, 0x21,
    0x19, 0xc0, 0x31, 0x89, 0x1a, 0x82, 0xa4, 0xf4,
    0x38, 0x7, 0x21, 0x91, 0x2a, 0x48, 0xea, 0x2c,
    0x80, 0x2e, 0x43, 0xc5, 0x70, 0x3, 0xda, 0xe8,
    0x80, 0x31, 0x41, 0xe7, 0x84, 0x34, 0x7b, 0x4,
    0x0, 0xc0, 0xb2, 0x2, 0x20, 0x11, 0x1, 0x80,
    0x6a, 0xd0, 0x73, 0x0, 0xff, 0x70, 0x0, 0x9c,
    0x3, 0xfb, 0x9b, 0x3, 0x8, 0x3, 0xfa, 0xec,
    0xe2, 0xb6, 0x1, 0xf1, 0x82, 0xa0, 0x51, 0x98,
    0x3, 0xfe, 0x65, 0xe0, 0x8, 0x40, 0x37, 0x20,
    0x1, 0xb8, 0x80, 0x2f, 0x40, 0x8,

    /* U+963B "阻" */
    0x6f, 0xfc, 0x7b, 0xff, 0xdc, 0x0, 0x31, 0xe8,
    0x23, 0x8, 0xee, 0xa4, 0x3, 0x87, 0x14, 0x0,
    0x23, 0x8c, 0x3, 0xc9, 0x40, 0x1f, 0xfc, 0x3,
    0x3, 0x0, 0x4f, 0xfd, 0x40, 0x1c, 0x6b, 0x0,
    0x9, 0xff, 0xa8, 0x3, 0xd0, 0xc2, 0x1, 0xff,
    0xc0, 0x21, 0x40, 0x12, 0x28, 0xc0, 0x38, 0x58,
    0x44, 0x13, 0xff, 0x40, 0x7, 0x24, 0x3a, 0x4,
    0x6e, 0xd6, 0x1, 0xcb, 0xd0, 0x1, 0xfe, 0x30,
    0x8, 0x90, 0xf8, 0xce, 0x21, 0x43, 0x0, 0xcb,
    0x40, 0xdb, 0xb4, 0x8d, 0x40,

    /* U+9645 "际" */
    0xef, 0xfc, 0x3d, 0xff, 0xe0, 0xa, 0x79, 0x50,
    0x7f, 0xbf, 0xf7, 0x0, 0xc, 0x5, 0x34, 0x4,
    0x40, 0x18, 0x40, 0x32, 0xb, 0x91, 0x4, 0x7c,
    0x40, 0x16, 0xa0, 0xf6, 0xf7, 0x7b, 0x48, 0x1,
    0xea, 0x39, 0xfe, 0xd0, 0xef, 0xf8, 0x80, 0xc,
    0x72, 0x4, 0x1, 0x88, 0x40, 0x39, 0x54, 0x19,
    0x0, 0x16, 0x48, 0x6, 0x34, 0x14, 0x19, 0x0,
    0xa5, 0xc8, 0x0, 0x38, 0x3d, 0xec, 0x20, 0x13,
    0x8c, 0x81, 0x8f, 0x6b, 0x25, 0x80, 0x74, 0xa2,
    0x0, 0x2, 0x0, 0x72, 0x6b, 0x1, 0x7, 0xa4,
    0x0, 0xc9, 0x1, 0xe8, 0xe0, 0x12, 0x80,

    /* U+964D "降" */
    0x0, 0xf9, 0x58, 0x3, 0xdd, 0xff, 0x40, 0xd,
    0xc6, 0x65, 0x20, 0x15, 0xf0, 0x50, 0x40, 0xef,
    0x41, 0xe8, 0x0, 0xc1, 0x4c, 0x99, 0x16, 0xb,
    0xd5, 0x0, 0x37, 0x50, 0x77, 0x29, 0xb9, 0xa8,
    0x3, 0xa, 0xa0, 0x41, 0xa0, 0x8, 0x28, 0x6,
    0x14, 0xb2, 0x8d, 0xba, 0x85, 0x8f, 0xd1, 0x0,
    0x53, 0x30, 0xeb, 0x9e, 0x73, 0x72, 0x44, 0x0,
    0x29, 0x91, 0xe, 0xf1, 0xbf, 0xc6, 0x0, 0x8d,
    0x7d, 0xfb, 0xfc, 0x57, 0xfe, 0x20, 0x0, 0xe1,
    0xb5, 0xa8, 0x7, 0x8, 0x80, 0x3, 0xba, 0x30,
    0xbf, 0xf1, 0x5f, 0xf7, 0x0, 0x22, 0x2, 0xff,
    0xc5, 0x7f, 0xf0, 0x18, 0x7, 0xff, 0x2c, 0xc4,
    0x3, 0x0,

    /* U+9650 "限" */
    0x4f, 0xfc, 0xcb, 0xff, 0xe0, 0x3, 0x8f, 0xe8,
    0x38, 0x17, 0xfd, 0x82, 0x1, 0xca, 0x82, 0x22,
    0xff, 0xb0, 0x3, 0xd5, 0xa0, 0x2, 0xff, 0xb0,
    0x3, 0x8c, 0x9c, 0x3, 0xff, 0x80, 0x69, 0x20,
    0x2, 0xff, 0xb0, 0x3, 0xd4, 0xe4, 0x5, 0xeb,
    0x5f, 0x80, 0x1c, 0x26, 0x80, 0x16, 0xe8, 0xf1,
    0x80, 0x30, 0x91, 0x80, 0x48, 0xdf, 0xac, 0x1,
    0x27, 0x22, 0x80, 0x46, 0x56, 0x60, 0x19, 0x2e,
    0x80, 0x21, 0x6f, 0x86, 0x0, 0xe4, 0x0, 0x19,
    0x77, 0x9d, 0x4d, 0x93, 0x80, 0x77, 0x9e, 0x48,
    0x2e, 0x11, 0x13, 0x80, 0x34, 0x61, 0x80, 0x47,
    0x20,

    /* U+9664 "除" */
    0x0, 0xff, 0xe5, 0xcd, 0x80, 0x76, 0xff, 0xdc,
    0x0, 0x26, 0x51, 0x0, 0xea, 0xf4, 0x70, 0x4,
    0xac, 0xe8, 0x6, 0x10, 0x2, 0x58, 0x42, 0xdb,
    0xbb, 0x4, 0x3, 0x31, 0x93, 0xba, 0xc0, 0x64,
    0x3a, 0x4, 0x1, 0x74, 0xd0, 0xb5, 0xdc, 0xd1,
    0x76, 0x0, 0xaa, 0x8d, 0x95, 0xf6, 0x5f, 0xb1,
    0xc2, 0x0, 0x71, 0x52, 0x20, 0x88, 0x4, 0x44,
    0x1, 0xcb, 0x91, 0x9f, 0x65, 0xfe, 0xc4, 0x0,
    0xc4, 0x73, 0xdc, 0xa2, 0xee, 0x90, 0x0, 0x7c,
    0xbc, 0x12, 0xc0, 0x1, 0xb1, 0x0, 0x8e, 0xf5,
    0x15, 0x94, 0x0, 0x2f, 0x40, 0x19, 0x48, 0xea,
    0xc, 0x2, 0xd5, 0xa0, 0xe, 0x65, 0x75, 0xf1,
    0x1, 0xa2, 0x1, 0x0, 0x96, 0x83, 0x56, 0x40,
    0x9, 0x1, 0xaa, 0x1, 0xd1, 0xca, 0x1, 0xc0,

    /* U+9669 "险" */
    0x0, 0xf8, 0xb1, 0x0, 0x3b, 0xbf, 0xe6, 0x0,
    0x59, 0xf8, 0x7, 0x1d, 0xf0, 0x38, 0x1b, 0x63,
    0x30, 0x3, 0xc8, 0x81, 0xe, 0x83, 0xe9, 0x60,
    0xe, 0xfd, 0xb, 0x17, 0x3, 0xa9, 0xa1, 0x0,
    0x91, 0x16, 0xa7, 0xff, 0x54, 0x27, 0x80, 0x4,
    0x10, 0xb3, 0xbb, 0x9f, 0xf4, 0x0, 0x37, 0x12,
    0x42, 0x6e, 0x21, 0x6, 0x60, 0x9, 0x44, 0xf1,
    0x46, 0x0, 0x9c, 0x3, 0xc2, 0xc9, 0x86, 0x24,
    0x86, 0x40, 0x11, 0x60, 0xbd, 0xa0, 0x13, 0xe5,
    0x80, 0x62, 0xad, 0x23, 0x0, 0x62, 0x21, 0x40,
    0x39, 0x88, 0x45, 0x82, 0xa, 0x46, 0x22, 0x3,
    0x0, 0xbb, 0xba, 0xcb, 0xb9, 0x60, 0x1d, 0xff,
    0xfd, 0x40,

    /* U+968F "随" */
    0x0, 0xfe, 0x7a, 0x0, 0xdf, 0xdc, 0xf8, 0x10,
    0x0, 0xd6, 0x80, 0x76, 0xe8, 0x2b, 0xd6, 0xb8,
    0xa3, 0xfe, 0x0, 0x90, 0xc9, 0xfe, 0x8e, 0x3f,
    0xf0, 0x5, 0x74, 0x18, 0x26, 0x48, 0x45, 0x0,
    0x4c, 0x6e, 0xb, 0x7e, 0x3f, 0x32, 0xd4, 0x0,
    0x8, 0x91, 0x1d, 0x9a, 0x3f, 0x76, 0x10, 0x9,
    0xee, 0xcb, 0x64, 0x21, 0xbd, 0xc1, 0x0, 0xca,
    0xa, 0xc0, 0x16, 0xf7, 0x4, 0x3, 0x8, 0x10,
    0x6, 0xde, 0xe0, 0x80, 0x4f, 0xc0, 0xe0, 0x1b,
    0x7b, 0xc0, 0x33, 0xd7, 0x88, 0x4, 0x20, 0xd,
    0x6, 0x0, 0x94, 0x45, 0x21, 0x6c, 0xc3, 0x8c,
    0x10, 0xe, 0xd2, 0xe9, 0x1e, 0xe5, 0x66, 0x0,
    0x3b, 0x20, 0xa, 0x2f, 0x7b, 0xfc, 0x0,

    /* U+9690 "隐" */
    0x0, 0xf8, 0xc4, 0x3, 0xc4, 0x58, 0x40, 0x1d,
    0x40, 0x1e, 0xce, 0x9d, 0x70, 0x62, 0x5d, 0xd5,
    0x80, 0x47, 0x14, 0xe, 0x31, 0x3d, 0x85, 0xc0,
    0x1c, 0xa6, 0x1a, 0x4c, 0x8, 0x4a, 0x1, 0xd8,
    0x84, 0xe5, 0xdc, 0xb3, 0xef, 0x0, 0xc9, 0xa7,
    0x7f, 0xdd, 0xbc, 0x3, 0x97, 0x80, 0xff, 0xbb,
    0x78, 0x7, 0x4a, 0xa1, 0xf7, 0x77, 0x80, 0x79,
    0x30, 0xff, 0xfb, 0x80, 0x30, 0xc2, 0x71, 0xff,
    0xba, 0x3f, 0xdc, 0x1, 0x8, 0x51, 0x61, 0xf0,
    0xc9, 0x87, 0xa0, 0x5, 0x9, 0xe8, 0x1, 0x68,
    0x9c, 0x48, 0x18, 0x0, 0xd2, 0x40, 0x48, 0xd7,
    0x59, 0xc8, 0x2, 0x2b, 0x12, 0x1d, 0xf9, 0x80,
    0xa2, 0xe4, 0x1, 0x40, 0x1e, 0xff, 0x73, 0x0,
    0x40,

    /* U+9694 "隔" */
    0x0, 0xff, 0xe1, 0xff, 0xe8, 0xbf, 0xff, 0xc2,
    0x17, 0xe1, 0x57, 0xbb, 0xf7, 0x88, 0x1, 0x8,
    0x81, 0xbf, 0xdd, 0x7e, 0x80, 0x6e, 0x50, 0xa,
    0xf3, 0x29, 0x10, 0xc, 0xfc, 0x1, 0x4f, 0xfd,
    0x60, 0x1d, 0x30, 0x21, 0xff, 0xee, 0x0, 0xc8,
    0x4d, 0xdf, 0xff, 0x84, 0x2, 0x4d, 0x3a, 0xb8,
    0xf7, 0x8d, 0x1, 0x1, 0x65, 0x30, 0x3, 0x48,
    0xa9, 0x80, 0x61, 0xb4, 0x80, 0x7, 0x86, 0x15,
    0x38, 0x6, 0xd9, 0x10, 0x7, 0xd1, 0x66, 0x18,
    0x3, 0xe3, 0x2, 0x60, 0x20, 0x50, 0xf, 0x88,
    0x40, 0xe4, 0x56, 0xe0, 0x0,

    /* U+96C6 "集" */
    0x0, 0xff, 0xe4, 0x62, 0x80, 0x35, 0x80, 0x3f,
    0x98, 0x90, 0x1, 0x1a, 0x1, 0xf8, 0x60, 0x7f,
    0xb9, 0x6b, 0xdd, 0x98, 0x2, 0xd1, 0xde, 0xe8,
    0x6b, 0xbb, 0x30, 0x2, 0x44, 0x37, 0xfe, 0xb,
    0xff, 0x94, 0x2, 0x3e, 0xd, 0xff, 0x82, 0xff,
    0xe5, 0x0, 0xa8, 0xc3, 0x7f, 0xe0, 0xbf, 0xfa,
    0x40, 0x3d, 0x9d, 0xd0, 0x5f, 0x75, 0x60, 0x18,
    0x43, 0x7f, 0xe0, 0xaf, 0xfb, 0x8, 0x2, 0x1b,
    0xee, 0xa4, 0xfb, 0xb8, 0x80, 0x13, 0xf7, 0xff,
    0x41, 0xff, 0xf7, 0x0, 0x27, 0xfe, 0x42, 0x83,
    0x91, 0xbf, 0xf7, 0x0, 0x42, 0xdc, 0xf8, 0x20,
    0xd7, 0x6c, 0x61, 0x0, 0x47, 0x4b, 0x60, 0x80,
    0x4b, 0xcd, 0x3c, 0x21, 0x8f, 0xb0, 0x0, 0x11,
    0x0, 0x6, 0xba, 0xc4,

    /* U+96F6 "零" */
    0x0, 0x47, 0x77, 0xf7, 0x80, 0x68, 0xfe, 0xe8,
    0x37, 0xbb, 0x0, 0x57, 0xb9, 0xbb, 0xf, 0x6e,
    0xd9, 0xa8, 0xb, 0x53, 0x38, 0x2e, 0x67, 0x18,
    0x0, 0x86, 0xa9, 0x28, 0x2b, 0x15, 0x41, 0x70,
    0x6, 0x36, 0x63, 0xc0, 0x2e, 0xcc, 0x2c, 0xa0,
    0x0, 0xa6, 0x50, 0xc2, 0x11, 0x32, 0x40, 0xc,
    0x57, 0x6d, 0x94, 0xee, 0x5d, 0x90, 0x3, 0x97,
    0x6a, 0x32, 0x2b, 0x14, 0x40, 0x3, 0x5d, 0x75,
    0xab, 0x6b, 0xd7, 0x6e, 0xd7, 0x12, 0xb4, 0x8f,
    0xd3, 0xff, 0x57, 0xe2, 0xa0, 0x42, 0xd7, 0x6f,
    0xfa, 0x47, 0xc4, 0xe0, 0xc0, 0x30, 0xff, 0x54,
    0xe9, 0x0, 0x7f, 0x6d, 0x0, 0x39, 0x0, 0x3f,
    0xc9, 0x5c, 0xac, 0x1, 0x80,

    /* U+9700 "需" */
    0x6, 0xee, 0xff, 0x68, 0x1, 0xbf, 0xba, 0x64,
    0xee, 0xd8, 0x1b, 0xdf, 0xdd, 0x3a, 0xf7, 0x6f,
    0xd3, 0xbe, 0xec, 0xeb, 0xdd, 0xa8, 0xc0, 0x13,
    0xdc, 0x30, 0x3, 0xff, 0x9c, 0x1, 0x8b, 0x3f,
    0xe3, 0x0, 0x3e, 0xe9, 0x93, 0x8, 0x33, 0xfc,
    0x40, 0x5, 0xee, 0x38, 0x10, 0x8b, 0x3b, 0x85,
    0x14, 0xb9, 0x86, 0x1, 0xaf, 0xee, 0xdf, 0xee,
    0xee, 0xcb, 0xee, 0xe1, 0xbe, 0xee, 0xd0, 0xdf,
    0xfc, 0x37, 0xff, 0xc0, 0x1, 0x9f, 0xb1, 0xff,
    0xd, 0xfd, 0x88, 0x7, 0xff, 0x10, 0x40, 0x3f,
    0x1f, 0xb8, 0x3, 0x58, 0x13, 0xc0, 0x1e, 0x87,
    0x72, 0x0,

    /* U+9732 "露" */
    0x0, 0xff, 0xe2, 0xdf, 0x76, 0xfe, 0xee, 0x30,
    0x2, 0x75, 0xde, 0x8, 0xbb, 0xcc, 0x21, 0x3f,
    0xbb, 0x83, 0xb7, 0x75, 0x18, 0x37, 0x22, 0x50,
    0x32, 0x48, 0x89, 0x30, 0x5, 0xa2, 0x15, 0x40,
    0x20, 0x6c, 0xc1, 0xc2, 0x0, 0x1f, 0x74, 0x3b,
    0x7d, 0x10, 0x0, 0xc5, 0xb9, 0xb2, 0x8c, 0xb3,
    0x98, 0xf3, 0x0, 0x96, 0xa8, 0x87, 0x2a, 0xae,
    0x56, 0x30, 0x9, 0x3f, 0xc8, 0x17, 0x43, 0xcf,
    0x20, 0x11, 0x76, 0x15, 0x28, 0xe3, 0x43, 0x76,
    0x30, 0x15, 0x1, 0xe8, 0x79, 0x5, 0x31, 0x4b,
    0x80, 0x63, 0xd7, 0x81, 0xec, 0xc0, 0xb0, 0x84,
    0xa6, 0x14, 0x10, 0x3, 0xf7, 0x44, 0x1, 0x1b,
    0x5f, 0xe3, 0x0, 0x3f, 0x74, 0x60, 0x0,

    /* U+9752 "青" */
    0x0, 0xfb, 0x98, 0x3, 0xe5, 0xcc, 0xe1, 0xbc,
    0xcd, 0x60, 0x4, 0xfe, 0xec, 0x35, 0xdd, 0xa4,
    0x0, 0x33, 0xbb, 0x86, 0x37, 0x71, 0x80, 0x57,
    0xdd, 0x86, 0x7b, 0xb0, 0x81, 0xff, 0x77, 0xc,
    0xf7, 0x6f, 0xb3, 0xee, 0xff, 0xe0, 0xd0, 0x8,
    0xbf, 0xbb, 0xf8, 0x44, 0x1, 0x1d, 0xff, 0xfb,
    0x80, 0x3e, 0xbe, 0xef, 0x78, 0x7, 0xd7, 0xdd,
    0xec, 0x0, 0xfa, 0xff, 0xfd, 0xa0, 0x1f, 0x5f,
    0xff, 0xb4, 0x3, 0xff, 0x82, 0xfc, 0x1, 0xe3,
    0x0, 0xf0, 0x94, 0x0, 0x77, 0x20, 0x7, 0x37,
    0x38, 0x0,

    /* U+9759 "静" */
    0x0, 0xfe, 0x10, 0xf, 0xee, 0x40, 0x8, 0xf8,
    0x80, 0x38, 0x8c, 0x80, 0x88, 0x61, 0x64, 0x40,
    0xe, 0x58, 0x91, 0xa9, 0xf1, 0x50, 0xdf, 0xe0,
    0x9, 0xff, 0xc3, 0x7f, 0x8, 0x3b, 0xa1, 0x80,
    0xd, 0x9a, 0x39, 0xb9, 0x76, 0x48, 0x15, 0x30,
    0x2, 0xf7, 0x89, 0x7f, 0xab, 0x79, 0xd2, 0x70,
    0x80, 0x4c, 0xd7, 0x86, 0x49, 0x54, 0x19, 0xa1,
    0x0, 0x24, 0xdd, 0xee, 0xae, 0xe0, 0xe7, 0xe,
    0xa0, 0xe, 0xf7, 0x2d, 0xab, 0xb8, 0x39, 0xc3,
    0xa8, 0x0, 0xde, 0xe5, 0x80, 0xa2, 0x5, 0xd0,
    0x40, 0x36, 0xf7, 0x2c, 0xb, 0xb8, 0x1f, 0xc0,
    0x1d, 0xbd, 0xcb, 0x3, 0xaa, 0xc, 0x56, 0x10,
    0x5, 0xbd, 0xcb, 0x10, 0x8, 0x40, 0x6, 0x1,
    0x18, 0x2, 0xae, 0x82, 0x3c, 0xc8, 0x3, 0xb8,
    0xc2, 0xb9, 0x82, 0x7b, 0x0, 0x38,

    /* U+975E "非" */
    0x0, 0xec, 0x60, 0x4f, 0x0, 0xff, 0x8, 0x4,
    0x20, 0x1e, 0x21, 0x18, 0x3, 0x84, 0x62, 0x12,
    0xde, 0xe8, 0x80, 0x21, 0xee, 0xb6, 0x4b, 0xff,
    0x10, 0x4, 0x3f, 0xfa, 0x0, 0x3f, 0xf8, 0x93,
    0xdd, 0x10, 0x4, 0x3d, 0xd7, 0x80, 0x23, 0xfe,
    0x20, 0x8, 0x7f, 0xee, 0x0, 0x8, 0xe0, 0xe,
    0x11, 0xc0, 0x1f, 0xfc, 0x45, 0xff, 0xc4, 0x1,
    0xf, 0xfe, 0xb4, 0xde, 0xe8, 0x80, 0x21, 0xee,
    0xd2, 0x24, 0x23, 0x0, 0x70, 0x8e, 0x20, 0xe,
    0x31, 0x0, 0xff, 0xe0, 0xf3, 0x80, 0x4, 0x3,
    0x80,

    /* U+9760 "靠" */
    0x0, 0xff, 0xe3, 0x4b, 0x0, 0x26, 0x40, 0x1f,
    0x91, 0xaf, 0x30, 0xee, 0xcc, 0xb5, 0x0, 0x28,
    0xaf, 0xee, 0x22, 0x3b, 0xb2, 0x80, 0x2d, 0xbe,
    0x22, 0x77, 0x44, 0x53, 0x72, 0x1d, 0xde, 0x99,
    0x77, 0x76, 0x82, 0xa5, 0x5d, 0xfe, 0x84, 0x40,
    0x6, 0xdf, 0xff, 0x58, 0x80, 0x7b, 0x7f, 0xfd,
    0x60, 0x18, 0xcd, 0x57, 0x41, 0xd8, 0x17, 0x69,
    0x32, 0xb, 0x9e, 0xe8, 0x4, 0x41, 0xdd, 0x4a,
    0x5, 0x16, 0xe8, 0xc0, 0x36, 0xec, 0x4c, 0x7,
    0xa6, 0x6d, 0x0, 0xc6, 0x76, 0x80, 0xfd, 0xd5,
    0x2c, 0x3, 0x55, 0x57, 0x83, 0xfd, 0xd6, 0x0,
    0x6e, 0xed, 0xa0, 0x20, 0x1f, 0xfc, 0x1,

    /* U+9762 "面" */
    0x0, 0xff, 0xe1, 0x7f, 0xff, 0xf0, 0x7b, 0xbd,
    0x61, 0xdd, 0xef, 0x11, 0xed, 0x61, 0x1f, 0x83,
    0x7f, 0xe6, 0x67, 0xff, 0x60, 0x5, 0x3e, 0xed,
    0xfe, 0x58, 0xf8, 0x0, 0xff, 0xe4, 0xb7, 0xf9,
    0x40, 0x3f, 0xcd, 0xfe, 0x50, 0xf, 0xf3, 0xe6,
    0x10, 0x3, 0xfc, 0x9d, 0xc4, 0x0, 0xff, 0x19,
    0x10, 0x3, 0xf5, 0xe3, 0x3e, 0x61, 0x27, 0x24,
    0x3, 0x2f, 0xee, 0xbf, 0xdb, 0xaf, 0x60, 0x0,

    /* U+97F3 "音" */
    0x0, 0xe1, 0xd4, 0x0, 0xf8, 0x84, 0x60, 0x6,
    0x88, 0xe2, 0x3, 0xcc, 0xe0, 0x4c, 0xcd, 0xe0,
    0x7d, 0xb5, 0x4d, 0xdc, 0x91, 0xba, 0x0, 0xc5,
    0x4, 0x0, 0x16, 0x10, 0x9, 0xc, 0xcc, 0x28,
    0x66, 0x82, 0x73, 0x32, 0x7c, 0x44, 0xbb, 0x10,
    0x26, 0x88, 0xd7, 0x7f, 0xfc, 0x1c, 0x0, 0x5f,
    0xff, 0xeb, 0x0, 0xe6, 0xff, 0xf2, 0x80, 0x79,
    0xbf, 0xfc, 0xa0, 0x1e, 0x6f, 0xff, 0x28, 0x7,
    0xc2, 0x3e, 0x0, 0xf9, 0xf3, 0x3c, 0xa0, 0x1e,
    0x7d, 0xdf, 0x28, 0x7, 0x5c, 0x80, 0x7a, 0xac,
    0x0,

    /* U+9875 "页" */
    0x0, 0xff, 0xe1, 0x47, 0xff, 0xff, 0x3, 0xa7,
    0x77, 0x95, 0x5b, 0xbd, 0x82, 0x45, 0xc3, 0xa4,
    0x5e, 0x0, 0x5f, 0xfc, 0x91, 0xff, 0x88, 0x3,
    0x37, 0xff, 0xb0, 0x3, 0xfa, 0x5c, 0x3, 0xff,
    0x80, 0x9e, 0x1, 0xff, 0xc0, 0x2d, 0x0, 0xff,
    0x88, 0x10, 0x3, 0xf1, 0x70, 0x59, 0x8a, 0x9,
    0x39, 0x80, 0x52, 0xee, 0x6f, 0x8, 0xe6, 0x81,
    0x0, 0x97, 0x22, 0xcc, 0x32, 0xa7, 0x50, 0x1f,
    0xe9, 0x79, 0x0, 0x25, 0xe4, 0xb3, 0x7a, 0xf9,
    0x10, 0xf, 0x4e, 0x18,

    /* U+9876 "顶" */
    0x0, 0xff, 0xe2, 0x1f, 0x76, 0x9d, 0xff, 0xfb,
    0x80, 0xfb, 0x47, 0xa7, 0x7f, 0xca, 0xaf, 0xfb,
    0x80, 0x3f, 0xc3, 0xa0, 0x1f, 0xf1, 0xff, 0x92,
    0x3f, 0xe1, 0x0, 0xfc, 0x3f, 0xfb, 0x40, 0x40,
    0x3f, 0xcd, 0x60, 0x1f, 0xfc, 0x21, 0x70, 0xf,
    0xfe, 0x1b, 0x80, 0x7f, 0xf0, 0xb8, 0x80, 0x3f,
    0xf8, 0x4b, 0xc0, 0x10, 0x80, 0x7c, 0x56, 0x66,
    0x59, 0x7b, 0x10, 0x5, 0x70, 0x80, 0x4, 0xf1,
    0xc8, 0x2b, 0x0, 0x23, 0x4c, 0x9, 0xe9, 0x88,
    0x4, 0xd3, 0xd8, 0x2, 0x64, 0x41, 0xad, 0xce,
    0x1, 0x2d, 0x98, 0x0,

    /* U+9879 "项" */
    0x0, 0xff, 0xe2, 0x99, 0x16, 0xaf, 0xff, 0xc4,
    0x1d, 0xfb, 0xd5, 0x4f, 0xf6, 0x7, 0xfe, 0x20,
    0xd9, 0x1c, 0x80, 0x9, 0x88, 0x3, 0xff, 0x81,
    0xfe, 0xa2, 0xff, 0x88, 0x3, 0xfb, 0x3f, 0xf0,
    0x7, 0xff, 0x6, 0x8c, 0x0, 0x60, 0x1f, 0xf2,
    0xb8, 0x7, 0xf1, 0x80, 0x42, 0xa, 0x1, 0xc5,
    0x83, 0xf0, 0x1, 0x10, 0x88, 0x3, 0xb5, 0xa3,
    0x6c, 0x2, 0xb4, 0x10, 0x1, 0x80, 0x33, 0x9c,
    0x80, 0x16, 0xee, 0xec, 0xbc, 0x20, 0x1, 0x80,
    0x71, 0xdc, 0xa7, 0x2f, 0x10, 0x7, 0xa7, 0xeb,
    0x18, 0xf, 0xc7, 0xc0, 0x3d, 0x93, 0xa6, 0x1,
    0xe, 0xf8, 0x0,

    /* U+987A "顺" */
    0x0, 0xff, 0xe2, 0xa7, 0x0, 0xf, 0x9b, 0xff,
    0xda, 0x1, 0x19, 0x40, 0xb, 0x7f, 0xa1, 0x3f,
    0xda, 0x1, 0x99, 0x80, 0x10, 0x8b, 0xc, 0x44,
    0x1, 0x38, 0x7, 0xbb, 0x19, 0x73, 0x8c, 0x0,
    0xe0, 0x1f, 0x7e, 0x63, 0x44, 0x3, 0xff, 0x80,
    0xfe, 0x1, 0xe1, 0x0, 0xfc, 0x60, 0x1c, 0x20,
    0x1f, 0x85, 0x80, 0x38, 0x9c, 0x3, 0xee, 0x20,
    0xe, 0xf1, 0x0, 0xe2, 0x34, 0xf0, 0x30, 0x9,
    0x34, 0x3, 0xb5, 0x49, 0xf3, 0x8c, 0x0, 0x66,
    0x5d, 0x0, 0x86, 0x98, 0x6f, 0xc, 0x14, 0x50,
    0x4c, 0xa5, 0x3c, 0xa4, 0x1d, 0x78, 0x17, 0x40,
    0x21, 0x65, 0x6c, 0x0, 0xab, 0x80,

    /* U+987B "须" */
    0x0, 0x84, 0x80, 0x3f, 0xf8, 0x57, 0xe3, 0xdf,
    0xff, 0x84, 0x0, 0xaa, 0xe1, 0xef, 0xf4, 0x1f,
    0xfe, 0x10, 0x4a, 0x83, 0x0, 0xdc, 0xa0, 0x1e,
    0x85, 0x71, 0x4, 0xff, 0x33, 0x3f, 0xe0, 0xb,
    0x28, 0xb9, 0x9c, 0x3f, 0xf6, 0x80, 0x70, 0xfa,
    0xb0, 0x4, 0x9c, 0x40, 0x1c, 0x38, 0x34, 0x1,
    0x84, 0x44, 0x1, 0x87, 0xc7, 0x48, 0x3, 0x84,
    0x3, 0x87, 0x30, 0x3f, 0x8e, 0x0, 0x22, 0x0,
    0x78, 0x82, 0x8f, 0x80, 0x2b, 0x40, 0xf, 0xa5,
    0x68, 0x93, 0x54, 0xee, 0xcf, 0xe0, 0x1, 0xb6,
    0xa4, 0x0, 0x55, 0x20, 0xcd, 0x54, 0x10, 0x30,
    0xb5, 0x1a, 0xf7, 0x97, 0x8, 0xd7, 0xd0, 0x2b,
    0x40, 0x1f, 0x5e, 0x60, 0x8, 0xb7, 0xc0,

    /* U+9884 "预" */
    0x0, 0xff, 0xe2, 0xef, 0x76, 0x5e, 0xff, 0xf6,
    0x80, 0x33, 0xfc, 0xe6, 0x9d, 0xfc, 0x1d, 0xfe,
    0xd0, 0x0, 0xc3, 0x3e, 0x8, 0x0, 0x84, 0x40,
    0x1e, 0xc8, 0x91, 0x4, 0xfc, 0x1f, 0xf8, 0xc0,
    0x25, 0xb2, 0x0, 0x38, 0xfe, 0xeb, 0xc4, 0x0,
    0x3f, 0xeb, 0xaf, 0xf0, 0x5, 0x16, 0x1, 0x87,
    0xfc, 0x75, 0x28, 0x1, 0xb8, 0x3, 0xf8, 0xf8,
    0x2, 0x11, 0x0, 0x7f, 0x2a, 0x80, 0x25, 0x50,
    0x7, 0xff, 0x4, 0x84, 0xc0, 0x80, 0x3f, 0x8f,
    0xa5, 0x54, 0xd8, 0x60, 0x1, 0x22, 0x8, 0x0,
    0x69, 0xad, 0xae, 0x80, 0x24, 0xc5, 0x40, 0x5f,
    0x1c, 0x13, 0xd0, 0xd0, 0x2, 0xf5, 0x80, 0x16,
    0xac, 0x40, 0x2a, 0xf0,

    /* U+9891 "频" */
    0x0, 0xdc, 0x80, 0x1f, 0xf1, 0x50, 0x6, 0x2f,
    0xff, 0x80, 0x2, 0xa0, 0x75, 0xcb, 0xfe, 0x76,
    0xff, 0x80, 0x3d, 0x78, 0xc4, 0x86, 0x8, 0x82,
    0x0, 0xf0, 0x90, 0xd5, 0x0, 0xbe, 0x60, 0x7,
    0x3, 0xca, 0xff, 0x3d, 0x2e, 0xe5, 0x0, 0xf,
    0xfc, 0xf9, 0xf8, 0x0, 0x2e, 0x30, 0xe, 0xd3,
    0x67, 0x45, 0x0, 0x84, 0x40, 0x19, 0xc, 0xe0,
    0xed, 0x0, 0xc4, 0x1, 0xbd, 0x80, 0x6, 0xb3,
    0xe0, 0x20, 0x1e, 0x99, 0x0, 0x22, 0x2, 0x0,
    0x43, 0x0, 0xe2, 0x12, 0x34, 0x70, 0x8a, 0x9a,
    0x39, 0xb0, 0x1, 0x46, 0xbd, 0x80, 0x7, 0x15,
    0xa3, 0x8, 0x7, 0xd6, 0xa4, 0x1, 0x1c, 0xd6,
    0x16, 0xb8, 0x63, 0x9a, 0xa0, 0x15, 0x54, 0x1,
    0x45, 0x18,

    /* U+9897 "颗" */
    0x0, 0x8, 0xf8, 0x3, 0xf8, 0xfb, 0x7b, 0x37,
    0xab, 0xbb, 0xb4, 0x2, 0x1c, 0x2e, 0xe0, 0xd7,
    0x78, 0xf7, 0x30, 0x3, 0x11, 0xb3, 0x0, 0x22,
    0x10, 0x0, 0x80, 0x43, 0x23, 0x30, 0x3, 0x12,
    0x11, 0x2, 0x0, 0x86, 0xcb, 0xf8, 0xd, 0xbe,
    0xf5, 0xd8, 0x3, 0x71, 0x6e, 0x1, 0x82, 0x43,
    0x8b, 0x80, 0xf, 0xb8, 0x5b, 0xdc, 0x0, 0x88,
    0xc0, 0x36, 0xff, 0x8b, 0x3f, 0xce, 0x1, 0x8,
    0x6, 0xdf, 0x60, 0xca, 0xf4, 0x3, 0x10, 0xf,
    0x23, 0x5, 0xd4, 0x1, 0xa2, 0x81, 0x80, 0x4d,
    0x72, 0x57, 0x88, 0x7b, 0x7b, 0x9c, 0x60, 0xf,
    0x96, 0x30, 0x3c, 0xb, 0x66, 0x26, 0x20, 0x2,
    0x58, 0x0, 0xe0, 0xa, 0xb, 0x8, 0x87, 0x80,
    0x77, 0x20, 0x2, 0xac, 0x2, 0x7b, 0x0,

    /* U+9898 "题" */
    0x0, 0xff, 0xe2, 0xa7, 0xfe, 0xe1, 0xff, 0xf7,
    0x0, 0x1c, 0x7f, 0xd4, 0x63, 0xfe, 0x85, 0xff,
    0x70, 0x4, 0x3f, 0xea, 0x0, 0x1a, 0xe0, 0xaa,
    0x84, 0x2, 0x1f, 0xf5, 0x80, 0x2b, 0x8c, 0xdb,
    0x44, 0x0, 0x71, 0xff, 0x59, 0x80, 0x32, 0x7e,
    0x4, 0x2, 0x4f, 0xfd, 0xc0, 0x11, 0xc0, 0x0,
    0x40, 0x7f, 0xfd, 0x0, 0x10, 0x80, 0x4, 0x7,
    0xbf, 0xc3, 0xbf, 0x0, 0x6, 0x20, 0xe, 0x4c,
    0x0, 0x31, 0x81, 0x87, 0x20, 0x48, 0x80, 0x9,
    0xc0, 0x13, 0xc3, 0x44, 0x95, 0x88, 0x40, 0xd,
    0x55, 0x7, 0xe8, 0xc5, 0x50, 0xaf, 0xc, 0x0,
    0xb1, 0xa3, 0xc, 0x61, 0x4c, 0x49, 0x2a, 0x48,
    0x2d, 0x1d, 0x9f, 0xe5, 0xbd, 0xd6, 0x4c, 0x85,
    0x3c, 0x0, 0x2d, 0x39, 0xbd, 0xff, 0xc6,

    /* U+989C "颜" */
    0x0, 0xd6, 0x40, 0x1f, 0xfc, 0x1, 0x7, 0x51,
    0x14, 0x7f, 0xf5, 0x80, 0x13, 0xf8, 0xa7, 0xf6,
    0x3f, 0x47, 0xfd, 0x60, 0x4, 0xc7, 0xe8, 0x86,
    0x0, 0x1c, 0x80, 0x3c, 0x4a, 0x16, 0xa0, 0xdf,
    0x65, 0xde, 0x80, 0x3, 0xf3, 0xf2, 0xc6, 0x35,
    0xee, 0x88, 0x3, 0x17, 0xf2, 0xeb, 0x0, 0x5e,
    0x80, 0x18, 0x40, 0xb4, 0x4c, 0x3, 0x9c, 0x3,
    0x8, 0xa6, 0xe3, 0x44, 0x3, 0x10, 0x6, 0x77,
    0x5a, 0x6d, 0x8, 0x0, 0x80, 0x40, 0x31, 0xa,
    0xe5, 0x12, 0x81, 0x22, 0x1, 0x80, 0x2f, 0xd5,
    0xc0, 0xbc, 0x58, 0xbe, 0x6a, 0x40, 0x2, 0x18,
    0x25, 0xcc, 0x8b, 0x5, 0x73, 0x4, 0x2, 0x9,
    0x35, 0x89, 0x7a, 0x1a, 0x14, 0x98, 0x43, 0xa1,
    0x3a, 0x65, 0x93, 0x82, 0x0, 0x9b, 0x20,

    /* U+98CE "风" */
    0x0, 0x1f, 0xff, 0xf7, 0x0, 0x78, 0x77, 0x7e,
    0x93, 0x0, 0xf8, 0x8b, 0x80, 0x8c, 0x3, 0xfa,
    0xc8, 0x1, 0xd0, 0x1, 0xfe, 0x3f, 0x2, 0x39,
    0x0, 0xff, 0x43, 0x55, 0x18, 0x44, 0x1, 0xe7,
    0x30, 0x5, 0x23, 0xd8, 0x7, 0xe1, 0x10, 0x0,
    0x50, 0xc, 0x0, 0x60, 0x1c, 0x4c, 0x0, 0x54,
    0x45, 0x83, 0x88, 0x7, 0x69, 0x2, 0x55, 0x25,
    0x4c, 0x80, 0x40, 0x32, 0x63, 0x5d, 0x21, 0x37,
    0x88, 0x90, 0xc0, 0x8, 0x28, 0xb4, 0xa0, 0x8,
    0xa0, 0x4f, 0xf4, 0x4, 0x30, 0x1a, 0x80, 0x42,
    0xc1, 0xca, 0x78, 0xf, 0x0, 0x1f, 0xc8, 0xec,
    0x81, 0x62, 0x1, 0xfe, 0x89, 0x0,

    /* U+9970 "饰" */
    0x0, 0xd, 0x10, 0x4, 0xea, 0x1, 0xf9, 0xd0,
    0x80, 0x29, 0x0, 0xfe, 0xa2, 0x77, 0x12, 0x8b,
    0x91, 0x63, 0x0, 0x21, 0xa6, 0xc9, 0x40, 0xfe,
    0xe7, 0xfb, 0x8c, 0x25, 0xa3, 0x5d, 0x8b, 0xf4,
    0xaf, 0x76, 0x31, 0x68, 0x25, 0x80, 0x91, 0x0,
    0xf8, 0x6d, 0x74, 0x85, 0xb7, 0x30, 0x51, 0x99,
    0x0, 0x4e, 0x20, 0x13, 0x57, 0x95, 0x7d, 0x18,
    0x7, 0xf1, 0x18, 0x11, 0xa8, 0x7, 0xc2, 0x1,
    0xff, 0xc2, 0x5f, 0x0, 0xff, 0xe0, 0x8d, 0x58,
    0x7, 0x9f, 0x88, 0x2, 0x40, 0x75, 0x6, 0x70,
    0x8, 0xeb, 0x0, 0x25, 0x38, 0x0, 0x59, 0x80,
    0x48, 0xe2, 0x1, 0x16, 0x0, 0x7f, 0xf0, 0x0,

    /* U+9996 "首" */
    0x0, 0xff, 0xe2, 0xe2, 0x80, 0x6c, 0x60, 0xf,
    0x55, 0x4, 0x0, 0x46, 0xa0, 0x11, 0x10, 0x5d,
    0x8, 0x45, 0xa, 0x42, 0x22, 0xdc, 0xff, 0x2e,
    0xf7, 0xa2, 0x3f, 0xed, 0xfe, 0xed, 0x81, 0x9d,
    0xdd, 0xe0, 0x7, 0xcc, 0x78, 0x76, 0x64, 0xc0,
    0x1b, 0x9e, 0x26, 0xe2, 0x20, 0xe0, 0xe, 0x15,
    0x5f, 0x38, 0x7, 0x97, 0xbb, 0xc8, 0x1, 0xe5,
    0xff, 0xf2, 0x0, 0x79, 0x7f, 0xfc, 0x80, 0x1e,
    0x5f, 0xff, 0x20, 0x7, 0x84, 0xcf, 0xce, 0x1,
    0xe5, 0xff, 0xf1, 0x0, 0x79, 0x33, 0x3d, 0xd0,
    0x0,

    /* U+9A71 "驱" */
    0x0, 0xff, 0xe2, 0xf, 0xff, 0x20, 0xff, 0xfc,
    0x3, 0xdc, 0xff, 0x3, 0x8, 0x7f, 0xf7, 0x0,
    0x17, 0x40, 0x23, 0x0, 0xf2, 0x80, 0x61, 0x1,
    0x0, 0xc9, 0x80, 0xa, 0x70, 0x0, 0x80, 0xc,
    0x4, 0x0, 0xa3, 0x4a, 0x2c, 0x1, 0x8, 0x7,
    0x87, 0xd6, 0xd8, 0x2, 0x30, 0x27, 0x2, 0x10,
    0x1, 0x40, 0xd8, 0x6, 0x1f, 0x82, 0xd5, 0x0,
    0xac, 0x60, 0x2, 0x6d, 0xdc, 0xa, 0x0, 0x62,
    0xc5, 0x60, 0x28, 0x84, 0xd9, 0x0, 0x81, 0xcd,
    0x94, 0xe8, 0x11, 0x3, 0xfc, 0x22, 0x0, 0x14,
    0xa8, 0x3d, 0x80, 0x2a, 0x19, 0x1c, 0x80, 0x2,
    0xc0, 0x10, 0x80, 0x62, 0xa9, 0x61, 0xf, 0xfe,
    0xe7, 0x0, 0x88, 0x2a, 0xc7, 0xff, 0xe7,

    /* U+9A8C "验" */
    0x0, 0xff, 0xe6, 0xcf, 0x90, 0x6, 0x1f, 0xfd,
    0x60, 0x13, 0x9d, 0x0, 0x61, 0xef, 0xf3, 0x88,
    0x1, 0xcb, 0x58, 0xc0, 0x31, 0x98, 0x4, 0x80,
    0xa2, 0x3, 0x1a, 0x60, 0x12, 0xc0, 0x1f, 0x8f,
    0xaa, 0x85, 0xdb, 0x24, 0x40, 0x4, 0x2, 0x2a,
    0x36, 0xee, 0x9e, 0x9c, 0xc0, 0x33, 0x95, 0xe6,
    0x3f, 0xf2, 0xf1, 0x7, 0x80, 0x88, 0x0, 0x42,
    0x4c, 0x2, 0xc0, 0x19, 0xb8, 0xad, 0xa2, 0x3,
    0x0, 0xf6, 0x1, 0x47, 0xfc, 0x27, 0x68, 0x62,
    0x1e, 0xa0, 0x1, 0x46, 0x84, 0x11, 0x19, 0x84,
    0x8d, 0x2c, 0x0, 0x57, 0xa0, 0xc0, 0xc0, 0x8b,
    0xe2, 0x66, 0x0, 0x1f, 0xdc, 0x18, 0x18, 0xd2,
    0x12, 0xa0, 0x8, 0x4, 0x37, 0x80, 0xe, 0xff,
    0xa1, 0x7e, 0x80, 0x21, 0x2a, 0xc1, 0xff, 0xfa,
    0xc0,

    /* U+9AD8 "高" */
    0x0, 0xf0, 0x88, 0x3, 0xff, 0x81, 0xd2, 0x1,
    0xea, 0xaf, 0xb, 0x55, 0x7b, 0xff, 0xd7, 0x6f,
    0xff, 0x2a, 0x83, 0xbb, 0xf3, 0x2a, 0x80, 0x4,
    0xf1, 0x1e, 0x57, 0x0, 0xff, 0xe3, 0x13, 0xc4,
    0x79, 0x5c, 0x0, 0x6c, 0x7b, 0xbf, 0x95, 0x91,
    0x16, 0x1, 0xfe, 0xad, 0x1, 0x67, 0xdd, 0xf2,
    0x33, 0x0, 0x30, 0xa4, 0xce, 0x41, 0x0, 0xff,
    0xe4, 0xa, 0x4c, 0xe4, 0x10, 0x0, 0x80, 0x43,
    0x77, 0xe2, 0xb4, 0xc7, 0xc0, 0xf, 0xeb, 0xe4,

    /* U+9ED8 "默" */
    0x0, 0xff, 0xe2, 0xf6, 0xeb, 0xf7, 0x5e, 0x0,
    0x5c, 0x20, 0xc, 0x71, 0x81, 0x90, 0x20, 0x1a,
    0xac, 0x3, 0x6d, 0x83, 0x60, 0x4, 0x21, 0x2,
    0xc0, 0x15, 0xc8, 0x1d, 0x81, 0xa1, 0x8a, 0x71,
    0x0, 0x5d, 0xc0, 0x9f, 0x4, 0xeb, 0x2e, 0xe6,
    0x0, 0x37, 0x60, 0xdd, 0x73, 0xd5, 0x8d, 0x52,
    0x0, 0x13, 0xba, 0xd, 0xd4, 0x0, 0x38, 0x48,
    0x3, 0x4e, 0xe8, 0x37, 0x2c, 0x0, 0x84, 0x80,
    0x10, 0xd5, 0xe8, 0x6d, 0x48, 0x11, 0xce, 0x80,
    0x42, 0x5f, 0xf7, 0x46, 0x85, 0xb2, 0x29, 0x80,
    0x46, 0x38, 0x5a, 0x32, 0x6f, 0x21, 0x3e, 0x1,
    0x2a, 0x2b, 0x35, 0x7d, 0x2, 0xe, 0x2e, 0x2,
    0xc3, 0xeb, 0x9, 0xe, 0xc0, 0x14, 0xc1, 0xc,
    0x2, 0x8, 0x2, 0x68, 0x3, 0x26, 0x90,

    /* U+9F50 "齐" */
    0x0, 0xfa, 0xcc, 0x3, 0xf1, 0x8, 0xf3, 0xd0,
    0x8e, 0x21, 0x0, 0x7e, 0x63, 0xbf, 0x5, 0x3f,
    0xbf, 0x30, 0xe0, 0xd, 0xd9, 0xc3, 0x37, 0x4c,
    0x1f, 0xbc, 0xc0, 0x1d, 0x5, 0xa0, 0x6f, 0x22,
    0x1, 0xfd, 0xa3, 0xb8, 0xec, 0x1, 0xfc, 0x4e,
    0x24, 0x8, 0xc6, 0x1, 0x8a, 0xb3, 0xb7, 0x55,
    0xfa, 0x97, 0x9f, 0xd6, 0x4, 0x4a, 0xdf, 0x5,
    0x2, 0x97, 0xdb, 0x9f, 0x0, 0x43, 0x18, 0x20,
    0x6, 0x53, 0x47, 0x40, 0xe, 0x20, 0x30, 0xf,
    0xfe, 0xa, 0x98, 0x7, 0xff, 0x5, 0x22, 0x40,
    0x3f, 0xe3, 0xab, 0x85, 0x0, 0xff, 0x95, 0xf1,
    0xc0, 0x31, 0x80, 0x7c, 0xda, 0x60, 0x1c, 0x5e,
    0x20, 0x18,

    /* U+FF08 "（" */
    0x0, 0xce, 0x1, 0xaf, 0x0, 0x29, 0x1b, 0x0,
    0x22, 0x28, 0x2, 0xfb, 0x0, 0xc8, 0xc0, 0x11,
    0x8, 0x6, 0x30, 0xe, 0x11, 0x0, 0x72, 0x30,
    0x6, 0xfb, 0x0, 0xc8, 0xf4, 0x1, 0xa9, 0xac,
    0x3, 0x66, 0x80,

    /* U+FF09 "）" */
    0x7, 0x0, 0xed, 0xc0, 0xd, 0x4d, 0x40, 0x1a,
    0x9d, 0x0, 0x34, 0x40, 0x3, 0x29, 0x80, 0x71,
    0x18, 0x7, 0x8, 0x6, 0x23, 0x0, 0x94, 0xc4,
    0x2, 0x89, 0x0, 0xa9, 0x94, 0x1, 0x4d, 0x40,
    0x16, 0x60, 0x40, 0x0,

    /* U+FF0C "，" */
    0x6, 0x60, 0x84, 0xc8, 0x80, 0x3b, 0xc4, 0x41,
    0x8, 0x41, 0x74, 0x0,

    /* U+FF1A "：" */
    0x11, 0x7, 0x70, 0x40, 0x2f, 0xf0, 0x8c, 0x1d,
    0xc1, 0x0, 0x80,

    /* U+FF1B "；" */
    0x1, 0x10, 0x3, 0xb8, 0x20, 0x1d, 0xfe, 0x10,
    0x22, 0x0, 0x37, 0x42, 0x1, 0xdc, 0x2, 0x14,
    0xe0, 0x8, 0x80, 0x0,

    /* U+FF1F "？" */
    0x1, 0x67, 0x10, 0x1, 0x75, 0x5f, 0x88, 0x5a,
    0xe6, 0xa, 0x43, 0xfc, 0x0, 0x60, 0x3, 0x28,
    0xa, 0xe0, 0x6, 0xc5, 0x40, 0xa, 0x6, 0x80,
    0x33, 0x40, 0x7, 0x94, 0x3, 0xb8, 0x40, 0x32,
    0x6a, 0x80, 0x61, 0x23, 0x0, 0x80,

    /* U+FF5C "｜" */
    0xa2, 0x0, 0xff, 0xe6, 0x0
};


/*---------------------
 *  GLYPH DESCRIPTION
 *--------------------*/

static const lv_font_fmt_txt_glyph_dsc_t glyph_dsc[] = {
    {.bitmap_index = 0, .adv_w = 0, .box_w = 0, .box_h = 0, .ofs_x = 0, .ofs_y = 0} /* id = 0 reserved */,
    {.bitmap_index = 0, .adv_w = 128, .box_w = 0, .box_h = 0, .ofs_x = 0, .ofs_y = 0},
    {.bitmap_index = 0, .adv_w = 128, .box_w = 2, .box_h = 12, .ofs_x = 3, .ofs_y = 0},
    {.bitmap_index = 13, .adv_w = 128, .box_w = 4, .box_h = 4, .ofs_x = 2, .ofs_y = 8},
    {.bitmap_index = 21, .adv_w = 128, .box_w = 8, .box_h = 12, .ofs_x = 0, .ofs_y = 0},
    {.bitmap_index = 70, .adv_w = 128, .box_w = 7, .box_h = 15, .ofs_x = 0, .ofs_y = -2},
    {.bitmap_index = 121, .adv_w = 128, .box_w = 8, .box_h = 12, .ofs_x = 0, .ofs_y = 0},
    {.bitmap_index = 166, .adv_w = 128, .box_w = 8, .box_h = 12, .ofs_x = 0, .ofs_y = 0},
    {.bitmap_index = 213, .adv_w = 128, .box_w = 3, .box_h = 4, .ofs_x = 2, .ofs_y = 8},
    {.bitmap_index = 220, .adv_w = 128, .box_w = 5, .box_h = 16, .ofs_x = 3, .ofs_y = -2},
    {.bitmap_index = 256, .adv_w = 128, .box_w = 5, .box_h = 16, .ofs_x = 0, .ofs_y = -2},
    {.bitmap_index = 293, .adv_w = 128, .box_w = 8, .box_h = 9, .ofs_x = 0, .ofs_y = 3},
    {.bitmap_index = 329, .adv_w = 128, .box_w = 8, .box_h = 8, .ofs_x = 0, .ofs_y = 2},
    {.bitmap_index = 352, .adv_w = 128, .box_w = 2, .box_h = 4, .ofs_x = 1, .ofs_y = -2},
    {.bitmap_index = 357, .adv_w = 128, .box_w = 8, .box_h = 2, .ofs_x = 0, .ofs_y = 5},
    {.bitmap_index = 363, .adv_w = 128, .box_w = 2, .box_h = 2, .ofs_x = 1, .ofs_y = 0},
    {.bitmap_index = 366, .adv_w = 128, .box_w = 8, .box_h = 14, .ofs_x = 0, .ofs_y = -1},
    {.bitmap_index = 405, .adv_w = 128, .box_w = 8, .box_h = 13, .ofs_x = 0, .ofs_y = -1},
    {.bitmap_index = 456, .adv_w = 128, .box_w = 4, .box_h = 12, .ofs_x = 1, .ofs_y = 0},
    {.bitmap_index = 469, .adv_w = 128, .box_w = 8, .box_h = 13, .ofs_x = 0, .ofs_y = 0},
    {.bitmap_index = 513, .adv_w = 128, .box_w = 8, .box_h = 12, .ofs_x = 0, .ofs_y = 0},
    {.bitmap_index = 560, .adv_w = 128, .box_w = 8, .box_h = 12, .ofs_x = 0, .ofs_y = 0},
    {.bitmap_index = 596, .adv_w = 128, .box_w = 8, .box_h = 12, .ofs_x = 0, .ofs_y = 0},
    {.bitmap_index = 641, .adv_w = 128, .box_w = 8, .box_h = 12, .ofs_x = 0, .ofs_y = 0},
    {.bitmap_index = 686, .adv_w = 128, .box_w = 8, .box_h = 12, .ofs_x = 0, .ofs_y = 0},
    {.bitmap_index = 722, .adv_w = 128, .box_w = 8, .box_h = 12, .ofs_x = 0, .ofs_y = 0},
    {.bitmap_index = 770, .adv_w = 128, .box_w = 8, .box_h = 12, .ofs_x = 0, .ofs_y = 0},
    {.bitmap_index = 815, .adv_w = 128, .box_w = 2, .box_h = 8, .ofs_x = 3, .ofs_y = 0},
    {.bitmap_index = 822, .adv_w = 128, .box_w = 2, .box_h = 10, .ofs_x = 3, .ofs_y = -2},
    {.bitmap_index = 831, .adv_w = 128, .box_w = 8, .box_h = 14, .ofs_x = 0, .ofs_y = -1},
    {.bitmap_index = 875, .adv_w = 128, .box_w = 8, .box_h = 6, .ofs_x = 0, .ofs_y = 3},
    {.bitmap_index = 890, .adv_w = 128, .box_w = 8, .box_h = 14, .ofs_x = 0, .ofs_y = -1},
    {.bitmap_index = 933, .adv_w = 128, .box_w = 7, .box_h = 12, .ofs_x = 0, .ofs_y = 0},
    {.bitmap_index = 971, .adv_w = 128, .box_w = 8, .box_h = 12, .ofs_x = 0, .ofs_y = 0},
    {.bitmap_index = 1020, .adv_w = 128, .box_w = 8, .box_h = 12, .ofs_x = 0, .ofs_y = 0},
    {.bitmap_index = 1065, .adv_w = 128, .box_w = 8, .box_h = 12, .ofs_x = 0, .ofs_y = 0},
    {.bitmap_index = 1106, .adv_w = 128, .box_w = 8, .box_h = 12, .ofs_x = 0, .ofs_y = 0},
    {.bitmap_index = 1151, .adv_w = 128, .box_w = 8, .box_h = 12, .ofs_x = 0, .ofs_y = 0},
    {.bitmap_index = 1190, .adv_w = 128, .box_w = 8, .box_h = 12, .ofs_x = 0, .ofs_y = 0},
    {.bitmap_index = 1220, .adv_w = 128, .box_w = 8, .box_h = 12, .ofs_x = 0, .ofs_y = 0},
    {.bitmap_index = 1245, .adv_w = 128, .box_w = 8, .box_h = 12, .ofs_x = 0, .ofs_y = 0},
    {.bitmap_index = 1293, .adv_w = 128, .box_w = 8, .box_h = 12, .ofs_x = 0, .ofs_y = 0},
    {.bitmap_index = 1313, .adv_w = 128, .box_w = 2, .box_h = 12, .ofs_x = 3, .ofs_y = 0},
    {.bitmap_index = 1318, .adv_w = 128, .box_w = 7, .box_h = 12, .ofs_x = 0, .ofs_y = 0},
    {.bitmap_index = 1340, .adv_w = 128, .box_w = 8, .box_h = 12, .ofs_x = 0, .ofs_y = 0},
    {.bitmap_index = 1379, .adv_w = 128, .box_w = 8, .box_h = 12, .ofs_x = 0, .ofs_y = 0},
    {.bitmap_index = 1391, .adv_w = 128, .box_w = 8, .box_h = 12, .ofs_x = 0, .ofs_y = 0},
    {.bitmap_index = 1432, .adv_w = 128, .box_w = 8, .box_h = 12, .ofs_x = 0, .ofs_y = 0},
    {.bitmap_index = 1467, .adv_w = 128, .box_w = 8, .box_h = 12, .ofs_x = 0, .ofs_y = 0},
    {.bitmap_index = 1512, .adv_w = 128, .box_w = 8, .box_h = 12, .ofs_x = 0, .ofs_y = 0},
    {.bitmap_index = 1546, .adv_w = 128, .box_w = 8, .box_h = 13, .ofs_x = 0, .ofs_y = -1},
    {.bitmap_index = 1595, .adv_w = 128, .box_w = 8, .box_h = 12, .ofs_x = 0, .ofs_y = 0},
    {.bitmap_index = 1636, .adv_w = 128, .box_w = 8, .box_h = 12, .ofs_x = 0, .ofs_y = 0},
    {.bitmap_index = 1683, .adv_w = 128, .box_w = 8, .box_h = 12, .ofs_x = 0, .ofs_y = 0},
    {.bitmap_index = 1697, .adv_w = 128, .box_w = 8, .box_h = 12, .ofs_x = 0, .ofs_y = 0},
    {.bitmap_index = 1720, .adv_w = 128, .box_w = 8, .box_h = 12, .ofs_x = 0, .ofs_y = 0},
    {.bitmap_index = 1766, .adv_w = 128, .box_w = 8, .box_h = 12, .ofs_x = 0, .ofs_y = 0},
    {.bitmap_index = 1815, .adv_w = 128, .box_w = 8, .box_h = 12, .ofs_x = 0, .ofs_y = 0},
    {.bitmap_index = 1861, .adv_w = 128, .box_w = 8, .box_h = 12, .ofs_x = 0, .ofs_y = 0},
    {.bitmap_index = 1893, .adv_w = 128, .box_w = 8, .box_h = 12, .ofs_x = 0, .ofs_y = 0},
    {.bitmap_index = 1932, .adv_w = 128, .box_w = 5, .box_h = 16, .ofs_x = 3, .ofs_y = -2},
    {.bitmap_index = 1947, .adv_w = 128, .box_w = 8, .box_h = 14, .ofs_x = 0, .ofs_y = -2},
    {.bitmap_index = 1986, .adv_w = 128, .box_w = 5, .box_h = 16, .ofs_x = 0, .ofs_y = -2},
    {.bitmap_index = 2001, .adv_w = 128, .box_w = 7, .box_h = 3, .ofs_x = 0, .ofs_y = 11},
    {.bitmap_index = 2012, .adv_w = 128, .box_w = 8, .box_h = 1, .ofs_x = 0, .ofs_y = -2},
    {.bitmap_index = 2015, .adv_w = 128, .box_w = 4, .box_h = 3, .ofs_x = 2, .ofs_y = 11},
    {.bitmap_index = 2022, .adv_w = 128, .box_w = 8, .box_h = 8, .ofs_x = 0, .ofs_y = 0},
    {.bitmap_index = 2055, .adv_w = 128, .box_w = 8, .box_h = 12, .ofs_x = 0, .ofs_y = 0},
    {.bitmap_index = 2086, .adv_w = 128, .box_w = 8, .box_h = 8, .ofs_x = 0, .ofs_y = 0},
    {.bitmap_index = 2118, .adv_w = 128, .box_w = 7, .box_h = 12, .ofs_x = 0, .ofs_y = 0},
    {.bitmap_index = 2152, .adv_w = 128, .box_w = 8, .box_h = 8, .ofs_x = 0, .ofs_y = 0},
    {.bitmap_index = 2184, .adv_w = 128, .box_w = 8, .box_h = 12, .ofs_x = 0, .ofs_y = 0},
    {.bitmap_index = 2213, .adv_w = 128, .box_w = 8, .box_h = 11, .ofs_x = 0, .ofs_y = -2},
    {.bitmap_index = 2255, .adv_w = 128, .box_w = 7, .box_h = 12, .ofs_x = 0, .ofs_y = 0},
    {.bitmap_index = 2277, .adv_w = 128, .box_w = 2, .box_h = 12, .ofs_x = 3, .ofs_y = 0},
    {.bitmap_index = 2286, .adv_w = 128, .box_w = 5, .box_h = 14, .ofs_x = 1, .ofs_y = -2},
    {.bitmap_index = 2305, .adv_w = 128, .box_w = 8, .box_h = 12, .ofs_x = 0, .ofs_y = 0},
    {.bitmap_index = 2334, .adv_w = 128, .box_w = 2, .box_h = 12, .ofs_x = 3, .ofs_y = 0},
    {.bitmap_index = 2339, .adv_w = 128, .box_w = 8, .box_h = 8, .ofs_x = 0, .ofs_y = 0},
    {.bitmap_index = 2357, .adv_w = 128, .box_w = 7, .box_h = 8, .ofs_x = 0, .ofs_y = 0},
    {.bitmap_index = 2375, .adv_w = 128, .box_w = 8, .box_h = 8, .ofs_x = 0, .ofs_y = 0},
    {.bitmap_index = 2406, .adv_w = 128, .box_w = 8, .box_h = 10, .ofs_x = 0, .ofs_y = -2},
    {.bitmap_index = 2440, .adv_w = 128, .box_w = 7, .box_h = 10, .ofs_x = 0, .ofs_y = -2},
    {.bitmap_index = 2473, .adv_w = 128, .box_w = 6, .box_h = 8, .ofs_x = 1, .ofs_y = 0},
    {.bitmap_index = 2490, .adv_w = 128, .box_w = 6, .box_h = 8, .ofs_x = 1, .ofs_y = 0},
    {.bitmap_index = 2515, .adv_w = 128, .box_w = 7, .box_h = 11, .ofs_x = 0, .ofs_y = 0},
    {.bitmap_index = 2544, .adv_w = 128, .box_w = 7, .box_h = 8, .ofs_x = 0, .ofs_y = 0},
    {.bitmap_index = 2562, .adv_w = 128, .box_w = 8, .box_h = 8, .ofs_x = 0, .ofs_y = 0},
    {.bitmap_index = 2593, .adv_w = 128, .box_w = 8, .box_h = 8, .ofs_x = 0, .ofs_y = 0},
    {.bitmap_index = 2626, .adv_w = 128, .box_w = 8, .box_h = 8, .ofs_x = 0, .ofs_y = 0},
    {.bitmap_index = 2657, .adv_w = 128, .box_w = 8, .box_h = 10, .ofs_x = 0, .ofs_y = -2},
    {.bitmap_index = 2695, .adv_w = 128, .box_w = 7, .box_h = 8, .ofs_x = 0, .ofs_y = 0},
    {.bitmap_index = 2722, .adv_w = 128, .box_w = 4, .box_h = 15, .ofs_x = 3, .ofs_y = -2},
    {.bitmap_index = 2747, .adv_w = 128, .box_w = 2, .box_h = 17, .ofs_x = 3, .ofs_y = -2},
    {.bitmap_index = 2752, .adv_w = 128, .box_w = 5, .box_h = 15, .ofs_x = 0, .ofs_y = -2},
    {.bitmap_index = 2782, .adv_w = 128, .box_w = 8, .box_h = 5, .ofs_x = 0, .ofs_y = 11},
    {.bitmap_index = 2800, .adv_w = 256, .box_w = 4, .box_h = 3, .ofs_x = 6, .ofs_y = 5},
    {.bitmap_index = 2806, .adv_w = 256, .box_w = 14, .box_h = 3, .ofs_x = 1, .ofs_y = 5},
    {.bitmap_index = 2824, .adv_w = 256, .box_w = 4, .box_h = 6, .ofs_x = 2, .ofs_y = -1},
    {.bitmap_index = 2836, .adv_w = 256, .box_w = 4, .box_h = 5, .ofs_x = 2, .ofs_y = -1},
    {.bitmap_index = 2846, .adv_w = 256, .box_w = 16, .box_h = 2, .ofs_x = 0, .ofs_y = 5},
    {.bitmap_index = 2856, .adv_w = 256, .box_w = 15, .box_h = 15, .ofs_x = 0, .ofs_y = -2},
    {.bitmap_index = 2898, .adv_w = 256, .box_w = 15, .box_h = 13, .ofs_x = 0, .ofs_y = -1},
    {.bitmap_index = 2940, .adv_w = 256, .box_w = 16, .box_h = 14, .ofs_x = 0, .ofs_y = -1},
    {.bitmap_index = 2979, .adv_w = 256, .box_w = 14, .box_h = 14, .ofs_x = 1, .ofs_y = -1},
    {.bitmap_index = 3031, .adv_w = 256, .box_w = 15, .box_h = 14, .ofs_x = 0, .ofs_y = -1},
    {.bitmap_index = 3092, .adv_w = 256, .box_w = 14, .box_h = 16, .ofs_x = 1, .ofs_y = -2},
    {.bitmap_index = 3165, .adv_w = 256, .box_w = 15, .box_h = 16, .ofs_x = 0, .ofs_y = -2},
    {.bitmap_index = 3249, .adv_w = 256, .box_w = 16, .box_h = 13, .ofs_x = 0, .ofs_y = -1},
    {.bitmap_index = 3304, .adv_w = 256, .box_w = 15, .box_h = 15, .ofs_x = 1, .ofs_y = -2},
    {.bitmap_index = 3397, .adv_w = 256, .box_w = 15, .box_h = 14, .ofs_x = 1, .ofs_y = -1},
    {.bitmap_index = 3480, .adv_w = 256, .box_w = 16, .box_h = 15, .ofs_x = 0, .ofs_y = -2},
    {.bitmap_index = 3543, .adv_w = 256, .box_w = 13, .box_h = 15, .ofs_x = 1, .ofs_y = -2},
    {.bitmap_index = 3594, .adv_w = 256, .box_w = 12, .box_h = 14, .ofs_x = 2, .ofs_y = -1},
    {.bitmap_index = 3659, .adv_w = 256, .box_w = 16, .box_h = 14, .ofs_x = 0, .ofs_y = -1},
    {.bitmap_index = 3743, .adv_w = 256, .box_w = 14, .box_h = 15, .ofs_x = 1, .ofs_y = -2},
    {.bitmap_index = 3831, .adv_w = 256, .box_w = 15, .box_h = 15, .ofs_x = 0, .ofs_y = -1},
    {.bitmap_index = 3901, .adv_w = 256, .box_w = 16, .box_h = 16, .ofs_x = 0, .ofs_y = -2},
    {.bitmap_index = 4002, .adv_w = 256, .box_w = 16, .box_h = 16, .ofs_x = 0, .ofs_y = -2},
    {.bitmap_index = 4092, .adv_w = 256, .box_w = 16, .box_h = 15, .ofs_x = 0, .ofs_y = -2},
    {.bitmap_index = 4185, .adv_w = 256, .box_w = 15, .box_h = 14, .ofs_x = 1, .ofs_y = -1},
    {.bitmap_index = 4258, .adv_w = 256, .box_w = 14, .box_h = 15, .ofs_x = 1, .ofs_y = -2},
    {.bitmap_index = 4348, .adv_w = 256, .box_w = 15, .box_h = 14, .ofs_x = 0, .ofs_y = -1},
    {.bitmap_index = 4429, .adv_w = 256, .box_w = 14, .box_h = 14, .ofs_x = 1, .ofs_y = -1},
    {.bitmap_index = 4506, .adv_w = 256, .box_w = 16, .box_h = 14, .ofs_x = 0, .ofs_y = -1},
    {.bitmap_index = 4575, .adv_w = 256, .box_w = 12, .box_h = 15, .ofs_x = 2, .ofs_y = -2},
    {.bitmap_index = 4616, .adv_w = 256, .box_w = 15, .box_h = 16, .ofs_x = 1, .ofs_y = -2},
    {.bitmap_index = 4704, .adv_w = 256, .box_w = 16, .box_h = 15, .ofs_x = 0, .ofs_y = -2},
    {.bitmap_index = 4803, .adv_w = 256, .box_w = 16, .box_h = 11, .ofs_x = 0, .ofs_y = 0},
    {.bitmap_index = 4834, .adv_w = 256, .box_w = 15, .box_h = 14, .ofs_x = 0, .ofs_y = -1},
    {.bitmap_index = 4881, .adv_w = 256, .box_w = 16, .box_h = 14, .ofs_x = 0, .ofs_y = -2},
    {.bitmap_index = 4957, .adv_w = 256, .box_w = 14, .box_h = 13, .ofs_x = 1, .ofs_y = -1},
    {.bitmap_index = 5022, .adv_w = 256, .box_w = 16, .box_h = 16, .ofs_x = 0, .ofs_y = -2},
    {.bitmap_index = 5122, .adv_w = 256, .box_w = 16, .box_h = 16, .ofs_x = 0, .ofs_y = -2},
    {.bitmap_index = 5212, .adv_w = 256, .box_w = 15, .box_h = 16, .ofs_x = 1, .ofs_y = -2},
    {.bitmap_index = 5308, .adv_w = 256, .box_w = 16, .box_h = 15, .ofs_x = 0, .ofs_y = -2},
    {.bitmap_index = 5383, .adv_w = 256, .box_w = 16, .box_h = 15, .ofs_x = 0, .ofs_y = -2},
    {.bitmap_index = 5479, .adv_w = 256, .box_w = 16, .box_h = 15, .ofs_x = 0, .ofs_y = -2},
    {.bitmap_index = 5575, .adv_w = 256, .box_w = 16, .box_h = 15, .ofs_x = 0, .ofs_y = -2},
    {.bitmap_index = 5664, .adv_w = 256, .box_w = 16, .box_h = 15, .ofs_x = 0, .ofs_y = -1},
    {.bitmap_index = 5754, .adv_w = 256, .box_w = 16, .box_h = 16, .ofs_x = 0, .ofs_y = -3},
    {.bitmap_index = 5851, .adv_w = 256, .box_w = 15, .box_h = 15, .ofs_x = 1, .ofs_y = -2},
    {.bitmap_index = 5945, .adv_w = 256, .box_w = 16, .box_h = 16, .ofs_x = 0, .ofs_y = -2},
    {.bitmap_index = 6026, .adv_w = 256, .box_w = 16, .box_h = 15, .ofs_x = 0, .ofs_y = -2},
    {.bitmap_index = 6103, .adv_w = 256, .box_w = 16, .box_h = 14, .ofs_x = 0, .ofs_y = -1},
    {.bitmap_index = 6191, .adv_w = 256, .box_w = 16, .box_h = 16, .ofs_x = 0, .ofs_y = -2},
    {.bitmap_index = 6292, .adv_w = 256, .box_w = 16, .box_h = 16, .ofs_x = 0, .ofs_y = -2},
    {.bitmap_index = 6393, .adv_w = 256, .box_w = 15, .box_h = 16, .ofs_x = 0, .ofs_y = -2},
    {.bitmap_index = 6488, .adv_w = 256, .box_w = 15, .box_h = 15, .ofs_x = 0, .ofs_y = -2},
    {.bitmap_index = 6571, .adv_w = 256, .box_w = 16, .box_h = 16, .ofs_x = 0, .ofs_y = -2},
    {.bitmap_index = 6650, .adv_w = 256, .box_w = 16, .box_h = 15, .ofs_x = 0, .ofs_y = -2},
    {.bitmap_index = 6745, .adv_w = 256, .box_w = 16, .box_h = 16, .ofs_x = 0, .ofs_y = -2},
    {.bitmap_index = 6841, .adv_w = 256, .box_w = 16, .box_h = 16, .ofs_x = 0, .ofs_y = -2},
    {.bitmap_index = 6927, .adv_w = 256, .box_w = 16, .box_h = 14, .ofs_x = 0, .ofs_y = -1},
    {.bitmap_index = 7019, .adv_w = 256, .box_w = 16, .box_h = 16, .ofs_x = 0, .ofs_y = -2},
    {.bitmap_index = 7102, .adv_w = 256, .box_w = 16, .box_h = 16, .ofs_x = 0, .ofs_y = -2},
    {.bitmap_index = 7207, .adv_w = 256, .box_w = 16, .box_h = 16, .ofs_x = 0, .ofs_y = -2},
    {.bitmap_index = 7285, .adv_w = 256, .box_w = 16, .box_h = 16, .ofs_x = 0, .ofs_y = -2},
    {.bitmap_index = 7390, .adv_w = 256, .box_w = 15, .box_h = 15, .ofs_x = 0, .ofs_y = -2},
    {.bitmap_index = 7484, .adv_w = 256, .box_w = 16, .box_h = 15, .ofs_x = 0, .ofs_y = -2},
    {.bitmap_index = 7583, .adv_w = 256, .box_w = 15, .box_h = 15, .ofs_x = 0, .ofs_y = -2},
    {.bitmap_index = 7670, .adv_w = 256, .box_w = 16, .box_h = 16, .ofs_x = 0, .ofs_y = -3},
    {.bitmap_index = 7775, .adv_w = 256, .box_w = 16, .box_h = 14, .ofs_x = 0, .ofs_y = -1},
    {.bitmap_index = 7866, .adv_w = 256, .box_w = 16, .box_h = 16, .ofs_x = 0, .ofs_y = -2},
    {.bitmap_index = 7949, .adv_w = 256, .box_w = 16, .box_h = 16, .ofs_x = 0, .ofs_y = -2},
    {.bitmap_index = 8058, .adv_w = 256, .box_w = 15, .box_h = 16, .ofs_x = 0, .ofs_y = -2},
    {.bitmap_index = 8143, .adv_w = 256, .box_w = 16, .box_h = 16, .ofs_x = 0, .ofs_y = -2},
    {.bitmap_index = 8244, .adv_w = 256, .box_w = 16, .box_h = 14, .ofs_x = 0, .ofs_y = -1},
    {.bitmap_index = 8329, .adv_w = 256, .box_w = 16, .box_h = 15, .ofs_x = 0, .ofs_y = -2},
    {.bitmap_index = 8431, .adv_w = 256, .box_w = 15, .box_h = 17, .ofs_x = 0, .ofs_y = -3},
    {.bitmap_index = 8536, .adv_w = 256, .box_w = 16, .box_h = 15, .ofs_x = 0, .ofs_y = -2},
    {.bitmap_index = 8636, .adv_w = 256, .box_w = 16, .box_h = 16, .ofs_x = 0, .ofs_y = -2},
    {.bitmap_index = 8730, .adv_w = 256, .box_w = 16, .box_h = 15, .ofs_x = 0, .ofs_y = -2},
    {.bitmap_index = 8843, .adv_w = 256, .box_w = 15, .box_h = 17, .ofs_x = 0, .ofs_y = -3},
    {.bitmap_index = 8952, .adv_w = 256, .box_w = 16, .box_h = 14, .ofs_x = 0, .ofs_y = -1},
    {.bitmap_index = 9052, .adv_w = 256, .box_w = 16, .box_h = 16, .ofs_x = 0, .ofs_y = -2},
    {.bitmap_index = 9164, .adv_w = 256, .box_w = 16, .box_h = 16, .ofs_x = 0, .ofs_y = -2},
    {.bitmap_index = 9258, .adv_w = 256, .box_w = 15, .box_h = 15, .ofs_x = 1, .ofs_y = -2},
    {.bitmap_index = 9335, .adv_w = 256, .box_w = 15, .box_h = 16, .ofs_x = 0, .ofs_y = -2},
    {.bitmap_index = 9430, .adv_w = 256, .box_w = 16, .box_h = 15, .ofs_x = 0, .ofs_y = -2},
    {.bitmap_index = 9527, .adv_w = 256, .box_w = 16, .box_h = 15, .ofs_x = 0, .ofs_y = -2},
    {.bitmap_index = 9622, .adv_w = 256, .box_w = 16, .box_h = 15, .ofs_x = 0, .ofs_y = -2},
    {.bitmap_index = 9718, .adv_w = 256, .box_w = 16, .box_h = 15, .ofs_x = 0, .ofs_y = -2},
    {.bitmap_index = 9818, .adv_w = 256, .box_w = 16, .box_h = 15, .ofs_x = 0, .ofs_y = -2},
    {.bitmap_index = 9902, .adv_w = 256, .box_w = 16, .box_h = 15, .ofs_x = 0, .ofs_y = -2},
    {.bitmap_index = 9989, .adv_w = 256, .box_w = 16, .box_h = 15, .ofs_x = 0, .ofs_y = -2},
    {.bitmap_index = 10091, .adv_w = 256, .box_w = 16, .box_h = 15, .ofs_x = 0, .ofs_y = -2},
    {.bitmap_index = 10178, .adv_w = 256, .box_w = 14, .box_h = 16, .ofs_x = 1, .ofs_y = -2},
    {.bitmap_index = 10265, .adv_w = 256, .box_w = 16, .box_h = 15, .ofs_x = 0, .ofs_y = -2},
    {.bitmap_index = 10357, .adv_w = 256, .box_w = 15, .box_h = 14, .ofs_x = 1, .ofs_y = -2},
    {.bitmap_index = 10434, .adv_w = 256, .box_w = 16, .box_h = 16, .ofs_x = 0, .ofs_y = -2},
    {.bitmap_index = 10534, .adv_w = 256, .box_w = 14, .box_h = 16, .ofs_x = 1, .ofs_y = -2},
    {.bitmap_index = 10609, .adv_w = 256, .box_w = 16, .box_h = 14, .ofs_x = 0, .ofs_y = -2},
    {.bitmap_index = 10694, .adv_w = 256, .box_w = 16, .box_h = 16, .ofs_x = 0, .ofs_y = -3},
    {.bitmap_index = 10778, .adv_w = 256, .box_w = 15, .box_h = 14, .ofs_x = 0, .ofs_y = -2},
    {.bitmap_index = 10852, .adv_w = 256, .box_w = 14, .box_h = 14, .ofs_x = 1, .ofs_y = -2},
    {.bitmap_index = 10921, .adv_w = 256, .box_w = 15, .box_h = 14, .ofs_x = 0, .ofs_y = -1},
    {.bitmap_index = 11004, .adv_w = 256, .box_w = 16, .box_h = 15, .ofs_x = 0, .ofs_y = -2},
    {.bitmap_index = 11106, .adv_w = 256, .box_w = 16, .box_h = 15, .ofs_x = 0, .ofs_y = -2},
    {.bitmap_index = 11193, .adv_w = 256, .box_w = 16, .box_h = 15, .ofs_x = 0, .ofs_y = -2},
    {.bitmap_index = 11296, .adv_w = 256, .box_w = 16, .box_h = 16, .ofs_x = 0, .ofs_y = -2},
    {.bitmap_index = 11406, .adv_w = 256, .box_w = 13, .box_h = 15, .ofs_x = 1, .ofs_y = -2},
    {.bitmap_index = 11467, .adv_w = 256, .box_w = 16, .box_h = 14, .ofs_x = 0, .ofs_y = -1},
    {.bitmap_index = 11535, .adv_w = 256, .box_w = 14, .box_h = 15, .ofs_x = 1, .ofs_y = -2},
    {.bitmap_index = 11620, .adv_w = 256, .box_w = 15, .box_h = 16, .ofs_x = 1, .ofs_y = -2},
    {.bitmap_index = 11714, .adv_w = 256, .box_w = 15, .box_h = 14, .ofs_x = 0, .ofs_y = -2},
    {.bitmap_index = 11806, .adv_w = 256, .box_w = 16, .box_h = 14, .ofs_x = 0, .ofs_y = -2},
    {.bitmap_index = 11894, .adv_w = 256, .box_w = 15, .box_h = 15, .ofs_x = 0, .ofs_y = -2},
    {.bitmap_index = 11973, .adv_w = 256, .box_w = 14, .box_h = 15, .ofs_x = 1, .ofs_y = -2},
    {.bitmap_index = 12050, .adv_w = 256, .box_w = 15, .box_h = 16, .ofs_x = 0, .ofs_y = -2},
    {.bitmap_index = 12141, .adv_w = 256, .box_w = 15, .box_h = 16, .ofs_x = 0, .ofs_y = -2},
    {.bitmap_index = 12249, .adv_w = 256, .box_w = 15, .box_h = 15, .ofs_x = 0, .ofs_y = -2},
    {.bitmap_index = 12337, .adv_w = 256, .box_w = 15, .box_h = 16, .ofs_x = 0, .ofs_y = -2},
    {.bitmap_index = 12426, .adv_w = 256, .box_w = 15, .box_h = 15, .ofs_x = 0, .ofs_y = -2},
    {.bitmap_index = 12520, .adv_w = 256, .box_w = 15, .box_h = 15, .ofs_x = 0, .ofs_y = -2},
    {.bitmap_index = 12611, .adv_w = 256, .box_w = 15, .box_h = 15, .ofs_x = 0, .ofs_y = -2},
    {.bitmap_index = 12699, .adv_w = 256, .box_w = 16, .box_h = 16, .ofs_x = 0, .ofs_y = -2},
    {.bitmap_index = 12804, .adv_w = 256, .box_w = 16, .box_h = 16, .ofs_x = 0, .ofs_y = -2},
    {.bitmap_index = 12901, .adv_w = 256, .box_w = 14, .box_h = 15, .ofs_x = 1, .ofs_y = -2},
    {.bitmap_index = 12982, .adv_w = 256, .box_w = 16, .box_h = 15, .ofs_x = 0, .ofs_y = -2},
    {.bitmap_index = 13077, .adv_w = 256, .box_w = 15, .box_h = 15, .ofs_x = 0, .ofs_y = -2},
    {.bitmap_index = 13167, .adv_w = 256, .box_w = 16, .box_h = 15, .ofs_x = 0, .ofs_y = -2},
    {.bitmap_index = 13269, .adv_w = 256, .box_w = 16, .box_h = 15, .ofs_x = 0, .ofs_y = -2},
    {.bitmap_index = 13375, .adv_w = 256, .box_w = 15, .box_h = 16, .ofs_x = 0, .ofs_y = -2},
    {.bitmap_index = 13476, .adv_w = 256, .box_w = 15, .box_h = 14, .ofs_x = 0, .ofs_y = -1},
    {.bitmap_index = 13570, .adv_w = 256, .box_w = 14, .box_h = 16, .ofs_x = 1, .ofs_y = -2},
    {.bitmap_index = 13654, .adv_w = 256, .box_w = 16, .box_h = 16, .ofs_x = 0, .ofs_y = -2},
    {.bitmap_index = 13748, .adv_w = 256, .box_w = 15, .box_h = 14, .ofs_x = 0, .ofs_y = -1},
    {.bitmap_index = 13825, .adv_w = 256, .box_w = 14, .box_h = 15, .ofs_x = 1, .ofs_y = -2},
    {.bitmap_index = 13901, .adv_w = 256, .box_w = 15, .box_h = 14, .ofs_x = 1, .ofs_y = -2},
    {.bitmap_index = 13977, .adv_w = 256, .box_w = 16, .box_h = 15, .ofs_x = 0, .ofs_y = -1},
    {.bitmap_index = 14061, .adv_w = 256, .box_w = 15, .box_h = 16, .ofs_x = 0, .ofs_y = -2},
    {.bitmap_index = 14146, .adv_w = 256, .box_w = 14, .box_h = 14, .ofs_x = 2, .ofs_y = -1},
    {.bitmap_index = 14197, .adv_w = 256, .box_w = 16, .box_h = 15, .ofs_x = 0, .ofs_y = -2},
    {.bitmap_index = 14270, .adv_w = 256, .box_w = 16, .box_h = 15, .ofs_x = 0, .ofs_y = -2},
    {.bitmap_index = 14334, .adv_w = 256, .box_w = 14, .box_h = 14, .ofs_x = 1, .ofs_y = -2},
    {.bitmap_index = 14403, .adv_w = 256, .box_w = 15, .box_h = 15, .ofs_x = 0, .ofs_y = -2},
    {.bitmap_index = 14489, .adv_w = 256, .box_w = 16, .box_h = 15, .ofs_x = 0, .ofs_y = -1},
    {.bitmap_index = 14594, .adv_w = 256, .box_w = 15, .box_h = 15, .ofs_x = 0, .ofs_y = -2},
    {.bitmap_index = 14685, .adv_w = 256, .box_w = 15, .box_h = 15, .ofs_x = 0, .ofs_y = -2},
    {.bitmap_index = 14777, .adv_w = 256, .box_w = 15, .box_h = 15, .ofs_x = 0, .ofs_y = -2},
    {.bitmap_index = 14854, .adv_w = 256, .box_w = 15, .box_h = 15, .ofs_x = 0, .ofs_y = -2},
    {.bitmap_index = 14941, .adv_w = 256, .box_w = 16, .box_h = 15, .ofs_x = 0, .ofs_y = -2},
    {.bitmap_index = 15028, .adv_w = 256, .box_w = 16, .box_h = 16, .ofs_x = 0, .ofs_y = -2},
    {.bitmap_index = 15135, .adv_w = 256, .box_w = 16, .box_h = 15, .ofs_x = 0, .ofs_y = -2},
    {.bitmap_index = 15232, .adv_w = 256, .box_w = 16, .box_h = 15, .ofs_x = 0, .ofs_y = -2},
    {.bitmap_index = 15339, .adv_w = 256, .box_w = 15, .box_h = 15, .ofs_x = 0, .ofs_y = -2},
    {.bitmap_index = 15434, .adv_w = 256, .box_w = 15, .box_h = 15, .ofs_x = 0, .ofs_y = -2},
    {.bitmap_index = 15535, .adv_w = 256, .box_w = 16, .box_h = 15, .ofs_x = 0, .ofs_y = -2},
    {.bitmap_index = 15637, .adv_w = 256, .box_w = 15, .box_h = 16, .ofs_x = 1, .ofs_y = -2},
    {.bitmap_index = 15741, .adv_w = 256, .box_w = 16, .box_h = 16, .ofs_x = 0, .ofs_y = -2},
    {.bitmap_index = 15849, .adv_w = 256, .box_w = 16, .box_h = 14, .ofs_x = 0, .ofs_y = -1},
    {.bitmap_index = 15941, .adv_w = 256, .box_w = 12, .box_h = 12, .ofs_x = 2, .ofs_y = -1},
    {.bitmap_index = 15965, .adv_w = 256, .box_w = 16, .box_h = 14, .ofs_x = 0, .ofs_y = -1},
    {.bitmap_index = 16030, .adv_w = 256, .box_w = 15, .box_h = 17, .ofs_x = 0, .ofs_y = -3},
    {.bitmap_index = 16119, .adv_w = 256, .box_w = 15, .box_h = 14, .ofs_x = 0, .ofs_y = -2},
    {.bitmap_index = 16182, .adv_w = 256, .box_w = 15, .box_h = 14, .ofs_x = 0, .ofs_y = -2},
    {.bitmap_index = 16245, .adv_w = 256, .box_w = 14, .box_h = 16, .ofs_x = 1, .ofs_y = -2},
    {.bitmap_index = 16324, .adv_w = 256, .box_w = 16, .box_h = 16, .ofs_x = 0, .ofs_y = -2},
    {.bitmap_index = 16416, .adv_w = 256, .box_w = 15, .box_h = 15, .ofs_x = 0, .ofs_y = -2},
    {.bitmap_index = 16491, .adv_w = 256, .box_w = 16, .box_h = 14, .ofs_x = 0, .ofs_y = -1},
    {.bitmap_index = 16560, .adv_w = 256, .box_w = 16, .box_h = 15, .ofs_x = 0, .ofs_y = -3},
    {.bitmap_index = 16631, .adv_w = 256, .box_w = 16, .box_h = 16, .ofs_x = 0, .ofs_y = -2},
    {.bitmap_index = 16718, .adv_w = 256, .box_w = 16, .box_h = 16, .ofs_x = 0, .ofs_y = -2},
    {.bitmap_index = 16799, .adv_w = 256, .box_w = 14, .box_h = 15, .ofs_x = 1, .ofs_y = -3},
    {.bitmap_index = 16864, .adv_w = 256, .box_w = 14, .box_h = 17, .ofs_x = 0, .ofs_y = -3},
    {.bitmap_index = 16946, .adv_w = 256, .box_w = 15, .box_h = 15, .ofs_x = 0, .ofs_y = -2},
    {.bitmap_index = 17029, .adv_w = 256, .box_w = 14, .box_h = 14, .ofs_x = 1, .ofs_y = -1},
    {.bitmap_index = 17082, .adv_w = 256, .box_w = 16, .box_h = 15, .ofs_x = 0, .ofs_y = -2},
    {.bitmap_index = 17169, .adv_w = 256, .box_w = 16, .box_h = 16, .ofs_x = 0, .ofs_y = -2},
    {.bitmap_index = 17256, .adv_w = 256, .box_w = 14, .box_h = 16, .ofs_x = 1, .ofs_y = -3},
    {.bitmap_index = 17336, .adv_w = 256, .box_w = 14, .box_h = 16, .ofs_x = 0, .ofs_y = -2},
    {.bitmap_index = 17411, .adv_w = 256, .box_w = 16, .box_h = 15, .ofs_x = 0, .ofs_y = -2},
    {.bitmap_index = 17487, .adv_w = 256, .box_w = 15, .box_h = 14, .ofs_x = 0, .ofs_y = -2},
    {.bitmap_index = 17571, .adv_w = 256, .box_w = 16, .box_h = 16, .ofs_x = 0, .ofs_y = -2},
    {.bitmap_index = 17661, .adv_w = 256, .box_w = 15, .box_h = 14, .ofs_x = 0, .ofs_y = -1},
    {.bitmap_index = 17744, .adv_w = 256, .box_w = 14, .box_h = 15, .ofs_x = 1, .ofs_y = -1},
    {.bitmap_index = 17812, .adv_w = 256, .box_w = 15, .box_h = 16, .ofs_x = 1, .ofs_y = -2},
    {.bitmap_index = 17911, .adv_w = 256, .box_w = 15, .box_h = 15, .ofs_x = 1, .ofs_y = -2},
    {.bitmap_index = 18009, .adv_w = 256, .box_w = 15, .box_h = 14, .ofs_x = 1, .ofs_y = -2},
    {.bitmap_index = 18098, .adv_w = 256, .box_w = 16, .box_h = 14, .ofs_x = 0, .ofs_y = -2},
    {.bitmap_index = 18204, .adv_w = 256, .box_w = 14, .box_h = 14, .ofs_x = 1, .ofs_y = -2},
    {.bitmap_index = 18270, .adv_w = 256, .box_w = 14, .box_h = 14, .ofs_x = 1, .ofs_y = -2},
    {.bitmap_index = 18319, .adv_w = 256, .box_w = 14, .box_h = 14, .ofs_x = 1, .ofs_y = -2},
    {.bitmap_index = 18391, .adv_w = 256, .box_w = 14, .box_h = 14, .ofs_x = 1, .ofs_y = -2},
    {.bitmap_index = 18465, .adv_w = 256, .box_w = 14, .box_h = 14, .ofs_x = 1, .ofs_y = -2},
    {.bitmap_index = 18535, .adv_w = 256, .box_w = 14, .box_h = 15, .ofs_x = 1, .ofs_y = -3},
    {.bitmap_index = 18615, .adv_w = 256, .box_w = 14, .box_h = 15, .ofs_x = 1, .ofs_y = -3},
    {.bitmap_index = 18693, .adv_w = 256, .box_w = 16, .box_h = 15, .ofs_x = 0, .ofs_y = -2},
    {.bitmap_index = 18782, .adv_w = 256, .box_w = 16, .box_h = 14, .ofs_x = 0, .ofs_y = -1},
    {.bitmap_index = 18868, .adv_w = 256, .box_w = 15, .box_h = 15, .ofs_x = 0, .ofs_y = -2},
    {.bitmap_index = 18966, .adv_w = 256, .box_w = 15, .box_h = 16, .ofs_x = 0, .ofs_y = -2},
    {.bitmap_index = 19062, .adv_w = 256, .box_w = 16, .box_h = 14, .ofs_x = 0, .ofs_y = -2},
    {.bitmap_index = 19148, .adv_w = 256, .box_w = 16, .box_h = 15, .ofs_x = 0, .ofs_y = -2},
    {.bitmap_index = 19240, .adv_w = 256, .box_w = 15, .box_h = 14, .ofs_x = 1, .ofs_y = -1},
    {.bitmap_index = 19328, .adv_w = 256, .box_w = 16, .box_h = 16, .ofs_x = 0, .ofs_y = -2},
    {.bitmap_index = 19437, .adv_w = 256, .box_w = 16, .box_h = 14, .ofs_x = 0, .ofs_y = -1},
    {.bitmap_index = 19532, .adv_w = 256, .box_w = 16, .box_h = 15, .ofs_x = 0, .ofs_y = -2},
    {.bitmap_index = 19630, .adv_w = 256, .box_w = 15, .box_h = 15, .ofs_x = 0, .ofs_y = -2},
    {.bitmap_index = 19722, .adv_w = 256, .box_w = 15, .box_h = 15, .ofs_x = 0, .ofs_y = -2},
    {.bitmap_index = 19805, .adv_w = 256, .box_w = 16, .box_h = 16, .ofs_x = 0, .ofs_y = -2},
    {.bitmap_index = 19904, .adv_w = 256, .box_w = 15, .box_h = 16, .ofs_x = 0, .ofs_y = -2},
    {.bitmap_index = 19995, .adv_w = 256, .box_w = 16, .box_h = 15, .ofs_x = 0, .ofs_y = -2},
    {.bitmap_index = 20085, .adv_w = 256, .box_w = 16, .box_h = 14, .ofs_x = 0, .ofs_y = -1},
    {.bitmap_index = 20171, .adv_w = 256, .box_w = 14, .box_h = 15, .ofs_x = 1, .ofs_y = -2},
    {.bitmap_index = 20265, .adv_w = 256, .box_w = 16, .box_h = 15, .ofs_x = 0, .ofs_y = -2},
    {.bitmap_index = 20350, .adv_w = 256, .box_w = 16, .box_h = 15, .ofs_x = 0, .ofs_y = -2},
    {.bitmap_index = 20444, .adv_w = 256, .box_w = 16, .box_h = 15, .ofs_x = 0, .ofs_y = -2},
    {.bitmap_index = 20534, .adv_w = 256, .box_w = 14, .box_h = 15, .ofs_x = 1, .ofs_y = -2},
    {.bitmap_index = 20623, .adv_w = 256, .box_w = 15, .box_h = 16, .ofs_x = 1, .ofs_y = -2},
    {.bitmap_index = 20724, .adv_w = 256, .box_w = 16, .box_h = 15, .ofs_x = 0, .ofs_y = -2},
    {.bitmap_index = 20824, .adv_w = 256, .box_w = 15, .box_h = 16, .ofs_x = 0, .ofs_y = -2},
    {.bitmap_index = 20920, .adv_w = 256, .box_w = 16, .box_h = 17, .ofs_x = 0, .ofs_y = -3},
    {.bitmap_index = 21035, .adv_w = 256, .box_w = 16, .box_h = 15, .ofs_x = 0, .ofs_y = -2},
    {.bitmap_index = 21095, .adv_w = 256, .box_w = 16, .box_h = 15, .ofs_x = 0, .ofs_y = -2},
    {.bitmap_index = 21174, .adv_w = 256, .box_w = 15, .box_h = 16, .ofs_x = 1, .ofs_y = -2},
    {.bitmap_index = 21247, .adv_w = 256, .box_w = 16, .box_h = 16, .ofs_x = 0, .ofs_y = -2},
    {.bitmap_index = 21335, .adv_w = 256, .box_w = 14, .box_h = 17, .ofs_x = 1, .ofs_y = -3},
    {.bitmap_index = 21415, .adv_w = 256, .box_w = 14, .box_h = 16, .ofs_x = 1, .ofs_y = -2},
    {.bitmap_index = 21509, .adv_w = 256, .box_w = 16, .box_h = 16, .ofs_x = 0, .ofs_y = -2},
    {.bitmap_index = 21604, .adv_w = 256, .box_w = 15, .box_h = 16, .ofs_x = 0, .ofs_y = -2},
    {.bitmap_index = 21707, .adv_w = 256, .box_w = 14, .box_h = 16, .ofs_x = 1, .ofs_y = -2},
    {.bitmap_index = 21780, .adv_w = 256, .box_w = 16, .box_h = 16, .ofs_x = 0, .ofs_y = -2},
    {.bitmap_index = 21875, .adv_w = 256, .box_w = 14, .box_h = 16, .ofs_x = 1, .ofs_y = -2},
    {.bitmap_index = 21970, .adv_w = 256, .box_w = 14, .box_h = 16, .ofs_x = 1, .ofs_y = -2},
    {.bitmap_index = 22055, .adv_w = 256, .box_w = 16, .box_h = 16, .ofs_x = 0, .ofs_y = -2},
    {.bitmap_index = 22154, .adv_w = 256, .box_w = 15, .box_h = 16, .ofs_x = 1, .ofs_y = -2},
    {.bitmap_index = 22254, .adv_w = 256, .box_w = 15, .box_h = 15, .ofs_x = 0, .ofs_y = -2},
    {.bitmap_index = 22337, .adv_w = 256, .box_w = 16, .box_h = 15, .ofs_x = 0, .ofs_y = -2},
    {.bitmap_index = 22428, .adv_w = 256, .box_w = 15, .box_h = 15, .ofs_x = 1, .ofs_y = -2},
    {.bitmap_index = 22506, .adv_w = 256, .box_w = 16, .box_h = 16, .ofs_x = 0, .ofs_y = -2},
    {.bitmap_index = 22607, .adv_w = 256, .box_w = 16, .box_h = 16, .ofs_x = 0, .ofs_y = -3},
    {.bitmap_index = 22716, .adv_w = 256, .box_w = 14, .box_h = 15, .ofs_x = 1, .ofs_y = -2},
    {.bitmap_index = 22779, .adv_w = 256, .box_w = 15, .box_h = 15, .ofs_x = 0, .ofs_y = -2},
    {.bitmap_index = 22863, .adv_w = 256, .box_w = 14, .box_h = 15, .ofs_x = 1, .ofs_y = -2},
    {.bitmap_index = 22957, .adv_w = 256, .box_w = 16, .box_h = 15, .ofs_x = 0, .ofs_y = -2},
    {.bitmap_index = 23067, .adv_w = 256, .box_w = 16, .box_h = 14, .ofs_x = 0, .ofs_y = -2},
    {.bitmap_index = 23160, .adv_w = 256, .box_w = 16, .box_h = 13, .ofs_x = 0, .ofs_y = -1},
    {.bitmap_index = 23236, .adv_w = 256, .box_w = 16, .box_h = 14, .ofs_x = 0, .ofs_y = -2},
    {.bitmap_index = 23323, .adv_w = 256, .box_w = 16, .box_h = 14, .ofs_x = 0, .ofs_y = -2},
    {.bitmap_index = 23410, .adv_w = 256, .box_w = 16, .box_h = 14, .ofs_x = 0, .ofs_y = -2},
    {.bitmap_index = 23508, .adv_w = 256, .box_w = 16, .box_h = 14, .ofs_x = 0, .ofs_y = -2},
    {.bitmap_index = 23603, .adv_w = 256, .box_w = 16, .box_h = 14, .ofs_x = 0, .ofs_y = -2},
    {.bitmap_index = 23698, .adv_w = 256, .box_w = 15, .box_h = 15, .ofs_x = 0, .ofs_y = -2},
    {.bitmap_index = 23801, .adv_w = 256, .box_w = 16, .box_h = 15, .ofs_x = 0, .ofs_y = -2},
    {.bitmap_index = 23906, .adv_w = 256, .box_w = 16, .box_h = 13, .ofs_x = 0, .ofs_y = -1},
    {.bitmap_index = 23942, .adv_w = 256, .box_w = 16, .box_h = 15, .ofs_x = 0, .ofs_y = -1},
    {.bitmap_index = 24026, .adv_w = 256, .box_w = 16, .box_h = 15, .ofs_x = 0, .ofs_y = -1},
    {.bitmap_index = 24129, .adv_w = 256, .box_w = 14, .box_h = 14, .ofs_x = 1, .ofs_y = -1},
    {.bitmap_index = 24189, .adv_w = 256, .box_w = 16, .box_h = 16, .ofs_x = 0, .ofs_y = -2},
    {.bitmap_index = 24279, .adv_w = 256, .box_w = 14, .box_h = 14, .ofs_x = 1, .ofs_y = -1},
    {.bitmap_index = 24365, .adv_w = 256, .box_w = 16, .box_h = 15, .ofs_x = 0, .ofs_y = -2},
    {.bitmap_index = 24459, .adv_w = 256, .box_w = 14, .box_h = 15, .ofs_x = 1, .ofs_y = -2},
    {.bitmap_index = 24546, .adv_w = 256, .box_w = 16, .box_h = 15, .ofs_x = 0, .ofs_y = -2},
    {.bitmap_index = 24648, .adv_w = 256, .box_w = 15, .box_h = 15, .ofs_x = 0, .ofs_y = -2},
    {.bitmap_index = 24694, .adv_w = 256, .box_w = 15, .box_h = 15, .ofs_x = 0, .ofs_y = -2},
    {.bitmap_index = 24759, .adv_w = 256, .box_w = 16, .box_h = 16, .ofs_x = 0, .ofs_y = -2},
    {.bitmap_index = 24854, .adv_w = 256, .box_w = 15, .box_h = 14, .ofs_x = 0, .ofs_y = -1},
    {.bitmap_index = 24938, .adv_w = 256, .box_w = 16, .box_h = 16, .ofs_x = 0, .ofs_y = -2},
    {.bitmap_index = 25035, .adv_w = 256, .box_w = 15, .box_h = 16, .ofs_x = 0, .ofs_y = -2},
    {.bitmap_index = 25128, .adv_w = 256, .box_w = 16, .box_h = 15, .ofs_x = 0, .ofs_y = -2},
    {.bitmap_index = 25234, .adv_w = 256, .box_w = 16, .box_h = 15, .ofs_x = 0, .ofs_y = -2},
    {.bitmap_index = 25337, .adv_w = 256, .box_w = 16, .box_h = 15, .ofs_x = 0, .ofs_y = -2},
    {.bitmap_index = 25438, .adv_w = 256, .box_w = 16, .box_h = 16, .ofs_x = 0, .ofs_y = -2},
    {.bitmap_index = 25550, .adv_w = 256, .box_w = 16, .box_h = 16, .ofs_x = 0, .ofs_y = -2},
    {.bitmap_index = 25653, .adv_w = 256, .box_w = 16, .box_h = 15, .ofs_x = 0, .ofs_y = -2},
    {.bitmap_index = 25767, .adv_w = 256, .box_w = 16, .box_h = 14, .ofs_x = 0, .ofs_y = -1},
    {.bitmap_index = 25839, .adv_w = 256, .box_w = 16, .box_h = 14, .ofs_x = 0, .ofs_y = -2},
    {.bitmap_index = 25923, .adv_w = 256, .box_w = 16, .box_h = 16, .ofs_x = 0, .ofs_y = -2},
    {.bitmap_index = 26016, .adv_w = 256, .box_w = 16, .box_h = 16, .ofs_x = 0, .ofs_y = -2},
    {.bitmap_index = 26112, .adv_w = 256, .box_w = 13, .box_h = 17, .ofs_x = 1, .ofs_y = -3},
    {.bitmap_index = 26183, .adv_w = 256, .box_w = 16, .box_h = 16, .ofs_x = 0, .ofs_y = -2},
    {.bitmap_index = 26291, .adv_w = 256, .box_w = 14, .box_h = 15, .ofs_x = 1, .ofs_y = -2},
    {.bitmap_index = 26385, .adv_w = 256, .box_w = 15, .box_h = 15, .ofs_x = 0, .ofs_y = -2},
    {.bitmap_index = 26467, .adv_w = 256, .box_w = 14, .box_h = 15, .ofs_x = 1, .ofs_y = -2},
    {.bitmap_index = 26543, .adv_w = 256, .box_w = 16, .box_h = 15, .ofs_x = 0, .ofs_y = -2},
    {.bitmap_index = 26641, .adv_w = 256, .box_w = 16, .box_h = 15, .ofs_x = 0, .ofs_y = -2},
    {.bitmap_index = 26740, .adv_w = 256, .box_w = 16, .box_h = 15, .ofs_x = 0, .ofs_y = -2},
    {.bitmap_index = 26849, .adv_w = 256, .box_w = 16, .box_h = 16, .ofs_x = 0, .ofs_y = -2},
    {.bitmap_index = 26939, .adv_w = 256, .box_w = 16, .box_h = 16, .ofs_x = 0, .ofs_y = -2},
    {.bitmap_index = 27038, .adv_w = 256, .box_w = 16, .box_h = 15, .ofs_x = 0, .ofs_y = -2},
    {.bitmap_index = 27139, .adv_w = 256, .box_w = 16, .box_h = 15, .ofs_x = 0, .ofs_y = -2},
    {.bitmap_index = 27233, .adv_w = 256, .box_w = 16, .box_h = 15, .ofs_x = 0, .ofs_y = -2},
    {.bitmap_index = 27345, .adv_w = 256, .box_w = 16, .box_h = 16, .ofs_x = 0, .ofs_y = -2},
    {.bitmap_index = 27428, .adv_w = 256, .box_w = 16, .box_h = 14, .ofs_x = 0, .ofs_y = -1},
    {.bitmap_index = 27521, .adv_w = 256, .box_w = 16, .box_h = 15, .ofs_x = 0, .ofs_y = -2},
    {.bitmap_index = 27615, .adv_w = 256, .box_w = 16, .box_h = 16, .ofs_x = 0, .ofs_y = -2},
    {.bitmap_index = 27709, .adv_w = 256, .box_w = 15, .box_h = 14, .ofs_x = 1, .ofs_y = -1},
    {.bitmap_index = 27803, .adv_w = 256, .box_w = 16, .box_h = 15, .ofs_x = 0, .ofs_y = -1},
    {.bitmap_index = 27909, .adv_w = 256, .box_w = 16, .box_h = 16, .ofs_x = 0, .ofs_y = -2},
    {.bitmap_index = 27997, .adv_w = 256, .box_w = 16, .box_h = 15, .ofs_x = 0, .ofs_y = -2},
    {.bitmap_index = 28087, .adv_w = 256, .box_w = 16, .box_h = 15, .ofs_x = 0, .ofs_y = -2},
    {.bitmap_index = 28191, .adv_w = 256, .box_w = 16, .box_h = 14, .ofs_x = 0, .ofs_y = -1},
    {.bitmap_index = 28271, .adv_w = 256, .box_w = 16, .box_h = 14, .ofs_x = 0, .ofs_y = -1},
    {.bitmap_index = 28362, .adv_w = 256, .box_w = 16, .box_h = 15, .ofs_x = 0, .ofs_y = -2},
    {.bitmap_index = 28453, .adv_w = 256, .box_w = 16, .box_h = 16, .ofs_x = 0, .ofs_y = -2},
    {.bitmap_index = 28556, .adv_w = 256, .box_w = 16, .box_h = 14, .ofs_x = 0, .ofs_y = -1},
    {.bitmap_index = 28657, .adv_w = 256, .box_w = 16, .box_h = 15, .ofs_x = 0, .ofs_y = -2},
    {.bitmap_index = 28751, .adv_w = 256, .box_w = 16, .box_h = 16, .ofs_x = 0, .ofs_y = -2},
    {.bitmap_index = 28858, .adv_w = 256, .box_w = 15, .box_h = 16, .ofs_x = 1, .ofs_y = -2},
    {.bitmap_index = 28954, .adv_w = 256, .box_w = 16, .box_h = 15, .ofs_x = 0, .ofs_y = -2},
    {.bitmap_index = 29071, .adv_w = 256, .box_w = 16, .box_h = 15, .ofs_x = 0, .ofs_y = -2},
    {.bitmap_index = 29185, .adv_w = 256, .box_w = 15, .box_h = 16, .ofs_x = 0, .ofs_y = -2},
    {.bitmap_index = 29250, .adv_w = 256, .box_w = 15, .box_h = 15, .ofs_x = 0, .ofs_y = -2},
    {.bitmap_index = 29346, .adv_w = 256, .box_w = 15, .box_h = 15, .ofs_x = 0, .ofs_y = -2},
    {.bitmap_index = 29444, .adv_w = 256, .box_w = 14, .box_h = 15, .ofs_x = 1, .ofs_y = -2},
    {.bitmap_index = 29512, .adv_w = 256, .box_w = 16, .box_h = 15, .ofs_x = 0, .ofs_y = -2},
    {.bitmap_index = 29590, .adv_w = 256, .box_w = 16, .box_h = 17, .ofs_x = 0, .ofs_y = -3},
    {.bitmap_index = 29692, .adv_w = 256, .box_w = 16, .box_h = 16, .ofs_x = 0, .ofs_y = -2},
    {.bitmap_index = 29782, .adv_w = 256, .box_w = 15, .box_h = 15, .ofs_x = 0, .ofs_y = -2},
    {.bitmap_index = 29863, .adv_w = 256, .box_w = 16, .box_h = 15, .ofs_x = 0, .ofs_y = -2},
    {.bitmap_index = 29974, .adv_w = 256, .box_w = 16, .box_h = 16, .ofs_x = 0, .ofs_y = -2},
    {.bitmap_index = 30069, .adv_w = 256, .box_w = 15, .box_h = 17, .ofs_x = 0, .ofs_y = -3},
    {.bitmap_index = 30180, .adv_w = 256, .box_w = 16, .box_h = 15, .ofs_x = 0, .ofs_y = -2},
    {.bitmap_index = 30281, .adv_w = 256, .box_w = 16, .box_h = 15, .ofs_x = 0, .ofs_y = -2},
    {.bitmap_index = 30373, .adv_w = 256, .box_w = 16, .box_h = 15, .ofs_x = 0, .ofs_y = -2},
    {.bitmap_index = 30467, .adv_w = 256, .box_w = 15, .box_h = 16, .ofs_x = 0, .ofs_y = -2},
    {.bitmap_index = 30557, .adv_w = 256, .box_w = 16, .box_h = 15, .ofs_x = 0, .ofs_y = -2},
    {.bitmap_index = 30658, .adv_w = 256, .box_w = 16, .box_h = 16, .ofs_x = 0, .ofs_y = -2},
    {.bitmap_index = 30760, .adv_w = 256, .box_w = 15, .box_h = 15, .ofs_x = 0, .ofs_y = -2},
    {.bitmap_index = 30843, .adv_w = 256, .box_w = 15, .box_h = 15, .ofs_x = 0, .ofs_y = -2},
    {.bitmap_index = 30945, .adv_w = 256, .box_w = 16, .box_h = 15, .ofs_x = 0, .ofs_y = -2},
    {.bitmap_index = 31048, .adv_w = 256, .box_w = 16, .box_h = 16, .ofs_x = 0, .ofs_y = -2},
    {.bitmap_index = 31161, .adv_w = 256, .box_w = 16, .box_h = 15, .ofs_x = 0, .ofs_y = -2},
    {.bitmap_index = 31264, .adv_w = 256, .box_w = 16, .box_h = 15, .ofs_x = 0, .ofs_y = -2},
    {.bitmap_index = 31370, .adv_w = 256, .box_w = 16, .box_h = 14, .ofs_x = 0, .ofs_y = -1},
    {.bitmap_index = 31462, .adv_w = 256, .box_w = 16, .box_h = 15, .ofs_x = 0, .ofs_y = -2},
    {.bitmap_index = 31566, .adv_w = 256, .box_w = 16, .box_h = 15, .ofs_x = 0, .ofs_y = -2},
    {.bitmap_index = 31658, .adv_w = 256, .box_w = 16, .box_h = 15, .ofs_x = 0, .ofs_y = -2},
    {.bitmap_index = 31760, .adv_w = 256, .box_w = 16, .box_h = 16, .ofs_x = 0, .ofs_y = -2},
    {.bitmap_index = 31871, .adv_w = 256, .box_w = 16, .box_h = 16, .ofs_x = 0, .ofs_y = -2},
    {.bitmap_index = 31982, .adv_w = 256, .box_w = 16, .box_h = 15, .ofs_x = 0, .ofs_y = -2},
    {.bitmap_index = 32084, .adv_w = 256, .box_w = 16, .box_h = 15, .ofs_x = 0, .ofs_y = -2},
    {.bitmap_index = 32189, .adv_w = 256, .box_w = 16, .box_h = 15, .ofs_x = 0, .ofs_y = -2},
    {.bitmap_index = 32292, .adv_w = 256, .box_w = 16, .box_h = 15, .ofs_x = 0, .ofs_y = -2},
    {.bitmap_index = 32388, .adv_w = 256, .box_w = 16, .box_h = 16, .ofs_x = 0, .ofs_y = -3},
    {.bitmap_index = 32493, .adv_w = 256, .box_w = 16, .box_h = 15, .ofs_x = 0, .ofs_y = -2},
    {.bitmap_index = 32596, .adv_w = 256, .box_w = 16, .box_h = 16, .ofs_x = 0, .ofs_y = -2},
    {.bitmap_index = 32707, .adv_w = 256, .box_w = 16, .box_h = 16, .ofs_x = 0, .ofs_y = -2},
    {.bitmap_index = 32804, .adv_w = 256, .box_w = 16, .box_h = 16, .ofs_x = 0, .ofs_y = -2},
    {.bitmap_index = 32906, .adv_w = 256, .box_w = 16, .box_h = 16, .ofs_x = 0, .ofs_y = -2},
    {.bitmap_index = 33019, .adv_w = 256, .box_w = 16, .box_h = 16, .ofs_x = 0, .ofs_y = -3},
    {.bitmap_index = 33127, .adv_w = 256, .box_w = 16, .box_h = 15, .ofs_x = 0, .ofs_y = -2},
    {.bitmap_index = 33227, .adv_w = 256, .box_w = 16, .box_h = 17, .ofs_x = 0, .ofs_y = -3},
    {.bitmap_index = 33338, .adv_w = 256, .box_w = 16, .box_h = 16, .ofs_x = 0, .ofs_y = -2},
    {.bitmap_index = 33454, .adv_w = 256, .box_w = 16, .box_h = 15, .ofs_x = 0, .ofs_y = -1},
    {.bitmap_index = 33555, .adv_w = 256, .box_w = 16, .box_h = 15, .ofs_x = 0, .ofs_y = -2},
    {.bitmap_index = 33663, .adv_w = 256, .box_w = 16, .box_h = 15, .ofs_x = 0, .ofs_y = -2},
    {.bitmap_index = 33772, .adv_w = 256, .box_w = 16, .box_h = 16, .ofs_x = 0, .ofs_y = -2},
    {.bitmap_index = 33883, .adv_w = 256, .box_w = 16, .box_h = 16, .ofs_x = 0, .ofs_y = -2},
    {.bitmap_index = 33997, .adv_w = 256, .box_w = 15, .box_h = 14, .ofs_x = 0, .ofs_y = -2},
    {.bitmap_index = 34076, .adv_w = 256, .box_w = 16, .box_h = 16, .ofs_x = 0, .ofs_y = -2},
    {.bitmap_index = 34176, .adv_w = 256, .box_w = 16, .box_h = 15, .ofs_x = 0, .ofs_y = -2},
    {.bitmap_index = 34273, .adv_w = 256, .box_w = 16, .box_h = 16, .ofs_x = 0, .ofs_y = -2},
    {.bitmap_index = 34386, .adv_w = 256, .box_w = 16, .box_h = 16, .ofs_x = 0, .ofs_y = -2},
    {.bitmap_index = 34502, .adv_w = 256, .box_w = 16, .box_h = 15, .ofs_x = 0, .ofs_y = -2},
    {.bitmap_index = 34613, .adv_w = 256, .box_w = 15, .box_h = 15, .ofs_x = 0, .ofs_y = -2},
    {.bitmap_index = 34723, .adv_w = 256, .box_w = 16, .box_h = 15, .ofs_x = 0, .ofs_y = -1},
    {.bitmap_index = 34825, .adv_w = 256, .box_w = 16, .box_h = 16, .ofs_x = 0, .ofs_y = -2},
    {.bitmap_index = 34919, .adv_w = 256, .box_w = 16, .box_h = 16, .ofs_x = 0, .ofs_y = -2},
    {.bitmap_index = 35025, .adv_w = 256, .box_w = 15, .box_h = 14, .ofs_x = 0, .ofs_y = -1},
    {.bitmap_index = 35105, .adv_w = 256, .box_w = 15, .box_h = 15, .ofs_x = 1, .ofs_y = -2},
    {.bitmap_index = 35203, .adv_w = 256, .box_w = 16, .box_h = 16, .ofs_x = 0, .ofs_y = -3},
    {.bitmap_index = 35319, .adv_w = 256, .box_w = 15, .box_h = 16, .ofs_x = 0, .ofs_y = -2},
    {.bitmap_index = 35403, .adv_w = 256, .box_w = 16, .box_h = 16, .ofs_x = 0, .ofs_y = -2},
    {.bitmap_index = 35518, .adv_w = 256, .box_w = 16, .box_h = 15, .ofs_x = 0, .ofs_y = -2},
    {.bitmap_index = 35601, .adv_w = 256, .box_w = 11, .box_h = 13, .ofs_x = 3, .ofs_y = -1},
    {.bitmap_index = 35640, .adv_w = 256, .box_w = 14, .box_h = 14, .ofs_x = 1, .ofs_y = -2},
    {.bitmap_index = 35690, .adv_w = 256, .box_w = 15, .box_h = 14, .ofs_x = 0, .ofs_y = -2},
    {.bitmap_index = 35752, .adv_w = 256, .box_w = 15, .box_h = 15, .ofs_x = 1, .ofs_y = -2},
    {.bitmap_index = 35838, .adv_w = 256, .box_w = 14, .box_h = 14, .ofs_x = 1, .ofs_y = -2},
    {.bitmap_index = 35918, .adv_w = 256, .box_w = 15, .box_h = 14, .ofs_x = 0, .ofs_y = -2},
    {.bitmap_index = 36003, .adv_w = 256, .box_w = 16, .box_h = 15, .ofs_x = 0, .ofs_y = -2},
    {.bitmap_index = 36101, .adv_w = 256, .box_w = 15, .box_h = 14, .ofs_x = 1, .ofs_y = -2},
    {.bitmap_index = 36183, .adv_w = 256, .box_w = 15, .box_h = 13, .ofs_x = 1, .ofs_y = -1},
    {.bitmap_index = 36259, .adv_w = 256, .box_w = 16, .box_h = 14, .ofs_x = 0, .ofs_y = -2},
    {.bitmap_index = 36348, .adv_w = 256, .box_w = 16, .box_h = 16, .ofs_x = 0, .ofs_y = -2},
    {.bitmap_index = 36440, .adv_w = 256, .box_w = 16, .box_h = 15, .ofs_x = 0, .ofs_y = -2},
    {.bitmap_index = 36529, .adv_w = 256, .box_w = 16, .box_h = 15, .ofs_x = 0, .ofs_y = -2},
    {.bitmap_index = 36626, .adv_w = 256, .box_w = 14, .box_h = 14, .ofs_x = 1, .ofs_y = -1},
    {.bitmap_index = 36712, .adv_w = 256, .box_w = 16, .box_h = 14, .ofs_x = 0, .ofs_y = -2},
    {.bitmap_index = 36809, .adv_w = 256, .box_w = 14, .box_h = 15, .ofs_x = 1, .ofs_y = -1},
    {.bitmap_index = 36874, .adv_w = 256, .box_w = 15, .box_h = 15, .ofs_x = 1, .ofs_y = -2},
    {.bitmap_index = 36964, .adv_w = 256, .box_w = 15, .box_h = 14, .ofs_x = 0, .ofs_y = -1},
    {.bitmap_index = 37054, .adv_w = 256, .box_w = 15, .box_h = 14, .ofs_x = 1, .ofs_y = -2},
    {.bitmap_index = 37138, .adv_w = 256, .box_w = 16, .box_h = 16, .ofs_x = 0, .ofs_y = -2},
    {.bitmap_index = 37224, .adv_w = 256, .box_w = 15, .box_h = 15, .ofs_x = 0, .ofs_y = -2},
    {.bitmap_index = 37324, .adv_w = 256, .box_w = 16, .box_h = 14, .ofs_x = 0, .ofs_y = -1},
    {.bitmap_index = 37410, .adv_w = 256, .box_w = 16, .box_h = 15, .ofs_x = 0, .ofs_y = -2},
    {.bitmap_index = 37502, .adv_w = 256, .box_w = 15, .box_h = 15, .ofs_x = 0, .ofs_y = -2},
    {.bitmap_index = 37587, .adv_w = 256, .box_w = 16, .box_h = 15, .ofs_x = 0, .ofs_y = -2},
    {.bitmap_index = 37676, .adv_w = 256, .box_w = 16, .box_h = 17, .ofs_x = 0, .ofs_y = -3},
    {.bitmap_index = 37794, .adv_w = 256, .box_w = 16, .box_h = 14, .ofs_x = 0, .ofs_y = -1},
    {.bitmap_index = 37888, .adv_w = 256, .box_w = 16, .box_h = 15, .ofs_x = 0, .ofs_y = -2},
    {.bitmap_index = 37999, .adv_w = 256, .box_w = 16, .box_h = 16, .ofs_x = 0, .ofs_y = -3},
    {.bitmap_index = 38112, .adv_w = 256, .box_w = 16, .box_h = 15, .ofs_x = 0, .ofs_y = -2},
    {.bitmap_index = 38221, .adv_w = 256, .box_w = 15, .box_h = 16, .ofs_x = 0, .ofs_y = -2},
    {.bitmap_index = 38320, .adv_w = 256, .box_w = 16, .box_h = 15, .ofs_x = 0, .ofs_y = -2},
    {.bitmap_index = 38420, .adv_w = 256, .box_w = 16, .box_h = 16, .ofs_x = 0, .ofs_y = -2},
    {.bitmap_index = 38526, .adv_w = 256, .box_w = 15, .box_h = 13, .ofs_x = 1, .ofs_y = -1},
    {.bitmap_index = 38602, .adv_w = 256, .box_w = 16, .box_h = 15, .ofs_x = 0, .ofs_y = -2},
    {.bitmap_index = 38708, .adv_w = 256, .box_w = 16, .box_h = 14, .ofs_x = 0, .ofs_y = -1},
    {.bitmap_index = 38803, .adv_w = 256, .box_w = 16, .box_h = 16, .ofs_x = 0, .ofs_y = -2},
    {.bitmap_index = 38898, .adv_w = 256, .box_w = 16, .box_h = 16, .ofs_x = 0, .ofs_y = -2},
    {.bitmap_index = 39010, .adv_w = 256, .box_w = 16, .box_h = 14, .ofs_x = 0, .ofs_y = -1},
    {.bitmap_index = 39094, .adv_w = 256, .box_w = 16, .box_h = 15, .ofs_x = 0, .ofs_y = -1},
    {.bitmap_index = 39186, .adv_w = 256, .box_w = 16, .box_h = 14, .ofs_x = 0, .ofs_y = -1},
    {.bitmap_index = 39283, .adv_w = 256, .box_w = 16, .box_h = 16, .ofs_x = 0, .ofs_y = -2},
    {.bitmap_index = 39393, .adv_w = 256, .box_w = 16, .box_h = 16, .ofs_x = 0, .ofs_y = -2},
    {.bitmap_index = 39490, .adv_w = 256, .box_w = 16, .box_h = 15, .ofs_x = 0, .ofs_y = -2},
    {.bitmap_index = 39594, .adv_w = 256, .box_w = 16, .box_h = 16, .ofs_x = 0, .ofs_y = -2},
    {.bitmap_index = 39701, .adv_w = 256, .box_w = 16, .box_h = 16, .ofs_x = 0, .ofs_y = -2},
    {.bitmap_index = 39805, .adv_w = 256, .box_w = 16, .box_h = 16, .ofs_x = 0, .ofs_y = -2},
    {.bitmap_index = 39918, .adv_w = 256, .box_w = 16, .box_h = 14, .ofs_x = 0, .ofs_y = -2},
    {.bitmap_index = 40020, .adv_w = 256, .box_w = 16, .box_h = 15, .ofs_x = 0, .ofs_y = -2},
    {.bitmap_index = 40119, .adv_w = 256, .box_w = 16, .box_h = 14, .ofs_x = 0, .ofs_y = -1},
    {.bitmap_index = 40207, .adv_w = 256, .box_w = 15, .box_h = 15, .ofs_x = 0, .ofs_y = -2},
    {.bitmap_index = 40298, .adv_w = 256, .box_w = 16, .box_h = 14, .ofs_x = 0, .ofs_y = -1},
    {.bitmap_index = 40390, .adv_w = 256, .box_w = 15, .box_h = 15, .ofs_x = 0, .ofs_y = -1},
    {.bitmap_index = 40492, .adv_w = 256, .box_w = 16, .box_h = 16, .ofs_x = 0, .ofs_y = -2},
    {.bitmap_index = 40606, .adv_w = 256, .box_w = 16, .box_h = 16, .ofs_x = 0, .ofs_y = -2},
    {.bitmap_index = 40713, .adv_w = 256, .box_w = 16, .box_h = 15, .ofs_x = 0, .ofs_y = -2},
    {.bitmap_index = 40822, .adv_w = 256, .box_w = 16, .box_h = 17, .ofs_x = 0, .ofs_y = -3},
    {.bitmap_index = 40940, .adv_w = 256, .box_w = 16, .box_h = 15, .ofs_x = 0, .ofs_y = -2},
    {.bitmap_index = 41048, .adv_w = 256, .box_w = 16, .box_h = 15, .ofs_x = 0, .ofs_y = -2},
    {.bitmap_index = 41149, .adv_w = 256, .box_w = 16, .box_h = 15, .ofs_x = 0, .ofs_y = -2},
    {.bitmap_index = 41246, .adv_w = 256, .box_w = 15, .box_h = 15, .ofs_x = 1, .ofs_y = -2},
    {.bitmap_index = 41346, .adv_w = 256, .box_w = 15, .box_h = 13, .ofs_x = 0, .ofs_y = -1},
    {.bitmap_index = 41387, .adv_w = 256, .box_w = 15, .box_h = 13, .ofs_x = 0, .ofs_y = -1},
    {.bitmap_index = 41440, .adv_w = 256, .box_w = 15, .box_h = 15, .ofs_x = 1, .ofs_y = -2},
    {.bitmap_index = 41510, .adv_w = 256, .box_w = 16, .box_h = 15, .ofs_x = 0, .ofs_y = -2},
    {.bitmap_index = 41604, .adv_w = 256, .box_w = 16, .box_h = 15, .ofs_x = 0, .ofs_y = -2},
    {.bitmap_index = 41705, .adv_w = 256, .box_w = 15, .box_h = 15, .ofs_x = 0, .ofs_y = -2},
    {.bitmap_index = 41802, .adv_w = 256, .box_w = 16, .box_h = 15, .ofs_x = 0, .ofs_y = -2},
    {.bitmap_index = 41914, .adv_w = 256, .box_w = 16, .box_h = 17, .ofs_x = 0, .ofs_y = -3},
    {.bitmap_index = 42037, .adv_w = 256, .box_w = 16, .box_h = 16, .ofs_x = 0, .ofs_y = -3},
    {.bitmap_index = 42149, .adv_w = 256, .box_w = 16, .box_h = 15, .ofs_x = 0, .ofs_y = -2},
    {.bitmap_index = 42258, .adv_w = 256, .box_w = 15, .box_h = 15, .ofs_x = 0, .ofs_y = -2},
    {.bitmap_index = 42352, .adv_w = 256, .box_w = 15, .box_h = 14, .ofs_x = 1, .ofs_y = -1},
    {.bitmap_index = 42414, .adv_w = 256, .box_w = 16, .box_h = 15, .ofs_x = 0, .ofs_y = -1},
    {.bitmap_index = 42511, .adv_w = 256, .box_w = 16, .box_h = 15, .ofs_x = 0, .ofs_y = -2},
    {.bitmap_index = 42583, .adv_w = 256, .box_w = 16, .box_h = 16, .ofs_x = 0, .ofs_y = -2},
    {.bitmap_index = 42684, .adv_w = 256, .box_w = 16, .box_h = 15, .ofs_x = 0, .ofs_y = -2},
    {.bitmap_index = 42786, .adv_w = 256, .box_w = 15, .box_h = 15, .ofs_x = 1, .ofs_y = -2},
    {.bitmap_index = 42876, .adv_w = 256, .box_w = 15, .box_h = 15, .ofs_x = 0, .ofs_y = -2},
    {.bitmap_index = 42977, .adv_w = 256, .box_w = 16, .box_h = 15, .ofs_x = 0, .ofs_y = -2},
    {.bitmap_index = 43072, .adv_w = 256, .box_w = 16, .box_h = 14, .ofs_x = 0, .ofs_y = -2},
    {.bitmap_index = 43164, .adv_w = 256, .box_w = 15, .box_h = 15, .ofs_x = 0, .ofs_y = -2},
    {.bitmap_index = 43264, .adv_w = 256, .box_w = 16, .box_h = 16, .ofs_x = 0, .ofs_y = -2},
    {.bitmap_index = 43359, .adv_w = 256, .box_w = 15, .box_h = 15, .ofs_x = 0, .ofs_y = -2},
    {.bitmap_index = 43457, .adv_w = 256, .box_w = 15, .box_h = 15, .ofs_x = 0, .ofs_y = -2},
    {.bitmap_index = 43565, .adv_w = 256, .box_w = 16, .box_h = 16, .ofs_x = 0, .ofs_y = -2},
    {.bitmap_index = 43677, .adv_w = 256, .box_w = 15, .box_h = 15, .ofs_x = 0, .ofs_y = -2},
    {.bitmap_index = 43772, .adv_w = 256, .box_w = 15, .box_h = 15, .ofs_x = 0, .ofs_y = -2},
    {.bitmap_index = 43872, .adv_w = 256, .box_w = 16, .box_h = 16, .ofs_x = 0, .ofs_y = -3},
    {.bitmap_index = 43983, .adv_w = 256, .box_w = 16, .box_h = 16, .ofs_x = 0, .ofs_y = -2},
    {.bitmap_index = 44104, .adv_w = 256, .box_w = 16, .box_h = 15, .ofs_x = 0, .ofs_y = -2},
    {.bitmap_index = 44211, .adv_w = 256, .box_w = 16, .box_h = 16, .ofs_x = 0, .ofs_y = -2},
    {.bitmap_index = 44325, .adv_w = 256, .box_w = 15, .box_h = 16, .ofs_x = 0, .ofs_y = -3},
    {.bitmap_index = 44429, .adv_w = 256, .box_w = 16, .box_h = 16, .ofs_x = 0, .ofs_y = -2},
    {.bitmap_index = 44526, .adv_w = 256, .box_w = 15, .box_h = 15, .ofs_x = 0, .ofs_y = -2},
    {.bitmap_index = 44628, .adv_w = 256, .box_w = 16, .box_h = 15, .ofs_x = 0, .ofs_y = -2},
    {.bitmap_index = 44736, .adv_w = 256, .box_w = 16, .box_h = 16, .ofs_x = 0, .ofs_y = -2},
    {.bitmap_index = 44841, .adv_w = 256, .box_w = 16, .box_h = 15, .ofs_x = 0, .ofs_y = -2},
    {.bitmap_index = 44957, .adv_w = 256, .box_w = 16, .box_h = 16, .ofs_x = 0, .ofs_y = -3},
    {.bitmap_index = 45078, .adv_w = 256, .box_w = 16, .box_h = 15, .ofs_x = 0, .ofs_y = -2},
    {.bitmap_index = 45188, .adv_w = 256, .box_w = 16, .box_h = 15, .ofs_x = 0, .ofs_y = -2},
    {.bitmap_index = 45299, .adv_w = 256, .box_w = 16, .box_h = 15, .ofs_x = 0, .ofs_y = -2},
    {.bitmap_index = 45399, .adv_w = 256, .box_w = 16, .box_h = 16, .ofs_x = 0, .ofs_y = -2},
    {.bitmap_index = 45491, .adv_w = 256, .box_w = 16, .box_h = 16, .ofs_x = 0, .ofs_y = -2},
    {.bitmap_index = 45597, .adv_w = 256, .box_w = 16, .box_h = 15, .ofs_x = 0, .ofs_y = -2},
    {.bitmap_index = 45670, .adv_w = 256, .box_w = 16, .box_h = 16, .ofs_x = 0, .ofs_y = -2},
    {.bitmap_index = 45787, .adv_w = 256, .box_w = 16, .box_h = 16, .ofs_x = 0, .ofs_y = -2},
    {.bitmap_index = 45900, .adv_w = 256, .box_w = 16, .box_h = 16, .ofs_x = 0, .ofs_y = -2},
    {.bitmap_index = 46013, .adv_w = 256, .box_w = 15, .box_h = 15, .ofs_x = 0, .ofs_y = -2},
    {.bitmap_index = 46085, .adv_w = 256, .box_w = 16, .box_h = 14, .ofs_x = 0, .ofs_y = -2},
    {.bitmap_index = 46183, .adv_w = 256, .box_w = 16, .box_h = 16, .ofs_x = 0, .ofs_y = -2},
    {.bitmap_index = 46293, .adv_w = 256, .box_w = 16, .box_h = 16, .ofs_x = 0, .ofs_y = -3},
    {.bitmap_index = 46399, .adv_w = 256, .box_w = 16, .box_h = 15, .ofs_x = 0, .ofs_y = -2},
    {.bitmap_index = 46502, .adv_w = 256, .box_w = 16, .box_h = 16, .ofs_x = 0, .ofs_y = -2},
    {.bitmap_index = 46612, .adv_w = 256, .box_w = 16, .box_h = 15, .ofs_x = 0, .ofs_y = -2},
    {.bitmap_index = 46720, .adv_w = 256, .box_w = 16, .box_h = 15, .ofs_x = 0, .ofs_y = -2},
    {.bitmap_index = 46817, .adv_w = 256, .box_w = 16, .box_h = 15, .ofs_x = 0, .ofs_y = -2},
    {.bitmap_index = 46902, .adv_w = 256, .box_w = 16, .box_h = 14, .ofs_x = 0, .ofs_y = -2},
    {.bitmap_index = 46995, .adv_w = 256, .box_w = 16, .box_h = 14, .ofs_x = 0, .ofs_y = -1},
    {.bitmap_index = 47097, .adv_w = 256, .box_w = 16, .box_h = 14, .ofs_x = 0, .ofs_y = -2},
    {.bitmap_index = 47188, .adv_w = 256, .box_w = 15, .box_h = 14, .ofs_x = 0, .ofs_y = -1},
    {.bitmap_index = 47261, .adv_w = 256, .box_w = 14, .box_h = 14, .ofs_x = 0, .ofs_y = -2},
    {.bitmap_index = 47329, .adv_w = 256, .box_w = 14, .box_h = 15, .ofs_x = 1, .ofs_y = -2},
    {.bitmap_index = 47387, .adv_w = 256, .box_w = 15, .box_h = 15, .ofs_x = 1, .ofs_y = -2},
    {.bitmap_index = 47459, .adv_w = 256, .box_w = 14, .box_h = 15, .ofs_x = 1, .ofs_y = -2},
    {.bitmap_index = 47530, .adv_w = 256, .box_w = 16, .box_h = 16, .ofs_x = 0, .ofs_y = -3},
    {.bitmap_index = 47627, .adv_w = 256, .box_w = 14, .box_h = 15, .ofs_x = 1, .ofs_y = -2},
    {.bitmap_index = 47715, .adv_w = 256, .box_w = 16, .box_h = 16, .ofs_x = 0, .ofs_y = -3},
    {.bitmap_index = 47821, .adv_w = 256, .box_w = 16, .box_h = 15, .ofs_x = 0, .ofs_y = -2},
    {.bitmap_index = 47933, .adv_w = 256, .box_w = 13, .box_h = 15, .ofs_x = 2, .ofs_y = -2},
    {.bitmap_index = 47993, .adv_w = 256, .box_w = 14, .box_h = 15, .ofs_x = 1, .ofs_y = -2},
    {.bitmap_index = 48050, .adv_w = 256, .box_w = 14, .box_h = 16, .ofs_x = 1, .ofs_y = -2},
    {.bitmap_index = 48145, .adv_w = 256, .box_w = 16, .box_h = 15, .ofs_x = 0, .ofs_y = -1},
    {.bitmap_index = 48244, .adv_w = 256, .box_w = 16, .box_h = 16, .ofs_x = 0, .ofs_y = -2},
    {.bitmap_index = 48338, .adv_w = 256, .box_w = 16, .box_h = 15, .ofs_x = 0, .ofs_y = -1},
    {.bitmap_index = 48431, .adv_w = 256, .box_w = 16, .box_h = 15, .ofs_x = 0, .ofs_y = -1},
    {.bitmap_index = 48535, .adv_w = 256, .box_w = 12, .box_h = 13, .ofs_x = 2, .ofs_y = -1},
    {.bitmap_index = 48574, .adv_w = 256, .box_w = 16, .box_h = 14, .ofs_x = 0, .ofs_y = -1},
    {.bitmap_index = 48649, .adv_w = 256, .box_w = 15, .box_h = 15, .ofs_x = 0, .ofs_y = -2},
    {.bitmap_index = 48734, .adv_w = 256, .box_w = 16, .box_h = 16, .ofs_x = 0, .ofs_y = -3},
    {.bitmap_index = 48827, .adv_w = 256, .box_w = 16, .box_h = 15, .ofs_x = 0, .ofs_y = -2},
    {.bitmap_index = 48918, .adv_w = 256, .box_w = 16, .box_h = 16, .ofs_x = 0, .ofs_y = -2},
    {.bitmap_index = 49008, .adv_w = 256, .box_w = 16, .box_h = 14, .ofs_x = 0, .ofs_y = -2},
    {.bitmap_index = 49106, .adv_w = 256, .box_w = 16, .box_h = 16, .ofs_x = 0, .ofs_y = -3},
    {.bitmap_index = 49223, .adv_w = 256, .box_w = 15, .box_h = 16, .ofs_x = 1, .ofs_y = -2},
    {.bitmap_index = 49316, .adv_w = 256, .box_w = 14, .box_h = 15, .ofs_x = 1, .ofs_y = -2},
    {.bitmap_index = 49402, .adv_w = 256, .box_w = 16, .box_h = 15, .ofs_x = 0, .ofs_y = -2},
    {.bitmap_index = 49499, .adv_w = 256, .box_w = 16, .box_h = 15, .ofs_x = 0, .ofs_y = -2},
    {.bitmap_index = 49603, .adv_w = 256, .box_w = 16, .box_h = 15, .ofs_x = 0, .ofs_y = -2},
    {.bitmap_index = 49706, .adv_w = 256, .box_w = 16, .box_h = 16, .ofs_x = 0, .ofs_y = -2},
    {.bitmap_index = 49814, .adv_w = 256, .box_w = 16, .box_h = 15, .ofs_x = 0, .ofs_y = -2},
    {.bitmap_index = 49924, .adv_w = 256, .box_w = 16, .box_h = 15, .ofs_x = 0, .ofs_y = -2},
    {.bitmap_index = 50028, .adv_w = 256, .box_w = 15, .box_h = 16, .ofs_x = 0, .ofs_y = -2},
    {.bitmap_index = 50136, .adv_w = 256, .box_w = 16, .box_h = 17, .ofs_x = 0, .ofs_y = -3},
    {.bitmap_index = 50260, .adv_w = 256, .box_w = 16, .box_h = 16, .ofs_x = 0, .ofs_y = -2},
    {.bitmap_index = 50370, .adv_w = 256, .box_w = 14, .box_h = 15, .ofs_x = 1, .ofs_y = -2},
    {.bitmap_index = 50445, .adv_w = 256, .box_w = 16, .box_h = 16, .ofs_x = 0, .ofs_y = -2},
    {.bitmap_index = 50554, .adv_w = 256, .box_w = 14, .box_h = 17, .ofs_x = 1, .ofs_y = -3},
    {.bitmap_index = 50656, .adv_w = 256, .box_w = 16, .box_h = 15, .ofs_x = 0, .ofs_y = -2},
    {.bitmap_index = 50763, .adv_w = 256, .box_w = 16, .box_h = 15, .ofs_x = 0, .ofs_y = -2},
    {.bitmap_index = 50863, .adv_w = 256, .box_w = 16, .box_h = 16, .ofs_x = 0, .ofs_y = -3},
    {.bitmap_index = 50978, .adv_w = 256, .box_w = 16, .box_h = 16, .ofs_x = 0, .ofs_y = -2},
    {.bitmap_index = 51092, .adv_w = 256, .box_w = 16, .box_h = 15, .ofs_x = 0, .ofs_y = -2},
    {.bitmap_index = 51197, .adv_w = 256, .box_w = 16, .box_h = 16, .ofs_x = 0, .ofs_y = -3},
    {.bitmap_index = 51311, .adv_w = 256, .box_w = 16, .box_h = 16, .ofs_x = 0, .ofs_y = -2},
    {.bitmap_index = 51427, .adv_w = 256, .box_w = 15, .box_h = 16, .ofs_x = 1, .ofs_y = -2},
    {.bitmap_index = 51516, .adv_w = 256, .box_w = 16, .box_h = 15, .ofs_x = 0, .ofs_y = -2},
    {.bitmap_index = 51625, .adv_w = 256, .box_w = 14, .box_h = 16, .ofs_x = 1, .ofs_y = -2},
    {.bitmap_index = 51710, .adv_w = 256, .box_w = 14, .box_h = 16, .ofs_x = 1, .ofs_y = -2},
    {.bitmap_index = 51801, .adv_w = 256, .box_w = 16, .box_h = 15, .ofs_x = 0, .ofs_y = -1},
    {.bitmap_index = 51885, .adv_w = 256, .box_w = 16, .box_h = 14, .ofs_x = 0, .ofs_y = -1},
    {.bitmap_index = 51977, .adv_w = 256, .box_w = 16, .box_h = 16, .ofs_x = 0, .ofs_y = -2},
    {.bitmap_index = 52084, .adv_w = 256, .box_w = 15, .box_h = 16, .ofs_x = 0, .ofs_y = -3},
    {.bitmap_index = 52188, .adv_w = 256, .box_w = 16, .box_h = 17, .ofs_x = 0, .ofs_y = -3},
    {.bitmap_index = 52299, .adv_w = 256, .box_w = 16, .box_h = 16, .ofs_x = 0, .ofs_y = -2},
    {.bitmap_index = 52411, .adv_w = 256, .box_w = 16, .box_h = 16, .ofs_x = 0, .ofs_y = -2},
    {.bitmap_index = 52514, .adv_w = 256, .box_w = 16, .box_h = 16, .ofs_x = 0, .ofs_y = -2},
    {.bitmap_index = 52626, .adv_w = 256, .box_w = 16, .box_h = 15, .ofs_x = 0, .ofs_y = -1},
    {.bitmap_index = 52735, .adv_w = 256, .box_w = 15, .box_h = 17, .ofs_x = 0, .ofs_y = -3},
    {.bitmap_index = 52834, .adv_w = 256, .box_w = 16, .box_h = 17, .ofs_x = 0, .ofs_y = -3},
    {.bitmap_index = 52941, .adv_w = 256, .box_w = 16, .box_h = 16, .ofs_x = 0, .ofs_y = -2},
    {.bitmap_index = 53037, .adv_w = 256, .box_w = 16, .box_h = 16, .ofs_x = 0, .ofs_y = -2},
    {.bitmap_index = 53154, .adv_w = 256, .box_w = 16, .box_h = 16, .ofs_x = 0, .ofs_y = -2},
    {.bitmap_index = 53261, .adv_w = 256, .box_w = 15, .box_h = 16, .ofs_x = 1, .ofs_y = -2},
    {.bitmap_index = 53370, .adv_w = 256, .box_w = 16, .box_h = 15, .ofs_x = 0, .ofs_y = -2},
    {.bitmap_index = 53472, .adv_w = 256, .box_w = 16, .box_h = 16, .ofs_x = 0, .ofs_y = -3},
    {.bitmap_index = 53583, .adv_w = 256, .box_w = 16, .box_h = 15, .ofs_x = 0, .ofs_y = -2},
    {.bitmap_index = 53691, .adv_w = 256, .box_w = 15, .box_h = 15, .ofs_x = 0, .ofs_y = -2},
    {.bitmap_index = 53792, .adv_w = 256, .box_w = 15, .box_h = 15, .ofs_x = 0, .ofs_y = -2},
    {.bitmap_index = 53895, .adv_w = 256, .box_w = 14, .box_h = 14, .ofs_x = 1, .ofs_y = -2},
    {.bitmap_index = 53989, .adv_w = 256, .box_w = 15, .box_h = 15, .ofs_x = 0, .ofs_y = -2},
    {.bitmap_index = 54075, .adv_w = 256, .box_w = 15, .box_h = 15, .ofs_x = 0, .ofs_y = -2},
    {.bitmap_index = 54178, .adv_w = 256, .box_w = 16, .box_h = 15, .ofs_x = 0, .ofs_y = -2},
    {.bitmap_index = 54288, .adv_w = 256, .box_w = 16, .box_h = 14, .ofs_x = 0, .ofs_y = -1},
    {.bitmap_index = 54386, .adv_w = 256, .box_w = 16, .box_h = 15, .ofs_x = 0, .ofs_y = -2},
    {.bitmap_index = 54502, .adv_w = 256, .box_w = 15, .box_h = 14, .ofs_x = 0, .ofs_y = -1},
    {.bitmap_index = 54593, .adv_w = 256, .box_w = 16, .box_h = 15, .ofs_x = 0, .ofs_y = -2},
    {.bitmap_index = 54706, .adv_w = 256, .box_w = 16, .box_h = 14, .ofs_x = 0, .ofs_y = -1},
    {.bitmap_index = 54807, .adv_w = 256, .box_w = 16, .box_h = 16, .ofs_x = 0, .ofs_y = -3},
    {.bitmap_index = 54927, .adv_w = 256, .box_w = 16, .box_h = 15, .ofs_x = 0, .ofs_y = -2},
    {.bitmap_index = 55031, .adv_w = 256, .box_w = 16, .box_h = 16, .ofs_x = 0, .ofs_y = -2},
    {.bitmap_index = 55149, .adv_w = 256, .box_w = 16, .box_h = 16, .ofs_x = 0, .ofs_y = -2},
    {.bitmap_index = 55262, .adv_w = 256, .box_w = 16, .box_h = 15, .ofs_x = 0, .ofs_y = -2},
    {.bitmap_index = 55365, .adv_w = 256, .box_w = 16, .box_h = 14, .ofs_x = 0, .ofs_y = -1},
    {.bitmap_index = 55467, .adv_w = 256, .box_w = 16, .box_h = 16, .ofs_x = 0, .ofs_y = -2},
    {.bitmap_index = 55585, .adv_w = 256, .box_w = 16, .box_h = 14, .ofs_x = 0, .ofs_y = -1},
    {.bitmap_index = 55695, .adv_w = 256, .box_w = 16, .box_h = 15, .ofs_x = 0, .ofs_y = -2},
    {.bitmap_index = 55807, .adv_w = 256, .box_w = 16, .box_h = 15, .ofs_x = 0, .ofs_y = -2},
    {.bitmap_index = 55924, .adv_w = 256, .box_w = 16, .box_h = 15, .ofs_x = 0, .ofs_y = -2},
    {.bitmap_index = 56034, .adv_w = 256, .box_w = 16, .box_h = 15, .ofs_x = 0, .ofs_y = -2},
    {.bitmap_index = 56144, .adv_w = 256, .box_w = 16, .box_h = 15, .ofs_x = 0, .ofs_y = -2},
    {.bitmap_index = 56262, .adv_w = 256, .box_w = 15, .box_h = 15, .ofs_x = 0, .ofs_y = -2},
    {.bitmap_index = 56375, .adv_w = 256, .box_w = 16, .box_h = 16, .ofs_x = 0, .ofs_y = -3},
    {.bitmap_index = 56490, .adv_w = 256, .box_w = 16, .box_h = 15, .ofs_x = 0, .ofs_y = -2},
    {.bitmap_index = 56605, .adv_w = 256, .box_w = 16, .box_h = 16, .ofs_x = 0, .ofs_y = -2},
    {.bitmap_index = 56710, .adv_w = 256, .box_w = 15, .box_h = 14, .ofs_x = 1, .ofs_y = -2},
    {.bitmap_index = 56794, .adv_w = 256, .box_w = 15, .box_h = 13, .ofs_x = 1, .ofs_y = -1},
    {.bitmap_index = 56871, .adv_w = 256, .box_w = 15, .box_h = 15, .ofs_x = 0, .ofs_y = -2},
    {.bitmap_index = 56976, .adv_w = 256, .box_w = 16, .box_h = 15, .ofs_x = 0, .ofs_y = -2},
    {.bitmap_index = 57040, .adv_w = 256, .box_w = 16, .box_h = 15, .ofs_x = 0, .ofs_y = -2},
    {.bitmap_index = 57131, .adv_w = 256, .box_w = 16, .box_h = 14, .ofs_x = 0, .ofs_y = -1},
    {.bitmap_index = 57238, .adv_w = 256, .box_w = 15, .box_h = 15, .ofs_x = 0, .ofs_y = -2},
    {.bitmap_index = 57344, .adv_w = 256, .box_w = 16, .box_h = 15, .ofs_x = 0, .ofs_y = -2},
    {.bitmap_index = 57435, .adv_w = 256, .box_w = 15, .box_h = 17, .ofs_x = 1, .ofs_y = -3},
    {.bitmap_index = 57547, .adv_w = 256, .box_w = 16, .box_h = 16, .ofs_x = 0, .ofs_y = -2},
    {.bitmap_index = 57655, .adv_w = 256, .box_w = 15, .box_h = 17, .ofs_x = 0, .ofs_y = -3},
    {.bitmap_index = 57754, .adv_w = 256, .box_w = 16, .box_h = 14, .ofs_x = 0, .ofs_y = -1},
    {.bitmap_index = 57847, .adv_w = 256, .box_w = 12, .box_h = 15, .ofs_x = 2, .ofs_y = -1},
    {.bitmap_index = 57904, .adv_w = 256, .box_w = 14, .box_h = 14, .ofs_x = 1, .ofs_y = -1},
    {.bitmap_index = 57987, .adv_w = 256, .box_w = 15, .box_h = 15, .ofs_x = 0, .ofs_y = -2},
    {.bitmap_index = 58091, .adv_w = 256, .box_w = 15, .box_h = 16, .ofs_x = 0, .ofs_y = -2},
    {.bitmap_index = 58180, .adv_w = 256, .box_w = 16, .box_h = 15, .ofs_x = 0, .ofs_y = -2},
    {.bitmap_index = 58283, .adv_w = 256, .box_w = 16, .box_h = 14, .ofs_x = 0, .ofs_y = -1},
    {.bitmap_index = 58359, .adv_w = 256, .box_w = 16, .box_h = 15, .ofs_x = 0, .ofs_y = -2},
    {.bitmap_index = 58440, .adv_w = 256, .box_w = 15, .box_h = 14, .ofs_x = 1, .ofs_y = -1},
    {.bitmap_index = 58531, .adv_w = 256, .box_w = 16, .box_h = 15, .ofs_x = 0, .ofs_y = -2},
    {.bitmap_index = 58625, .adv_w = 256, .box_w = 16, .box_h = 15, .ofs_x = 0, .ofs_y = -2},
    {.bitmap_index = 58726, .adv_w = 256, .box_w = 15, .box_h = 16, .ofs_x = 0, .ofs_y = -3},
    {.bitmap_index = 58827, .adv_w = 256, .box_w = 15, .box_h = 16, .ofs_x = 0, .ofs_y = -2},
    {.bitmap_index = 58938, .adv_w = 256, .box_w = 16, .box_h = 16, .ofs_x = 0, .ofs_y = -2},
    {.bitmap_index = 59050, .adv_w = 256, .box_w = 16, .box_h = 15, .ofs_x = 0, .ofs_y = -2},
    {.bitmap_index = 59161, .adv_w = 256, .box_w = 16, .box_h = 14, .ofs_x = 0, .ofs_y = -1},
    {.bitmap_index = 59262, .adv_w = 256, .box_w = 16, .box_h = 16, .ofs_x = 0, .ofs_y = -2},
    {.bitmap_index = 59375, .adv_w = 256, .box_w = 16, .box_h = 17, .ofs_x = 0, .ofs_y = -3},
    {.bitmap_index = 59500, .adv_w = 256, .box_w = 14, .box_h = 14, .ofs_x = 1, .ofs_y = -2},
    {.bitmap_index = 59578, .adv_w = 256, .box_w = 16, .box_h = 16, .ofs_x = 0, .ofs_y = -2},
    {.bitmap_index = 59651, .adv_w = 256, .box_w = 16, .box_h = 17, .ofs_x = 0, .ofs_y = -3},
    {.bitmap_index = 59763, .adv_w = 256, .box_w = 16, .box_h = 15, .ofs_x = 0, .ofs_y = -2},
    {.bitmap_index = 59849, .adv_w = 256, .box_w = 16, .box_h = 15, .ofs_x = 0, .ofs_y = -2},
    {.bitmap_index = 59950, .adv_w = 256, .box_w = 16, .box_h = 16, .ofs_x = 0, .ofs_y = -2},
    {.bitmap_index = 60058, .adv_w = 256, .box_w = 14, .box_h = 15, .ofs_x = 1, .ofs_y = -2},
    {.bitmap_index = 60155, .adv_w = 256, .box_w = 16, .box_h = 15, .ofs_x = 0, .ofs_y = -2},
    {.bitmap_index = 60249, .adv_w = 256, .box_w = 15, .box_h = 17, .ofs_x = 0, .ofs_y = -3},
    {.bitmap_index = 60365, .adv_w = 256, .box_w = 16, .box_h = 15, .ofs_x = 0, .ofs_y = -3},
    {.bitmap_index = 60448, .adv_w = 256, .box_w = 16, .box_h = 16, .ofs_x = 0, .ofs_y = -2},
    {.bitmap_index = 60556, .adv_w = 256, .box_w = 16, .box_h = 16, .ofs_x = 0, .ofs_y = -3},
    {.bitmap_index = 60662, .adv_w = 256, .box_w = 16, .box_h = 16, .ofs_x = 0, .ofs_y = -2},
    {.bitmap_index = 60761, .adv_w = 256, .box_w = 14, .box_h = 15, .ofs_x = 0, .ofs_y = -2},
    {.bitmap_index = 60848, .adv_w = 256, .box_w = 16, .box_h = 15, .ofs_x = 0, .ofs_y = -2},
    {.bitmap_index = 60959, .adv_w = 256, .box_w = 16, .box_h = 16, .ofs_x = 0, .ofs_y = -2},
    {.bitmap_index = 61066, .adv_w = 256, .box_w = 16, .box_h = 16, .ofs_x = 0, .ofs_y = -2},
    {.bitmap_index = 61167, .adv_w = 256, .box_w = 16, .box_h = 14, .ofs_x = 0, .ofs_y = -1},
    {.bitmap_index = 61239, .adv_w = 256, .box_w = 16, .box_h = 15, .ofs_x = 0, .ofs_y = -2},
    {.bitmap_index = 61312, .adv_w = 256, .box_w = 16, .box_h = 16, .ofs_x = 0, .ofs_y = -2},
    {.bitmap_index = 61405, .adv_w = 256, .box_w = 14, .box_h = 15, .ofs_x = 1, .ofs_y = -2},
    {.bitmap_index = 61467, .adv_w = 256, .box_w = 16, .box_h = 14, .ofs_x = 0, .ofs_y = -1},
    {.bitmap_index = 61543, .adv_w = 256, .box_w = 16, .box_h = 15, .ofs_x = 0, .ofs_y = -2},
    {.bitmap_index = 61631, .adv_w = 256, .box_w = 16, .box_h = 15, .ofs_x = 0, .ofs_y = -2},
    {.bitmap_index = 61728, .adv_w = 256, .box_w = 16, .box_h = 16, .ofs_x = 0, .ofs_y = -2},
    {.bitmap_index = 61826, .adv_w = 256, .box_w = 16, .box_h = 16, .ofs_x = 0, .ofs_y = -2},
    {.bitmap_index = 61914, .adv_w = 256, .box_w = 16, .box_h = 15, .ofs_x = 0, .ofs_y = -2},
    {.bitmap_index = 62006, .adv_w = 256, .box_w = 16, .box_h = 15, .ofs_x = 0, .ofs_y = -2},
    {.bitmap_index = 62094, .adv_w = 256, .box_w = 16, .box_h = 15, .ofs_x = 0, .ofs_y = -2},
    {.bitmap_index = 62198, .adv_w = 256, .box_w = 16, .box_h = 16, .ofs_x = 0, .ofs_y = -2},
    {.bitmap_index = 62301, .adv_w = 256, .box_w = 16, .box_h = 16, .ofs_x = 0, .ofs_y = -2},
    {.bitmap_index = 62397, .adv_w = 256, .box_w = 16, .box_h = 16, .ofs_x = 0, .ofs_y = -2},
    {.bitmap_index = 62506, .adv_w = 256, .box_w = 16, .box_h = 16, .ofs_x = 0, .ofs_y = -2},
    {.bitmap_index = 62606, .adv_w = 256, .box_w = 16, .box_h = 16, .ofs_x = 0, .ofs_y = -3},
    {.bitmap_index = 62711, .adv_w = 256, .box_w = 16, .box_h = 15, .ofs_x = 0, .ofs_y = -2},
    {.bitmap_index = 62809, .adv_w = 256, .box_w = 16, .box_h = 15, .ofs_x = 0, .ofs_y = -2},
    {.bitmap_index = 62913, .adv_w = 256, .box_w = 16, .box_h = 15, .ofs_x = 0, .ofs_y = -2},
    {.bitmap_index = 63013, .adv_w = 256, .box_w = 16, .box_h = 15, .ofs_x = 0, .ofs_y = -2},
    {.bitmap_index = 63122, .adv_w = 256, .box_w = 15, .box_h = 15, .ofs_x = 0, .ofs_y = -2},
    {.bitmap_index = 63217, .adv_w = 256, .box_w = 16, .box_h = 16, .ofs_x = 0, .ofs_y = -2},
    {.bitmap_index = 63328, .adv_w = 256, .box_w = 14, .box_h = 14, .ofs_x = 1, .ofs_y = -2},
    {.bitmap_index = 63396, .adv_w = 256, .box_w = 15, .box_h = 15, .ofs_x = 0, .ofs_y = -2},
    {.bitmap_index = 63481, .adv_w = 256, .box_w = 15, .box_h = 15, .ofs_x = 0, .ofs_y = -2},
    {.bitmap_index = 63569, .adv_w = 256, .box_w = 16, .box_h = 16, .ofs_x = 0, .ofs_y = -2},
    {.bitmap_index = 63670, .adv_w = 256, .box_w = 15, .box_h = 16, .ofs_x = 0, .ofs_y = -3},
    {.bitmap_index = 63761, .adv_w = 256, .box_w = 15, .box_h = 16, .ofs_x = 1, .ofs_y = -2},
    {.bitmap_index = 63866, .adv_w = 256, .box_w = 16, .box_h = 15, .ofs_x = 0, .ofs_y = -2},
    {.bitmap_index = 63969, .adv_w = 256, .box_w = 16, .box_h = 16, .ofs_x = 0, .ofs_y = -2},
    {.bitmap_index = 64083, .adv_w = 256, .box_w = 16, .box_h = 15, .ofs_x = 0, .ofs_y = -2},
    {.bitmap_index = 64179, .adv_w = 256, .box_w = 16, .box_h = 15, .ofs_x = 0, .ofs_y = -2},
    {.bitmap_index = 64280, .adv_w = 256, .box_w = 16, .box_h = 14, .ofs_x = 0, .ofs_y = -1},
    {.bitmap_index = 64381, .adv_w = 256, .box_w = 15, .box_h = 14, .ofs_x = 0, .ofs_y = -2},
    {.bitmap_index = 64459, .adv_w = 256, .box_w = 16, .box_h = 15, .ofs_x = 0, .ofs_y = -2},
    {.bitmap_index = 64560, .adv_w = 256, .box_w = 16, .box_h = 14, .ofs_x = 0, .ofs_y = -2},
    {.bitmap_index = 64657, .adv_w = 256, .box_w = 16, .box_h = 16, .ofs_x = 0, .ofs_y = -2},
    {.bitmap_index = 64763, .adv_w = 256, .box_w = 16, .box_h = 15, .ofs_x = 0, .ofs_y = -2},
    {.bitmap_index = 64869, .adv_w = 256, .box_w = 16, .box_h = 15, .ofs_x = 0, .ofs_y = -2},
    {.bitmap_index = 64977, .adv_w = 256, .box_w = 16, .box_h = 16, .ofs_x = 0, .ofs_y = -2},
    {.bitmap_index = 65068, .adv_w = 256, .box_w = 16, .box_h = 15, .ofs_x = 0, .ofs_y = -2},
    {.bitmap_index = 65179, .adv_w = 256, .box_w = 16, .box_h = 16, .ofs_x = 0, .ofs_y = -2},
    {.bitmap_index = 65291, .adv_w = 256, .box_w = 16, .box_h = 16, .ofs_x = 0, .ofs_y = -2},
    {.bitmap_index = 65403, .adv_w = 256, .box_w = 16, .box_h = 16, .ofs_x = 0, .ofs_y = -2},
    {.bitmap_index = 65512, .adv_w = 256, .box_w = 15, .box_h = 16, .ofs_x = 0, .ofs_y = -2},
    {.bitmap_index = 65613, .adv_w = 256, .box_w = 16, .box_h = 16, .ofs_x = 0, .ofs_y = -2},
    {.bitmap_index = 65731, .adv_w = 256, .box_w = 16, .box_h = 16, .ofs_x = 0, .ofs_y = -2},
    {.bitmap_index = 65852, .adv_w = 256, .box_w = 15, .box_h = 16, .ofs_x = 0, .ofs_y = -3},
    {.bitmap_index = 65965, .adv_w = 256, .box_w = 16, .box_h = 15, .ofs_x = 0, .ofs_y = -2},
    {.bitmap_index = 66072, .adv_w = 256, .box_w = 16, .box_h = 17, .ofs_x = 0, .ofs_y = -3},
    {.bitmap_index = 66189, .adv_w = 256, .box_w = 16, .box_h = 16, .ofs_x = 0, .ofs_y = -2},
    {.bitmap_index = 66292, .adv_w = 256, .box_w = 16, .box_h = 15, .ofs_x = 0, .ofs_y = -2},
    {.bitmap_index = 66390, .adv_w = 256, .box_w = 16, .box_h = 15, .ofs_x = 0, .ofs_y = -2},
    {.bitmap_index = 66477, .adv_w = 256, .box_w = 16, .box_h = 15, .ofs_x = 0, .ofs_y = -2},
    {.bitmap_index = 66570, .adv_w = 256, .box_w = 15, .box_h = 15, .ofs_x = 0, .ofs_y = -2},
    {.bitmap_index = 66666, .adv_w = 256, .box_w = 16, .box_h = 15, .ofs_x = 0, .ofs_y = -2},
    {.bitmap_index = 66760, .adv_w = 256, .box_w = 16, .box_h = 15, .ofs_x = 0, .ofs_y = -2},
    {.bitmap_index = 66867, .adv_w = 256, .box_w = 16, .box_h = 15, .ofs_x = 0, .ofs_y = -2},
    {.bitmap_index = 66966, .adv_w = 256, .box_w = 15, .box_h = 15, .ofs_x = 0, .ofs_y = -1},
    {.bitmap_index = 67058, .adv_w = 256, .box_w = 16, .box_h = 15, .ofs_x = 0, .ofs_y = -2},
    {.bitmap_index = 67163, .adv_w = 256, .box_w = 16, .box_h = 14, .ofs_x = 0, .ofs_y = -1},
    {.bitmap_index = 67257, .adv_w = 256, .box_w = 16, .box_h = 15, .ofs_x = 0, .ofs_y = -2},
    {.bitmap_index = 67355, .adv_w = 256, .box_w = 16, .box_h = 15, .ofs_x = 0, .ofs_y = -2},
    {.bitmap_index = 67456, .adv_w = 256, .box_w = 16, .box_h = 15, .ofs_x = 0, .ofs_y = -2},
    {.bitmap_index = 67563, .adv_w = 256, .box_w = 15, .box_h = 15, .ofs_x = 0, .ofs_y = -2},
    {.bitmap_index = 67651, .adv_w = 256, .box_w = 16, .box_h = 15, .ofs_x = 0, .ofs_y = -2},
    {.bitmap_index = 67757, .adv_w = 256, .box_w = 16, .box_h = 15, .ofs_x = 0, .ofs_y = -2},
    {.bitmap_index = 67866, .adv_w = 256, .box_w = 16, .box_h = 16, .ofs_x = 0, .ofs_y = -2},
    {.bitmap_index = 67980, .adv_w = 256, .box_w = 16, .box_h = 15, .ofs_x = 0, .ofs_y = -2},
    {.bitmap_index = 68081, .adv_w = 256, .box_w = 16, .box_h = 15, .ofs_x = 0, .ofs_y = -2},
    {.bitmap_index = 68190, .adv_w = 256, .box_w = 16, .box_h = 16, .ofs_x = 0, .ofs_y = -2},
    {.bitmap_index = 68296, .adv_w = 256, .box_w = 16, .box_h = 15, .ofs_x = 0, .ofs_y = -1},
    {.bitmap_index = 68396, .adv_w = 256, .box_w = 16, .box_h = 15, .ofs_x = 0, .ofs_y = -2},
    {.bitmap_index = 68503, .adv_w = 256, .box_w = 16, .box_h = 15, .ofs_x = 0, .ofs_y = -2},
    {.bitmap_index = 68614, .adv_w = 256, .box_w = 15, .box_h = 16, .ofs_x = 1, .ofs_y = -2},
    {.bitmap_index = 68713, .adv_w = 256, .box_w = 16, .box_h = 15, .ofs_x = 0, .ofs_y = -2},
    {.bitmap_index = 68820, .adv_w = 256, .box_w = 16, .box_h = 15, .ofs_x = 0, .ofs_y = -2},
    {.bitmap_index = 68910, .adv_w = 256, .box_w = 16, .box_h = 16, .ofs_x = 0, .ofs_y = -3},
    {.bitmap_index = 69025, .adv_w = 256, .box_w = 16, .box_h = 16, .ofs_x = 0, .ofs_y = -2},
    {.bitmap_index = 69135, .adv_w = 256, .box_w = 16, .box_h = 15, .ofs_x = 0, .ofs_y = -2},
    {.bitmap_index = 69244, .adv_w = 256, .box_w = 15, .box_h = 14, .ofs_x = 0, .ofs_y = -2},
    {.bitmap_index = 69322, .adv_w = 256, .box_w = 15, .box_h = 14, .ofs_x = 0, .ofs_y = -1},
    {.bitmap_index = 69410, .adv_w = 256, .box_w = 15, .box_h = 13, .ofs_x = 0, .ofs_y = -1},
    {.bitmap_index = 69486, .adv_w = 256, .box_w = 16, .box_h = 14, .ofs_x = 0, .ofs_y = -1},
    {.bitmap_index = 69568, .adv_w = 256, .box_w = 15, .box_h = 15, .ofs_x = 0, .ofs_y = -2},
    {.bitmap_index = 69656, .adv_w = 256, .box_w = 16, .box_h = 15, .ofs_x = 0, .ofs_y = -2},
    {.bitmap_index = 69764, .adv_w = 256, .box_w = 16, .box_h = 16, .ofs_x = 0, .ofs_y = -2},
    {.bitmap_index = 69866, .adv_w = 256, .box_w = 16, .box_h = 14, .ofs_x = 0, .ofs_y = -1},
    {.bitmap_index = 69976, .adv_w = 256, .box_w = 15, .box_h = 15, .ofs_x = 0, .ofs_y = -2},
    {.bitmap_index = 70079, .adv_w = 256, .box_w = 16, .box_h = 15, .ofs_x = 0, .ofs_y = -2},
    {.bitmap_index = 70188, .adv_w = 256, .box_w = 16, .box_h = 15, .ofs_x = 0, .ofs_y = -2},
    {.bitmap_index = 70293, .adv_w = 256, .box_w = 16, .box_h = 15, .ofs_x = 0, .ofs_y = -2},
    {.bitmap_index = 70400, .adv_w = 256, .box_w = 16, .box_h = 15, .ofs_x = 0, .ofs_y = -2},
    {.bitmap_index = 70511, .adv_w = 256, .box_w = 16, .box_h = 15, .ofs_x = 0, .ofs_y = -2},
    {.bitmap_index = 70627, .adv_w = 256, .box_w = 16, .box_h = 16, .ofs_x = 0, .ofs_y = -2},
    {.bitmap_index = 70743, .adv_w = 256, .box_w = 15, .box_h = 15, .ofs_x = 0, .ofs_y = -2},
    {.bitmap_index = 70825, .adv_w = 256, .box_w = 14, .box_h = 16, .ofs_x = 1, .ofs_y = -2},
    {.bitmap_index = 70868, .adv_w = 256, .box_w = 14, .box_h = 16, .ofs_x = 1, .ofs_y = -2},
    {.bitmap_index = 70944, .adv_w = 256, .box_w = 14, .box_h = 15, .ofs_x = 1, .ofs_y = -2},
    {.bitmap_index = 71027, .adv_w = 256, .box_w = 14, .box_h = 16, .ofs_x = 1, .ofs_y = -3},
    {.bitmap_index = 71098, .adv_w = 256, .box_w = 14, .box_h = 16, .ofs_x = 1, .ofs_y = -2},
    {.bitmap_index = 71186, .adv_w = 256, .box_w = 14, .box_h = 16, .ofs_x = 1, .ofs_y = -2},
    {.bitmap_index = 71259, .adv_w = 256, .box_w = 14, .box_h = 16, .ofs_x = 1, .ofs_y = -2},
    {.bitmap_index = 71346, .adv_w = 256, .box_w = 14, .box_h = 15, .ofs_x = 1, .ofs_y = -2},
    {.bitmap_index = 71435, .adv_w = 256, .box_w = 15, .box_h = 17, .ofs_x = 1, .ofs_y = -3},
    {.bitmap_index = 71542, .adv_w = 256, .box_w = 15, .box_h = 16, .ofs_x = 1, .ofs_y = -2},
    {.bitmap_index = 71636, .adv_w = 256, .box_w = 15, .box_h = 13, .ofs_x = 1, .ofs_y = -1},
    {.bitmap_index = 71713, .adv_w = 256, .box_w = 15, .box_h = 13, .ofs_x = 1, .ofs_y = -1},
    {.bitmap_index = 71800, .adv_w = 256, .box_w = 15, .box_h = 15, .ofs_x = 1, .ofs_y = -2},
    {.bitmap_index = 71898, .adv_w = 256, .box_w = 15, .box_h = 14, .ofs_x = 1, .ofs_y = -2},
    {.bitmap_index = 71987, .adv_w = 256, .box_w = 15, .box_h = 17, .ofs_x = 1, .ofs_y = -3},
    {.bitmap_index = 72099, .adv_w = 256, .box_w = 15, .box_h = 15, .ofs_x = 1, .ofs_y = -2},
    {.bitmap_index = 72197, .adv_w = 256, .box_w = 15, .box_h = 15, .ofs_x = 1, .ofs_y = -2},
    {.bitmap_index = 72300, .adv_w = 256, .box_w = 15, .box_h = 16, .ofs_x = 1, .ofs_y = -2},
    {.bitmap_index = 72405, .adv_w = 256, .box_w = 15, .box_h = 14, .ofs_x = 1, .ofs_y = -1},
    {.bitmap_index = 72490, .adv_w = 256, .box_w = 16, .box_h = 16, .ofs_x = 0, .ofs_y = -2},
    {.bitmap_index = 72598, .adv_w = 256, .box_w = 15, .box_h = 15, .ofs_x = 0, .ofs_y = -2},
    {.bitmap_index = 72699, .adv_w = 256, .box_w = 14, .box_h = 15, .ofs_x = 1, .ofs_y = -2},
    {.bitmap_index = 72789, .adv_w = 256, .box_w = 15, .box_h = 15, .ofs_x = 0, .ofs_y = -2},
    {.bitmap_index = 72892, .adv_w = 256, .box_w = 15, .box_h = 16, .ofs_x = 0, .ofs_y = -3},
    {.bitmap_index = 72974, .adv_w = 256, .box_w = 16, .box_h = 16, .ofs_x = 0, .ofs_y = -2},
    {.bitmap_index = 73092, .adv_w = 256, .box_w = 15, .box_h = 15, .ofs_x = 0, .ofs_y = -2},
    {.bitmap_index = 73173, .adv_w = 256, .box_w = 15, .box_h = 16, .ofs_x = 0, .ofs_y = -2},
    {.bitmap_index = 73268, .adv_w = 256, .box_w = 14, .box_h = 14, .ofs_x = 1, .ofs_y = -1},
    {.bitmap_index = 73332, .adv_w = 256, .box_w = 14, .box_h = 16, .ofs_x = 1, .ofs_y = -3},
    {.bitmap_index = 73413, .adv_w = 256, .box_w = 14, .box_h = 15, .ofs_x = 1, .ofs_y = -2},
    {.bitmap_index = 73489, .adv_w = 256, .box_w = 16, .box_h = 15, .ofs_x = 0, .ofs_y = -2},
    {.bitmap_index = 73573, .adv_w = 256, .box_w = 16, .box_h = 15, .ofs_x = 0, .ofs_y = -2},
    {.bitmap_index = 73664, .adv_w = 256, .box_w = 16, .box_h = 15, .ofs_x = 0, .ofs_y = -2},
    {.bitmap_index = 73758, .adv_w = 256, .box_w = 16, .box_h = 15, .ofs_x = 0, .ofs_y = -2},
    {.bitmap_index = 73861, .adv_w = 256, .box_w = 16, .box_h = 15, .ofs_x = 0, .ofs_y = -2},
    {.bitmap_index = 73961, .adv_w = 256, .box_w = 16, .box_h = 15, .ofs_x = 0, .ofs_y = -2},
    {.bitmap_index = 74067, .adv_w = 256, .box_w = 16, .box_h = 15, .ofs_x = 0, .ofs_y = -2},
    {.bitmap_index = 74178, .adv_w = 256, .box_w = 16, .box_h = 15, .ofs_x = 0, .ofs_y = -2},
    {.bitmap_index = 74289, .adv_w = 256, .box_w = 16, .box_h = 15, .ofs_x = 0, .ofs_y = -2},
    {.bitmap_index = 74400, .adv_w = 256, .box_w = 16, .box_h = 15, .ofs_x = 0, .ofs_y = -3},
    {.bitmap_index = 74494, .adv_w = 256, .box_w = 16, .box_h = 15, .ofs_x = 0, .ofs_y = -2},
    {.bitmap_index = 74590, .adv_w = 256, .box_w = 14, .box_h = 16, .ofs_x = 1, .ofs_y = -2},
    {.bitmap_index = 74671, .adv_w = 256, .box_w = 16, .box_h = 15, .ofs_x = 0, .ofs_y = -2},
    {.bitmap_index = 74774, .adv_w = 256, .box_w = 16, .box_h = 16, .ofs_x = 0, .ofs_y = -2},
    {.bitmap_index = 74887, .adv_w = 256, .box_w = 14, .box_h = 16, .ofs_x = 1, .ofs_y = -2},
    {.bitmap_index = 74959, .adv_w = 256, .box_w = 16, .box_h = 15, .ofs_x = 0, .ofs_y = -2},
    {.bitmap_index = 75070, .adv_w = 256, .box_w = 16, .box_h = 16, .ofs_x = 0, .ofs_y = -3},
    {.bitmap_index = 75168, .adv_w = 256, .box_w = 6, .box_h = 14, .ofs_x = 9, .ofs_y = -1},
    {.bitmap_index = 75203, .adv_w = 256, .box_w = 6, .box_h = 14, .ofs_x = 1, .ofs_y = -1},
    {.bitmap_index = 75239, .adv_w = 256, .box_w = 4, .box_h = 6, .ofs_x = 1, .ofs_y = -3},
    {.bitmap_index = 75251, .adv_w = 256, .box_w = 3, .box_h = 7, .ofs_x = 3, .ofs_y = 0},
    {.bitmap_index = 75262, .adv_w = 256, .box_w = 4, .box_h = 10, .ofs_x = 2, .ofs_y = -3},
    {.bitmap_index = 75282, .adv_w = 256, .box_w = 7, .box_h = 12, .ofs_x = 2, .ofs_y = 0},
    {.bitmap_index = 75320, .adv_w = 256, .box_w = 2, .box_h = 13, .ofs_x = 7, .ofs_y = -1}
};

/*---------------------
 *  CHARACTER MAPPING
 *--------------------*/

static const uint16_t unicode_list_1[] = {
    0x0, 0x1f6f, 0x2f4a, 0x2f4b, 0x4d49, 0x4d4a, 0x4d52, 0x4d53,
    0x4d54, 0x4d56, 0x4d57, 0x4d5c, 0x4d5d, 0x4d6b, 0x4d6d, 0x4d73,
    0x4d76, 0x4d7b, 0x4d7d, 0x4d83, 0x4d84, 0x4d87, 0x4d8e, 0x4d92,
    0x4d94, 0x4d99, 0x4da8, 0x4daf, 0x4dba, 0x4dcf, 0x4dd2, 0x4dd4,
    0x4dd5, 0x4dd7, 0x4ddb, 0x4ddd, 0x4ded, 0x4df4, 0x4df7, 0x4e03,
    0x4e0e, 0x4e16, 0x4e17, 0x4e1f, 0x4e2c, 0x4e2e, 0x4e3f, 0x4e44,
    0x4e5a, 0x4e61, 0x4e63, 0x4e69, 0x4e79, 0x4e8f, 0x4e96, 0x4e97,
    0x4e98, 0x4e9c, 0x4e9e, 0x4ea2, 0x4ea5, 0x4ec8, 0x4ee4, 0x4ee6,
    0x4ef0, 0x4f08, 0x4f26, 0x4f2a, 0x4f37, 0x4f56, 0x4f5b, 0x4f85,
    0x4f90, 0x4f98, 0x4fa3, 0x4fa5, 0x4fae, 0x4fc8, 0x4ff1, 0x5018,
    0x508a, 0x508c, 0x508e, 0x5091, 0x5092, 0x5096, 0x50a5, 0x50ae,
    0x50b1, 0x50b5, 0x50ba, 0x50bc, 0x50bf, 0x50c0, 0x50c1, 0x50ce,
    0x50d5, 0x50d6, 0x50e0, 0x50e2, 0x50fb, 0x50fc, 0x50fe, 0x510f,
    0x5118, 0x5143, 0x5144, 0x5146, 0x514f, 0x5150, 0x5160, 0x5162,
    0x5163, 0x5164, 0x5166, 0x5169, 0x516d, 0x5179, 0x517f, 0x5180,
    0x5184, 0x5196, 0x51e4, 0x51e8, 0x51e9, 0x51ea, 0x51f1, 0x51f2,
    0x5248, 0x5249, 0x524e, 0x525f, 0x5282, 0x5283, 0x5290, 0x529e,
    0x52a9, 0x52aa, 0x52b4, 0x52bc, 0x52bd, 0x52c0, 0x52c1, 0x52cf,
    0x52d4, 0x52e8, 0x5304, 0x530b, 0x5313, 0x5315, 0x5316, 0x531a,
    0x531f, 0x5320, 0x5321, 0x5329, 0x532c, 0x532d, 0x532e, 0x5333,
    0x5338, 0x5339, 0x533b, 0x533c, 0x533f, 0x5340, 0x534d, 0x5351,
    0x5355, 0x5356, 0x5357, 0x535a, 0x536f, 0x5374, 0x5375, 0x5378,
    0x5393, 0x53b1, 0x53c6, 0x53d5, 0x5416, 0x546d, 0x5478, 0x54cb,
    0x55b1, 0x5624, 0x5627, 0x5629, 0x563d, 0x5643, 0x5647, 0x564f,
    0x5671, 0x5679, 0x5683, 0x5690, 0x5698, 0x56a0, 0x56d4, 0x5728,
    0x5743, 0x57b4, 0x57e7, 0x5839, 0x584d, 0x5850, 0x5856, 0x585f,
    0x5863, 0x5870, 0x587a, 0x587d, 0x5882, 0x58a0, 0x58c6, 0x58cb,
    0x5914, 0x5a99, 0x5a9d, 0x5aa0, 0x5aa1, 0x5ad1, 0x5ad2, 0x5ad5,
    0x5ad8, 0x5ae1, 0x5ae3, 0x5ae7, 0x5aea, 0x5b02, 0x5b06, 0x5b08,
    0x5b42, 0x5b45, 0x5b4d, 0x5b4f, 0x5b58, 0x5b5a, 0x5b66, 0x5b7a,
    0x5b87, 0x5b89, 0x5b8b, 0x5b8e, 0x5b98, 0x5b9e, 0x5ba7, 0x5c72,
    0x5c95, 0x5d2e, 0x5d2f, 0x5d37, 0x5d3b, 0x5d4c, 0x5d6f, 0x5d70,
    0x5d81, 0x5d9e, 0x5dbb, 0x5dbc, 0x5dbf, 0x5dd8, 0x5ddc, 0x5ddd,
    0x5dde, 0x5def, 0x5df0, 0x5e00, 0x5e3f, 0x5e43, 0x5e49, 0x5e4b,
    0x5e4c, 0x5e58, 0x5e5e, 0x5e82, 0x5e83, 0x5e9b, 0x5e9c, 0x5e9e,
    0x5eab, 0x5eba, 0x5eca, 0x5ecd, 0x5ece, 0x5ee0, 0x5ef3, 0x5f0c,
    0x5f0e, 0x5f20, 0x5f34, 0x5f46, 0x5f4a, 0x5f70, 0x5f84, 0x5fab,
    0x5fb8, 0x5ff5, 0x600e, 0x6058, 0x6068, 0x60ab, 0x6159, 0x615f,
    0x6173, 0x617c, 0x6180, 0x6189, 0x6190, 0x6196, 0x619c, 0x61b0,
    0x61b2, 0x61b4, 0x61b5, 0x61c2, 0x61c7, 0x61c8, 0x61d3, 0x61df,
    0x61ed, 0x61ee, 0x6212, 0x621b, 0x621d, 0x6228, 0x6231, 0x6232,
    0x6240, 0x6245, 0x624a, 0x624b, 0x6250, 0x6252, 0x6286, 0x62a8,
    0x62ab, 0x62b7, 0x62d2, 0x62db, 0x62eb, 0x62ee, 0x62f0, 0x62f1,
    0x62f2, 0x6318, 0x6319, 0x631b, 0x6390, 0x63a1, 0x63f6, 0x6416,
    0x6417, 0x642f, 0x6478, 0x647f, 0x6482, 0x6487, 0x6491, 0x64a4,
    0x64b9, 0x64bd, 0x64d0, 0x64e5, 0x64ee, 0x64f6, 0x64f9, 0x6502,
    0x6514, 0x6529, 0x652e, 0x6530, 0x6532, 0x653f, 0x6557, 0x655c,
    0x6569, 0x6578, 0x6587, 0x65a8, 0x65b7, 0x65b8, 0x65b9, 0x65cb,
    0x65fd, 0x663b, 0x663d, 0x6648, 0x6649, 0x6652, 0x6668, 0x6673,
    0x6674, 0x6675, 0x6683, 0x66aa, 0x66ae, 0x66c7, 0x66c8, 0x66ca,
    0x66cd, 0x66d9, 0x66e3, 0x66e5, 0x66ff, 0x670d, 0x6719, 0x671c,
    0x672e, 0x673a, 0x6750, 0x6751, 0x6758, 0x675a, 0x676a, 0x6780,
    0x6781, 0x6782, 0x6785, 0x678f, 0x67ac, 0x67b2, 0x67f8, 0x67f9,
    0x6809, 0x696a, 0x6973, 0x69a2, 0x6a6a, 0x6a6c, 0x6a95, 0x6aab,
    0x6aac, 0x6aad, 0x6aae, 0x6aaf, 0x6ac4, 0x6ad3, 0x6ad4, 0x6afe,
    0x6b0a, 0x6b18, 0x6b1d, 0x6b34, 0x6b5d, 0x6b81, 0x6ba9, 0x6baa,
    0x6bea, 0x6c08, 0x6c0d, 0x6c1e, 0x6c31, 0x6c84, 0x6c87, 0x6c8a,
    0x6c94, 0x6c98, 0x6cd1, 0x6d2a, 0x6d3a, 0x6d44, 0x6d4e, 0x6d7b,
    0x6dcc, 0x6dd9, 0x6e1a, 0x6e23, 0x6e2a, 0x6e4b, 0x6e58, 0x6fb6,
    0x6fb8, 0x6fb9, 0x7002, 0x7030, 0x70cd, 0x714f, 0x7190, 0x7191,
    0x71b2, 0x71c2, 0x71ff, 0x7220, 0x7235, 0x72d0, 0x72f8, 0x72f9,
    0x7329, 0x734f, 0x7468, 0x7471, 0x747a, 0x747e, 0x7484, 0x7495,
    0x74a2, 0x74ae, 0x74da, 0x75c6, 0x75c7, 0x75cd, 0x7613, 0x761a,
    0x761f, 0x7621, 0x7637, 0x763d, 0x7641, 0x764a, 0x7654, 0x7668,
    0x7669, 0x76f5, 0x772b, 0x772e, 0x7732, 0x7736, 0x774a, 0x775f,
    0x777d, 0x77b5, 0x77b7, 0x780a, 0x7831, 0x7883, 0x78ca, 0x7904,
    0x791b, 0x7938, 0x7939, 0x7944, 0x7954, 0x7956, 0x797c, 0x79c3,
    0x79ca, 0x79cd, 0x79e0, 0x7a14, 0x7a1f, 0x7a27, 0x7a38, 0x7a6f,
    0x7a75, 0x7a92, 0x7a9f, 0x7ac7, 0x7ac9, 0x7ae0, 0x7aea, 0x7afa,
    0x7b2a, 0x7bc4, 0x7be0, 0x7c07, 0x7c44, 0x7c69, 0x7c6b, 0x7c78,
    0x7deb, 0x7def, 0x7df0, 0x7df8, 0x7e08, 0x7e0d, 0x7e11, 0x7e18,
    0x7e1a, 0x7e1c, 0x7e1e, 0x7e21, 0x7e22, 0x7e26, 0x7e28, 0x7e30,
    0x7e33, 0x7e36, 0x7e3d, 0x7e48, 0x7e49, 0x7e5c, 0x7e5f, 0x7e72,
    0x7e83, 0x7e9a, 0x7eb7, 0x7f44, 0x7f55, 0x7f59, 0x7f60, 0x7f6f,
    0x8015, 0x8046, 0x8052, 0x8058, 0x8063, 0x8133, 0x813c, 0x813d,
    0x8156, 0x8173, 0x81bb, 0x81cb, 0x81f8, 0x822e, 0x824c, 0x8299,
    0x8300, 0x8325, 0x8386, 0x8426, 0x8486, 0x8518, 0x85c6, 0x8795,
    0x879d, 0x87ae, 0x87b1, 0x87f4, 0x880e, 0x88ca, 0x88cf, 0x890a,
    0x890d, 0x890f, 0x8911, 0x891b, 0x892c, 0x892f, 0x8aaf, 0x8aea,
    0x8aeb, 0x8aed, 0x8af2, 0x8af9, 0x8b01, 0x8b07, 0x8b08, 0x8b0a,
    0x8b0d, 0x8b0f, 0x8b1a, 0x8b1e, 0x8b2b, 0x8b2e, 0x8b2f, 0x8b36,
    0x8b38, 0x8b3d, 0x8b40, 0x8b44, 0x8b4c, 0x8baa, 0x8c66, 0x8c68,
    0x8c6c, 0x8c6e, 0x8c7d, 0x8c8d, 0x8c94, 0x8c9f, 0x8cb9, 0x8cc0,
    0x8cce, 0x8cfc, 0x8d0c, 0x8d28, 0x8d31, 0x8d38, 0x8d3c, 0x8df4,
    0x8eb1, 0x8eb5, 0x8eb7, 0x8eb8, 0x8ebd, 0x8ec6, 0x8ecc, 0x8ece,
    0x8eda, 0x8edc, 0x8f02, 0x8f07, 0x8f0a, 0x8f10, 0x8f19, 0x8f1a,
    0x8f1d, 0x8f21, 0x8f22, 0x8f24, 0x8f27, 0x8f28, 0x8f49, 0x8f4a,
    0x8f4b, 0x8f52, 0x8f59, 0x8f5b, 0x8f63, 0x8f68, 0x8f84, 0x8f9c,
    0x8fa0, 0x8fc8, 0x9031, 0x9046, 0x9096, 0x90db, 0x9110, 0x9113,
    0x9115, 0x9116, 0x9118, 0x93d1, 0x93e8, 0x93f7, 0x93fc, 0x9447,
    0x9449, 0x944a, 0x9462, 0x9463, 0x946e, 0x9477, 0x94a5, 0x94c8,
    0x9531, 0x9533, 0x9536, 0x9537, 0x953b, 0x953d, 0x954e, 0x9551,
    0x957b, 0x957f, 0x9584, 0x958e, 0x9596, 0x9599, 0x95ad, 0x95b2,
    0x95d8, 0x95d9, 0x95dd, 0x960f, 0x963f, 0x9649, 0x967b, 0x969b,
    0x96a2, 0x96a7, 0x96a9, 0x96ab, 0x973c, 0x97be, 0x97bf, 0x97c2,
    0x97c3, 0x97c4, 0x97cd, 0x97da, 0x97e0, 0x97e1, 0x97e5, 0x9817,
    0x98b9, 0x98df, 0x99ba, 0x99d5, 0x9a21, 0x9e21, 0x9e99, 0xfe51,
    0xfe52, 0xfe55, 0xfe63, 0xfe64, 0xfe68, 0xfea5
};

/*Collect the unicode lists and glyph_id offsets*/
static const lv_font_fmt_txt_cmap_t cmaps[] =
{
    {
        .range_start = 32, .range_length = 95, .glyph_id_start = 1,
        .unicode_list = NULL, .glyph_id_ofs_list = NULL, .list_length = 0, .type = LV_FONT_FMT_TXT_CMAP_FORMAT0_TINY
    },
    {
        .range_start = 183, .range_length = 65190, .glyph_id_start = 96,
        .unicode_list = unicode_list_1, .glyph_id_ofs_list = NULL, .list_length = 782, .type = LV_FONT_FMT_TXT_CMAP_SPARSE_TINY
    }
};



/*--------------------
 *  ALL CUSTOM DATA
 *--------------------*/

#if LVGL_VERSION_MAJOR == 8
/*Store all the custom data of the font*/
static  lv_font_fmt_txt_glyph_cache_t cache;
#endif

#if LVGL_VERSION_MAJOR >= 8
static const lv_font_fmt_txt_dsc_t font_dsc = {
#else
static lv_font_fmt_txt_dsc_t font_dsc = {
#endif
    .glyph_bitmap = glyph_bitmap,
    .glyph_dsc = glyph_dsc,
    .cmaps = cmaps,
    .kern_dsc = NULL,
    .kern_scale = 0,
    .cmap_num = 2,
    .bpp = 4,
    .kern_classes = 0,
    .bitmap_format = 1,
#if LVGL_VERSION_MAJOR == 8
    .cache = &cache
#endif
};



/*-----------------
 *  PUBLIC FONT
 *----------------*/

/*Initialize a public general font descriptor*/
#if LVGL_VERSION_MAJOR >= 8
const lv_font_t lv_font_chinese_16 = {
#else
lv_font_t lv_font_chinese_16 = {
#endif
    .get_glyph_dsc = lv_font_get_glyph_dsc_fmt_txt,    /*Function pointer to get glyph's data*/
    .get_glyph_bitmap = lv_font_get_bitmap_fmt_txt,    /*Function pointer to get glyph's bitmap*/
    .line_height = 19,          /*The maximum line height required by the font*/
    .base_line = 3,             /*Baseline measured from the bottom of the line*/
#if !(LVGL_VERSION_MAJOR == 6 && LVGL_VERSION_MINOR == 0)
    .subpx = LV_FONT_SUBPX_NONE,
#endif
#if LV_VERSION_CHECK(7, 4, 0) || LVGL_VERSION_MAJOR >= 8
    .underline_position = -1,
    .underline_thickness = 1,
#endif
    .dsc = &font_dsc,          /*The custom font data. Will be accessed by `get_glyph_bitmap/dsc` */
#if LV_VERSION_CHECK(8, 2, 0) || LVGL_VERSION_MAJOR >= 9
    .fallback = NULL,
#endif
    .user_data = NULL,
};



#endif /*#if LV_FONT_CHINESE_16*/

