*PADS-LOGIC-V9.0-CP936* from EasyEDA Pro
*SCH*
BORDER NAME Drawing-Symbol_A4
*SHT* 2 P1 -1 $$$NONE
*TEXT*
13165 9765 0 0 417 10 0 "Regular 宋体"
3V3降压电路
8665 9315 0 0 417 10 0 "Regular 宋体"
音频输出
13075 7045 0 0 417 10 0 "Regular 宋体"
电池充电管理
2215 2135 0 0 417 10 0 "Regular 宋体"
氛围灯(WS2812B 2020封装)
3325 6065 0 0 417 10 0 "Regular 宋体"
按键x4
4665 8565 0 0 417 10 0 "Regular 宋体"
TYPEC接口
7665 4515 0 0 417 10 0 "Regular 宋体"
ESP32-S3-WROOM-1-N16R8
1265 8415 0 0 417 10 0 "Regular 宋体"
TF卡插槽
4815 4315 0 0 417 10 0 "Regular 宋体"
麦克风
9465 2215 0 0 417 10 0 "Regular 宋体"
螺丝
9415 2715 0 0 139 10 0 "Regular Arial"
M3*2 固定主板_M2*2+8 *4 铜柱 屏幕支撑_M2*4 固定屏幕
4185 6345 0 0 139 10 0 "Regular Arial"
按钮全买B2D2即可，B3D2是为了过DRC
6115 10765 0 0 139 10 0 "Regular Arial"
// USB烧录
6315 10515 0 0 139 10 0 "Regular Arial"
// USB供电线
11075 10875 0 0 139 10 0 "Regular Arial"
// 位时钟输入
11075 10745 0 0 139 10 0 "Regular Arial"
// 帧时钟输入
10915 9915 0 0 139 10 0 "Regular Arial"
// 负扬声器放大器输出
10065 10015 0 3 139 10 0 "Regular Arial"
// 正扬声器放大器输出
7415 10765 0 0 139 10 0 "Regular Arial"
// 关机和频道选择
7665 11165 0 0 139 10 0 "Regular Arial"
// 信号输入
7365 10315 0 0 139 10 0 "Regular Arial"
// 电源输入
3805 5535 0 0 139 10 0 "Regular Arial"
// I²S接口的串行数据字选择
5565 5465 0 0 139 10 0 "Regular Arial"
// I²S接口的串行数据输出
5445 4845 0 0 139 10 0 "Regular Arial"
// I²S接口的串行数据时钟
10355 6565 0 0 139 10 0 "Regular Arial"
IO35,IO36,IO37_PSRAM占用
4925 515 0 0 417 10 0 "Regular 宋体"
手动复位电路
2145 515 0 0 417 10 0 "Regular 宋体"
语音控制灯
11525 2485 0 0 274 10 0 "Regular 宋体"
长按3秒开关机控制IC
15315 8805 0 0 109 10 0 "Bold DOUYU Font"
使用充电状态检测时R19电阻不贴
525 6225 0 0 109 10 0 "Bold DOUYU Font"
使用KEY-MODE口时R21电阻不贴
12195 2095 0 0 274 10 0 "Regular 宋体"
控制电池BAT+或者VBUS打开/关闭到3.3V LDO前端
12265 4855 0 0 417 10 0 "Regular 宋体"
电池BAT+/VBUS自动切换管理
10435 4935 0 0 274 10 0 "Regular 宋体"
充电状态检测
10475 8625 0 0 274 10 0 "Regular 宋体"
电池电量检测
265 4025 0 0 219 10 0 "Bold DOUYU Font"
1.54寸屏幕FPC翻盖下接0.5mm座子，未转到PCB
265 3755 0 0 219 10 0 "Bold DOUYU Font"
两个螺母孔位对应的是1.54寸插针版屏幕
*LINES*
Drawing-Symbol_A4 LINES 0 0 32 43
CLOSED 5 10 255
9445 1915
9445 115
16465 115
16465 1915
9445 1915
OPEN 2 10 255
12445 115
12445 715
OPEN 2 10 255
10365 515
10365 1915
OPEN 2 10 255
13845 1915
13845 1315
OPEN 2 10 255
14845 1315
14845 1915
OPEN 2 10 255
11645 1315
11645 115
OPEN 2 10 255
11645 1115
9445 1115
OPEN 2 10 255
16465 1715
13845 1715
OPEN 2 10 255
16465 515
9445 515
OPEN 2 10 255
16465 1315
9445 1315
OPEN 2 10 255
16465 715
9445 715
OPEN 2 10 255
11645 915
9445 915
OPEN 2 10 255
16465 1515
9445 1515
OPEN 2 10 255
13245 715
13245 115
CLOSED 5 10 255
15 11715
15 15
16565 15
16565 11715
15 11715
CLOSED 5 10 255
115 11615
115 115
16465 115
16465 11615
115 11615
OPEN 2 10 255
2773 15
2773 115
OPEN 2 10 255
2773 11715
2773 11615
OPEN 2 10 255
5531 15
5531 115
OPEN 2 10 255
5531 11715
5531 11615
OPEN 2 10 255
8290 15
8290 115
OPEN 2 10 255
8290 11715
8290 11615
OPEN 2 10 255
11048 15
11048 115
OPEN 2 10 255
11048 11715
11048 11615
OPEN 2 10 255
13806 15
13806 115
OPEN 2 10 255
13806 11715
13806 11615
OPEN 2 10 255
15 8790
115 8790
OPEN 2 10 255
16565 8790
16465 8790
OPEN 2 10 255
15 5865
115 5865
OPEN 2 10 255
16565 5865
16465 5865
OPEN 2 10 255
15 2940
115 2940
OPEN 2 10 255
16565 2940
16465 2940
9545 1015 0 8 208 10 0 "Regular 宋体"
审阅
9545 1215 0 8 208 10 0 "Regular 宋体"
绘制
12045 615 0 12 208 10 0 "Regular 宋体"
版本
13945 1615 0 8 208 10 0 "Regular 宋体"
创建日期
13945 1415 0 8 208 10 0 "Regular 宋体"
物料编码
14115 625 0 8 208 10 0 "Regular 宋体"
页
15185 625 0 8 208 10 0 "Regular 宋体"
共
9545 1715 0 8 208 10 0 "Regular 宋体"
原理图
13945 1815 0 8 208 10 0 "Regular 宋体"
更新日期
12845 615 0 12 208 10 0 "Regular 宋体"
尺寸
9545 1415 0 8 208 10 0 "Regular 宋体"
图页
1394 65 0 12 139 10 0 "Regular 宋体"
1
1394 11665 0 12 139 10 0 "Regular 宋体"
1
4152 65 0 12 139 10 0 "Regular 宋体"
2
4152 11665 0 12 139 10 0 "Regular 宋体"
2
6910 65 0 12 139 10 0 "Regular 宋体"
3
6910 11665 0 12 139 10 0 "Regular 宋体"
3
9669 65 0 12 139 10 0 "Regular 宋体"
4
9669 11665 0 12 139 10 0 "Regular 宋体"
4
12427 65 0 12 139 10 0 "Regular 宋体"
5
12427 11665 0 12 139 10 0 "Regular 宋体"
5
15185 65 0 12 139 10 0 "Regular 宋体"
6
15185 11665 0 12 139 10 0 "Regular 宋体"
6
65 10252 0 12 139 10 0 "Regular 宋体"
A
16515 10252 0 12 139 10 0 "Regular 宋体"
A
65 7327 0 12 139 10 0 "Regular 宋体"
B
16515 7327 0 12 139 10 0 "Regular 宋体"
B
65 4402 0 12 139 10 0 "Regular 宋体"
C
16515 4402 0 12 139 10 0 "Regular 宋体"
C
65 1477 0 12 139 10 0 "Regular 宋体"
D
16515 1477 0 12 139 10 0 "Regular 宋体"
D
14845 315 0 12 278 10 0 "Regular Arial"
嘉立创EDA
12045 315 0 12 208 10 0 "Regular Arial"
V1.0
12865 315 0 12 208 10 0 "Regular Arial"
A4
14065 1015 0 12 278 10 0 "Regular Arial"
ArmourK08小智音响（1.54寸屏-充电可开关机版)
15885 625 0 12 208 10 0 "Regular Arial"
1
14965 1815 0 8 208 10 0 "Regular Arial"
2025-05-19
14965 1615 0 8 208 10 0 "Regular Arial"
2025-05-09
12165 1715 0 12 278 10 0 "Regular Arial"
armourk08小智音响（1.54寸屏-充电可开关机版irony)原理图
14715 625 0 12 208 10 0 "Regular Arial"
1
12165 1415 0 12 208 10 0 "Regular Arial"
P1
15 15 0 0 139 10 0 "Regular Arial"
1
15 15 0 0 139 10 0 "Regular Arial"
1
$$Line1 LINES 0 0 1 0
CLOSED 5 10 255
11865 11515
11865 9665
16315 9665
16315 11515
11865 11515
$$Line2 LINES 0 0 1 0
CLOSED 5 10 255
7015 9015
7015 4115
11765 4115
11765 9015
7015 9015
$$Line3 LINES 0 0 1 0
CLOSED 5 10 255
3815 11515
3815 8315
6865 8315
6865 11515
3815 11515
$$Line4 LINES 0 0 1 0
CLOSED 5 10 255
265 11515
265 8315
3715 8315
3715 11515
265 11515
$$Line5 LINES 0 0 1 0
CLOSED 5 10 255
7015 11515
7015 9115
11765 9115
11765 11515
7015 11515
$$Line6 LINES 0 0 1 0
CLOSED 5 10 255
265 8215
265 5915
6865 5915
6865 8215
265 8215
$$Line7 LINES 0 0 1 0
CLOSED 5 10 255
215 4015
215 265
8265 265
8265 4015
215 4015
$$Line8 LINES 0 0 1 0
CLOSED 5 10 255
3715 5815
3715 4125
6865 4125
6865 5815
3715 5815
$$Line9 LINES 0 0 1 0
CLOSED 5 10 255
8365 4015
8365 1985
11135 1985
11135 4015
8365 4015
*CAEDECAL*
PIN 0 0 100 10 100 10 2 1 0 0 0 1
TIMESTAMP 2026.07.14.09.31.18
"Default Font"
"Default Font"
0 0 0 0 94 6 0 "Regular default"
PART-TYPE
0 0 0 0 94 6 0 "Regular default"
REF-DES
OPEN 2 10 255
0 0
100 0
PIN_1 0 0 100 10 100 10 2 1 0 0 0 1
TIMESTAMP 2026.07.14.09.31.18
"Default Font"
"Default Font"
0 0 0 0 94 6 0 "Regular default"
PART-TYPE
0 0 0 0 94 6 0 "Regular default"
REF-DES
OPEN 2 10 255
0 0
30 0
PIN_2 0 0 100 10 100 10 2 1 0 0 0 1
TIMESTAMP 2026.07.14.09.31.18
"Default Font"
"Default Font"
0 0 0 0 94 6 0 "Regular default"
PART-TYPE
0 0 0 0 94 6 0 "Regular default"
REF-DES
OPEN 2 10 255
0 0
20 0
PIN_3 0 0 100 10 100 10 2 1 0 0 0 1
TIMESTAMP 2026.07.14.09.31.18
"Default Font"
"Default Font"
0 0 0 0 94 6 0 "Regular default"
PART-TYPE
0 0 0 0 94 6 0 "Regular default"
REF-DES
OPEN 2 10 255
0 0
200 0
PIN_4 0 0 100 10 100 10 2 1 0 0 0 1
TIMESTAMP 2026.07.14.09.31.18
"Default Font"
"Default Font"
0 0 0 0 94 6 0 "Regular default"
PART-TYPE
0 0 0 0 94 6 0 "Regular default"
REF-DES
OPEN 2 10 255
0 0
150 0
PIN_5 0 0 100 10 100 10 2 1 0 0 0 1
TIMESTAMP 2026.07.14.09.31.18
"Default Font"
"Default Font"
0 0 0 0 94 6 0 "Regular default"
PART-TYPE
0 0 0 0 94 6 0 "Regular default"
REF-DES
OPEN 2 10 255
0 0
50 0
PIN_6 0 0 100 10 100 10 2 1 0 0 0 1
TIMESTAMP 2026.07.14.09.31.18
"Default Font"
"Default Font"
0 0 0 0 94 6 0 "Regular default"
PART-TYPE
0 0 0 0 94 6 0 "Regular default"
REF-DES
OPEN 2 10 255
0 0
10 0
TF-015_C410351 0 0 100 10 100 10 2 2 0 13 0 0
TIMESTAMP 2026.07.14.09.31.18
"Default Font"
"Default Font"
0 0 0 0 94 6 0 "Regular default"
PART-TYPE
0 0 0 0 14 10 0 "Regular Arial"
REF-DES
CLOSED 5 10 255
-450 300
-450 -300
450 -300
450 300
-450 300
CIRCLE 2 10 255
-385 250
-415 250
T-550 200 0 0 50 10 0 4 110 -30 0 0 PIN
P-100 0 0 1 0 0 0 0 128
T-550 100 0 0 50 10 0 4 110 -30 0 0 PIN
P-100 0 0 1 0 0 0 0 128
T-550 0 0 0 50 10 0 4 110 -30 0 0 PIN
P-100 0 0 1 0 0 0 0 128
T-550 -100 0 0 50 10 0 4 110 -30 0 0 PIN
P-100 0 0 1 0 0 0 0 128
T-550 -200 0 0 50 10 0 4 110 -30 0 0 PIN
P-100 0 0 1 0 0 0 0 128
T550 -150 0 1 50 10 0 4 110 -30 0 0 PIN
P-100 0 0 1 0 0 0 0 128
T550 -50 0 1 50 10 0 4 110 -30 0 0 PIN
P-100 0 0 1 0 0 0 0 128
T550 50 0 1 50 10 0 4 110 -30 0 0 PIN
P-100 0 0 1 0 0 0 0 128
T550 150 0 1 50 10 0 4 110 -30 0 0 PIN
P-100 0 0 1 0 0 0 0 128
T-200 -400 90 0 50 10 0 4 110 -30 0 0 PIN
P-100 0 0 1 0 0 0 0 128
T-100 -400 90 0 50 10 0 4 110 -30 0 0 PIN
P-100 0 0 1 0 0 0 0 128
T0 -400 90 0 50 10 0 4 110 -30 0 0 PIN
P-100 0 0 1 0 0 0 0 128
T100 -400 90 0 50 10 0 4 110 -30 0 0 PIN
P-100 0 0 1 0 0 0 0 128
TS-1087B-B2D2 0 0 100 10 100 10 2 7 0 4 0 0
TIMESTAMP 2026.07.14.09.31.18
"Default Font"
"Default Font"
0 0 0 0 94 6 0 "Regular default"
PART-TYPE
0 0 0 0 14 10 0 "Regular Arial"
REF-DES
OPEN 2 10 255
100 0
200 0
OPEN 2 10 255
-200 0
-100 0
OPEN 2 10 255
-200 -100
-100 -100
OPEN 2 10 255
100 -100
200 -100
CLOSED 8 10 255
-150 50
150 50
150 50
150 100
150 100
-150 100
-150 100
-150 50
OPEN 6 10 255
-50 100
-50 150
-50 150
50 150
50 150
50 100
OPEN 2 10 255
-200 -100
200 -100
T-300 -100 0 0 50 10 0 4 110 -30 0 0 PIN
P-100 0 0 1 0 0 0 0 128
T300 -100 0 1 50 10 0 4 110 -30 0 0 PIN
P-100 0 0 1 0 0 0 0 128
T-300 0 0 0 50 10 0 4 110 -30 0 0 PIN
P-100 0 0 1 0 0 0 0 128
T300 0 0 1 50 10 0 4 110 -30 0 0 PIN
P-100 0 0 1 0 0 0 0 128
ESP32-S3-WROOM-1(N16R8) 0 0 100 10 100 10 2 2 0 41 0 0
TIMESTAMP 2026.07.14.09.31.18
"Default Font"
"Default Font"
0 0 0 0 94 6 0 "Regular default"
PART-TYPE
0 0 0 0 14 10 0 "Regular Arial"
REF-DES
CLOSED 5 10 255
-750 1450
-750 -1300
750 -1300
750 1450
-750 1450
CIRCLE 2 10 255
-685 600
-715 600
T-850 450 0 0 50 10 0 4 110 -30 0 0 PIN
P-100 0 0 1 0 0 0 0 128
T-850 350 0 0 50 10 0 4 110 -30 0 0 PIN
P-100 0 0 1 0 0 0 0 128
T-850 250 0 0 50 10 0 4 110 -30 0 0 PIN
P-100 0 0 1 0 0 0 0 128
T-850 150 0 0 50 10 0 4 110 -30 0 0 PIN
P-100 0 0 1 0 0 0 0 128
T-850 50 0 0 50 10 0 4 110 -30 0 0 PIN
P-100 0 0 1 0 0 0 0 128
T-850 -50 0 0 50 10 0 4 110 -30 0 0 PIN
P-100 0 0 1 0 0 0 0 128
T-850 -150 0 0 50 10 0 4 110 -30 0 0 PIN
P-100 0 0 1 0 0 0 0 128
T-850 -250 0 0 50 10 0 4 110 -30 0 0 PIN
P-100 0 0 1 0 0 0 0 128
T-850 -350 0 0 50 10 0 4 110 -30 0 0 PIN
P-100 0 0 1 0 0 0 0 128
T-850 -450 0 0 50 10 0 4 110 -30 0 0 PIN
P-100 0 0 1 0 0 0 0 128
T-850 -550 0 0 50 10 0 4 110 -30 0 0 PIN
P-100 0 0 1 0 0 0 0 128
T-850 -650 0 0 50 10 0 4 110 -30 0 0 PIN
P-100 0 0 1 0 0 0 0 128
T-850 -750 0 0 50 10 0 4 110 -30 0 0 PIN
P-100 0 0 1 0 0 0 0 128
T-850 -850 0 0 50 10 0 4 110 -30 0 0 PIN
P-100 0 0 1 0 0 0 0 128
T-500 -1400 90 0 50 10 0 4 110 -30 0 0 PIN
P-100 0 0 1 0 0 0 0 128
T-400 -1400 90 0 50 10 0 4 110 -30 0 0 PIN
P-100 0 0 1 0 0 0 0 128
T-300 -1400 90 0 50 10 0 4 110 -30 0 0 PIN
P-100 0 0 1 0 0 0 0 128
T-200 -1400 90 0 50 10 0 4 110 -30 0 0 PIN
P-100 0 0 1 0 0 0 0 128
T-100 -1400 90 0 50 10 0 4 110 -30 0 0 PIN
P-100 0 0 1 0 0 0 0 128
T0 -1400 90 0 50 10 0 4 110 -30 0 0 PIN
P-100 0 0 1 0 0 0 0 128
T100 -1400 90 0 50 10 0 4 110 -30 0 0 PIN
P-100 0 0 1 0 0 0 0 128
T200 -1400 90 0 50 10 0 4 110 -30 0 0 PIN
P-100 0 0 1 0 0 0 0 128
T300 -1400 90 0 50 10 0 4 110 -30 0 0 PIN
P-100 0 0 1 0 0 0 0 128
T400 -1400 90 0 50 10 0 4 110 -30 0 0 PIN
P-100 0 0 1 0 0 0 0 128
T500 -1400 90 0 50 10 0 4 110 -30 0 0 PIN
P-100 0 0 1 0 0 0 0 128
T600 -1400 90 0 50 10 0 4 110 -30 0 0 PIN
P-100 0 0 1 0 0 0 0 128
T850 -850 0 1 50 10 0 4 110 -30 0 0 PIN
P-100 0 0 1 0 0 0 0 128
T850 -750 0 1 50 10 0 4 110 -30 0 0 PIN
P-100 0 0 1 0 0 0 0 128
T850 -650 0 1 50 10 0 4 110 -30 0 0 PIN
P-100 0 0 1 0 0 0 0 128
T850 -550 0 1 50 10 0 4 110 -30 0 0 PIN
P-100 0 0 1 0 0 0 0 128
T850 -450 0 1 50 10 0 4 110 -30 0 0 PIN
P-100 0 0 1 0 0 0 0 128
T850 -350 0 1 50 10 0 4 110 -30 0 0 PIN
P-100 0 0 1 0 0 0 0 128
T850 -250 0 1 50 10 0 4 110 -30 0 0 PIN
P-100 0 0 1 0 0 0 0 128
T850 -150 0 1 50 10 0 4 110 -30 0 0 PIN
P-100 0 0 1 0 0 0 0 128
T850 -50 0 1 50 10 0 4 110 -30 0 0 PIN
P-100 0 0 1 0 0 0 0 128
T850 50 0 1 50 10 0 4 110 -30 0 0 PIN
P-100 0 0 1 0 0 0 0 128
T850 150 0 1 50 10 0 4 110 -30 0 0 PIN
P-100 0 0 1 0 0 0 0 128
T850 250 0 1 50 10 0 4 110 -30 0 0 PIN
P-100 0 0 1 0 0 0 0 128
T850 350 0 1 50 10 0 4 110 -30 0 0 PIN
P-100 0 0 1 0 0 0 0 128
T850 450 0 1 50 10 0 4 110 -30 0 0 PIN
P-100 0 0 1 0 0 0 0 128
T850 600 0 1 50 10 0 4 110 -30 0 0 PIN
P-100 0 0 1 0 0 0 0 128
TS-1087B-B3D2 0 0 100 10 100 10 2 7 0 4 0 0
TIMESTAMP 2026.07.14.09.31.18
"Default Font"
"Default Font"
0 0 0 0 94 6 0 "Regular default"
PART-TYPE
0 0 0 0 14 10 0 "Regular Arial"
REF-DES
OPEN 2 10 255
100 0
200 0
OPEN 2 10 255
-200 0
-100 0
OPEN 2 10 255
-200 -100
-100 -100
OPEN 2 10 255
100 -100
200 -100
CLOSED 8 10 255
-150 50
150 50
150 50
150 100
150 100
-150 100
-150 100
-150 50
OPEN 6 10 255
-50 100
-50 150
-50 150
50 150
50 150
50 100
OPEN 2 10 255
-200 -100
200 -100
T-300 -100 0 0 50 10 0 4 110 -30 0 0 PIN
P-100 0 0 1 0 0 0 0 128
T300 -100 0 1 50 10 0 4 110 -30 0 0 PIN
P-100 0 0 1 0 0 0 0 128
T-300 0 0 0 50 10 0 4 110 -30 0 0 PIN
P-100 0 0 1 0 0 0 0 128
T300 0 0 1 50 10 0 4 110 -30 0 0 PIN
P-100 0 0 1 0 0 0 0 128
MAX98357AETE+T_C20745475 0 0 100 10 100 10 2 2 0 17 0 0
TIMESTAMP 2026.07.14.09.31.18
"Default Font"
"Default Font"
0 0 0 0 94 6 0 "Regular default"
PART-TYPE
0 0 0 0 14 10 0 "Regular Arial"
REF-DES
CLOSED 5 10 255
-550 500
-550 -500
550 -500
550 500
-550 500
CIRCLE 2 10 255
-485 450
-515 450
T-650 300 0 0 50 10 0 4 110 -30 0 0 PIN
P-100 0 0 1 0 0 0 0 128
T-650 200 0 0 50 10 0 4 110 -30 0 0 PIN
P-100 0 0 1 0 0 0 0 128
T-650 100 0 0 50 10 0 4 110 -30 0 0 PIN
P-100 0 0 1 0 0 0 0 128
T-650 0 0 0 50 10 0 4 110 -30 0 0 PIN
P-100 0 0 1 0 0 0 0 128
T-650 -100 0 0 50 10 0 4 110 -30 0 0 PIN
P-100 0 0 1 0 0 0 0 128
T-650 -200 0 0 50 10 0 4 110 -30 0 0 PIN
P-100 0 0 1 0 0 0 0 128
T-650 -300 0 0 50 10 0 4 110 -30 0 0 PIN
P-100 0 0 1 0 0 0 0 128
T-650 -400 0 0 50 10 0 4 110 -30 0 0 PIN
P-100 0 0 1 0 0 0 0 128
T650 -400 0 1 50 10 0 4 110 -30 0 0 PIN
P-100 0 0 1 0 0 0 0 128
T650 -300 0 1 50 10 0 4 110 -30 0 0 PIN
P-100 0 0 1 0 0 0 0 128
T650 -200 0 1 50 10 0 4 110 -30 0 0 PIN
P-100 0 0 1 0 0 0 0 128
T650 -100 0 1 50 10 0 4 110 -30 0 0 PIN
P-100 0 0 1 0 0 0 0 128
T650 0 0 1 50 10 0 4 110 -30 0 0 PIN
P-100 0 0 1 0 0 0 0 128
T650 100 0 1 50 10 0 4 110 -30 0 0 PIN
P-100 0 0 1 0 0 0 0 128
T650 200 0 1 50 10 0 4 110 -30 0 0 PIN
P-100 0 0 1 0 0 0 0 128
T650 300 0 1 50 10 0 4 110 -30 0 0 PIN
P-100 0 0 1 0 0 0 0 128
T650 400 0 1 50 10 0 4 110 -30 0 0 PIN
P-100 0 0 1 0 0 0 0 128
5-Voltage 0 0 100 10 100 10 2 3 0 1 26 0
TIMESTAMP 2026.07.14.09.31.18
"Default Font"
"Default Font"
0 0 0 0 94 6 0 "Regular default"
PART-TYPE
0 0 0 0 94 6 0 "Regular default"
REF-DES
OPEN 2 10 255
-50 100
50 100
OPEN 2 10 255
0 100
0 50
OPEN 2 10 255
0 0
0 50
T0 0 90 0 0 10 0 4 10 -30 0 0 
P-100 0 0 1 0 0 0 0 128
Ground-GND 0 0 100 10 100 10 2 5 0 1 26 0
TIMESTAMP 2026.07.14.09.31.18
"Default Font"
"Default Font"
11 -10 0 0 14 10 0 "Regular Arial"
PART-TYPE
0 0 0 0 14 10 0 "Regular Arial"
REF-DES
OPEN 2 10 255
-100 -100
100 -100
OPEN 2 10 255
-10 -190
10 -190
OPEN 2 10 255
-40 -160
40 -160
OPEN 2 10 255
-70 -130
70 -130
OPEN 2 10 255
0 0
-0 -100
T0 0 90 2 0 10 0 4 10 -30 0 0 
P-100 0 0 1 0 0 0 0 128
CC0603KRX7R9BB104 0 0 100 10 100 10 2 4 0 2 0 0
TIMESTAMP 2026.07.14.09.31.18
"Default Font"
"Default Font"
0 0 0 0 94 6 0 "Regular default"
PART-TYPE
0 0 0 0 14 10 0 "Regular Arial"
REF-DES
OPEN 2 10 255
-20 -80
-20 80
OPEN 2 10 255
100 0
20 0
OPEN 2 10 255
20 80
20 -80
OPEN 2 10 255
-20 0
-100 0
T-200 0 0 0 50 10 0 4 110 -30 0 0 PIN
P-100 0 0 1 0 0 0 0 128
T200 0 0 1 50 10 0 4 110 -30 0 0 PIN
P-100 0 0 1 0 0 0 0 128
Netport-IN 0 0 100 10 100 10 2 2 0 1 0 0
TIMESTAMP 2026.07.14.09.31.18
"Default Font"
"Default Font"
-45 0 0 9 14 10 0 "Regular Arial"
PART-TYPE
0 0 0 0 14 10 0 "Regular Arial"
REF-DES
CLOSED 6 10 255
-100 0
-200 50
-400 50
-400 -50
-200 -50
-100 0
OPEN 2 10 255
0 0
-100 0
T0 0 0 1 0 10 0 4 10 -30 0 0 
P-100 0 0 1 0 0 0 0 128
0603WAF1002T5E 0 0 100 10 100 10 2 1 0 2 0 0
TIMESTAMP 2026.07.14.09.31.18
"Default Font"
"Default Font"
0 0 0 0 94 6 0 "Regular default"
PART-TYPE
0 0 0 0 14 10 0 "Regular Arial"
REF-DES
CLOSED 5 10 255
-100 40
-100 -40
100 -40
100 40
-100 40
T200 0 0 1 50 10 0 4 110 -30 0 0 PIN
P-100 0 0 1 0 0 0 0 128
T-200 0 0 0 50 10 0 4 110 -30 0 0 PIN
P-100 0 0 1 0 0 0 0 128
MLF1608A1R0JT000 0 0 100 10 100 10 2 4 0 2 0 0
TIMESTAMP 2026.07.14.09.31.18
"Default Font"
"Default Font"
0 0 0 0 94 6 0 "Regular default"
PART-TYPE
0 0 0 0 14 10 0 "Regular Arial"
REF-DES
OPEN 16 10 255
-169 1
-167 17
-167 17
-158 31
-158 31
-145 40
-145 40
-129 43
-129 43
-113 40
-113 40
-100 31
-100 31
-91 17
-91 17
-89 1
OPEN 16 10 255
-84 1
-82 17
-82 17
-73 31
-73 31
-60 40
-60 40
-44 43
-44 43
-28 40
-28 40
-15 31
-15 31
-6 17
-6 17
-4 1
OPEN 16 10 255
1 1
3 17
3 17
11 31
11 31
25 40
25 40
41 43
41 43
56 40
56 40
70 31
70 31
78 17
78 17
80 1
OPEN 16 10 255
87 1
89 17
89 17
98 31
98 31
111 40
111 40
127 43
127 43
143 40
143 40
156 31
156 31
165 17
165 17
167 1
T200 0 0 1 15 10 0 4 40 -30 0 0 PIN_1
P-100 0 0 1 0 0 0 0 128
T-200 0 0 0 15 10 0 4 40 -30 0 0 PIN_1
P-100 0 0 1 0 0 0 0 128
0603WAF1004T5E 0 0 100 10 100 10 2 1 0 2 0 0
TIMESTAMP 2026.07.14.09.31.18
"Default Font"
"Default Font"
0 0 0 0 94 6 0 "Regular default"
PART-TYPE
0 0 0 0 14 10 0 "Regular Arial"
REF-DES
CLOSED 5 10 255
-100 40
-100 -40
100 -40
100 40
-100 40
T200 0 0 1 50 10 0 4 110 -30 0 0 PIN
P-100 0 0 1 0 0 0 0 128
T-200 0 0 0 50 10 0 4 110 -30 0 0 PIN
P-100 0 0 1 0 0 0 0 128
CL10B221KB8NNNC 0 0 100 10 100 10 2 4 0 2 0 0
TIMESTAMP 2026.07.14.09.31.18
"Default Font"
"Default Font"
0 0 0 0 94 6 0 "Regular default"
PART-TYPE
0 0 0 0 14 10 0 "Regular Arial"
REF-DES
OPEN 2 10 255
-20 80
-20 -80
OPEN 2 10 255
20 80
20 -80
OPEN 2 10 255
-50 0
-20 0
OPEN 2 10 255
20 0
50 0
T-150 0 0 0 50 10 0 4 110 -30 0 0 PIN
P-100 0 0 1 0 0 0 0 128
T150 0 0 1 50 10 0 4 110 -30 0 0 PIN
P-100 0 0 1 0 0 0 0 128
CL21A226MAQNNNE 0 0 100 10 100 10 2 4 0 2 0 0
TIMESTAMP 2026.07.14.09.31.18
"Default Font"
"Default Font"
0 0 0 0 94 6 0 "Regular default"
PART-TYPE
0 0 0 0 14 10 0 "Regular Arial"
REF-DES
OPEN 2 10 255
-20 -80
-20 80
OPEN 2 10 255
100 0
20 0
OPEN 2 10 255
20 80
20 -80
OPEN 2 10 255
-20 0
-100 0
T-200 0 0 0 50 10 0 4 110 -30 0 0 PIN
P-100 0 0 1 0 0 0 0 128
T200 0 0 1 50 10 0 4 110 -30 0 0 PIN
P-100 0 0 1 0 0 0 0 128
ACD03K102JT 0 0 100 10 100 10 2 1 0 2 0 0
TIMESTAMP 2026.07.14.09.31.18
"Default Font"
"Default Font"
0 0 0 0 94 6 0 "Regular default"
PART-TYPE
0 0 0 0 14 10 0 "Regular Arial"
REF-DES
CLOSED 5 10 255
-100 40
-100 -40
100 -40
100 40
-100 40
T-200 0 0 0 50 10 0 4 110 -30 0 0 PIN
P-100 0 0 1 0 0 0 0 128
T200 0 0 1 50 10 0 4 110 -30 0 0 PIN
P-100 0 0 1 0 0 0 0 128
Netport-BI 0 0 100 10 100 10 2 2 0 1 0 0
TIMESTAMP 2026.07.14.09.31.18
"Default Font"
"Default Font"
45 0 0 8 14 10 0 "Regular Arial"
PART-TYPE
0 0 0 0 14 10 0 "Regular Arial"
REF-DES
CLOSED 7 10 255
100 0
200 50
300 50
400 0
300 -50
200 -50
100 0
OPEN 2 10 255
0 0
100 0
T0 0 0 0 0 10 0 4 10 -30 0 0 
P-100 0 0 1 0 0 0 0 128
ICS-43434_C5656610 0 0 100 10 100 10 2 2 0 6 0 0
TIMESTAMP 2026.07.14.09.31.18
"Default Font"
"Default Font"
0 0 0 0 94 6 0 "Regular default"
PART-TYPE
0 0 0 0 14 10 0 "Regular Arial"
REF-DES
CLOSED 5 10 255
-250 200
-250 -200
250 -200
250 200
-250 200
CIRCLE 2 10 255
-185 150
-215 150
T-350 100 0 0 50 10 0 4 110 -30 0 0 PIN
P-100 0 0 1 0 0 0 0 128
T-350 0 0 0 50 10 0 4 110 -30 0 0 PIN
P-100 0 0 1 0 0 0 0 128
T-350 -100 0 0 50 10 0 4 110 -30 0 0 PIN
P-100 0 0 1 0 0 0 0 128
T350 -100 0 1 50 10 0 4 110 -30 0 0 PIN
P-100 0 0 1 0 0 0 0 128
T350 0 0 1 50 10 0 4 110 -30 0 0 PIN
P-100 0 0 1 0 0 0 0 128
T350 100 0 1 50 10 0 4 110 -30 0 0 PIN
P-100 0 0 1 0 0 0 0 128
螺丝孔 0 0 100 10 100 10 2 6 0 1 0 0
TIMESTAMP 2026.07.14.09.31.18
"Default Font"
"Default Font"
0 0 0 0 94 6 0 "Regular default"
PART-TYPE
0 0 0 0 94 6 0 "Regular default"
REF-DES
OPEN 2 10 255
50 80
-50 40
OPEN 2 10 255
50 40
-50 -10
OPEN 2 10 255
50 -10
-50 -60
OPEN 2 10 255
100 80
-100 80
OPEN 5 10 255
50 80
50 -60
0 -110
-50 -60
-50 80
OPEN 2 10 255
-100 80 1431 -1063 -125 -120 125 130
100 80
T0 -120 90 0 10 10 0 4 30 -30 0 0 PIN_2
P-100 0 0 1 0 0 0 0 128
CapAcitance 0 0 100 10 100 10 2 4 0 2 0 0
TIMESTAMP 2026.07.14.09.31.18
"Default Font"
"Default Font"
0 0 0 0 94 6 0 "Regular default"
PART-TYPE
0 0 0 0 94 6 0 "Regular default"
REF-DES
OPEN 2 10 255
-20 -80
-20 80
OPEN 2 10 255
100 0
20 0
OPEN 2 10 255
20 80
20 -80
OPEN 2 10 255
-20 0
-100 0
T-200 0 0 0 50 10 0 4 110 -30 0 0 PIN
P-100 0 0 1 0 0 0 0 128
T200 0 0 1 50 10 0 4 110 -30 0 0 PIN
P-100 0 0 1 0 0 0 0 128
TYPEC-304-BCP16 0 0 100 10 100 10 2 2 0 16 0 0
TIMESTAMP 2026.07.14.09.31.18
"Default Font"
"Default Font"
0 0 0 0 94 6 0 "Regular default"
PART-TYPE
0 0 0 0 14 10 0 "Regular Arial"
REF-DES
CLOSED 5 10 255
-400 650
-400 -700
300 -700
300 650
-400 650
CIRCLE 2 10 255
-335 550
-365 550
T500 0 0 1 100 10 0 4 210 -30 0 0 PIN_3
P-100 0 0 1 0 0 0 0 128
T500 100 0 1 100 10 0 4 210 -30 0 0 PIN_3
P-100 0 0 1 0 0 0 0 128
T500 200 0 1 100 10 0 4 210 -30 0 0 PIN_3
P-100 0 0 1 0 0 0 0 128
T500 300 0 1 100 10 0 4 210 -30 0 0 PIN_3
P-100 0 0 1 0 0 0 0 128
T-500 -600 0 0 50 10 0 4 110 -30 0 0 PIN
P-100 0 0 1 0 0 0 0 128
T-500 -500 0 0 50 10 0 4 110 -30 0 0 PIN
P-100 0 0 1 0 0 0 0 128
T-500 -400 0 0 50 10 0 4 110 -30 0 0 PIN
P-100 0 0 1 0 0 0 0 128
T-500 -300 0 0 50 10 0 4 110 -30 0 0 PIN
P-100 0 0 1 0 0 0 0 128
T-500 -200 0 0 50 10 0 4 110 -30 0 0 PIN
P-100 0 0 1 0 0 0 0 128
T-500 -100 0 0 50 10 0 4 110 -30 0 0 PIN
P-100 0 0 1 0 0 0 0 128
T-500 0 0 0 50 10 0 4 110 -30 0 0 PIN
P-100 0 0 1 0 0 0 0 128
T-500 100 0 0 50 10 0 4 110 -30 0 0 PIN
P-100 0 0 1 0 0 0 0 128
T-500 200 0 0 50 10 0 4 110 -30 0 0 PIN
P-100 0 0 1 0 0 0 0 128
T-500 300 0 0 50 10 0 4 110 -30 0 0 PIN
P-100 0 0 1 0 0 0 0 128
T-500 400 0 0 50 10 0 4 110 -30 0 0 PIN
P-100 0 0 1 0 0 0 0 128
T-500 500 0 0 50 10 0 4 110 -30 0 0 PIN
P-100 0 0 1 0 0 0 0 128
CL10A106KP8NNNC 0 0 100 10 100 10 2 4 0 2 0 0
TIMESTAMP 2026.07.14.09.31.18
"Default Font"
"Default Font"
0 0 0 0 94 6 0 "Regular default"
PART-TYPE
0 0 0 0 14 10 0 "Regular Arial"
REF-DES
OPEN 2 10 255
-20 -80
-20 80
OPEN 2 10 255
100 0
20 0
OPEN 2 10 255
20 80
20 -80
OPEN 2 10 255
-20 0
-100 0
T-200 0 0 0 50 10 0 4 110 -30 0 0 PIN
P-100 0 0 1 0 0 0 0 128
T200 0 0 1 50 10 0 4 110 -30 0 0 PIN
P-100 0 0 1 0 0 0 0 128
ACD03K1002FT 0 0 100 10 100 10 2 1 0 2 0 0
TIMESTAMP 2026.07.14.09.31.18
"Default Font"
"Default Font"
0 0 0 0 94 6 0 "Regular default"
PART-TYPE
0 0 0 0 14 10 0 "Regular Arial"
REF-DES
CLOSED 5 10 255
-100 40
-100 -40
100 -40
100 40
-100 40
T-200 0 0 0 50 10 0 4 110 -30 0 0 PIN
P-100 0 0 1 0 0 0 0 128
T200 0 0 1 50 10 0 4 110 -30 0 0 PIN
P-100 0 0 1 0 0 0 0 128
CL10A105KB8NNNC 0 0 100 10 100 10 2 4 0 2 0 0
TIMESTAMP 2026.07.14.09.31.18
"Default Font"
"Default Font"
0 0 0 0 94 6 0 "Regular default"
PART-TYPE
0 0 0 0 14 10 0 "Regular Arial"
REF-DES
OPEN 2 10 255
-20 0
-100 0
OPEN 2 10 255
20 80
20 -80
OPEN 2 10 255
100 0
20 0
OPEN 2 10 255
-20 -80
-20 80
T200 0 0 1 50 10 0 4 110 -30 0 0 PIN
P-100 0 0 1 0 0 0 0 128
T-200 0 0 0 50 10 0 4 110 -30 0 0 PIN
P-100 0 0 1 0 0 0 0 128
Power-VCC 0 0 100 10 100 10 2 3 0 1 26 0
TIMESTAMP 2026.07.14.09.31.18
"Default Font"
"Default Font"
0 0 0 0 94 6 0 "Regular default"
PART-TYPE
0 0 0 0 94 6 0 "Regular default"
REF-DES
OPEN 2 10 255
-50 100
50 100
OPEN 2 10 255
0 100
0 50
OPEN 2 10 255
0 0
0 50
T0 0 90 0 0 10 0 4 10 -30 0 0 
P-100 0 0 1 0 0 0 0 128
TC-S3403-2.0-260G 0 0 100 10 100 10 2 5 0 2 0 0
TIMESTAMP 2026.07.14.09.31.18
"Default Font"
"Default Font"
0 0 0 0 94 6 0 "Regular default"
PART-TYPE
0 0 0 0 14 10 0 "Regular Arial"
REF-DES
OPEN 2 10 255
-60 20
60 50
OPEN 2 10 255
-80 0
-100 0
OPEN 2 10 255
70 0
100 0
CIRCLE 2 10 255
65 0
35 0
CIRCLE 2 10 255
-45 0
-75 0
T200 0 0 1 50 10 0 4 110 -30 0 0 PIN
P-100 0 0 1 0 0 0 0 128
T-200 0 0 0 50 10 0 4 110 -30 0 0 PIN
P-100 0 0 1 0 0 0 0 128
19-213/Y2C-CQ2R2L/3T(CY) 0 0 100 10 100 10 2 6 0 2 0 0
TIMESTAMP 2026.07.14.09.31.18
"Default Font"
"Default Font"
0 0 0 0 94 6 0 "Regular default"
PART-TYPE
0 0 0 0 14 10 0 "Regular Arial"
REF-DES
CLOSED 6 10 255
50 -60
-50 0
-50 0
50 60
50 60
50 -60
OPEN 2 10 255
-20 80
-90 150
OPEN 2 10 255
20 120
-50 190
CLOSED 6 10 255
-90 150
-50 130
-50 130
-70 110
-70 110
-90 150
CLOSED 6 10 255
-50 190
-10 170
-10 170
-30 150
-30 150
-50 190
OPEN 2 10 255
-50 60
-50 -60
T200 0 0 1 75 10 0 4 160 -30 0 0 PIN_4
P-100 0 0 1 0 0 0 0 128
T-200 0 0 0 75 10 0 4 160 -30 0 0 PIN_4
P-100 0 0 1 0 0 0 0 128
0402WGF4701TCE 0 0 100 10 100 10 2 1 0 2 0 0
TIMESTAMP 2026.07.14.09.31.18
"Default Font"
"Default Font"
0 0 0 0 94 6 0 "Regular default"
PART-TYPE
0 0 0 0 14 10 0 "Regular Arial"
REF-DES
CLOSED 5 10 255
-100 40
-100 -40
100 -40
100 40
-100 40
T200 0 0 1 50 10 0 4 110 -30 0 0 PIN
P-100 0 0 1 0 0 0 0 128
T-200 0 0 0 50 10 0 4 110 -30 0 0 PIN
P-100 0 0 1 0 0 0 0 128
0402WGF1002TCE 0 0 100 10 100 10 2 1 0 2 0 0
TIMESTAMP 2026.07.14.09.31.18
"Default Font"
"Default Font"
0 0 0 0 94 6 0 "Regular default"
PART-TYPE
0 0 0 0 14 10 0 "Regular Arial"
REF-DES
CLOSED 5 10 255
-100 40
-100 -40
100 -40
100 40
-100 40
T200 0 0 1 50 10 0 4 110 -30 0 0 PIN
P-100 0 0 1 0 0 0 0 128
T-200 0 0 0 50 10 0 4 110 -30 0 0 PIN
P-100 0 0 1 0 0 0 0 128
Ground-GND_1 0 0 100 10 100 10 2 5 0 1 26 0
TIMESTAMP 2026.07.14.09.31.18
"Default Font"
"Default Font"
0 0 0 0 94 6 0 "Regular default"
PART-TYPE
0 0 0 0 94 6 0 "Regular default"
REF-DES
OPEN 2 10 255
-100 -100
100 -100
OPEN 2 10 255
-10 -190
10 -190
OPEN 2 10 255
-40 -160
40 -160
OPEN 2 10 255
-70 -130
70 -130
OPEN 2 10 255
0 0
-0 -100
T0 0 90 2 0 10 0 4 10 -30 0 0 
P-100 0 0 1 0 0 0 0 128
RC0402FR-071K2L 0 0 100 10 100 10 2 1 0 2 0 0
TIMESTAMP 2026.07.14.09.31.18
"Default Font"
"Default Font"
0 0 0 0 94 6 0 "Regular default"
PART-TYPE
0 0 0 0 14 10 0 "Regular Arial"
REF-DES
CLOSED 5 10 255
-100 40
-100 -40
100 -40
100 40
-100 40
T200 0 0 1 50 10 0 4 110 -30 0 0 PIN
P-100 0 0 1 0 0 0 0 128
T-200 0 0 0 50 10 0 4 110 -30 0 0 PIN
P-100 0 0 1 0 0 0 0 128
VBUS 0 0 100 10 100 10 2 3 0 1 26 0
TIMESTAMP 2026.07.14.09.31.18
"Default Font"
"Default Font"
0 0 0 0 94 6 0 "Regular default"
PART-TYPE
0 0 0 0 94 6 0 "Regular default"
REF-DES
OPEN 2 10 255
0 100
0 0
OPEN 2 10 255
-50 100
50 100
OPEN 2 10 255
0 0
0 0
T0 0 0 0 0 10 0 4 10 -30 0 0 
P-100 0 0 1 0 0 0 0 128
TP4056M 0 0 100 10 100 10 2 1 0 9 0 0
TIMESTAMP 2026.07.14.09.31.18
"Default Font"
"Default Font"
0 0 0 0 94 6 0 "Regular default"
PART-TYPE
0 0 0 0 14 10 0 "Regular Arial"
REF-DES
CLOSED 5 10 255
-350 400
-350 -400
350 -400
350 400
-350 400
T-550 300 0 0 100 10 0 4 210 -30 0 0 PIN_3
P-100 0 0 1 0 0 0 0 128
T-550 100 0 0 100 10 0 4 210 -30 0 0 PIN_3
P-100 0 0 1 0 0 0 0 128
T-550 -100 0 0 100 10 0 4 210 -30 0 0 PIN_3
P-100 0 0 1 0 0 0 0 128
T-550 -300 0 0 100 10 0 4 210 -30 0 0 PIN_3
P-100 0 0 1 0 0 0 0 128
T550 -300 0 1 100 10 0 4 210 -30 0 0 PIN_3
P-100 0 0 1 0 0 0 0 128
T550 -100 0 1 100 10 0 4 210 -30 0 0 PIN_3
P-100 0 0 1 0 0 0 0 128
T550 100 0 1 100 10 0 4 210 -30 0 0 PIN_3
P-100 0 0 1 0 0 0 0 128
T550 300 0 1 100 10 0 4 210 -30 0 0 PIN_3
P-100 0 0 1 0 0 0 0 128
T0 -500 90 0 50 10 0 4 110 -30 0 0 PIN
P-100 0 0 1 0 0 0 0 128
C1210X7R475K630NT 0 0 100 10 100 10 2 4 0 2 0 0
TIMESTAMP 2026.07.14.09.31.18
"Default Font"
"Default Font"
0 0 0 0 94 6 0 "Regular default"
PART-TYPE
0 0 0 0 14 10 0 "Regular Arial"
REF-DES
OPEN 2 10 255
-20 -80
-20 80
OPEN 2 10 255
100 0
20 0
OPEN 2 10 255
20 80
20 -80
OPEN 2 10 255
-20 0
-100 0
T-200 0 0 0 50 10 0 4 110 -30 0 0 PIN
P-100 0 0 1 0 0 0 0 128
T200 0 0 1 50 10 0 4 110 -30 0 0 PIN
P-100 0 0 1 0 0 0 0 128
GRM21BR61H106KE43L 0 0 100 10 100 10 2 4 0 2 0 0
TIMESTAMP 2026.07.14.09.31.18
"Default Font"
"Default Font"
0 0 0 0 94 6 0 "Regular default"
PART-TYPE
0 0 0 0 14 10 0 "Regular Arial"
REF-DES
OPEN 2 10 255
-20 -80
-20 80
OPEN 2 10 255
100 0
20 0
OPEN 2 10 255
20 80
20 -80
OPEN 2 10 255
-20 0
-100 0
T-200 0 0 0 50 10 0 4 110 -30 0 0 PIN
P-100 0 0 1 0 0 0 0 128
T200 0 0 1 50 10 0 4 110 -30 0 0 PIN
P-100 0 0 1 0 0 0 0 128
B5819W_C7420330 0 0 100 10 100 10 2 4 0 2 0 0
TIMESTAMP 2026.07.14.09.31.18
"Default Font"
"Default Font"
0 0 0 0 94 6 0 "Regular default"
PART-TYPE
0 0 0 0 14 10 0 "Regular Arial"
REF-DES
OPEN 10 10 255
70 -50
70 -70
70 -70
50 -70
50 -70
50 70
50 70
30 70
30 70
30 50
OPEN 2 10 255
-100 0
-50 0
OPEN 2 10 255
50 0
100 0
CLOSED 6 10 255
-50 -70
50 0
50 0
-50 70
-50 70
-50 -70
T-200 0 0 0 50 10 0 4 110 -30 0 0 PIN
P-100 0 0 1 0 0 0 0 128
T200 0 0 1 50 10 0 4 110 -30 0 0 PIN
P-100 0 0 1 0 0 0 0 128
Netport-OUT 0 0 100 10 100 10 2 2 0 1 0 0
TIMESTAMP 2026.07.14.09.31.18
"Default Font"
"Default Font"
45 0 0 8 14 10 0 "Regular Arial"
PART-TYPE
0 0 0 0 14 10 0 "Regular Arial"
REF-DES
CLOSED 6 10 255
100 50
300 50
400 0
300 -50
100 -50
100 50
OPEN 2 10 255
0 0
100 0
T0 0 0 0 0 10 0 4 10 -30 0 0 
P-100 0 0 1 0 0 0 0 128
0402WGF1003TCE 0 0 100 10 100 10 2 1 0 2 0 0
TIMESTAMP 2026.07.14.09.31.18
"Default Font"
"Default Font"
0 0 0 0 94 6 0 "Regular default"
PART-TYPE
0 0 0 0 14 10 0 "Regular Arial"
REF-DES
CLOSED 5 10 255
-100 40
-100 -40
100 -40
100 40
-100 40
T200 0 0 1 50 10 0 4 110 -30 0 0 PIN
P-100 0 0 1 0 0 0 0 128
T-200 0 0 0 50 10 0 4 110 -30 0 0 PIN
P-100 0 0 1 0 0 0 0 128
SS34_C8678 0 0 100 10 100 10 2 3 0 2 0 0
TIMESTAMP 2026.07.14.09.31.18
"Default Font"
"Default Font"
0 0 0 0 94 6 0 "Regular default"
PART-TYPE
0 0 0 0 14 10 0 "Regular Arial"
REF-DES
CLOSED 6 10 255
50 60
-50 0
-50 0
50 -70
50 -70
50 60
OPEN 6 10 255
-50 0
-50 -80
-50 -80
-30 -80
-30 -80
-30 -70
OPEN 6 10 255
-50 0
-50 80
-50 80
-70 80
-70 80
-70 70
T200 0 0 1 75 10 0 4 160 -30 0 0 PIN_4
P-100 0 0 1 0 0 0 0 128
T-200 0 0 0 75 10 0 4 160 -30 0 0 PIN_4
P-100 0 0 1 0 0 0 0 128
WPM2341-3/TR 0 0 100 10 100 10 2 11 0 3 0 0
TIMESTAMP 2026.07.14.09.31.18
"Default Font"
"Default Font"
0 0 0 0 94 6 0 "Regular default"
PART-TYPE
0 0 0 0 14 10 0 "Regular Arial"
REF-DES
CLOSED 10 10 255
0 0
-60 -20
-60 -20
-60 -20
-60 -20
-60 20
-60 20
-60 20
-60 20
0 0
CLOSED 10 10 255
100 -30
70 20
70 20
70 20
70 20
130 20
130 20
130 20
130 20
100 -30
OPEN 14 10 255
-100 70
0 70
0 70
0 70
0 70
0 100
0 100
0 100
0 100
100 100
100 100
100 100
100 100
100 20
OPEN 14 10 255
-100 0
0 0
0 0
0 0
0 0
0 -100
0 -100
0 -100
0 -100
100 -100
100 -100
100 -100
100 -100
100 -30
OPEN 2 10 255
0 -70
-100 -70
OPEN 2 10 255
-120 90
-120 -90
OPEN 2 10 255
-100 90
-100 50
OPEN 2 10 255
-100 -20
-100 20
OPEN 2 10 255
-100 -90
-100 -50
OPEN 2 10 255
-200 0
-120 0
OPEN 10 10 255
140 -30
120 -30
120 -30
120 -30
120 -30
80 -30
80 -30
80 -30
80 -30
60 -30
T0 200 90 2 50 10 0 4 110 -30 0 0 PIN
P-100 0 0 1 0 0 0 0 128
T-300 0 0 0 50 10 0 4 110 -30 0 0 PIN
P-100 0 0 1 0 0 0 0 128
T0 -200 90 0 50 10 0 4 110 -30 0 0 PIN
P-100 0 0 1 0 0 0 0 128
GND 0 0 100 10 100 10 2 6 0 1 26 0
TIMESTAMP 2026.07.14.09.31.18
"Default Font"
"Default Font"
0 0 0 0 94 6 0 "Regular default"
PART-TYPE
0 0 0 0 94 6 0 "Regular default"
REF-DES
OPEN 2 10 255
0 0
100 0
OPEN 2 10 255
100 100
100 -100
OPEN 2 10 255
130 70
130 -70
OPEN 2 10 255
160 40
160 -40
OPEN 2 10 255
190 10
190 -10
OPEN 2 10 255
0 0
0 0
T0 0 90 2 0 10 0 4 10 -30 0 0 
P-100 0 0 1 0 0 0 0 128
VBATOUT 0 0 100 10 100 10 2 3 0 1 26 0
TIMESTAMP 2026.07.14.09.31.18
"Default Font"
"Default Font"
0 0 0 0 94 6 0 "Regular default"
PART-TYPE
0 0 0 0 94 6 0 "Regular default"
REF-DES
OPEN 2 10 255
0 0
100 0
OPEN 2 10 255
100 50
100 -50
OPEN 2 10 255
0 0
0 0
T0 0 90 2 0 10 0 4 10 -30 0 0 
P-100 0 0 1 0 0 0 0 128
S8050_C2146 0 0 100 10 100 10 2 4 0 3 0 0
TIMESTAMP 2026.07.14.09.31.18
"Default Font"
"Default Font"
0 0 0 0 94 6 0 "Regular default"
PART-TYPE
0 0 0 0 14 10 0 "Regular Arial"
REF-DES
OPEN 2 10 255
100 100
0 30
OPEN 2 10 255
0 -30
100 -100
OPEN 2 10 255
0 90
0 -90
CLOSED 6 10 255
100 -100
70 -50
70 -50
40 -90
40 -90
100 -100
T100 200 90 2 50 10 0 4 110 -30 0 0 PIN
P-100 0 0 1 0 0 0 0 128
T-100 0 0 0 50 10 0 4 110 -30 0 0 PIN
P-100 0 0 1 0 0 0 0 128
T100 -200 90 0 50 10 0 4 110 -30 0 0 PIN
P-100 0 0 1 0 0 0 0 128
BAT+ 0 0 100 10 100 10 2 2 0 1 0 0
TIMESTAMP 2026.07.14.09.31.18
"Default Font"
"Default Font"
0 0 0 0 94 6 0 "Regular default"
PART-TYPE
0 0 0 0 94 6 0 "Regular default"
REF-DES
CLOSED 10 10 255
0 0
-50 -50
-50 -50
-200 -50
-200 -50
-200 50
-200 50
-50 50
-50 50
0 0
OPEN 2 10 255
0 0
0 0
T0 0 0 0 0 10 0 4 10 -30 0 0 
P-100 0 0 1 0 0 0 0 128
EC190708 0 0 100 10 100 10 2 3 0 6 0 0
TIMESTAMP 2026.07.14.09.31.18
"Default Font"
"Default Font"
-30 -50 0 0 14 10 0 "Regular Arial"
PART-TYPE
0 0 0 0 14 10 0 "Regular Arial"
REF-DES
CIRCLE 2 10 255
-235 170
-265 170
CIRCLE 2 10 255
-235 170
-265 170
CLOSED 5 10 255
-300 220
-300 -220
300 -220
300 220
-300 220
T-400 100 0 0 50 10 0 4 110 -30 0 0 PIN
P-100 0 0 1 0 0 0 0 128
T-400 0 0 0 50 10 0 4 110 -30 0 0 PIN
P-100 0 0 1 0 0 0 0 128
T-400 -100 0 0 50 10 0 4 110 -30 0 0 PIN
P-100 0 0 1 0 0 0 0 128
T400 -100 0 1 50 10 0 4 110 -30 0 0 PIN
P-100 0 0 1 0 0 0 0 128
T400 0 0 1 50 10 0 4 110 -30 0 0 PIN
P-100 0 0 1 0 0 0 0 128
T400 100 0 1 50 10 0 4 110 -30 0 0 PIN
P-100 0 0 1 0 0 0 0 128
GND_1 0 0 100 10 100 10 2 6 0 1 26 0
TIMESTAMP 2026.07.14.09.31.18
"Default Font"
"Default Font"
0 0 0 0 94 6 0 "Regular default"
PART-TYPE
0 0 0 0 94 6 0 "Regular default"
REF-DES
OPEN 2 10 255
0 -100
0 0
OPEN 2 10 255
-90 -100
90 -100
OPEN 2 10 255
-60 -120
60 -120
OPEN 2 10 255
-30 -140
30 -140
OPEN 2 10 255
-10 -160
10 -160
OPEN 2 10 255
0 0
0 0
T0 0 0 0 0 10 0 4 10 -30 0 0 
P-100 0 0 1 0 0 0 0 128
EN 0 0 100 10 100 10 2 2 0 1 0 0
TIMESTAMP 2026.07.14.09.31.18
"Default Font"
"Default Font"
0 0 0 0 94 6 0 "Regular default"
PART-TYPE
0 0 0 0 94 6 0 "Regular default"
REF-DES
CLOSED 10 10 255
0 0
-50 -50
-50 -50
-200 -50
-200 -50
-200 50
-200 50
-50 50
-50 50
0 0
OPEN 2 10 255
0 0
0 0
T0 0 0 0 0 10 0 4 10 -30 0 0 
P-100 0 0 1 0 0 0 0 128
WS2812C-2020-V1 0 0 100 10 100 10 2 2 0 4 0 0
TIMESTAMP 2026.07.14.09.31.18
"Default Font"
"Default Font"
0 0 0 0 94 6 0 "Regular default"
PART-TYPE
0 0 0 0 14 10 0 "Regular Arial"
REF-DES
CIRCLE 2 10 255
-235 150
-265 150
CLOSED 5 10 255
-300 200
-300 -100
200 -100
200 200
-300 200
T300 100 0 1 50 10 0 4 110 -30 0 0 PIN
P-100 0 0 1 0 0 0 0 128
T300 0 0 1 50 10 0 4 110 -30 0 0 PIN
P-100 0 0 1 0 0 0 0 128
T-400 0 0 0 50 10 0 4 110 -30 0 0 PIN
P-100 0 0 1 0 0 0 0 128
T-400 100 0 0 50 10 0 4 110 -30 0 0 PIN
P-100 0 0 1 0 0 0 0 128
VCC3.3 0 0 100 10 100 10 2 3 0 1 26 0
TIMESTAMP 2026.07.14.09.31.18
"Default Font"
"Default Font"
0 0 0 0 94 6 0 "Regular default"
PART-TYPE
0 0 0 0 94 6 0 "Regular default"
REF-DES
OPEN 2 10 255
0 0
100 0
OPEN 2 10 255
100 50
100 -50
OPEN 2 10 255
0 0
0 0
T0 0 90 2 0 10 0 4 10 -30 0 0 
P-100 0 0 1 0 0 0 0 128
0402WGF0000TCE 0 0 100 10 100 10 2 1 0 2 0 0
TIMESTAMP 2026.07.14.09.31.18
"Default Font"
"Default Font"
0 0 0 0 94 6 0 "Regular default"
PART-TYPE
0 0 0 0 14 10 0 "Regular Arial"
REF-DES
CLOSED 5 10 255
-100 40
-100 -40
100 -40
100 40
-100 40
T200 0 0 1 50 10 0 4 110 -30 0 0 PIN
P-100 0 0 1 0 0 0 0 128
T-200 0 0 0 50 10 0 4 110 -30 0 0 PIN
P-100 0 0 1 0 0 0 0 128
0603WAF5101T5E 0 0 100 10 100 10 2 1 0 2 0 0
TIMESTAMP 2026.07.14.09.31.18
"Default Font"
"Default Font"
0 0 0 0 94 6 0 "Regular default"
PART-TYPE
0 0 0 0 14 10 0 "Regular Arial"
REF-DES
CLOSED 5 10 255
-100 40
-100 -40
100 -40
100 40
-100 40
T200 0 0 1 50 10 0 4 110 -30 0 0 PIN
P-100 0 0 1 0 0 0 0 128
T-200 0 0 0 50 10 0 4 110 -30 0 0 PIN
P-100 0 0 1 0 0 0 0 128
FPC-05F-12PH15 0 0 100 10 100 10 2 2 0 14 0 0
TIMESTAMP 2026.07.14.09.31.18
"Default Font"
"Default Font"
0 0 0 0 94 6 0 "Regular default"
PART-TYPE
0 0 0 0 14 10 0 "Regular Arial"
REF-DES
CLOSED 5 10 255
-100 650
-100 -650
200 -650
200 650
-100 650
CIRCLE 2 10 255
-35 600
-65 600
T-200 550 0 0 50 10 0 4 110 -30 0 0 PIN
P-100 0 0 1 0 0 0 0 128
T-200 450 0 0 50 10 0 4 110 -30 0 0 PIN
P-100 0 0 1 0 0 0 0 128
T-200 350 0 0 50 10 0 4 110 -30 0 0 PIN
P-100 0 0 1 0 0 0 0 128
T-200 250 0 0 50 10 0 4 110 -30 0 0 PIN
P-100 0 0 1 0 0 0 0 128
T-200 150 0 0 50 10 0 4 110 -30 0 0 PIN
P-100 0 0 1 0 0 0 0 128
T-200 50 0 0 50 10 0 4 110 -30 0 0 PIN
P-100 0 0 1 0 0 0 0 128
T-200 -50 0 0 50 10 0 4 110 -30 0 0 PIN
P-100 0 0 1 0 0 0 0 128
T-200 -150 0 0 50 10 0 4 110 -30 0 0 PIN
P-100 0 0 1 0 0 0 0 128
T-200 -250 0 0 50 10 0 4 110 -30 0 0 PIN
P-100 0 0 1 0 0 0 0 128
T-200 -350 0 0 50 10 0 4 110 -30 0 0 PIN
P-100 0 0 1 0 0 0 0 128
T-200 -450 0 0 50 10 0 4 110 -30 0 0 PIN
P-100 0 0 1 0 0 0 0 128
T-200 -550 0 0 50 10 0 4 110 -30 0 0 PIN
P-100 0 0 1 0 0 0 0 128
T150 -750 90 0 50 10 0 4 110 -30 0 0 PIN
P-100 0 0 1 0 0 0 0 128
T150 750 90 2 50 10 0 4 110 -30 0 0 PIN
P-100 0 0 1 0 0 0 0 128
0603WAF1001T5E 0 0 100 10 100 10 2 1 0 2 0 0
TIMESTAMP 2026.07.14.09.31.18
"Default Font"
"Default Font"
0 0 0 0 94 6 0 "Regular default"
PART-TYPE
0 0 0 0 14 10 0 "Regular Arial"
REF-DES
CLOSED 5 10 255
-100 40
-100 -40
100 -40
100 40
-100 40
T200 0 0 1 50 10 0 4 110 -30 0 0 PIN
P-100 0 0 1 0 0 0 0 128
T-200 0 0 0 50 10 0 4 110 -30 0 0 PIN
P-100 0 0 1 0 0 0 0 128
S8050_C20069125 0 0 100 10 100 10 2 4 0 3 0 0
TIMESTAMP 2026.07.14.09.31.18
"Default Font"
"Default Font"
0 0 0 0 94 6 0 "Regular default"
PART-TYPE
0 0 0 0 14 10 0 "Regular Arial"
REF-DES
OPEN 2 10 255
100 100
0 30
OPEN 2 10 255
0 -30
100 -100
OPEN 2 10 255
0 90
0 -90
CLOSED 6 10 255
100 -100
70 -50
70 -50
40 -90
40 -90
100 -100
T-100 0 0 0 50 10 0 4 110 -30 0 0 PIN
P-100 0 0 1 0 0 0 0 128
T100 200 90 2 50 10 0 4 110 -30 0 0 PIN
P-100 0 0 1 0 0 0 0 128
T100 -200 90 0 50 10 0 4 110 -30 0 0 PIN
P-100 0 0 1 0 0 0 0 128
0603WAF470KT5E 0 0 100 10 100 10 2 1 0 2 0 0
TIMESTAMP 2026.07.14.09.31.18
"Default Font"
"Default Font"
0 0 0 0 94 6 0 "Regular default"
PART-TYPE
0 0 0 0 14 10 0 "Regular Arial"
REF-DES
CLOSED 5 10 255
-100 40
-100 -40
100 -40
100 40
-100 40
T200 0 0 1 50 10 0 4 110 -30 0 0 PIN
P-100 0 0 1 0 0 0 0 128
T-200 0 0 0 50 10 0 4 110 -30 0 0 PIN
P-100 0 0 1 0 0 0 0 128
Short-Symbol 0 0 100 10 100 10 2 1 0 2 0 0
TIMESTAMP 2026.07.14.09.31.18
"Default Font"
"Default Font"
0 0 0 0 94 6 0 "Regular default"
PART-TYPE
0 0 0 0 94 6 0 "Regular default"
REF-DES
CLOSED 5 10 255
-50 0
0 30
50 0
0 -30
-50 0
T100 0 0 1 25 10 0 4 60 -30 0 0 PIN_5
P-100 0 0 1 0 0 0 0 128
T-100 0 0 0 25 10 0 4 60 -30 0 0 PIN_5
P-100 0 0 1 0 0 0 0 128
KT-0603R 0 0 100 10 100 10 2 6 0 2 0 0
TIMESTAMP 2026.07.14.09.31.18
"Default Font"
"Default Font"
0 0 0 0 94 6 0 "Regular default"
PART-TYPE
0 0 0 0 14 10 0 "Regular Arial"
REF-DES
CLOSED 6 10 255
-150 130
-110 110
-110 110
-130 90
-130 90
-150 130
CLOSED 6 10 255
-110 170
-70 150
-70 150
-90 130
-90 130
-110 170
OPEN 2 10 255
-80 60
-150 130
OPEN 2 10 255
-40 100
-110 170
OPEN 2 10 255
-50 80
-50 -80
CLOSED 6 10 255
50 -60
-50 0
-50 0
50 70
50 70
50 -60
T-200 0 0 0 75 10 0 4 160 -30 0 0 PIN_4
P-100 0 0 1 0 0 0 0 128
T200 0 0 1 75 10 0 4 160 -30 0 0 PIN_4
P-100 0 0 1 0 0 0 0 128
XL-1608PGC-06 0 0 100 10 100 10 2 8 0 2 0 0
TIMESTAMP 2026.07.14.09.31.18
"Default Font"
"Default Font"
0 0 0 0 94 6 0 "Regular default"
PART-TYPE
0 0 0 0 14 10 0 "Regular Arial"
REF-DES
CLOSED 6 10 255
-160 130
-120 110
-120 110
-140 90
-140 90
-160 130
CLOSED 6 10 255
-120 170
-80 150
-80 150
-100 130
-100 130
-120 170
OPEN 2 10 255
-90 60
-130 100
OPEN 2 10 255
-50 100
-90 140
OPEN 2 10 255
-50 0
-100 0
OPEN 2 10 255
100 0
50 0
OPEN 2 10 255
-50 70
-50 -70
CLOSED 6 10 255
50 70
-50 0
-50 0
50 -70
50 -70
50 70
T-200 0 0 0 50 10 0 4 110 -30 0 0 PIN
P-100 0 0 1 0 0 0 0 128
T200 0 0 1 50 10 0 4 110 -30 0 0 PIN
P-100 0 0 1 0 0 0 0 128
ME6211C33M5G-N 0 0 100 10 100 10 2 1 0 5 0 0
TIMESTAMP 2026.07.14.09.31.18
"Default Font"
"Default Font"
0 0 0 0 94 6 0 "Regular default"
PART-TYPE
0 0 0 0 14 10 0 "Regular Arial"
REF-DES
CLOSED 5 10 255
-400 220
-400 -220
400 -220
400 220
-400 220
T-500 100 0 0 50 10 0 4 110 -30 0 0 PIN
P-100 0 0 1 0 0 0 0 128
T-500 0 0 0 50 10 0 4 110 -30 0 0 PIN
P-100 0 0 1 0 0 0 0 128
T-500 -100 0 0 50 10 0 4 110 -30 0 0 PIN
P-100 0 0 1 0 0 0 0 128
T500 -100 0 1 50 10 0 4 110 -30 0 0 PIN
P-100 0 0 1 0 0 0 0 128
T500 100 0 1 50 10 0 4 110 -30 0 0 PIN
P-100 0 0 1 0 0 0 0 128
Test-Point 0 0 100 10 100 10 2 3 0 1 0 0
TIMESTAMP 2026.07.14.09.31.18
"Default Font"
"Default Font"
0 0 0 0 94 6 0 "Regular default"
PART-TYPE
23 -2 0 0 14 10 0 "Regular Arial"
REF-DES
CLOSED 8 10 255
0 0
20 60
20 80
60 170
90 160
50 60
30 50
0 0
OPEN 2 10 255
80 170 1593 -1705 78 121 151 194
150 150
OPEN 2 10 255
150 150 1744 1594 150 109 224 183
220 130
T0 0 90 0 5 10 0 4 20 -30 0 0 PIN_6
P-100 0 0 1 0 0 0 0 128
AO3401A 0 0 100 10 100 10 2 13 0 3 0 0
TIMESTAMP 2026.07.14.09.31.18
"Default Font"
"Default Font"
0 0 0 0 94 6 0 "Regular default"
PART-TYPE
0 0 0 0 14 10 0 "Regular Arial"
REF-DES
CLOSED 6 10 255
100 0
40 20
40 20
40 -20
40 -20
100 0
CLOSED 6 10 255
200 -20
230 30
230 30
170 30
170 30
200 -20
OPEN 4 10 255
100 -100
200 -100
200 -100
200 -20
OPEN 6 10 255
100 70
100 100
100 100
200 100
200 100
200 30
OPEN 2 10 255
100 70
0 70
OPEN 4 10 255
0 0
100 0
100 0
100 -100
OPEN 2 10 255
100 -70
0 -70
OPEN 2 10 255
-20 90
-20 -90
OPEN 2 10 255
0 50
0 90
OPEN 2 10 255
0 -20
0 20
OPEN 2 10 255
0 -90
0 -50
OPEN 2 10 255
-100 0
-20 0
OPEN 6 10 255
230 -20
220 -20
220 -20
180 -20
180 -20
170 -20
T100 200 90 2 50 10 0 4 110 -30 0 0 PIN
P-100 0 0 1 0 0 0 0 128
T-200 0 0 0 50 10 0 4 110 -30 0 0 PIN
P-100 0 0 1 0 0 0 0 128
T100 -200 90 0 50 10 0 4 110 -30 0 0 PIN
P-100 0 0 1 0 0 0 0 128
*PARTTYPE*
TF-015_C410351 UND 1 0 0 0
TIMESTAMP 2026.07.14.09.31.18
GATE 1 13 0
TF-015_C410351
1 0 U DAT2
2 0 U CD/DAT3
3 0 U CMD
4 0 U VDD
5 0 U CLX
6 0 U VSS
7 0 U DAT0
8 0 U DAT1
9 0 U CD
10 0 U EP
11 0 U EP
12 0 U EP
13 0 U EP
TS-1087B-B2D2 UND 1 0 0 0
TIMESTAMP 2026.07.14.09.31.18
GATE 1 4 0
TS-1087B-B2D2
3 0 U 3
4 0 U 4
1 0 U 1
2 0 U 2
ESP32-S3-WROOM-1(N16R8) UND 1 0 0 0
TIMESTAMP 2026.07.14.09.31.18
GATE 1 41 0
ESP32-S3-WROOM-1(N16R8)
1 0 U GND
2 0 U 3V3
3 0 U EN
4 0 U IO4
5 0 U IO5
6 0 U IO6
7 0 U IO7
8 0 U IO15
9 0 U IO16
10 0 U IO17
11 0 U IO18
12 0 U IO8
13 0 U IO19
14 0 U IO20
15 0 U IO3
16 0 U IO46
17 0 U IO9
18 0 U IO10
19 0 U IO11
20 0 U IO12
21 0 U IO13
22 0 U IO14
23 0 U IO21
24 0 U IO47
25 0 U IO48
26 0 U IO45
27 0 U IO0
28 0 U IO35
29 0 U IO36
30 0 U IO37
31 0 U IO38
32 0 U IO39
33 0 U IO40
34 0 U IO41
35 0 U IO42
36 0 U RXD0
37 0 U TXD0
38 0 U IO2
39 0 U IO1
40 0 U GND
41 0 U GND
TS-1087B-B3D2 UND 1 0 0 0
TIMESTAMP 2026.07.14.09.31.18
GATE 1 4 0
TS-1087B-B3D2
3 0 U 3
4 0 U 4
1 0 U 1
2 0 U 2
MAX98357AETE+T_C20745475 UND 1 0 0 0
TIMESTAMP 2026.07.14.09.31.18
GATE 1 17 0
MAX98357AETE+T_C20745475
1 0 U DIN
2 0 U GAIN_SLOT
3 0 U GND
4 0 U SD_MODE#
5 0 U N.C.
6 0 U N.C.
7 0 U VDD
8 0 U VDD
9 0 U OUTP
10 0 U OUTN
11 0 U GND
12 0 U N.C.
13 0 U N.C.
14 0 U LRCLK
15 0 U GND
16 0 U BCLK
17 0 U EP
CC0603KRX7R9BB104 UND 1 0 0 0
TIMESTAMP 2026.07.14.09.31.18
GATE 1 2 0
CC0603KRX7R9BB104
1 0 U 1
2 0 U 2
0603WAF1002T5E UND 1 0 0 0
TIMESTAMP 2026.07.14.09.31.18
GATE 1 2 0
0603WAF1002T5E
2 0 U 2
1 0 U 1
MLF1608A1R0JT000 UND 1 0 0 0
TIMESTAMP 2026.07.14.09.31.18
GATE 1 2 0
MLF1608A1R0JT000
2 0 U 2
1 0 U 1
0603WAF1004T5E UND 1 0 0 0
TIMESTAMP 2026.07.14.09.31.18
GATE 1 2 0
0603WAF1004T5E
2 0 U 2
1 0 U 1
CL10B221KB8NNNC UND 1 0 0 0
TIMESTAMP 2026.07.14.09.31.18
GATE 1 2 0
CL10B221KB8NNNC
1 0 U 1
2 0 U 2
CL21A226MAQNNNE UND 1 0 0 0
TIMESTAMP 2026.07.14.09.31.18
GATE 1 2 0
CL21A226MAQNNNE
1 0 U 1
2 0 U 2
ACD03K102JT UND 1 0 0 0
TIMESTAMP 2026.07.14.09.31.18
GATE 1 2 0
ACD03K102JT
1 0 U 1
2 0 U 2
ICS-43434_C5656610 UND 1 0 0 0
TIMESTAMP 2026.07.14.09.31.18
GATE 1 6 0
ICS-43434_C5656610
1 0 U WS
2 0 U LR
3 0 U GND
4 0 U SCK
5 0 U VDD
6 0 U SD
螺丝孔 UND 1 0 0 0
TIMESTAMP 2026.07.14.09.31.18
GATE 1 1 0
螺丝孔
1 0 U 1
CapAcitance UND 1 0 0 0
TIMESTAMP 2026.07.14.09.31.18
GATE 1 2 0
CapAcitance
1 0 U 1
2 0 U 2
TYPEC-304-BCP16 UND 1 0 0 0
TIMESTAMP 2026.07.14.09.31.18
GATE 1 16 0
TYPEC-304-BCP16
16 0 U GND
15 0 U GND
14 0 U GND
13 0 U GND
B8 0 U SBU2
B7 0 U DN2
B6 0 U DP2
B5 0 U CC2
B4A9 0 U VBUS
B1A12 0 U GND
A8 0 U SBU1
A7 0 U DN1
A6 0 U DP1
A5 0 U CC1
A4B9 0 U VBUS
A1B12 0 U GND
CL10A106KP8NNNC UND 1 0 0 0
TIMESTAMP 2026.07.14.09.31.18
GATE 1 2 0
CL10A106KP8NNNC
1 0 U 1
2 0 U 2
ACD03K1002FT UND 1 0 0 0
TIMESTAMP 2026.07.14.09.31.18
GATE 1 2 0
ACD03K1002FT
1 0 U 1
2 0 U 2
CL10A105KB8NNNC UND 1 0 0 0
TIMESTAMP 2026.07.14.09.31.18
GATE 1 2 0
CL10A105KB8NNNC
2 0 U 2
1 0 U 1
TC-S3403-2.0-260G UND 1 0 0 0
TIMESTAMP 2026.07.14.09.31.18
GATE 1 2 0
TC-S3403-2.0-260G
2 0 U 2
1 0 U 1
19-213/Y2C-CQ2R2L/3T(CY) UND 1 0 0 0
TIMESTAMP 2026.07.14.09.31.18
GATE 1 2 0
19-213/Y2C-CQ2R2L/3T(CY)
2 0 U A
1 0 U C
0402WGF4701TCE UND 1 0 0 0
TIMESTAMP 2026.07.14.09.31.18
GATE 1 2 0
0402WGF4701TCE
2 0 U 2
1 0 U 1
0402WGF1002TCE UND 1 0 0 0
TIMESTAMP 2026.07.14.09.31.18
GATE 1 2 0
0402WGF1002TCE
2 0 U 2
1 0 U 1
RC0402FR-071K2L UND 1 0 0 0
TIMESTAMP 2026.07.14.09.31.18
GATE 1 2 0
RC0402FR-071K2L
2 0 U 2
1 0 U 1
TP4056M UND 1 0 0 0
TIMESTAMP 2026.07.14.09.31.18
GATE 1 9 0
TP4056M
1 0 U TEMP
2 0 U PROG
3 0 U GND
4 0 U VCC
5 0 U BAT
6 0 U STDBY#
7 0 U CHRG#
8 0 U CE
9 0 U 9
C1210X7R475K630NT UND 1 0 0 0
TIMESTAMP 2026.07.14.09.31.18
GATE 1 2 0
C1210X7R475K630NT
1 0 U 1
2 0 U 2
GRM21BR61H106KE43L UND 1 0 0 0
TIMESTAMP 2026.07.14.09.31.18
GATE 1 2 0
GRM21BR61H106KE43L
1 0 U 1
2 0 U 2
B5819W_C7420330 UND 1 0 0 0
TIMESTAMP 2026.07.14.09.31.18
GATE 1 2 0
B5819W_C7420330
1 0 U A
2 0 U K
0402WGF1003TCE UND 1 0 0 0
TIMESTAMP 2026.07.14.09.31.18
GATE 1 2 0
0402WGF1003TCE
2 0 U 2
1 0 U 1
SS34_C8678 UND 1 0 0 0
TIMESTAMP 2026.07.14.09.31.18
GATE 1 2 0
SS34_C8678
2 0 U A
1 0 U K
WPM2341-3/TR UND 1 0 0 0
TIMESTAMP 2026.07.14.09.31.18
GATE 1 3 0
WPM2341-3/TR
3 0 U D
1 0 U G
2 0 U S
S8050_C2146 UND 1 0 0 0
TIMESTAMP 2026.07.14.09.31.18
GATE 1 3 0
S8050_C2146
3 0 U C
1 0 U B
2 0 U E
EC190708 UND 1 0 0 0
TIMESTAMP 2026.07.14.09.31.18
GATE 1 6 0
EC190708
1 0 U OUT
2 0 U GND
3 0 U KEY
4 0 U NC
5 0 U VDD
6 0 U NC
WS2812C-2020-V1 UND 1 0 0 0
TIMESTAMP 2026.07.14.09.31.18
GATE 1 4 0
WS2812C-2020-V1
4 0 U VDD
3 0 U DI
2 0 U GND
1 0 U DO
0402WGF0000TCE UND 1 0 0 0
TIMESTAMP 2026.07.14.09.31.18
GATE 1 2 0
0402WGF0000TCE
2 0 U 2
1 0 U 1
0603WAF5101T5E UND 1 0 0 0
TIMESTAMP 2026.07.14.09.31.18
GATE 1 2 0
0603WAF5101T5E
2 0 U 2
1 0 U 1
FPC-05F-12PH15 UND 1 0 0 0
TIMESTAMP 2026.07.14.09.31.18
GATE 1 14 0
FPC-05F-12PH15
1 0 U 1
2 0 U 2
3 0 U 3
4 0 U 4
5 0 U 5
6 0 U 6
7 0 U 7
8 0 U 8
9 0 U 9
10 0 U 10
11 0 U 11
12 0 U 12
13 0 U 13
14 0 U 14
0603WAF1001T5E UND 1 0 0 0
TIMESTAMP 2026.07.14.09.31.18
GATE 1 2 0
0603WAF1001T5E
2 0 U 2
1 0 U 1
S8050_C20069125 UND 1 0 0 0
TIMESTAMP 2026.07.14.09.31.18
GATE 1 3 0
S8050_C20069125
1 0 U B
3 0 U C
2 0 U E
0603WAF470KT5E UND 1 0 0 0
TIMESTAMP 2026.07.14.09.31.18
GATE 1 2 0
0603WAF470KT5E
2 0 U 2
1 0 U 1
KT-0603R UND 1 0 0 0
TIMESTAMP 2026.07.14.09.31.18
GATE 1 2 0
KT-0603R
1 0 U K
2 0 U A
XL-1608PGC-06 UND 1 0 0 0
TIMESTAMP 2026.07.14.09.31.18
GATE 1 2 0
XL-1608PGC-06
1 0 U K
2 0 U A
ME6211C33M5G-N UND 1 0 0 0
TIMESTAMP 2026.07.14.09.31.18
GATE 1 5 0
ME6211C33M5G-N
1 0 U VIN
2 0 U VSS
3 0 U CE
4 0 U NC
5 0 U VOUT
Test-Point UND 1 0 0 0
TIMESTAMP 2026.07.14.09.31.18
GATE 1 1 0
Test-Point
1 0 U 1
AO3401A UND 1 0 0 0
TIMESTAMP 2026.07.14.09.31.18
GATE 1 3 0
AO3401A
3 0 U D
1 0 U G
2 0 U S
$PWR_SYMS UND 0 0 2 0
TIMESTAMP 2026.07.14.09.31.18
PWR 9
5-Voltage P 5-Voltage
Ground-GND P Ground-GND
Power-VCC P Power-VCC
Ground-GND_1 P Ground-GND_1
VBUS P VBUS
GND P GND
VBATOUT P VBATOUT
GND_1 P GND_1
VCC3.3 P VCC3.3
$OSR_SYMS UND 0 0 2 0
TIMESTAMP 2026.07.14.09.31.18
OFF 5
Netport-IN U
Netport-BI U
Netport-OUT U
BAT+ U
EN U
*PART*
TF1 TF-015_C410351 2065 10965 0 0 100 10 100 10 3 9 13 0 0 6
"Default Font"
"Default Font"
-250 350 0 0 139 10 1 "Regular Arial"
REF-DES
-100 -150 0 0 139 10 1 "Regular Arial"
PART-TYPE
-100 -150 0 0 139 10 1 "Regular Arial"
Name
"JLCPCB Part Class" Extended Part
"Footprint" TF-SMD_TF-015
"Symbol" TF-015_C410351
"Name" TF-015
"Device" TF-015_C410351
"Unique ID" gge1
"Reuse Block" 
"Group ID" 
"Channel ID" 
0 50 10 0 4
1 50 10 0 4
2 50 10 0 4
3 50 10 0 4
4 50 10 0 4
5 50 10 0 4
6 50 10 0 4
7 50 10 0 4
8 50 10 0 4
9 50 10 0 4
10 50 10 0 4
11 50 10 0 4
12 50 10 0 4
SW1 TS-1087B-B2D2 2305 7045 0 0 100 10 100 10 3 7 4 0 0 14
"Default Font"
"Default Font"
-200 150 0 0 139 10 1 "Regular Arial"
REF-DES
-200 -250 0 0 139 10 1 "Regular Arial"
PART-TYPE
-200 -250 0 0 139 10 1 "Regular Arial"
Name
"Symbol" TS-1087B-B2D2
"Name" TS-1087B-B2D2
"Device" TS-1087B-B2D2
"Reuse Block" 
"Group ID" 
"Channel ID" 
"Unique ID" gge3
0 50 10 0 4
1 50 10 0 4
2 50 10 0 4
3 50 10 0 4
SW2 TS-1087B-B2D2 3265 7045 0 0 100 10 100 10 3 7 4 0 0 14
"Default Font"
"Default Font"
-200 150 0 0 139 10 1 "Regular Arial"
REF-DES
-200 -250 0 0 139 10 1 "Regular Arial"
PART-TYPE
-200 -250 0 0 139 10 1 "Regular Arial"
Name
"Symbol" TS-1087B-B2D2
"Name" TS-1087B-B2D2
"Device" TS-1087B-B2D2
"Reuse Block" 
"Group ID" 
"Channel ID" 
"Unique ID" gge4
0 50 10 0 4
1 50 10 0 4
2 50 10 0 4
3 50 10 0 4
SW3 TS-1087B-B2D2 5105 7045 0 0 100 10 100 10 3 7 4 0 0 14
"Default Font"
"Default Font"
-200 150 0 0 139 10 1 "Regular Arial"
REF-DES
-200 -250 0 0 139 10 1 "Regular Arial"
PART-TYPE
-200 -250 0 0 139 10 1 "Regular Arial"
Name
"Symbol" TS-1087B-B2D2
"Name" TS-1087B-B2D2
"Device" TS-1087B-B2D2
"Reuse Block" 
"Group ID" 
"Channel ID" 
"Unique ID" gge6
0 50 10 0 4
1 50 10 0 4
2 50 10 0 4
3 50 10 0 4
U1 ESP32-S3-WROOM-1(N16R8) 9265 7315 0 0 100 10 100 10 3 7 41 0 0 6
"Default Font"
"Default Font"
-400 300 0 0 139 10 1 "Regular Arial"
REF-DES
-550 900 0 0 139 10 1 "Regular Arial"
PART-TYPE
-550 900 0 0 139 10 1 "Regular Arial"
Name
"Symbol" ESP32-S3-WROOM-1(N16R8)
"Name" ESP32-S3-WROOM-1-N16R8
"Device" ESP32-S3-WROOM-1-N16R8
"Reuse Block" 
"Group ID" 
"Channel ID" 
"Unique ID" gge7
0 50 10 0 4
1 50 10 0 4
2 50 10 0 4
3 50 10 0 4
4 50 10 0 4
5 50 10 0 4
6 50 10 0 4
7 50 10 0 4
8 50 10 0 4
9 50 10 0 4
10 50 10 0 4
11 50 10 0 4
12 50 10 0 4
13 50 10 0 4
14 50 10 0 4
15 50 10 0 4
16 50 10 0 4
17 50 10 0 4
18 50 10 0 4
19 50 10 0 4
20 50 10 0 4
21 50 10 0 4
22 50 10 0 4
23 50 10 0 4
24 50 10 0 4
25 50 10 0 4
26 50 10 0 4
27 50 10 0 4
28 50 10 0 4
29 50 10 0 4
30 50 10 0 4
31 50 10 0 4
32 50 10 0 4
33 50 10 0 4
34 50 10 0 4
35 50 10 0 4
36 50 10 0 4
37 50 10 0 4
38 50 10 0 4
39 50 10 0 4
40 50 10 0 4
SW4 TS-1087B-B3D2 4205 7045 0 0 100 10 100 10 3 8 4 0 0 14
"Default Font"
"Default Font"
-200 150 0 0 139 10 1 "Regular Arial"
REF-DES
-200 -250 0 0 139 10 1 "Regular Arial"
PART-TYPE
-200 -250 0 0 139 10 1 "Regular Arial"
Name
"JLCPCB Part Class" Extended Part
"Symbol" TS-1087B-B3D2
"Name" TS-1087B-B2D2
"Device" TS-1087B-B2D2
"Unique ID" gge8
"Reuse Block" 
"Group ID" 
"Channel ID" 
0 50 10 0 4
1 50 10 0 4
2 50 10 0 4
3 50 10 0 4
MAX1 MAX98357AETE+T_C20745475 9515 10915 0 0 100 10 100 10 3 7 17 0 0 6
"Default Font"
"Default Font"
-200 300 0 0 139 10 1 "Regular Arial"
REF-DES
-400 -650 0 0 139 10 1 "Regular Arial"
PART-TYPE
-400 -650 0 0 139 10 1 "Regular Arial"
Name
"Symbol" MAX98357AETE+T_C20745475
"Name" MAX98357AETE+T
"Device" MAX98357AETE+T_C20745475
"Reuse Block" 
"Group ID" 
"Channel ID" 
"Unique ID" gge10
0 50 10 0 4
1 50 10 0 4
2 50 10 0 4
3 50 10 0 4
4 50 10 0 4
5 50 10 0 4
6 50 10 0 4
7 50 10 0 4
8 50 10 0 4
9 50 10 0 4
10 50 10 0 4
11 50 10 0 4
12 50 10 0 4
13 50 10 0 4
14 50 10 0 4
15 50 10 0 4
16 50 10 0 4
C1 CC0603KRX7R9BB104 15165 10665 90 0 100 10 100 10 3 7 2 0 0 30
"Default Font"
"Default Font"
0 0 90 3 139 10 1 "Regular Arial"
REF-DES
-100 0 90 3 139 10 1 "Regular Arial"
PART-TYPE
-100 0 90 3 139 10 1 "Regular Arial"
Name
"Symbol" CC0603KRX7R9BB104
"Name" 100nF
"Device" CC0603KRX7R9BB104
"Unique ID" gge13
"Reuse Block" 
"Group ID" 
"Channel ID" 
0 50 10 0 4
1 50 10 0 4
R1 0603WAF1002T5E 1065 9315 90 0 100 10 100 10 3 7 2 0 0 30
"Default Font"
"Default Font"
0 -60 90 3 139 10 1 "Regular Arial"
REF-DES
-100 -50 90 3 139 10 1 "Regular Arial"
PART-TYPE
-100 -50 90 3 139 10 1 "Regular Arial"
Name
"Symbol" 0603WAF1002T5E
"Name" 10kΩ
"Device" 0603WAF1002T5E
"Unique ID" gge19_1
"Reuse Block" 
"Group ID" 
"Channel ID" 
0 50 10 0 4
1 50 10 0 4
R2 0603WAF1002T5E 1415 9315 90 0 100 10 100 10 3 7 2 0 0 30
"Default Font"
"Default Font"
0 -60 90 3 139 10 1 "Regular Arial"
REF-DES
-100 -50 90 3 139 10 1 "Regular Arial"
PART-TYPE
-100 -50 90 3 139 10 1 "Regular Arial"
Name
"Symbol" 0603WAF1002T5E
"Name" 10kΩ
"Device" 0603WAF1002T5E
"Unique ID" gge19_2
"Reuse Block" 
"Group ID" 
"Channel ID" 
0 50 10 0 4
1 50 10 0 4
R3 0603WAF1002T5E 1815 9315 90 0 100 10 100 10 3 7 2 0 0 30
"Default Font"
"Default Font"
0 -60 90 3 139 10 1 "Regular Arial"
REF-DES
-100 -50 90 3 139 10 1 "Regular Arial"
PART-TYPE
-100 -50 90 3 139 10 1 "Regular Arial"
Name
"Symbol" 0603WAF1002T5E
"Name" 10kΩ
"Device" 0603WAF1002T5E
"Unique ID" gge19_3
"Reuse Block" 
"Group ID" 
"Channel ID" 
0 50 10 0 4
1 50 10 0 4
R4 0603WAF1002T5E 2215 9315 90 0 100 10 100 10 3 7 2 0 0 30
"Default Font"
"Default Font"
0 -60 90 3 139 10 1 "Regular Arial"
REF-DES
-100 -50 90 3 139 10 1 "Regular Arial"
PART-TYPE
-100 -50 90 3 139 10 1 "Regular Arial"
Name
"Symbol" 0603WAF1002T5E
"Name" 10kΩ
"Device" 0603WAF1002T5E
"Unique ID" gge19_4
"Reuse Block" 
"Group ID" 
"Channel ID" 
0 50 10 0 4
1 50 10 0 4
R5 0603WAF1002T5E 2565 9315 90 0 100 10 100 10 3 7 2 0 0 30
"Default Font"
"Default Font"
0 -60 90 3 139 10 1 "Regular Arial"
REF-DES
-100 -50 90 3 139 10 1 "Regular Arial"
PART-TYPE
-100 -50 90 3 139 10 1 "Regular Arial"
Name
"Symbol" 0603WAF1002T5E
"Name" 10kΩ
"Device" 0603WAF1002T5E
"Unique ID" gge19_5
"Reuse Block" 
"Group ID" 
"Channel ID" 
0 50 10 0 4
1 50 10 0 4
L1 MLF1608A1R0JT000 10165 10312 90 0 100 10 100 10 3 7 2 0 0 30
"Default Font"
"Default Font"
50 -50 90 3 139 10 1 "Regular Arial"
REF-DES
-50 -50 90 3 139 10 1 "Regular Arial"
PART-TYPE
-50 -50 90 3 139 10 1 "Regular Arial"
Name
"Symbol" MLF1608A1R0JT000
"Name" 1uH
"Device" MLF1608A1R0JT000
"Unique ID" gge20
"Reuse Block" 
"Group ID" 
"Channel ID" 
0 15 10 0 4
1 15 10 0 4
L2 MLF1608A1R0JT000 10665 10386 90 0 100 10 100 10 3 7 2 0 0 30
"Default Font"
"Default Font"
39 -50 90 3 139 10 1 "Regular Arial"
REF-DES
-71 -40 90 3 139 10 1 "Regular Arial"
PART-TYPE
-71 -40 90 3 139 10 1 "Regular Arial"
Name
"Symbol" MLF1608A1R0JT000
"Name" 1uH
"Device" MLF1608A1R0JT000
"Unique ID" gge21
"Reuse Block" 
"Group ID" 
"Channel ID" 
0 15 10 0 4
1 15 10 0 4
R6 0603WAF1004T5E 8465 10765 0 0 100 10 100 10 3 7 2 0 0 30
"Default Font"
"Default Font"
-100 50 0 0 139 10 1 "Regular Arial"
REF-DES
-100 -150 0 0 139 10 1 "Regular Arial"
PART-TYPE
-100 -150 0 0 139 10 1 "Regular Arial"
Name
"Symbol" 0603WAF1004T5E
"Name" 1MΩ
"Device" 0603WAF1004T5E
"Reuse Block" 
"Group ID" 
"Channel ID" 
"Unique ID" gge22
0 50 10 0 4
1 50 10 0 4
C2 CL10B221KB8NNNC 10167 9862 90 0 100 10 100 10 3 7 2 0 0 30
"Default Font"
"Default Font"
42 -37 90 3 139 10 1 "Regular Arial"
REF-DES
-138 -57 90 3 139 10 1 "Regular Arial"
PART-TYPE
-138 -57 90 3 139 10 1 "Regular Arial"
Name
"Symbol" CL10B221KB8NNNC
"Name" 220pF
"Device" CL10B221KB8NNNC
"Unique ID" gge23
"Reuse Block" 
"Group ID" 
"Channel ID" 
0 50 10 0 4
1 50 10 0 4
C3 CL10B221KB8NNNC 10668 9862 90 0 100 10 100 10 3 7 2 0 0 30
"Default Font"
"Default Font"
43 -27 90 3 139 10 1 "Regular Arial"
REF-DES
-137 -47 90 3 139 10 1 "Regular Arial"
PART-TYPE
-137 -47 90 3 139 10 1 "Regular Arial"
Name
"Symbol" CL10B221KB8NNNC
"Name" 220pF
"Device" CL10B221KB8NNNC
"Unique ID" gge24
"Reuse Block" 
"Group ID" 
"Channel ID" 
0 50 10 0 4
1 50 10 0 4
C4 CL21A226MAQNNNE 14665 10665 90 0 100 10 100 10 3 7 2 0 0 30
"Default Font"
"Default Font"
0 -150 90 3 139 10 1 "Regular Arial"
REF-DES
-100 -150 90 3 139 10 1 "Regular Arial"
PART-TYPE
-100 -150 90 3 139 10 1 "Regular Arial"
Name
"Symbol" CL21A226MAQNNNE
"Name" 22uF
"Device" CL21A226MAQNNNE
"Unique ID" gge31_1
"Reuse Block" 
"Group ID" 
"Channel ID" 
0 50 10 0 4
1 50 10 0 4
C5 CL21A226MAQNNNE 13155 10565 90 0 100 10 100 10 3 7 2 0 0 30
"Default Font"
"Default Font"
50 0 90 3 139 10 1 "Regular Arial"
REF-DES
-150 -50 90 3 139 10 1 "Regular Arial"
PART-TYPE
-150 -50 90 3 139 10 1 "Regular Arial"
Name
"Symbol" CL21A226MAQNNNE
"Name" 22uF
"Device" CL21A226MAQNNNE
"Unique ID" gge31_2
"Reuse Block" 
"Group ID" 
"Channel ID" 
0 50 10 0 4
1 50 10 0 4
R7 ACD03K102JT 2815 1325 0 0 100 10 100 10 3 7 2 0 0 30
"Default Font"
"Default Font"
-100 50 0 0 139 10 1 "Regular Arial"
REF-DES
-100 -150 0 0 139 10 1 "Regular Arial"
PART-TYPE
-100 -150 0 0 139 10 1 "Regular Arial"
Name
"Symbol" ACD03K102JT
"Name" 1kΩ
"Device" 0603WAF1001T5E
"Unique ID" gge26_1
"Reuse Block" 
"Group ID" 
"Channel ID" 
0 50 10 0 4
1 50 10 0 4
U3 ICS-43434_C5656610 5255 5235 0 0 100 10 100 10 3 7 6 0 0 6
"Default Font"
"Default Font"
-250 200 0 0 139 10 1 "Regular Arial"
REF-DES
-250 -300 0 0 139 10 1 "Regular Arial"
PART-TYPE
-250 -300 0 0 139 10 1 "Regular Arial"
Name
"Symbol" ICS-43434_C5656610
"Name" ICS-43434
"Device" ICS-43434_C5656610
"Reuse Block" 
"Group ID" 
"Channel ID" 
"Unique ID" gge51
0 50 10 0 4
1 50 10 0 4
2 50 10 0 4
3 50 10 0 4
4 50 10 0 4
5 50 10 0 4
SCREW1 螺丝孔 9465 3435 0 0 100 10 100 10 3 6 1 0 0 30
"Default Font"
"Default Font"
-190 170 0 0 139 10 1 "Regular Arial"
REF-DES
110 -10 0 0 139 10 1 "Regular Arial"
PART-TYPE
110 -10 0 0 139 10 1 "Regular Arial"
Name
"Name" 
"Device" M3螺丝
"Reuse Block" 
"Group ID" 
"Channel ID" 
"Unique ID" gge59
0 10 10 0 4
SCREW2 螺丝孔 10015 3435 0 0 100 10 100 10 3 6 1 0 0 30
"Default Font"
"Default Font"
-190 170 0 0 139 10 1 "Regular Arial"
REF-DES
110 -10 0 0 139 10 1 "Regular Arial"
PART-TYPE
110 -10 0 0 139 10 1 "Regular Arial"
Name
"Name" 
"Device" M3螺丝
"Reuse Block" 
"Group ID" 
"Channel ID" 
"Unique ID" gge60
0 10 10 0 4
C6 CC0603KRX7R9BB104 7915 7875 90 0 100 10 100 10 3 7 2 0 0 30
"Default Font"
"Default Font"
50 0 90 3 139 10 1 "Regular Arial"
REF-DES
-150 0 90 3 139 10 1 "Regular Arial"
PART-TYPE
-150 0 90 3 139 10 1 "Regular Arial"
Name
"Symbol" CC0603KRX7R9BB104
"Name" 100nF
"Device" CC0603KRX7R9BB104
"Unique ID" gge236
"Reuse Block" 
"Group ID" 
"Channel ID" 
0 50 10 0 4
1 50 10 0 4
C7 CapAcitance 7595 7865 90 0 100 10 100 10 3 7 2 0 0 30
"Default Font"
"Default Font"
50 -50 90 3 139 10 1 "Regular Arial"
REF-DES
-150 0 90 3 139 10 1 "Regular Arial"
PART-TYPE
-150 0 90 3 139 10 1 "Regular Arial"
Name
"Symbol" CapAcitance
"Name" 10uF
"Device" CL10A106KP8NNNC
"Unique ID" gge138
"Reuse Block" 
"Group ID" 
"Channel ID" 
0 50 10 0 4
1 50 10 0 4
USB1 TYPEC-304-BCP16 4765 10365 0 3 100 10 100 10 3 10 16 0 0 6
"Default Font"
"Default Font"
300 -700 0 0 139 10 1 "Regular Arial"
REF-DES
300 750 0 0 139 10 1 "Regular Arial"
PART-TYPE
300 750 0 0 139 10 1 "Regular Arial"
Name
"Device" TYPEC-304-BCP16
"Unique ID" gge6_1
"Operating Temperature Range" -25~+85
"Welding Temperature (Max)" 260
"Description" 连接器类型:Type-C;标准:USB 3.1;公母:母座;触点数量:16.0;端口数量:1;安装方式:卧贴;额定电流 - 电源:3A;工作温度范围:-25~+85;焊接温度(最大值):260;
"Name" Type-C
"Reuse Block" 
"Group ID" 
"Channel ID" 
"Check" false
0 100 10 0 4
1 100 10 0 4
2 100 10 0 4
3 100 10 0 4
4 50 10 0 4
5 50 10 0 4
6 50 10 0 4
7 50 10 0 4
8 50 10 0 4
9 50 10 0 4
10 50 10 0 4
11 50 10 0 4
12 50 10 0 4
13 50 10 0 4
14 50 10 0 4
15 50 10 0 4
C8 CL10A106KP8NNNC 5845 9765 90 0 100 10 100 10 3 7 2 0 0 30
"Default Font"
"Default Font"
0 -150 90 3 139 10 1 "Regular Arial"
REF-DES
-100 -150 90 3 139 10 1 "Regular Arial"
PART-TYPE
-100 -150 90 3 139 10 1 "Regular Arial"
Name
"Symbol" CL10A106KP8NNNC
"Name" 10uF
"Device" CL10A106KP8NNNC
"Unique ID" gge11_1
"Reuse Block" 
"Group ID" 
"Channel ID" 
0 50 10 0 4
1 50 10 0 4
R8 ACD03K1002FT 6595 2225 90 0 100 10 100 10 3 7 2 0 0 30
"Default Font"
"Default Font"
0 -50 90 3 139 10 1 "Regular Arial"
REF-DES
-100 -50 90 3 139 10 1 "Regular Arial"
PART-TYPE
-100 -50 90 3 139 10 1 "Regular Arial"
Name
"Symbol" ACD03K1002FT
"Name" 10kΩ
"Device" 0603WAF1002T5E
"Unique ID" gge19
"Reuse Block" 
"Group ID" 
"Channel ID" 
0 50 10 0 4
1 50 10 0 4
C9 CL10A105KB8NNNC 6275 1475 90 0 100 10 100 10 3 7 2 0 0 30
"Default Font"
"Default Font"
20 -20 90 3 139 10 1 "Regular Arial"
REF-DES
-130 -30 90 3 139 10 1 "Regular Arial"
PART-TYPE
-130 -30 90 3 139 10 1 "Regular Arial"
Name
"Symbol" CL10A105KB8NNNC
"Name" 1uF
"Device" CL10A105KB8NNNC
"Unique ID" gge330_1
"Reuse Block" 
"Group ID" 
"Channel ID" 
0 50 10 0 4
1 50 10 0 4
SW5 TC-S3403-2.0-260G 6595 1585 90 0 100 10 100 10 2 6 2 0 0 14
"Default Font"
"Default Font"
0 -30 90 3 139 10 1 "Regular Arial"
REF-DES
0 0 0 0 94 6 1 "Regular default"
PART-TYPE
"Symbol" TC-S3403-2.0-260G
"Device" TC-S3403-2.0-260G
"Unique ID" gge17
"Reuse Block" 
"Group ID" 
"Channel ID" 
0 50 10 0 4
1 50 10 0 4
SW6 TC-S3403-2.0-260G 5385 1505 0 0 100 10 100 10 2 7 2 0 0 14
"Default Font"
"Default Font"
200 -50 0 0 139 10 1 "Regular Arial"
REF-DES
-200 -350 0 0 139 10 1 "Regular Arial"
PART-TYPE
"Symbol" TC-S3403-2.0-260G
"Name" TC-S3403-2.0-260G
"Device" TC-S3403-2.0-260G
"Unique ID" gge16
"Reuse Block" 
"Group ID" 
"Channel ID" 
0 50 10 0 4
1 50 10 0 4
LED1 19-213/Y2C-CQ2R2L/3T(CY) 3215 1325 0 3 100 10 100 10 2 7 2 0 0 30
"Default Font"
"Default Font"
50 -60 0 0 139 10 1 "Regular Arial"
REF-DES
0 0 0 0 94 6 1 "Regular default"
PART-TYPE
"Footprint" LED0603-RD-YELLOW
"Symbol" 19-213/Y2C-CQ2R2L/3T(CY)
"Device" NCD0603G1
"Unique ID" gge27_1
"Reuse Block" 
"Group ID" 
"Channel ID" 
0 75 10 0 4
1 75 10 0 4
C10 CC0603KRX7R9BB104 15565 10665 90 0 100 10 100 10 3 7 2 0 0 30
"Default Font"
"Default Font"
10 -10 90 3 139 10 1 "Regular Arial"
REF-DES
-90 -10 90 3 139 10 1 "Regular Arial"
PART-TYPE
-90 -10 90 3 139 10 1 "Regular Arial"
Name
"Symbol" CC0603KRX7R9BB104
"Name" 100nF
"Device" CC0603KRX7R9BB104
"Unique ID" gge13_1
"Reuse Block" 
"Group ID" 
"Channel ID" 
0 50 10 0 4
1 50 10 0 4
R9 0402WGF4701TCE 14835 8575 0 3 100 10 100 10 3 8 2 0 0 30
"Default Font"
"Default Font"
300 10 0 0 139 10 1 "Regular Arial"
REF-DES
120 -40 0 0 139 10 1 "Regular Arial"
PART-TYPE
120 -40 0 0 139 10 1 "Regular Arial"
Name
"Symbol" 0402WGF4701TCE
"Name" 4.7kΩ
"Device" 0603WAF4701T5E
"Unique ID" gge52_1
"Supplier Part" C23162
"Reuse Block" 
"Group ID" 
"Channel ID" 
0 50 10 0 4
1 50 10 0 4
R10 0402WGF1002TCE 14835 8375 0 3 100 10 100 10 3 7 2 0 0 30
"Default Font"
"Default Font"
310 100 0 0 139 10 1 "Regular Arial"
REF-DES
110 130 0 0 139 10 1 "Regular Arial"
PART-TYPE
110 130 0 0 139 10 1 "Regular Arial"
Name
"Symbol" 0402WGF1002TCE
"Name" 10kΩ
"Device" 0603WAF1002T5E
"Unique ID" gge53_1
"Reuse Block" 
"Group ID" 
"Channel ID" 
0 50 10 0 4
1 50 10 0 4
R11 RC0402FR-071K2L 13135 8575 0 3 100 10 100 10 3 9 2 0 0 30
"Default Font"
"Default Font"
60 -50 0 0 139 10 1 "Regular Arial"
REF-DES
100 149 0 0 139 10 1 "Regular Arial"
PART-TYPE
100 149 0 0 139 10 1 "Regular Arial"
Name
"Value" 4.7kΩ
"Symbol" RC0402FR-071K2L
"Name" 4.7kΩ
"Device" 0603WAF4701T5E
"Unique ID" gge58_1
"Supplier Part" C23162
"Reuse Block" 
"Group ID" 
"Channel ID" 
0 50 10 0 4
1 50 10 0 4
C11 CC0603KRX7R9BB104 13245 7935 90 3 100 10 100 10 3 7 2 0 0 30
"Default Font"
"Default Font"
-60 -50 90 0 139 10 1 "Regular Arial"
REF-DES
50 100 90 0 139 10 1 "Regular Arial"
PART-TYPE
50 100 90 0 139 10 1 "Regular Arial"
Name
"Symbol" CC0603KRX7R9BB104
"Name" 100nF
"Device" CC0603KRX7R9BB104
"Unique ID" gge60_1
"Reuse Block" 
"Group ID" 
"Channel ID" 
0 50 10 0 4
1 50 10 0 4
C12 CC0603KRX7R9BB104 14815 7925 90 3 100 10 100 10 3 7 2 0 0 30
"Default Font"
"Default Font"
150 -120 90 0 139 10 1 "Regular Arial"
REF-DES
-10 -140 90 0 139 10 1 "Regular Arial"
PART-TYPE
-10 -140 90 0 139 10 1 "Regular Arial"
Name
"Symbol" CC0603KRX7R9BB104
"Name" 100nF
"Device" CC0603KRX7R9BB104
"Unique ID" gge62
"Reuse Block" 
"Group ID" 
"Channel ID" 
0 50 10 0 4
1 50 10 0 4
U4 TP4056M 13985 8475 0 0 100 10 100 10 3 13 9 0 0 6
"Default Font"
"Default Font"
-350 419 0 0 139 10 1 "Regular Arial"
REF-DES
-130 420 0 0 139 10 1 "Regular Arial"
PART-TYPE
-130 420 0 0 139 10 1 "Regular Arial"
Name
"Symbol" TP4056M
"Battery Chemistry" -
"Number of Cells" -
"Charge Current - Max" -
"Battery Pack Voltage" -
"Voltage - Supply (Max)" -
"Interface" -
"Name" TP4056
"Device" TP4056_C725790
"Unique ID" gge31_3
"Reuse Block" 
"Group ID" 
"Channel ID" 
0 100 10 0 4
1 100 10 0 4
2 100 10 0 4
3 100 10 0 4
4 100 10 0 4
5 100 10 0 4
6 100 10 0 4
7 100 10 0 4
8 50 10 0 4
C13 C1210X7R475K630NT 14615 7925 90 3 100 10 100 10 3 8 2 0 0 30
"Default Font"
"Default Font"
150 -210 90 0 139 10 1 "Regular Arial"
REF-DES
50 -300 90 0 139 10 1 "Regular Arial"
PART-TYPE
50 -300 90 0 139 10 1 "Regular Arial"
Name
"Symbol" C1210X7R475K630NT
"Name" 10uF
"Device" GRM21BR61H106KE43L
"Unique ID" gge61
"Supplier Part" C440198
"Reuse Block" 
"Group ID" 
"Channel ID" 
0 50 10 0 4
1 50 10 0 4
C14 C1210X7R475K630NT 13035 7925 90 3 100 10 100 10 3 8 2 0 0 30
"Default Font"
"Default Font"
-60 -130 90 0 139 10 1 "Regular Arial"
REF-DES
130 -170 90 0 139 10 1 "Regular Arial"
PART-TYPE
130 -170 90 0 139 10 1 "Regular Arial"
Name
"Symbol" C1210X7R475K630NT
"Name" 10uF
"Device" GRM21BR61H106KE43L
"Unique ID" gge59_1
"Supplier Part" C440198
"Reuse Block" 
"Group ID" 
"Channel ID" 
0 50 10 0 4
1 50 10 0 4
C15 GRM21BR61H106KE43L 14925 5965 90 0 100 10 100 10 3 14 2 0 0 30
"Default Font"
"Default Font"
50 0 90 3 139 10 1 "Regular Arial"
REF-DES
-150 0 90 3 139 10 1 "Regular Arial"
PART-TYPE
-150 0 90 3 139 10 1 "Regular Arial"
Name
"Symbol" GRM21BR61H106KE43L
"Footprint" C0805
"Value" 10uF
"Name" 10uF
"Device" GRM21BR61H106KE43L
"Unique ID" gge66_1
"Supplier Part" C440198
"Manufacturer" muRata(村田)
"Manufacturer Part" GRM21BR61H106KE43L
"JLCPCB Part Class" Basic Part
"Supplier" LCSC
"Reuse Block" 
"Group ID" 
"Channel ID" 
0 50 10 0 4
1 50 10 0 4
D1 B5819W_C7420330 13315 5995 0 0 100 10 100 10 3 7 2 0 0 30
"Default Font"
"Default Font"
-200 0 0 0 139 10 1 "Regular Arial"
REF-DES
50 0 0 0 139 10 1 "Regular Arial"
PART-TYPE
50 0 0 0 139 10 1 "Regular Arial"
Name
"Symbol" B5819W_C7420330
"Name" 1N4148W
"Device" 1N4148W_C7420318
"Unique ID" gge67_1
"Reuse Block" 
"Group ID" 
"Channel ID" 
0 50 10 0 4
1 50 10 0 4
R12 0402WGF1003TCE 14015 5995 0 3 100 10 100 10 3 14 2 0 0 30
"Default Font"
"Default Font"
100 -50 0 0 139 10 1 "Regular Arial"
REF-DES
100 150 0 0 139 10 1 "Regular Arial"
PART-TYPE
100 150 0 0 139 10 1 "Regular Arial"
Name
"Footprint" R0603
"Symbol" 0402WGF1003TCE
"Value" 100kΩ
"Name" 100kΩ
"Device" 0603WAF1003T5E
"Unique ID" gge260_2
"Supplier Part" C25803
"Manufacturer" UNI-ROYAL(厚声)
"Manufacturer Part" 0603WAF1003T5E
"JLCPCB Part Class" Basic Part
"Supplier" LCSC
"Reuse Block" 
"Group ID" 
"Channel ID" 
0 50 10 0 4
1 50 10 0 4
C16 CC0603KRX7R9BB104 14615 5965 90 0 100 10 100 10 3 7 2 0 0 30
"Default Font"
"Default Font"
50 -50 90 3 139 10 1 "Regular Arial"
REF-DES
-150 0 90 3 139 10 1 "Regular Arial"
PART-TYPE
-150 0 90 3 139 10 1 "Regular Arial"
Name
"Symbol" CC0603KRX7R9BB104
"Name" 100nF
"Device" CC0603KRX7R9BB104
"Unique ID" gge262_1
"Reuse Block" 
"Group ID" 
"Channel ID" 
0 50 10 0 4
1 50 10 0 4
D2 SS34_C8678 13815 6545 0 3 100 10 100 10 3 13 2 0 0 30
"Default Font"
"Default Font"
50 -80 0 0 139 10 1 "Regular Arial"
REF-DES
50 170 0 0 139 10 1 "Regular Arial"
PART-TYPE
50 170 0 0 139 10 1 "Regular Arial"
Name
"Footprint" SMA_L4.3-W2.6-LS5.2-RD
"Supplier" LCSC
"Supplier Part" C8678
"Manufacturer" MDD(辰达半导体)
"Manufacturer Part" SS34
"JLCPCB Part Class" Basic Part
"Symbol" SS34_C8678
"Name" SS34
"Device" SS34_C8678
"Unique ID" gge62_2
"Reuse Block" 
"Group ID" 
"Channel ID" 
0 75 10 0 4
1 75 10 0 4
R13 0402WGF1003TCE 13795 5715 90 3 100 10 100 10 3 14 2 0 0 30
"Default Font"
"Default Font"
0 50 90 0 139 10 1 "Regular Arial"
REF-DES
100 50 90 0 139 10 1 "Regular Arial"
PART-TYPE
100 50 90 0 139 10 1 "Regular Arial"
Name
"Footprint" R0603
"Symbol" 0402WGF1003TCE
"Value" 100kΩ
"Name" 100kΩ
"Device" 0603WAF1003T5E
"Unique ID" gge260_3
"Supplier Part" C25803
"Manufacturer" UNI-ROYAL(厚声)
"Manufacturer Part" 0603WAF1003T5E
"JLCPCB Part Class" Basic Part
"Supplier" LCSC
"Reuse Block" 
"Group ID" 
"Channel ID" 
0 50 10 0 4
1 50 10 0 4
Q2 WPM2341-3/TR 15275 4235 90 0 100 10 100 10 3 14 3 0 0 14
"Default Font"
"Default Font"
-150 240 90 3 139 10 1 "Regular Arial"
REF-DES
141 62 90 3 139 10 1 "Regular Arial"
PART-TYPE
141 62 90 3 139 10 1 "Regular Arial"
Name
"Footprint" SOT-23_L2.9-W1.3-P1.90-LS2.4-BR
"Unique ID" f76c01de5337d462
"Device" AO3401A_C15127
"Symbol" WPM2341-3/TR
"Name" AO3401A
"Description" 类型:1个P沟道;漏源电压(Vdss):30V;连续漏极电流(Id):4A;导通电阻(RDS(on)@Vgs,Id):44mΩ@10V,4.3A;功率(Pd):1.4W;阈值电压(Vgs(th)@Id):1.3V@250uA;
"Supplier" LCSC
"Supplier Part" C15127
"Manufacturer" AOS
"Manufacturer Part" AO3401A
"JLCPCB Part Class" Basic Part
"Reuse Block" 
"Group ID" 
"Channel ID" 
0 50 10 0 4
1 50 10 0 4
2 50 10 0 4
Q3 S8050_C2146 15175 3285 0 0 100 10 100 10 3 9 3 0 0 30
"Default Font"
"Default Font"
220 0 0 0 139 10 1 "Regular Arial"
REF-DES
220 -100 0 0 139 10 1 "Regular Arial"
PART-TYPE
220 -100 0 0 139 10 1 "Regular Arial"
Name
"Footprint" SOT-23-3_L3.0-W1.7-P0.95-LS2.9-BR
"Unique ID" 4c27cd76e8dbac26
"Device" S8050 J3Y(RANGE:200-350)
"Symbol" S8050_C2146
"Name" S8050 J3Y(RANGE:200-350)
"Description" 晶体管类型:NPN;集电极电流(Ic):500mA;集射极击穿电压(Vceo):25V;耗散功率(Pd):300mW;直流电流增益(hFE):200@500mA,1V;
"Reuse Block" 
"Group ID" 
"Channel ID" 
0 50 10 0 4
1 50 10 0 4
2 50 10 0 4
R14 0402WGF1002TCE 14775 3285 0 0 100 10 100 10 3 9 2 0 0 30
"Default Font"
"Default Font"
-100 50 0 0 139 10 1 "Regular Arial"
REF-DES
-100 -120 0 0 139 10 1 "Regular Arial"
PART-TYPE
-100 -120 0 0 139 10 1 "Regular Arial"
Name
"Footprint" R0603
"Unique ID" 6346d187b4e0bc9c
"Device" 0603WAF1002T5E
"Symbol" 0402WGF1002TCE
"Name" 10kΩ
"Description" 电阻类型:厚膜电阻;阻值:10kΩ;精度:±1%;功率:100mW;最大工作电压:75V;温度系数:±100ppm/℃;
"Reuse Block" 
"Group ID" 
"Channel ID" 
0 50 10 0 4
1 50 10 0 4
R15 0402WGF1003TCE 15575 3885 0 0 100 10 100 10 3 14 2 0 0 30
"Default Font"
"Default Font"
-100 40 0 0 139 10 1 "Regular Arial"
REF-DES
-130 -130 0 0 139 10 1 "Regular Arial"
PART-TYPE
-130 -130 0 0 139 10 1 "Regular Arial"
Name
"Unique ID" 3c543c7c58e1cc80
"Device" 0603WAF1003T5E
"Symbol" 0402WGF1003TCE
"Name" 100kΩ
"Description" 电阻类型:厚膜电阻;阻值:100kΩ;精度:±1%;功率:100mW;最大工作电压:75V;温度系数:±100ppm/℃;
"Supplier Part" C25803
"Manufacturer" UNI-ROYAL(厚声)
"Manufacturer Part" 0603WAF1003T5E
"JLCPCB Part Class" Basic Part
"Supplier" LCSC
"Value" 100kΩ
"Reuse Block" 
"Group ID" 
"Channel ID" 
0 50 10 0 4
1 50 10 0 4
R16 0402WGF1003TCE 14975 2885 90 3 100 10 100 10 3 14 2 0 0 30
"Default Font"
"Default Font"
0 50 90 0 139 10 1 "Regular Arial"
REF-DES
100 50 90 0 139 10 1 "Regular Arial"
PART-TYPE
100 50 90 0 139 10 1 "Regular Arial"
Name
"Unique ID" ff4077a9ca69db92
"Device" 0603WAF1003T5E
"Symbol" 0402WGF1003TCE
"Name" 100kΩ
"Description" 电阻类型:厚膜电阻;阻值:100kΩ;精度:±1%;功率:100mW;最大工作电压:75V;温度系数:±100ppm/℃;
"Supplier Part" C25803
"Manufacturer" UNI-ROYAL(厚声)
"Manufacturer Part" 0603WAF1003T5E
"JLCPCB Part Class" Basic Part
"Supplier" LCSC
"Value" 100kΩ
"Reuse Block" 
"Group ID" 
"Channel ID" 
0 50 10 0 4
1 50 10 0 4
U5 EC190708 12845 3335 0 0 100 10 100 10 3 6 6 0 0 6
"Default Font"
"Default Font"
-300 220 0 0 139 10 1 "Regular Arial"
REF-DES
-180 -380 0 0 139 10 1 "Regular Arial"
PART-TYPE
-180 -380 0 0 139 10 1 "Regular Arial"
Name
"Name" EC190708
"Device" EC190708
"Reuse Block" 
"Group ID" 
"Channel ID" 
"Unique ID" gge263
0 50 10 0 4
1 50 10 0 4
2 50 10 0 4
3 50 10 0 4
4 50 10 0 4
5 50 10 0 4
C17 CC0603KRX7R9BB104 13455 3105 90 3 100 10 100 10 2 7 2 0 0 30
"Default Font"
"Default Font"
48 100 90 0 135 10 1 "Regular Arial"
REF-DES
0 0 0 0 94 6 1 "Regular default"
PART-TYPE
"Origin Footprint" C0603
"Unique ID" gge26a39bcafcc8ce7c
"Device" CC0603KRX7R9BB104
"Symbol" CC0603KRX7R9BB104
"Reuse Block" 
"Group ID" 
"Channel ID" 
0 50 10 0 4
1 50 10 0 4
R17 0402WGF1002TCE 11375 8045 90 0 100 10 100 10 3 9 2 0 0 30
"Default Font"
"Default Font"
-80 40 0 0 139 10 1 "Regular Arial"
REF-DES
-130 -160 0 0 139 10 1 "Regular Arial"
PART-TYPE
-130 -160 0 0 139 10 1 "Regular Arial"
Name
"Footprint" R0603
"Unique ID" 1e1ffada38203b9e
"Device" 0603WAF1002T5E
"Symbol" 0402WGF1002TCE
"Name" 10kΩ
"Description" 电阻类型:厚膜电阻;阻值:10kΩ;精度:±1%;功率:100mW;最大工作电压:75V;温度系数:±100ppm/℃;
"Reuse Block" 
"Group ID" 
"Channel ID" 
0 50 10 0 4
1 50 10 0 4
R18 0402WGF1002TCE 11375 7495 90 0 100 10 100 10 3 9 2 0 0 30
"Default Font"
"Default Font"
-80 40 0 0 139 10 1 "Regular Arial"
REF-DES
-130 -160 0 0 139 10 1 "Regular Arial"
PART-TYPE
-130 -160 0 0 139 10 1 "Regular Arial"
Name
"Footprint" R0603
"Unique ID" 41bc0941336b1513
"Device" 0603WAF1002T5E
"Symbol" 0402WGF1002TCE
"Name" 10kΩ
"Description" 电阻类型:厚膜电阻;阻值:10kΩ;精度:±1%;功率:100mW;最大工作电压:75V;温度系数:±100ppm/℃;
"Reuse Block" 
"Group ID" 
"Channel ID" 
0 50 10 0 4
1 50 10 0 4
C18 CC0603KRX7R9BB104 11125 7495 90 0 100 10 100 10 3 9 2 0 0 30
"Default Font"
"Default Font"
-80 80 0 0 139 10 1 "Regular Arial"
REF-DES
-110 -10 0 0 139 10 1 "Regular Arial"
PART-TYPE
-110 -10 0 0 139 10 1 "Regular Arial"
Name
"Footprint" C0603
"Unique ID" d9d0285421fe3ef0
"Device" CC0603KRX7R9BB104
"Symbol" CC0603KRX7R9BB104
"Name" 100nF
"Description" 容值:100nF;精度:±10%;额定电压:50V;材质(温度系数):X7R;
"Reuse Block" 
"Group ID" 
"Channel ID" 
0 50 10 0 4
1 50 10 0 4
LED2 WS2812C-2020-V1 4095 2785 0 1 100 10 100 10 2 6 4 0 0 6
"Default Font"
"Default Font"
90 200 0 0 139 10 1 "Regular Arial"
REF-DES
0 0 0 0 94 6 1 "Regular default"
PART-TYPE
"Symbol" WS2812C-2020-V1
"Device" WS2812C-2020-V1
"Reuse Block" 
"Group ID" 
"Channel ID" 
"Unique ID" gge37_2
0 50 10 0 4
1 50 10 0 4
2 50 10 0 4
3 50 10 0 4
LED3 WS2812C-2020-V1 3135 2785 0 1 100 10 100 10 2 6 4 0 0 6
"Default Font"
"Default Font"
90 200 0 0 139 10 1 "Regular Arial"
REF-DES
0 0 0 0 94 6 1 "Regular default"
PART-TYPE
"Symbol" WS2812C-2020-V1
"Device" WS2812C-2020-V1
"Reuse Block" 
"Group ID" 
"Channel ID" 
"Unique ID" gge37_1
0 50 10 0 4
1 50 10 0 4
2 50 10 0 4
3 50 10 0 4
LED4 WS2812C-2020-V1 5015 2785 0 1 100 10 100 10 2 6 4 0 0 6
"Default Font"
"Default Font"
90 200 0 0 139 10 1 "Regular Arial"
REF-DES
0 0 0 0 94 6 1 "Regular default"
PART-TYPE
"Symbol" WS2812C-2020-V1
"Device" WS2812C-2020-V1
"Reuse Block" 
"Group ID" 
"Channel ID" 
"Unique ID" gge37_3
0 50 10 0 4
1 50 10 0 4
2 50 10 0 4
3 50 10 0 4
C19 CC0603KRX7R9BB104 2665 3155 90 0 100 10 100 10 3 9 2 0 0 30
"Default Font"
"Default Font"
-110 -70 90 3 139 10 1 "Regular Arial"
REF-DES
10 -20 90 3 139 10 1 "Regular Arial"
PART-TYPE
10 -20 90 3 139 10 1 "Regular Arial"
Name
"Footprint" C0603
"Unique ID" 3a68d3ddabf48558
"Device" CC0603KRX7R9BB104
"Symbol" CC0603KRX7R9BB104
"Name" 100nF
"Description" 容值:100nF;精度:±10%;额定电压:50V;材质(温度系数):X7R;
"Reuse Block" 
"Group ID" 
"Channel ID" 
0 50 10 0 4
1 50 10 0 4
C20 CC0603KRX7R9BB104 12935 10565 90 0 100 10 100 10 3 7 2 0 0 30
"Default Font"
"Default Font"
10 240 90 3 139 10 1 "Regular Arial"
REF-DES
-120 260 90 3 139 10 1 "Regular Arial"
PART-TYPE
-120 260 90 3 139 10 1 "Regular Arial"
Name
"Symbol" CC0603KRX7R9BB104
"Name" 100nF
"Device" CC0603KRX7R9BB104
"Unique ID" gge13_2
"Reuse Block" 
"Group ID" 
"Channel ID" 
0 50 10 0 4
1 50 10 0 4
C21 CC0603KRX7R9BB104 15875 10635 90 0 100 10 100 10 3 7 2 0 0 30
"Default Font"
"Default Font"
0 -150 90 3 139 10 1 "Regular Arial"
REF-DES
-100 -150 90 3 139 10 1 "Regular Arial"
PART-TYPE
-100 -150 90 3 139 10 1 "Regular Arial"
Name
"Symbol" CC0603KRX7R9BB104
"Name" 100nF
"Device" CC0603KRX7R9BB104
"Unique ID" gge13_3
"Reuse Block" 
"Group ID" 
"Channel ID" 
0 50 10 0 4
1 50 10 0 4
C22 CC0603KRX7R9BB104 16085 10635 90 0 100 10 100 10 3 7 2 0 0 30
"Default Font"
"Default Font"
0 -150 90 3 139 10 1 "Regular Arial"
REF-DES
-100 -150 90 3 139 10 1 "Regular Arial"
PART-TYPE
-100 -150 90 3 139 10 1 "Regular Arial"
Name
"Symbol" CC0603KRX7R9BB104
"Name" 100nF
"Device" CC0603KRX7R9BB104
"Unique ID" gge13_4
"Reuse Block" 
"Group ID" 
"Channel ID" 
0 50 10 0 4
1 50 10 0 4
C23 CL21A226MAQNNNE 2375 3155 90 0 100 10 100 10 3 7 2 0 0 30
"Default Font"
"Default Font"
50 300 90 3 139 10 1 "Regular Arial"
REF-DES
-40 290 90 3 139 10 1 "Regular Arial"
PART-TYPE
-40 290 90 3 139 10 1 "Regular Arial"
Name
"Symbol" CL21A226MAQNNNE
"Name" 22uF
"Device" CL21A226MAQNNNE
"Unique ID" gge31_4
"Reuse Block" 
"Group ID" 
"Channel ID" 
0 50 10 0 4
1 50 10 0 4
R19 0402WGF4701TCE 15155 8775 90 3 100 10 100 10 4 9 2 0 0 30
"Default Font"
"Default Font"
90 -40 0 0 139 10 1 "Regular Arial"
REF-DES
50 -60 90 0 139 10 1 "Regular Arial"
PART-TYPE
50 -60 90 0 139 10 1 "Regular Arial"
Name
-110 50 90 0 139 10 1 "Regular Arial"
Supplier Part
"Value" NC
"Symbol" 0402WGF4701TCE
"Name" NC
"Device" 0402WGF4701TCE
"Unique ID" gge52_3
"Supplier Part" 
"Reuse Block" 
"Group ID" 
"Channel ID" 
0 50 10 0 4
1 50 10 0 4
R21 0402WGF0000TCE 1095 7305 0 0 100 10 100 10 3 9 2 0 0 30
"Default Font"
"Default Font"
-100 40 0 0 139 10 1 "Regular Arial"
REF-DES
-100 -140 0 0 139 10 1 "Regular Arial"
PART-TYPE
-100 -140 0 0 139 10 1 "Regular Arial"
Name
"Supplier Part" 
"Value" NC
"Symbol" 0402WGF0000TCE
"Name" NC
"Device" 0603WAF0000T5E
"Unique ID" gge265
"Reuse Block" 
"Group ID" 
"Channel ID" 
0 50 10 0 4
1 50 10 0 4
R22 0603WAF5101T5E 5395 9255 90 0 100 10 100 10 3 7 2 0 0 30
"Default Font"
"Default Font"
0 260 90 3 139 10 1 "Regular Arial"
REF-DES
-100 260 90 3 139 10 1 "Regular Arial"
PART-TYPE
-100 260 90 3 139 10 1 "Regular Arial"
Name
"Symbol" 0603WAF5101T5E
"Name" 5.1kΩ
"Device" 0603WAF5101T5E
"Reuse Block" 
"Group ID" 
"Channel ID" 
"Unique ID" gge266
0 50 10 0 4
1 50 10 0 4
R23 0603WAF5101T5E 5595 9255 90 0 100 10 100 10 3 7 2 0 0 30
"Default Font"
"Default Font"
0 -50 90 3 139 10 1 "Regular Arial"
REF-DES
-100 -50 90 3 139 10 1 "Regular Arial"
PART-TYPE
-100 -50 90 3 139 10 1 "Regular Arial"
Name
"Symbol" 0603WAF5101T5E
"Name" 5.1kΩ
"Device" 0603WAF5101T5E
"Reuse Block" 
"Group ID" 
"Channel ID" 
"Unique ID" gge267
0 50 10 0 4
1 50 10 0 4
R24 0402WGF0000TCE 10835 7665 0 0 100 10 100 10 3 7 2 0 0 30
"Default Font"
"Default Font"
-100 40 0 0 139 10 1 "Regular Arial"
REF-DES
-80 -50 0 0 139 10 1 "Regular Arial"
PART-TYPE
-80 -50 0 0 139 10 1 "Regular Arial"
Name
"Symbol" 0402WGF0000TCE
"Name" 0Ω
"Device" 0603WAF0000T5E
"Unique ID" gge264_1
"Reuse Block" 
"Group ID" 
"Channel ID" 
0 50 10 0 4
1 50 10 0 4
1_? FPC-05F-12PH15 2765 5025 0 0 100 10 100 10 3 8 14 0 0 6
"Default Font"
"Default Font"
250 650 0 0 139 10 1 "Regular Arial"
REF-DES
240 -70 0 0 139 10 1 "Regular Arial"
PART-TYPE
240 -70 0 0 139 10 1 "Regular Arial"
Name
"Convert to PCB" no
"Symbol" FPC-05F-12PH15
"Name" FPC-05F-12PH15
"Device" FPC-05F-12PH15
"Unique ID" gge27
"Reuse Block" 
"Group ID" 
"Channel ID" 
0 50 10 0 4
1 50 10 0 4
2 50 10 0 4
3 50 10 0 4
4 50 10 0 4
5 50 10 0 4
6 50 10 0 4
7 50 10 0 4
8 50 10 0 4
9 50 10 0 4
10 50 10 0 4
11 50 10 0 4
12 50 10 0 4
13 50 10 0 4
R25 0603WAF1001T5E 1055 5165 0 0 100 10 100 10 3 8 2 0 0 30
"Default Font"
"Default Font"
-100 50 0 0 139 10 1 "Regular Arial"
REF-DES
-100 -150 0 0 139 10 1 "Regular Arial"
PART-TYPE
-100 -150 0 0 139 10 1 "Regular Arial"
Name
"Convert to PCB" no
"Symbol" 0603WAF1001T5E
"Name" 1kΩ
"Device" 0603WAF1001T5E
"Reuse Block" 
"Group ID" 
"Channel ID" 
"Unique ID" gge30
0 50 10 0 4
1 50 10 0 4
R26 0603WAF1002T5E 1255 4965 90 0 100 10 100 10 3 8 2 0 0 30
"Default Font"
"Default Font"
0 -100 90 3 139 10 1 "Regular Arial"
REF-DES
-100 -100 90 3 139 10 1 "Regular Arial"
PART-TYPE
-100 -100 90 3 139 10 1 "Regular Arial"
Name
"Convert to PCB" no
"Symbol" 0603WAF1002T5E
"Name" 10kΩ
"Device" 0603WAF1002T5E
"Reuse Block" 
"Group ID" 
"Channel ID" 
"Unique ID" gge29
0 50 10 0 4
1 50 10 0 4
Q4 S8050_C20069125 1455 5165 0 0 100 10 100 10 3 8 3 0 0 30
"Default Font"
"Default Font"
100 60 0 0 139 10 1 "Regular Arial"
REF-DES
-200 60 0 0 139 10 1 "Regular Arial"
PART-TYPE
-200 60 0 0 139 10 1 "Regular Arial"
Name
"Convert to PCB" no
"Symbol" S8050_C20069125
"Name" S8050
"Device" S8050_C20069125
"Reuse Block" 
"Group ID" 
"Channel ID" 
"Unique ID" gge28
0 50 10 0 4
1 50 10 0 4
2 50 10 0 4
R27 0603WAF470KT5E 1065 5475 0 0 100 10 100 10 3 8 2 0 0 30
"Default Font"
"Default Font"
-100 50 0 0 139 10 1 "Regular Arial"
REF-DES
-100 -150 0 0 139 10 1 "Regular Arial"
PART-TYPE
-100 -150 0 0 139 10 1 "Regular Arial"
Name
"Convert to PCB" no
"Symbol" 0603WAF470KT5E
"Name" 4.7Ω
"Device" 0603WAF470KT5E
"Reuse Block" 
"Group ID" 
"Channel ID" 
"Unique ID" gge31
0 50 10 0 4
1 50 10 0 4
R28 0402WGF1002TCE 11355 5795 90 0 100 10 100 10 3 9 2 0 0 30
"Default Font"
"Default Font"
-80 40 0 0 139 10 1 "Regular Arial"
REF-DES
-130 -160 0 0 139 10 1 "Regular Arial"
PART-TYPE
-130 -160 0 0 139 10 1 "Regular Arial"
Name
"Footprint" R0603
"Unique ID" 41bc0941336b1513_1
"Device" 0603WAF1002T5E
"Symbol" 0402WGF1002TCE
"Name" 10kΩ
"Description" 电阻类型:厚膜电阻;阻值:10kΩ;精度:±1%;功率:100mW;最大工作电压:75V;温度系数:±100ppm/℃;
"Reuse Block" 
"Group ID" 
"Channel ID" 
0 50 10 0 4
1 50 10 0 4
R29 0402WGF1002TCE 11355 6345 90 0 100 10 100 10 3 9 2 0 0 30
"Default Font"
"Default Font"
-80 40 0 0 139 10 1 "Regular Arial"
REF-DES
-130 -160 0 0 139 10 1 "Regular Arial"
PART-TYPE
-130 -160 0 0 139 10 1 "Regular Arial"
Name
"Footprint" R0603
"Unique ID" 1e1ffada38203b9e_1
"Device" 0603WAF1002T5E
"Symbol" 0402WGF1002TCE
"Name" 10kΩ
"Description" 电阻类型:厚膜电阻;阻值:10kΩ;精度:±1%;功率:100mW;最大工作电压:75V;温度系数:±100ppm/℃;
"Reuse Block" 
"Group ID" 
"Channel ID" 
0 50 10 0 4
1 50 10 0 4
C24 CL21A226MAQNNNE 12645 7945 90 0 100 10 100 10 3 7 2 0 0 30
"Default Font"
"Default Font"
40 0 90 3 139 10 1 "Regular Arial"
REF-DES
-140 -20 90 3 139 10 1 "Regular Arial"
PART-TYPE
-140 -20 90 3 139 10 1 "Regular Arial"
Name
"Symbol" CL21A226MAQNNNE
"Name" 22uF
"Device" CL21A226MAQNNNE
"Unique ID" gge31_5
"Reuse Block" 
"Group ID" 
"Channel ID" 
0 50 10 0 4
1 50 10 0 4
C25 CL21A226MAQNNNE 12445 7945 90 0 100 10 100 10 3 7 2 0 0 30
"Default Font"
"Default Font"
50 0 90 3 139 10 1 "Regular Arial"
REF-DES
-150 220 90 3 139 10 1 "Regular Arial"
PART-TYPE
-150 220 90 3 139 10 1 "Regular Arial"
Name
"Symbol" CL21A226MAQNNNE
"Name" 22uF
"Device" CL21A226MAQNNNE
"Unique ID" gge31_6
"Reuse Block" 
"Group ID" 
"Channel ID" 
0 50 10 0 4
1 50 10 0 4
R30 0402WGF0000TCE 15275 3685 90 0 100 10 100 10 3 7 2 0 0 30
"Default Font"
"Default Font"
0 -50 90 3 139 10 1 "Regular Arial"
REF-DES
-100 -50 90 3 139 10 1 "Regular Arial"
PART-TYPE
-100 -50 90 3 139 10 1 "Regular Arial"
Name
"Symbol" 0402WGF0000TCE
"Name" 0Ω
"Device" 0603WAF0000T5E
"Unique ID" gge265_1
"Reuse Block" 
"Group ID" 
"Channel ID" 
0 50 10 0 4
1 50 10 0 4
C26 CL10A105KB8NNNC 12165 7945 90 0 100 10 100 10 3 7 2 0 0 30
"Default Font"
"Default Font"
30 150 90 3 139 10 1 "Regular Arial"
REF-DES
-130 120 90 3 139 10 1 "Regular Arial"
PART-TYPE
-130 120 90 3 139 10 1 "Regular Arial"
Name
"Symbol" CL10A105KB8NNNC
"Name" 100nF
"Device" CC0603KRX7R9BB104
"Unique ID" gge330_2
"Reuse Block" 
"Group ID" 
"Channel ID" 
0 50 10 0 4
1 50 10 0 4
LED_RED1 KT-0603R 15435 8575 0 0 100 10 100 10 2 8 2 0 0 30
"Default Font"
"Default Font"
-60 100 0 0 135 10 1 "Regular Arial"
REF-DES
0 0 0 0 94 6 1 "Regular default"
PART-TYPE
"Origin Footprint" LED0603_RED
"Unique ID" gge42_1
"Device" KT-0603R
"Symbol" KT-0603R
"link" 
"Reuse Block" 
"Group ID" 
"Channel ID" 
0 75 10 0 4
1 75 10 0 4
LED_GREEN1 XL-1608PGC-06 15435 8375 0 0 100 10 100 10 2 8 2 0 0 30
"Default Font"
"Default Font"
-80 -150 0 0 135 10 1 "Regular Arial"
REF-DES
0 0 0 0 94 6 1 "Regular default"
PART-TYPE
"Origin Footprint" LED0603_GREEN
"Unique ID" gge41_1
"Device" XL-1608PGC-06
"Symbol" XL-1608PGC-06
"link" 
"Reuse Block" 
"Group ID" 
"Channel ID" 
0 50 10 0 4
1 50 10 0 4
U2 ME6211C33M5G-N 14075 10665 0 0 100 10 100 10 3 7 5 0 0 6
"Default Font"
"Default Font"
-400 220 0 0 139 10 1 "Regular Arial"
REF-DES
-400 -320 0 0 139 10 1 "Regular Arial"
PART-TYPE
-400 -320 0 0 139 10 1 "Regular Arial"
Name
"Symbol" ME6211C33M5G-N
"Name" ME6211C33M5G-N
"Device" ME6211C33M5G-N
"Reuse Block" 
"Group ID" 
"Channel ID" 
"Unique ID" gge268
0 50 10 0 4
1 50 10 0 4
2 50 10 0 4
3 50 10 0 4
4 50 10 0 4
R31 0402WGF1003TCE 13175 10985 0 3 100 10 100 10 3 14 2 0 0 30
"Default Font"
"Default Font"
100 -40 0 0 139 10 1 "Regular Arial"
REF-DES
100 140 0 0 139 10 1 "Regular Arial"
PART-TYPE
100 140 0 0 139 10 1 "Regular Arial"
Name
"Unique ID" 3c543c7c58e1cc80_1
"Device" 0603WAF1003T5E
"Symbol" 0402WGF1003TCE
"Name" 100kΩ
"Description" 电阻类型:厚膜电阻;阻值:100kΩ;精度:±1%;功率:100mW;最大工作电压:75V;温度系数:±100ppm/℃;
"Supplier Part" C25803
"Manufacturer" UNI-ROYAL(厚声)
"Manufacturer Part" 0603WAF1003T5E
"JLCPCB Part Class" Basic Part
"Supplier" LCSC
"Value" 100kΩ
"Reuse Block" 
"Group ID" 
"Channel ID" 
0 50 10 0 4
1 50 10 0 4
R32 0402WGF0000TCE 4705 5335 0 0 100 10 100 10 3 7 2 0 0 30
"Default Font"
"Default Font"
-100 40 0 0 139 10 1 "Regular Arial"
REF-DES
-60 -50 0 0 139 10 1 "Regular Arial"
PART-TYPE
-60 -50 0 0 139 10 1 "Regular Arial"
Name
"Symbol" 0402WGF0000TCE
"Name" 0Ω
"Device" 0603WAF0000T5E
"Unique ID" gge265_2
"Reuse Block" 
"Group ID" 
"Channel ID" 
0 50 10 0 4
1 50 10 0 4
R33 0402WGF0000TCE 5805 5335 0 0 100 10 100 10 3 7 2 0 0 30
"Default Font"
"Default Font"
-100 40 0 0 139 10 1 "Regular Arial"
REF-DES
-70 -60 0 0 139 10 1 "Regular Arial"
PART-TYPE
-70 -60 0 0 139 10 1 "Regular Arial"
Name
"Symbol" 0402WGF0000TCE
"Name" 0Ω
"Device" 0603WAF0000T5E
"Unique ID" gge265_3
"Reuse Block" 
"Group ID" 
"Channel ID" 
0 50 10 0 4
1 50 10 0 4
R34 0402WGF0000TCE 5805 5135 0 0 100 10 100 10 3 7 2 0 0 30
"Default Font"
"Default Font"
-80 -130 0 0 139 10 1 "Regular Arial"
REF-DES
-70 -40 0 0 139 10 1 "Regular Arial"
PART-TYPE
-70 -40 0 0 139 10 1 "Regular Arial"
Name
"Symbol" 0402WGF0000TCE
"Name" 0Ω
"Device" 0603WAF0000T5E
"Unique ID" gge265_4
"Reuse Block" 
"Group ID" 
"Channel ID" 
0 50 10 0 4
1 50 10 0 4
TP1 Test-Point 8325 7465 0 0 100 10 100 10 3 6 1 0 0 30
"Default Font"
"Default Font"
230 -20 0 0 139 10 1 "Regular Arial"
REF-DES
240 190 0 0 139 10 1 "Regular Arial"
PART-TYPE
240 190 0 0 139 10 1 "Regular Arial"
Name
"Name" 
"Device" Test-Point
"Reuse Block" 
"Group ID" 
"Channel ID" 
"Unique ID" gge269
0 5 10 0 4
TP2 Test-Point 8315 7365 0 0 100 10 100 10 3 6 1 0 0 30
"Default Font"
"Default Font"
230 -20 0 0 139 10 1 "Regular Arial"
REF-DES
240 190 0 0 139 10 1 "Regular Arial"
PART-TYPE
240 190 0 0 139 10 1 "Regular Arial"
Name
"Name" 
"Device" Test-Point
"Reuse Block" 
"Group ID" 
"Channel ID" 
"Unique ID" gge270
0 5 10 0 4
TP3 Test-Point 8325 7265 0 0 100 10 100 10 3 6 1 0 0 30
"Default Font"
"Default Font"
230 -20 0 0 139 10 1 "Regular Arial"
REF-DES
240 190 0 0 139 10 1 "Regular Arial"
PART-TYPE
240 190 0 0 139 10 1 "Regular Arial"
Name
"Name" 
"Device" Test-Point
"Reuse Block" 
"Group ID" 
"Channel ID" 
"Unique ID" gge271
0 5 10 0 4
TP4 Test-Point 8325 7165 0 0 100 10 100 10 3 6 1 0 0 30
"Default Font"
"Default Font"
230 -20 0 0 139 10 1 "Regular Arial"
REF-DES
240 190 0 0 139 10 1 "Regular Arial"
PART-TYPE
240 190 0 0 139 10 1 "Regular Arial"
Name
"Name" 
"Device" Test-Point
"Reuse Block" 
"Group ID" 
"Channel ID" 
"Unique ID" gge272
0 5 10 0 4
Q1 AO3401A 14215 6215 90 0 100 10 100 10 3 6 3 0 0 30
"Default Font"
"Default Font"
270 100 90 3 139 10 1 "Regular Arial"
REF-DES
-330 100 90 3 139 10 1 "Regular Arial"
PART-TYPE
-330 100 90 3 139 10 1 "Regular Arial"
Name
"Name" AO3401A
"Device" AO3401A_C15127
"Reuse Block" 
"Group ID" 
"Channel ID" 
"Unique ID" gge64_1
0 50 10 0 4
1 50 10 0 4
2 50 10 0 4
*BUSSES*
*OFFPAGE REFS*
@@@O0 3V3 $PWR_SYMS 14665 10865 0 0 0
@@@O1 GND $PWR_SYMS 14665 10365 0 0 1
@@@O2 3V3 $PWR_SYMS 7335 7995 0 0 0
@@@O3 GND $PWR_SYMS 8215 8205 0 3 1
@@@O4 GND $PWR_SYMS 10315 7865 0 3 1
@@@O5 GND $PWR_SYMS 1805 6445 0 0 1
@@@O6 GND $PWR_SYMS 2015 10565 0 0 1
@@@O7 GND $PWR_SYMS 2615 10565 0 0 1
@@@O8 3V3 $PWR_SYMS 715 10865 90 0 0
@@@O9 SD-MISO $OSR_SYMS 2615 10915 0 3 0
@@@O10 SD-CLK $OSR_SYMS 1515 10765 0 0 0
@@@O11 SD-MOSI $OSR_SYMS 1515 10965 0 0 0
@@@O12 SD-CS $OSR_SYMS 1515 11065 0 0 0
@@@O13 SD-SD $OSR_SYMS 2615 11115 0 3 0
@@@O14 3V3 $PWR_SYMS 1815 9015 0 3 0
@@@O15 SD-CS $OSR_SYMS 1065 9515 90 3 0
@@@O16 SD-MOSI $OSR_SYMS 1415 9515 90 3 0
@@@O17 SD-CLK $OSR_SYMS 1815 9515 90 3 0
@@@O18 GND $PWR_SYMS 7465 11015 90 3 1
@@@O19 GND $PWR_SYMS 11325 11115 90 0 1
@@@O20 SPK+ $OSR_SYMS 10165 10115 0 0 0
@@@O21 SPK- $OSR_SYMS 10665 10115 0 3 0
@@@O22 GND $PWR_SYMS 10420 9664 0 0 1
@@@O23 KEY-PWR $OSR_SYMS 5455 7045 90 3 0
@@@O24 KEY-ADD $OSR_SYMS 4505 7045 90 3 0
@@@O25 GND $PWR_SYMS 3465 1325 90 0 1
@@@O26 LED-BLINK $OSR_SYMS 2515 1325 0 0 0
@@@O27 VBATOUT $OSR_SYMS 12855 10765 0 3 1
@@@O28 GND $PWR_SYMS 4155 5135 0 0 1
@@@O29 3V3 $PWR_SYMS 6555 5285 0 0 0
@@@O30 SD-MISO $OSR_SYMS 2215 9515 90 3 0
@@@O31 SD-SD $OSR_SYMS 2565 9515 90 3 0
@@@O32 GND $PWR_SYMS 5845 9515 0 0 1
@@@O33 GND $PWR_SYMS 4815 9515 0 0 1
@@@O34 GND $PWR_SYMS 6465 9515 0 0 1
@@@O35 VBUS $PWR_SYMS 5945 9965 90 3 0
@@@O36 VBUS $PWR_SYMS 5865 10565 90 3 0
@@@O37 TXD0 $OSR_SYMS 10115 7465 0 0 1
@@@O38 RXD0 $OSR_SYMS 10115 7365 0 0 1
@@@O39 TFT-DC $OSR_SYMS 8315 6965 0 0 0
@@@O40 TFT-RES $OSR_SYMS 8315 6865 0 0 0
@@@O41 TFT-BLK $OSR_SYMS 8315 7065 0 0 0
@@@O42 I2S-LRC $OSR_SYMS 8315 7165 0 0 0
@@@O43 I2S-BCLK $OSR_SYMS 8315 7265 0 0 0
@@@O44 UDB-D+ $OSR_SYMS 8315 6465 0 3 1
@@@O45 USB-D- $OSR_SYMS 8315 6565 0 3 1
@@@O46 TFT-SDA $OSR_SYMS 8315 6765 0 0 0
@@@O47 TFT-SCL $OSR_SYMS 8315 6665 0 0 0
@@@O48 I2S-DIN $OSR_SYMS 8315 7365 0 0 0
@@@O49 I2S-SD $OSR_SYMS 8315 7465 0 0 0
@@@O50 EN $OSR_SYMS 8315 7565 0 0 0
@@@O51 SD-MOSI $OSR_SYMS 9165 5915 90 0 0
@@@O52 SD-CLK $OSR_SYMS 9265 5915 90 0 0
@@@O53 SD-MISO $OSR_SYMS 9365 5915 90 0 0
@@@O54 KEY-MODE $OSR_SYMS 9465 5915 90 0 0
@@@O55 KEY-MIN $OSR_SYMS 9565 5915 90 0 0
@@@O56 LED-BLINK $OSR_SYMS 9665 5915 90 0 0
@@@O57 SD-CS $OSR_SYMS 9065 5915 90 0 0
@@@O58 KEY-ADD $OSR_SYMS 8965 5915 90 0 0
@@@O59 WS2812 $OSR_SYMS 9765 5915 90 0 0
@@@O60 SD-SD $OSR_SYMS 10115 6865 0 3 0
@@@O61 MIC-SCK $OSR_SYMS 10115 6965 0 0 1
@@@O62 MIC-SD $OSR_SYMS 10115 7065 0 0 1
@@@O63 MIC-WS $OSR_SYMS 10115 7165 0 0 1
@@@O64 IO0 $OSR_SYMS 10155 6465 0 3 0
@@@O65 I2S-DIN $OSR_SYMS 8855 11215 0 0 0
@@@O66 I2S-SD $OSR_SYMS 8275 10915 0 0 0
@@@O67 VBATOUT $OSR_SYMS 7915 10565 0 3 1
@@@O68 I2S-BCLK $OSR_SYMS 10165 11215 0 3 0
@@@O69 I2S-LRC $OSR_SYMS 10165 11015 0 3 0
@@@O70 USB-D- $OSR_SYMS 5265 10865 0 0 1
@@@O71 UDB-D+ $OSR_SYMS 5265 10765 0 0 1
@@@O72 USB-D- $OSR_SYMS 5265 10265 0 0 1
@@@O73 UDB-D+ $OSR_SYMS 5265 10165 0 0 1
@@@O74 MIC-SCK $OSR_SYMS 6005 5135 0 0 1
@@@O75 MIC-SD $OSR_SYMS 6005 5335 0 0 1
@@@O76 MIC-WS $OSR_SYMS 4525 5335 0 3 1
@@@O77 GND $PWR_SYMS 5635 1375 0 0 1
@@@O78 GND $PWR_SYMS 6595 1145 0 0 1
@@@O79 3V3 $PWR_SYMS 6595 2425 0 0 2
@@@O80 GND $PWR_SYMS 13985 7975 0 0 3
@@@O81 GND $PWR_SYMS 12785 8575 90 3 3
@@@O82 GND $PWR_SYMS 13135 7675 0 0 3
@@@O83 GND $PWR_SYMS 14815 7685 0 0 3
@@@O84 VBUS $PWR_SYMS 12445 8205 0 0 4
@@@O85 VBUS $PWR_SYMS 14935 8985 0 0 4
@@@O86 BAT+ $PWR_SYMS 13165 6315 0 0 2
@@@O87 VBUS $PWR_SYMS 12965 5995 0 0 2
@@@O88 VOUT $OSR_SYMS 15125 6315 0 0 2
@@@O89 VBUS $PWR_SYMS 13165 6545 0 0 2
@@@O90 GND $PWR_SYMS 13795 5515 0 0 1
@@@O91 GND $PWR_SYMS 14975 2685 90 3 5
@@@O92 VBATOUT $PWR_SYMS 14735 4245 90 0 6
@@@O93 PWR_ON $OSR_SYMS 14635 3285 0 0 0
@@@O94 GND $PWR_SYMS 15275 2675 0 0 1
@@@O95 VOUT $OSR_SYMS 15835 4235 0 3 0
@@@O96 VOUT $OSR_SYMS 13605 3335 0 3 3
@@@O97 GND $PWR_SYMS 11715 3325 0 0 1
@@@O98 GND $PWR_SYMS 13455 2935 0 0 7
@@@O99 PWR_ON $OSR_SYMS 11815 3445 0 0 4
@@@O100 GND $PWR_SYMS 11375 7235 90 3 5
@@@O101 BAT+ $PWR_SYMS 11375 8245 90 0 6
@@@O102 CHRG $OSR_SYMS 10115 7565 0 3 0
@@@O103 KEY-PWR $OSR_SYMS 12345 3235 0 0 0
@@@O104 GND $PWR_SYMS 4495 2785 90 3 5
@@@O105 GND $PWR_SYMS 5415 2785 90 3 5
@@@O106 GND $PWR_SYMS 3535 2785 90 3 5
@@@O107 3V3 $PWR_SYMS 4715 2885 90 0 8
@@@O108 3V3 $PWR_SYMS 3795 2885 90 0 8
@@@O109 GND $PWR_SYMS 2375 3405 90 0 5
@@@O110 3V3 $PWR_SYMS 2375 2885 90 0 2
@@@O111 CHRG $OSR_SYMS 15155 8945 90 3 0
@@@O112 KEY-MIN $OSR_SYMS 1805 7045 90 3 0
@@@O113 KEY-MODE $OSR_SYMS 2955 7045 90 3 0
@@@O114 BAT_DET $OSR_SYMS 11125 7735 90 3 0
@@@O115 IO0 $OSR_SYMS 845 7305 90 0 0
@@@O116 KEY-MODE $OSR_SYMS 1295 7305 90 0 0
@@@O117 GND $PWR_SYMS 5495 9055 0 0 1
@@@O118 GND $PWR_SYMS 2915 5785 90 0 1
@@@O119 GND $PWR_SYMS 2965 4275 90 0 1
@@@O120 TFT-BLK $OSR_SYMS 855 5165 0 0 0
@@@O121 GND $PWR_SYMS 1255 4765 0 0 1
@@@O122 GND $PWR_SYMS 1555 4765 0 0 1
@@@O123 3V3 $PWR_SYMS 755 5475 0 0 0
@@@O124 3V3 $PWR_SYMS 2255 5305 0 0 0
@@@O125 GND $PWR_SYMS 1945 4765 0 0 1
@@@O126 GND $PWR_SYMS 11355 5535 90 3 5
@@@O127 VBUS $PWR_SYMS 11355 6545 0 0 2
@@@O128 CHRG $OSR_SYMS 11105 6035 0 0 0
@@@O129 GND $PWR_SYMS 14925 5615 0 0 1
@@@O130 VBUS $PWR_SYMS 15635 8465 90 3 2
@@@O131 BAT+ $PWR_SYMS 15065 8175 90 3 2
@@@O132 GND $PWR_SYMS 9715 3265 0 0 1
@@@O133 3V3 @TERM 2365 2885 0 0 -2
@@@O134 I2S-SD @TERM 8265 10915 0 0 -2
@@@O135 SPK- @TERM 10668 10115 0 0 -2
@@@O136 IO0 @TERM 5035 1505 0 0 -2
@@@O137 EN @TERM 6155 1925 0 0 -2
@@@O138 WS2812 @TERM 2445 2785 0 0 -2
@@@O139 GND @TERM 2265 5175 0 0 -2
@@@O140 GND @TERM 2265 5075 0 0 -2
@@@O141 TFT-DC @TERM 2265 4975 0 0 -2
@@@O142 TFT-SCL @TERM 2265 4775 0 0 -2
@@@O143 TFT-SDA @TERM 2265 4675 0 0 -2
@@@O144 GND @TERM 2265 5575 0 0 -2
@@@O145 TFT-RES @TERM 2265 4575 0 0 -2
@@@O146 GND @TERM 2265 4485 0 0 -2
*TIEDOTS*
@@@D0 9715 3265
@@@D1 14815 8175
@@@D2 14615 8175
@@@D3 15635 8465
@@@D4 14925 5715
@@@D5 11355 6035
@@@D6 5495 9055
@@@D7 11125 7695
@@@D8 11125 7735
@@@D9 11375 7735
@@@D10 2375 2885
@@@D11 2375 2885
@@@D12 2665 2885
@@@D13 2375 3375
@@@D14 11375 7255
@@@D15 13455 3335
@@@D16 15835 4235
@@@D17 14925 6315
@@@D18 14615 6315
@@@D19 14615 6315
@@@D20 12445 8175
@@@D21 12445 8175
@@@D22 12645 8175
@@@D23 13035 8175
@@@D24 13245 8175
@@@D25 14815 7725
@@@D26 13135 7725
@@@D27 13035 7725
@@@D28 12645 7725
@@@D29 12445 7725
@@@D30 12835 8575
@@@D31 12835 8575
@@@D32 6595 1275
@@@D33 8265 10615
@@@D34 7915 10565
@@@D35 8275 10915
@@@D36 8665 10915
@@@D37 8325 7465
@@@D38 8315 7365
@@@D39 8325 7265
@@@D40 8325 7165
@@@D41 5845 9965
@@@D42 4815 9515
@@@D43 4265 10065
@@@D44 4265 10165
@@@D45 4265 10265
@@@D46 4905 5135
@@@D47 12935 10765
@@@D48 12935 10765
@@@D49 13155 10765
@@@D50 10420 9664
@@@D51 10665 10115
@@@D52 10665 10115
@@@D53 10665 10115
@@@D54 10668 10012
@@@D55 10165 10112
@@@D56 10165 10115
@@@D57 10167 10112
@@@D58 11265 11115
@@@D59 11265 11115
@@@D60 1965 10565
@@@D61 2015 10565
@@@D62 2065 10565
@@@D63 2005 6695
@@@D64 2805 6695
@@@D65 2805 6945
@@@D66 2805 6945
@@@D67 3755 6695
@@@D68 3755 6945
@@@D69 3755 6945
@@@D70 3755 7045
@@@D71 4705 6695
@@@D72 4705 6945
@@@D73 4705 6945
@@@D74 10115 7765
@@@D75 8215 8085
@@@D76 7915 8085
@@@D77 7595 7665
@@@D78 7915 7665
@@@D79 14665 10365
@@@D80 14665 10365
@@@D81 13405 10365
@@@D82 15165 10365
@@@D83 15565 10365
@@@D84 15875 10365
@@@D85 13155 10365
@@@D86 14665 10865
@@@D87 14665 10865
@@@D88 15165 10865
@@@D89 15565 10865
@@@D90 15875 10865
@@@D91 1415 9115
@@@D92 1815 9115
@@@D93 1815 9115
@@@D94 2215 9115
@@@D95 6595 1925
@@@D96 6595 1785
@@@D97 15275 3885
@@@D98 15155 8575
@@@D99 1255 5165
@@@D100 14975 3285
@@@D101 13795 5995
*CONNECTION*
*SIGNAL* GND 0 0
@@@D0 @@@O132 2 0
9715 3265
9715 3265
@@@D0 SCREW1.1 3 0
9715 3265
9465 3265
9465 3315
SCREW2.1 @@@D0 3 0
10015 3315
10015 3265
9715 3265
@@@O129 @@@D4 2 0
14925 5615
14925 5715
C16.1 @@@D4 3 0
14615 5765
14615 5715
14925 5715
C15.1 @@@D4 2 0
14925 5765
14925 5715
@@@O126 R28.1 2 0
11355 5535
11355 5595
1_?.8 @@@O125 3 0
2565 4875
1945 4875
1945 4765
Q4.2 @@@O122 2 0
1555 4965
1555 4765
@@@O121 R26.1 2 0
1255 4765
1255 4765
@@@O119 1_?.13 2 0
2965 4275
2915 4275
@@@O118 1_?.14 2 0
2915 5785
2915 5775
@@@D6 @@@O117 2 0
5495 9055
5495 9055
R22.1 @@@D6 2 0
5395 9055
5495 9055
R23.1 @@@D6 2 0
5595 9055
5495 9055
@@@D13 @@@O109 2 0
2375 3375
2375 3405
C23.2 @@@D13 2 0
2375 3355
2375 3375
@@@D13 C19.2 3 0
2375 3375
2665 3375
2665 3355
@@@O106 LED3.2 2 0
3535 2785
3535 2785
@@@O105 LED4.2 2 0
5415 2785
5415 2785
@@@O104 LED2.2 2 0
4495 2785
4495 2785
@@@O100 @@@D14 2 0
11375 7235
11375 7255
@@@D14 C18.1 3 0
11375 7255
11125 7255
11125 7295
R18.1 @@@D14 2 0
11375 7295
11375 7255
@@@O98 C17.2 2 0
13455 2935
13455 2905
U5.2 @@@O97 3 0
12445 3335
11715 3335
11715 3325
@@@O94 Q3.2 2 0
15275 2675
15275 3085
@@@O91 R16.2 2 0
14975 2685
14975 2685
@@@O90 R13.2 2 0
13795 5515
13795 5515
@@@D25 C12.2 2 0
14815 7725
14815 7725
@@@D25 @@@O83 2 0
14815 7725
14815 7685
@@@D25 C13.2 2 0
14815 7725
14615 7725
@@@O82 @@@D26 2 0
13135 7675
13135 7725
@@@D27 C14.2 2 0
13035 7725
13035 7725
@@@D26 @@@D27 2 0
13135 7725
13035 7725
@@@D27 @@@D28 2 0
13035 7725
12645 7725
@@@D28 @@@D29 2 0
12645 7725
12445 7725
@@@D29 C26.1 3 0
12445 7725
12165 7725
12165 7745
@@@D29 C25.1 2 0
12445 7725
12445 7745
@@@D28 C24.1 2 0
12645 7725
12645 7745
C11.2 @@@D26 3 0
13245 7735
13245 7725
13135 7725
@@@D30 @@@D31 2 0
12835 8575
12835 8575
@@@D30 @@@O81 2 0
12835 8575
12785 8575
@@@D30 U4.1 3 0
12835 8575
12835 8775
13435 8775
@@@D31 U4.3 3 0
12835 8575
12835 8375
13435 8375
R11.2 @@@D31 2 0
12935 8575
12835 8575
@@@O80 U4.9 2 0
13985 7975
13985 7975
@@@O78 @@@D32 2 0
6595 1145
6595 1275
C9.1 @@@D32 2 0
6275 1275
6595 1275
SW5.1 @@@D32 2 0
6595 1385
6595 1275
SW6.2 @@@O77 3 0
5585 1505
5635 1505
5635 1375
USB1.B1A12 @@@O34 3 0
5265 10465
6465 10465
6465 9515
@@@D42 @@@O33 2 0
4815 9515
4815 9515
@@@D43 USB1.13 2 0
4265 10065
4265 10065
@@@D42 @@@D43 3 0
4815 9515
4265 9515
4265 10065
USB1.A1B12 @@@D42 3 0
5265 9865
5265 9515
4815 9515
@@@D44 USB1.14 2 0
4265 10165
4265 10165
@@@D43 @@@D44 2 0
4265 10065
4265 10165
@@@D45 USB1.15 2 0
4265 10265
4265 10265
@@@D44 @@@D45 2 0
4265 10165
4265 10265
@@@D45 USB1.16 2 0
4265 10265
4265 10365
@@@O32 C8.1 2 0
5845 9515
5845 9565
@@@D46 U3.3 2 0
4905 5135
4905 5135
@@@O28 @@@D46 2 0
4155 5135
4905 5135
U3.2 @@@D46 2 0
4905 5235
4905 5135
LED1.1 @@@O25 2 0
3415 1325
3465 1325
@@@D50 @@@O22 2 0
10420 9664
10420 9664
@@@D50 C2.1 3 0
10420 9664
10167 9662
10167 9712
@@@D50 C3.1 3 0
10420 9664
10668 9662
10668 9712
@@@D58 @@@D59 2 0
11265 11115
11265 11115
@@@D58 @@@O19 2 0
11265 11115
11325 11115
MAX1.15 @@@D58 2 0
10165 11115
11265 11115
@@@D59 MAX1.11 3 0
11265 11115
11265 10715
10165 10715
MAX1.17 @@@D59 3 0
10165 11315
11265 11315
11265 11115
MAX1.3 @@@O18 2 0
8865 11015
7465 11015
TF1.6 @@@O7 2 0
2615 10815
2615 10565
@@@D60 TF1.11 2 0
1965 10565
1965 10565
@@@D61 @@@O6 2 0
2015 10565
2015 10565
@@@D60 @@@D61 2 0
1965 10565
2015 10565
TF1.10 @@@D60 2 0
1865 10565
1965 10565
@@@D62 TF1.12 2 0
2065 10565
2065 10565
@@@D62 @@@D61 2 0
2065 10565
2015 10565
@@@D62 TF1.13 2 0
2065 10565
2165 10565
@@@D63 @@@O5 3 0
2005 6695
1805 6695
1805 6445
SW1.3 @@@D63 2 0
2005 6945
2005 6695
@@@D64 @@@D63 2 0
2805 6695
2005 6695
@@@D65 @@@D66 2 0
2805 6945
2805 6945
@@@D64 @@@D65 2 0
2805 6695
2805 6945
SW1.4 @@@D65 2 0
2605 6945
2805 6945
SW1.2 @@@D66 3 0
2605 7045
2805 7045
2805 6945
@@@D66 SW2.3 2 0
2805 6945
2965 6945
@@@D64 @@@D67 2 0
2805 6695
3755 6695
@@@D68 @@@D69 2 0
3755 6945
3755 6945
@@@D67 @@@D68 2 0
3755 6695
3755 6945
@@@D68 SW2.4 2 0
3755 6945
3565 6945
@@@D70 @@@D69 2 0
3755 7045
3755 6945
SW2.2 @@@D70 2 0
3565 7045
3755 7045
@@@D70 SW4.1 2 0
3755 7045
3905 7045
SW4.3 @@@D69 2 0
3905 6945
3755 6945
@@@D71 @@@D67 2 0
4705 6695
3755 6695
@@@D72 @@@D73 2 0
4705 6945
4705 6945
@@@D71 @@@D72 2 0
4705 6695
4705 6945
SW4.4 @@@D72 2 0
4505 6945
4705 6945
SW3.1 @@@D73 3 0
4805 7045
4705 7045
4705 6945
SW3.3 @@@D73 2 0
4805 6945
4705 6945
@@@D71 SW3.4 3 0
4705 6695
5405 6695
5405 6945
@@@D74 U1.40 2 0
10115 7765
10115 7765
@@@O4 @@@D74 3 0
10315 7865
10315 7765
10115 7765
U1.41 @@@D74 2 0
10115 7915
10115 7765
@@@O3 @@@D75 2 0
8215 8205
8215 8085
@@@D75 @@@D76 2 0
8215 8085
7915 8085
C7.2 @@@D76 3 0
7595 8065
7595 8085
7915 8085
C6.2 @@@D76 2 0
7915 8075
7915 8085
U1.1 @@@D75 3 0
8415 7765
8215 7765
8215 8085
@@@D79 @@@D80 2 0
14665 10365
14665 10365
@@@D79 @@@O1 2 0
14665 10365
14665 10365
@@@D79 @@@D81 2 0
14665 10365
13405 10365
C4.1 @@@D80 2 0
14665 10465
14665 10365
@@@D80 @@@D82 2 0
14665 10365
15165 10365
@@@D82 C1.1 2 0
15165 10365
15165 10465
@@@D83 @@@D82 2 0
15565 10365
15165 10365
C10.1 @@@D83 2 0
15565 10465
15565 10365
@@@D84 @@@D83 2 0
15875 10365
15565 10365
@@@D84 C21.1 2 0
15875 10365
15875 10435
C22.1 @@@D84 3 0
16085 10435
16085 10365
15875 10365
@@@D85 C5.1 2 0
13155 10365
13155 10365
@@@D85 @@@D81 2 0
13155 10365
13405 10365
@@@D85 C20.1 2 0
13155 10365
12935 10365
@@@D81 U2.2 3 0
13405 10365
13405 10665
13575 10665
1_?.5 @@@O139 2 0
2565 5175
2265 5175
1_?.6 @@@O140 2 0
2565 5075
2265 5075
1_?.1 @@@O144 2 0
2565 5575
2265 5575
1_?.12 @@@O146 3 0
2565 4475
2265 4475
2265 4485
*SIGNAL* BAT+ 0 0
@@@D1 @@@O131 2 0
14815 8175
15065 8175
@@@D1 @@@D2 2 0
14815 8175
14615 8175
@@@D2 U4.5 2 0
14615 8175
14535 8175
C13.1 @@@D2 2 0
14615 8125
14615 8175
C12.1 @@@D1 2 0
14815 8125
14815 8175
@@@O101 R17.2 2 0
11375 8245
11375 8245
@@@O86 Q1.3 2 0
13165 6315
14015 6315
*SIGNAL* VBUS 0 0
@@@D3 @@@O130 2 0
15635 8465
15635 8465
LED_RED1.2 @@@D3 2 0
15635 8575
15635 8465
LED_GREEN1.2 @@@D3 2 0
15635 8375
15635 8465
@@@O127 R29.2 2 0
11355 6545
11355 6545
@@@O89 D2.2 2 0
13165 6545
13615 6545
D1.1 @@@O87 2 0
13115 5995
12965 5995
@@@O85 U4.8 3 0
14935 8985
14935 8775
14535 8775
@@@D20 @@@D21 2 0
12445 8175
12445 8175
@@@O84 @@@D20 2 0
12445 8205
12445 8175
@@@D20 C26.2 3 0
12445 8175
12165 8175
12165 8145
C25.2 @@@D21 2 0
12445 8145
12445 8175
@@@D21 @@@D22 2 0
12445 8175
12645 8175
C24.2 @@@D22 2 0
12645 8145
12645 8175
@@@D23 @@@D22 2 0
13035 8175
12645 8175
@@@D23 C14.1 2 0
13035 8175
13035 8125
@@@D23 @@@D24 2 0
13035 8175
13245 8175
C11.1 @@@D24 2 0
13245 8135
13245 8175
@@@D24 U4.4 2 0
13245 8175
13435 8175
@@@O36 USB1.B4A9 2 0
5865 10565
5265 10565
@@@D41 C8.2 2 0
5845 9965
5845 9965
@@@D41 @@@O35 2 0
5845 9965
5945 9965
USB1.A4B9 @@@D41 2 0
5265 9965
5845 9965
*SIGNAL* CHRG 0 0
@@@D5 @@@O128 2 0
11355 6035
11105 6035
@@@D5 R28.2 2 0
11355 6035
11355 5995
@@@D5 R29.1 2 0
11355 6035
11355 6145
R19.1 @@@O111 2 0
15155 8975
15155 8945
@@@O102 U1.38 2 0
10115 7565
10115 7565
*SIGNAL* 3V3 0 0
1_?.4 @@@O124 3 0
2565 5275
2255 5275
2255 5305
R27.1 @@@O123 2 0
865 5475
755 5475
@@@D10 @@@D11 2 0
2375 2885
2375 2885
@@@D10 @@@O110 2 0
2375 2885
2375 2885
@@@D10 @@@O133 2 0
2375 2885
2365 2885
C23.1 @@@D11 2 0
2375 2955
2375 2885
@@@D12 @@@D11 2 0
2665 2885
2375 2885
@@@D12 C19.1 2 0
2665 2885
2665 2955
@@@D12 LED3.4 2 0
2665 2885
2835 2885
@@@O108 LED2.4 2 0
3795 2885
3795 2885
@@@O107 LED4.4 2 0
4715 2885
4715 2885
R8.2 @@@O79 2 0
6595 2425
6595 2425
U3.5 @@@O29 3 0
5605 5235
6555 5235
6555 5285
TF1.4 @@@O8 2 0
1515 10865
715 10865
@@@D77 C7.1 2 0
7595 7665
7595 7665
@@@D77 @@@O2 3 0
7595 7665
7335 7665
7335 7995
@@@D77 @@@D78 2 0
7595 7665
7915 7665
@@@D78 C6.1 2 0
7915 7665
7915 7675
U1.2 @@@D78 2 0
8415 7665
7915 7665
@@@D86 @@@D87 2 0
14665 10865
14665 10865
@@@D86 @@@O0 2 0
14665 10865
14665 10865
@@@D86 C4.2 2 0
14665 10865
14665 10865
@@@D87 U2.5 3 0
14665 10865
14575 10865
14575 10765
@@@D88 C1.2 2 0
15165 10865
15165 10865
@@@D87 @@@D88 2 0
14665 10865
15165 10865
@@@D89 C10.2 2 0
15565 10865
15565 10865
@@@D88 @@@D89 2 0
15165 10865
15565 10865
@@@D89 @@@D90 2 0
15565 10865
15875 10865
C21.2 @@@D90 2 0
15875 10835
15875 10865
C22.2 @@@D90 3 0
16085 10835
16085 10865
15875 10865
@@@D91 R2.1 2 0
1415 9115
1415 9115
@@@D91 R1.1 2 0
1415 9115
1065 9115
@@@D92 @@@D93 2 0
1815 9115
1815 9115
@@@D92 R3.1 2 0
1815 9115
1815 9115
@@@D91 @@@D92 2 0
1415 9115
1815 9115
@@@D93 @@@O14 2 0
1815 9115
1814 9015
@@@D94 R4.1 2 0
2215 9115
2215 9115
@@@D94 @@@D93 2 0
2215 9115
1815 9115
R5.1 @@@D94 2 0
2565 9115
2215 9115
*SIGNAL* TFT-BLK 0 0
@@@O120 R25.1 2 0
855 5165
855 5165
U1.8 @@@O41 2 0
8415 7065
8315 7065
*SIGNAL* KEY-MODE 0 0
@@@O116 R21.2 2 0
1295 7305
1295 7305
@@@O113 SW2.1 2 0
2955 7045
2965 7045
@@@O54 U1.22 2 0
9465 5915
9465 5915
*SIGNAL* IO0 0 0
@@@O115 R21.1 2 0
845 7305
895 7305
U1.27 @@@O64 2 0
10115 6465
10155 6465
SW6.1 @@@O136 2 0
5185 1505
5035 1505
*SIGNAL* BAT_DET 0 0
@@@D7 C18.2 2 0
11125 7695
11125 7695
@@@D8 @@@O114 2 0
11125 7735
11125 7735
@@@D7 @@@D8 2 0
11125 7695
11125 7735
R24.2 @@@D7 3 0
11035 7665
11125 7665
11125 7695
@@@D9 @@@D8 2 0
11375 7735
11125 7735
@@@D9 R17.1 2 0
11375 7735
11375 7845
@@@D9 R18.2 2 0
11375 7735
11375 7695
*SIGNAL* KEY-MIN 0 0
@@@O112 SW1.1 2 0
1805 7045
2005 7045
@@@O55 U1.23 2 0
9565 5915
9565 5915
*SIGNAL* KEY-PWR 0 0
U5.3 @@@O103 2 0
12445 3235
12345 3235
SW3.2 @@@O23 2 0
5405 7045
5455 7045
*SIGNAL* PWR_ON 0 0
@@@O99 U5.1 3 0
11815 3445
11815 3435
12445 3435
R14.1 @@@O93 2 0
14575 3285
14635 3285
*SIGNAL* VOUT 0 0
@@@O96 @@@D15 2 0
13605 3335
13455 3335
@@@D15 U5.5 2 0
13455 3335
13245 3335
@@@D15 C17.1 2 0
13455 3335
13455 3305
@@@D16 @@@O95 2 0
15835 4235
15835 4235
Q2.2 @@@D16 2 0
15475 4235
15835 4235
@@@D16 R15.2 3 0
15835 4235
15835 3885
15775 3885
@@@D17 @@@O88 2 0
14925 6315
15125 6315
@@@D18 @@@D19 2 0
14615 6315
14615 6315
@@@D17 @@@D18 2 0
14925 6315
14615 6315
@@@D18 Q1.2 2 0
14615 6315
14415 6315
@@@D19 C16.2 2 0
14615 6315
14615 6165
@@@D19 D2.1 3 0
14615 6315
14615 6545
14015 6545
C15.2 @@@D17 2 0
14925 6165
14925 6315
*SIGNAL* VBATOUT 0 0
Q2.3 @@@O92 3 0
15075 4235
14735 4235
14735 4245
@@@D34 @@@O67 2 0
7915 10565
7915 10565
@@@D33 @@@D34 3 0
8265 10615
7915 10615
7915 10565
@@@D33 R6.1 2 0
8265 10615
8265 10765
@@@D33 MAX1.7 2 0
8265 10615
8865 10615
MAX1.8 @@@D34 3 0
8865 10515
7915 10515
7915 10565
@@@D47 @@@D48 2 0
12935 10765
12935 10765
@@@D47 C20.2 2 0
12935 10765
12935 10765
@@@D47 @@@O27 2 0
12935 10765
12855 10765
@@@D48 R31.2 3 0
12935 10765
12935 10985
12975 10985
@@@D49 C5.2 2 0
13155 10765
13155 10765
@@@D48 @@@D49 2 0
12935 10765
13155 10765
@@@D49 U2.1 2 0
13155 10765
13575 10765
*SIGNAL* MIC-WS 0 0
R32.1 @@@O76 2 0
4505 5335
4525 5335
@@@O63 U1.34 2 0
10115 7165
10115 7165
*SIGNAL* MIC-SD 0 0
@@@O75 R33.2 2 0
6005 5335
6005 5335
@@@O62 U1.33 2 0
10115 7065
10115 7065
*SIGNAL* MIC-SCK 0 0
@@@O74 R34.2 2 0
6005 5135
6005 5135
@@@O61 U1.32 2 0
10115 6965
10115 6965
*SIGNAL* UDB-D+ 0 0
USB1.A6 @@@O73 2 0
5265 10165
5265 10165
@@@O71 USB1.B6 2 0
5265 10765
5265 10765
U1.14 @@@O44 2 0
8415 6465
8315 6465
*SIGNAL* USB-D- 0 0
@@@O72 USB1.A7 2 0
5265 10265
5265 10265
@@@O70 USB1.B7 2 0
5265 10865
5265 10865
U1.13 @@@O45 2 0
8415 6565
8315 6565
*SIGNAL* I2S-LRC 0 0
@@@O69 MAX1.14 2 0
10165 11015
10165 11015
@@@D40 TP4.1 2 0
8325 7165
8325 7165
@@@O42 @@@D40 2 0
8315 7165
8325 7165
U1.7 @@@D40 2 0
8415 7165
8325 7165
*SIGNAL* I2S-BCLK 0 0
@@@O68 MAX1.16 2 0
10165 11215
10165 11215
@@@D39 TP3.1 2 0
8325 7265
8325 7265
@@@O43 @@@D39 2 0
8315 7265
8325 7265
U1.6 @@@D39 2 0
8415 7265
8325 7265
*SIGNAL* I2S-SD 0 0
@@@D35 @@@O66 2 0
8275 10915
8275 10915
@@@O134 @@@D35 2 0
8265 10915
8275 10915
@@@D36 @@@D35 2 0
8665 10915
8275 10915
@@@D36 R6.2 2 0
8665 10915
8665 10765
@@@D36 MAX1.4 2 0
8665 10915
8865 10915
@@@D37 TP1.1 2 0
8325 7465
8325 7465
@@@O49 @@@D37 2 0
8315 7465
8325 7465
U1.4 @@@D37 2 0
8415 7465
8325 7465
*SIGNAL* I2S-DIN 0 0
@@@O65 MAX1.1 2 0
8855 11215
8865 11215
@@@D38 TP2.1 2 0
8315 7365
8315 7365
@@@D38 @@@O48 2 0
8315 7365
8315 7365
U1.5 @@@D38 2 0
8415 7365
8315 7365
*SIGNAL* SD-SD 0 0
@@@O60 U1.31 2 0
10115 6865
10115 6865
@@@O31 R5.2 2 0
2565 9515
2565 9515
@@@O13 TF1.9 2 0
2615 11115
2615 11115
*SIGNAL* WS2812 0 0
@@@O59 U1.25 2 0
9765 5915
9765 5915
@@@O138 LED3.3 2 0
2445 2785
2835 2785
*SIGNAL* KEY-ADD 0 0
@@@O58 U1.17 2 0
8965 5915
8965 5915
@@@O24 SW4.2 2 0
4505 7045
4505 7045
*SIGNAL* SD-CS 0 0
@@@O57 U1.18 2 0
9065 5915
9065 5915
@@@O15 R1.2 2 0
1065 9515
1065 9515
@@@O12 TF1.2 2 0
1515 11065
1515 11065
*SIGNAL* LED-BLINK 0 0
@@@O56 U1.24 2 0
9665 5915
9665 5915
@@@O26 R7.1 2 0
2515 1325
2615 1325
*SIGNAL* SD-MISO 0 0
@@@O53 U1.21 2 0
9365 5915
9365 5915
@@@O30 R4.2 2 0
2215 9515
2215 9515
@@@O9 TF1.7 2 0
2615 10915
2615 10915
*SIGNAL* SD-CLK 0 0
@@@O52 U1.20 2 0
9265 5915
9265 5915
@@@O17 R3.2 2 0
1815 9515
1815 9515
@@@O10 TF1.5 2 0
1515 10765
1515 10765
*SIGNAL* SD-MOSI 0 0
@@@O51 U1.19 2 0
9165 5915
9165 5915
@@@O16 R2.2 2 0
1415 9515
1415 9515
@@@O11 TF1.3 2 0
1515 10965
1515 10965
*SIGNAL* EN 0 0
U1.3 @@@O50 2 0
8415 7565
8315 7565
@@@D95 @@@O137 2 0
6595 1925
6155 1925
@@@D96 SW5.2 2 0
6595 1785
6595 1785
@@@D95 @@@D96 2 0
6595 1925
6595 1785
C9.2 @@@D96 3 0
6275 1675
6275 1785
6595 1785
@@@D95 R8.1 2 0
6595 1925
6595 2025
*SIGNAL* TFT-SCL 0 0
U1.12 @@@O47 2 0
8415 6665
8315 6665
1_?.9 @@@O142 2 0
2565 4775
2265 4775
*SIGNAL* TFT-SDA 0 0
U1.11 @@@O46 2 0
8415 6765
8315 6765
1_?.10 @@@O143 2 0
2565 4675
2265 4675
*SIGNAL* TFT-RES 0 0
U1.10 @@@O40 2 0
8415 6865
8315 6865
@@@O145 1_?.11 2 0
2265 4575
2565 4575
*SIGNAL* TFT-DC 0 0
U1.9 @@@O39 2 0
8415 6965
8315 6965
1_?.7 @@@O141 2 0
2565 4975
2265 4975
*SIGNAL* RXD0 0 0
@@@O38 U1.36 2 0
10115 7365
10115 7365
*SIGNAL* TXD0 0 0
@@@O37 U1.37 2 0
10115 7465
10115 7465
*SIGNAL* SPK- 0 0
@@@D51 @@@D52 2 0
10665 10115
10665 10115
@@@D52 @@@D53 2 0
10665 10115
10665 10115
@@@D51 @@@O21 2 0
10665 10115
10665 10115
L2.1 @@@D51 2 0
10665 10186
10665 10115
@@@D54 C3.2 2 0
10668 10012
10668 10012
@@@D54 @@@D52 3 0
10668 10012
10665 10012
10665 10115
@@@D53 @@@D54 2 0
10665 10115
10668 10012
@@@O135 @@@D53 2 0
10668 10115
10665 10115
*SIGNAL* SPK+ 0 0
@@@D55 L1.1 2 0
10165 10112
10165 10112
@@@D56 @@@O20 2 0
10165 10115
10165 10115
@@@D55 @@@D56 2 0
10165 10112
10165 10115
@@@D55 @@@D57 2 0
10165 10112
10167 10112
@@@D57 @@@D56 3 0
10167 10112
10167 10115
10165 10115
@@@D57 C2.2 2 0
10167 10112
10167 10012
*SIGNAL* $$$1 0 0
@@@D97 R30.2 2 0
15275 3885
15275 3885
R15.1 @@@D97 2 0
15375 3885
15275 3885
Q2.1 @@@D97 2 0
15275 3935
15275 3885
*SIGNAL* $$$2 0 0
Q3.3 R30.1 2 0
15275 3485
15275 3485
*SIGNAL* $$$3 0 0
@@@D98 R19.2 2 0
15155 8575
15155 8575
@@@D98 R9.1 2 0
15155 8575
15035 8575
@@@D98 LED_RED1.1 2 0
15155 8575
15235 8575
*SIGNAL* $$$4 0 0
R23.2 USB1.B5 3 0
5595 9455
5595 10665
5265 10665
*SIGNAL* LEDA 0 0
1_?.3 Q4.3 3 0
2565 5375
1555 5375
1555 5365
*SIGNAL* $$$5 0 0
@@@D99 R25.2 2 0
1255 5165
1255 5165
@@@D99 R26.2 2 0
1255 5165
1255 5165
Q4.1 @@@D99 2 0
1355 5165
1255 5165
*SIGNAL* LEDK 0 0
1_?.2 R27.2 2 0
2565 5475
1265 5475
*SIGNAL* $$$6 0 0
@@@D100 R14.2 2 0
14975 3285
14975 3285
Q3.1 @@@D100 2 0
15075 3285
14975 3285
R16.1 @@@D100 2 0
14975 3085
14975 3285
*SIGNAL* $$$7 0 0
L1.2 MAX1.9 2 0
10165 10512
10165 10515
*SIGNAL* $$$8 0 0
L2.2 MAX1.10 3 0
10665 10586
10665 10615
10165 10615
*SIGNAL* $$$9 0 0
R7.2 LED1.2 2 0
3015 1325
3015 1325
*SIGNAL* $$$10 0 0
R10.2 U4.6 2 0
14635 8375
14535 8375
*SIGNAL* $$$11 0 0
R9.2 U4.7 2 0
14635 8575
14535 8575
*SIGNAL* $$$12 0 0
R11.1 U4.2 2 0
13335 8575
13435 8575
*SIGNAL* $$$13 0 0
LED_GREEN1.1 R10.1 2 0
15235 8375
15035 8375
*SIGNAL* $$$14 0 0
D1.2 @@@D101 2 0
13515 5995
13795 5995
R13.1 @@@D101 2 0
13795 5915
13795 5995
R12.2 @@@D101 2 0
13815 5995
13795 5995
*SIGNAL* $$$15 0 0
LED3.1 LED2.3 4 0
3535 2885
3685 2885
3685 2785
3795 2785
*SIGNAL* $$$16 0 0
LED4.3 LED2.1 4 0
4715 2785
4615 2785
4615 2885
4495 2885
*SIGNAL* $$$17 0 0
R22.2 USB1.A5 3 0
5395 9455
5395 10065
5265 10065
*SIGNAL* $$$18 0 0
U1.39 R24.1 2 0
10115 7665
10635 7665
*SIGNAL* $$$19 0 0
R31.1 U2.3 4 0
13375 10985
13505 10985
13505 10565
13575 10565
*SIGNAL* $$$20 0 0
U3.1 R32.2 2 0
4905 5335
4905 5335
*SIGNAL* $$$21 0 0
R33.1 U3.6 2 0
5605 5335
5605 5335
*SIGNAL* $$$22 0 0
R34.1 U3.4 2 0
5605 5135
5605 5135
*SIGNAL* $$$23 0 0
R12.1 Q1.1 2 0
14215 5995
14215 6015
*NETNAMES*
3V3 @@@O0 0 150 0 12 0      0      0 0 -1 10 97 "Regular DOUYU Font"
GND @@@O1 -100 -300 0 0 0      0      0 0 -1 10 97 "Regular DOUYU Font"
3V3 @@@O2 0 150 0 12 0      0      0 0 -1 10 97 "Regular DOUYU Font"
GND @@@O3 100 300 0 3 0      0      0 0 -1 10 97 "Regular DOUYU Font"
GND @@@O4 100 300 0 3 0      0      0 0 -1 10 97 "Regular DOUYU Font"
GND @@@O5 -100 -350 0 0 0      0      0 0 -1 10 97 "Regular DOUYU Font"
GND @@@O6 -100 -300 0 0 0      0      0 0 -1 10 97 "Regular DOUYU Font"
GND @@@O7 -100 -300 0 0 0      0      0 0 -1 10 97 "Regular DOUYU Font"
3V3 @@@O8 0 150 90 12 0      0      0 0 -1 10 97 "Regular DOUYU Font"
SD-MISO @@@O9 -450 0 0 8 0      0      0 0 -1 10 97 "Regular DOUYU Font"
SD-CLK @@@O10 -450 0 0 9 0      0      0 0 -1 10 97 "Regular DOUYU Font"
SD-MOSI @@@O11 -450 0 0 9 0      0      0 0 -1 10 97 "Regular DOUYU Font"
SD-CS @@@O12 -450 0 0 9 0      0      0 0 -1 10 97 "Regular DOUYU Font"
SD-SD @@@O13 -450 0 0 8 0      0      0 0 -1 10 97 "Regular DOUYU Font"
3V3 @@@O14 0 -200 0 12 0      0      0 0 -1 10 97 "Regular DOUYU Font"
SD-CS @@@O15 100 450 0 9 0      0      0 0 -1 10 97 "Regular DOUYU Font"
SD-MOSI @@@O16 200 450 0 9 0      0      0 0 -1 10 97 "Regular DOUYU Font"
SD-CLK @@@O17 200 450 0 9 0      0      0 0 -1 10 97 "Regular DOUYU Font"
GND @@@O19 300 -90 90 0 0      0      0 0 -1 10 97 "Regular DOUYU Font"
SPK+ @@@O20 -450 0 0 9 0      0      0 0 -1 10 97 "Regular DOUYU Font"
SPK- @@@O21 -450 0 0 8 0      0      0 0 -1 10 97 "Regular DOUYU Font"
GND @@@O22 -106 -300 0 0 0      0      0 0 -1 10 97 "Regular DOUYU Font"
KEY-PWR @@@O23 -0 450 90 8 0      0      0 0 -1 10 97 "Regular DOUYU Font"
KEY-ADD @@@O24 -0 450 90 8 0      0      0 0 -1 10 97 "Regular DOUYU Font"
GND @@@O25 310 -100 90 0 0      0      0 0 -1 10 97 "Regular DOUYU Font"
LED-BLINK @@@O26 -450 0 0 9 0      0      0 0 -1 10 97 "Regular DOUYU Font"
VBATOUT @@@O27 450 0 0 9 0      0      0 0 -1 10 97 "Regular DOUYU Font"
GND @@@O28 -100 -300 0 0 0      0      0 0 -1 10 97 "Regular DOUYU Font"
3V3 @@@O29 0 150 0 12 0      0      0 0 -1 10 97 "Regular DOUYU Font"
SD-MISO @@@O30 200 450 0 9 0      0      0 0 -1 10 97 "Regular DOUYU Font"
SD-SD @@@O31 150 450 0 9 0      0      0 0 -1 10 97 "Regular DOUYU Font"
GND @@@O32 -100 -300 0 0 0      0      0 0 -1 10 97 "Regular DOUYU Font"
GND @@@O33 -100 -300 0 0 0      0      0 0 -1 10 97 "Regular DOUYU Font"
GND @@@O34 -100 -300 0 0 0      0      0 0 -1 10 97 "Regular DOUYU Font"
VBUS @@@O35 250 0 0 12 0      0      0 0 -1 10 97 "Regular DOUYU Font"
VBUS @@@O36 250 0 0 12 0      0      0 0 -1 10 97 "Regular DOUYU Font"
TXD0 @@@O37 450 0 0 8 0      0      0 0 -1 10 97 "Regular DOUYU Font"
RXD0 @@@O38 450 0 0 8 0      0      0 0 -1 10 97 "Regular DOUYU Font"
TFT-DC @@@O39 -450 0 0 9 0      0      0 0 -1 10 97 "Regular DOUYU Font"
TFT-RES @@@O40 -450 0 0 9 0      0      0 0 -1 10 97 "Regular DOUYU Font"
TFT-BLK @@@O41 -450 0 0 9 0      0      0 0 -1 10 97 "Regular DOUYU Font"
I2S-LRC @@@O42 -450 0 0 9 0      0      0 0 -1 10 97 "Regular DOUYU Font"
I2S-BCLK @@@O43 -450 0 0 9 0      0      0 0 -1 10 97 "Regular DOUYU Font"
UDB-D+ @@@O44 450 0 0 9 0      0      0 0 -1 10 97 "Regular DOUYU Font"
USB-D- @@@O45 450 0 0 9 0      0      0 0 -1 10 97 "Regular DOUYU Font"
TFT-SDA @@@O46 -450 0 0 9 0      0      0 0 -1 10 97 "Regular DOUYU Font"
TFT-SCL @@@O47 -450 0 0 9 0      0      0 0 -1 10 97 "Regular DOUYU Font"
I2S-DIN @@@O48 -450 0 0 9 0      0      0 0 -1 10 97 "Regular DOUYU Font"
I2S-SD @@@O49 -450 0 0 9 0      0      0 0 -1 10 97 "Regular DOUYU Font"
EN @@@O50 -450 0 0 9 0      0      0 0 -1 10 97 "Regular DOUYU Font"
SD-MOSI @@@O51 -450 0 90 10 0      0      0 0 -1 10 97 "Regular DOUYU Font"
SD-CLK @@@O52 -450 0 90 10 0      0      0 0 -1 10 97 "Regular DOUYU Font"
SD-MISO @@@O53 -450 0 90 10 0      0      0 0 -1 10 97 "Regular DOUYU Font"
KEY-MODE @@@O54 -450 0 90 10 0      0      0 0 -1 10 97 "Regular DOUYU Font"
KEY-MIN @@@O55 -450 0 90 10 0      0      0 0 -1 10 97 "Regular DOUYU Font"
LED-BLINK @@@O56 -450 0 90 10 0      0      0 0 -1 10 97 "Regular DOUYU Font"
SD-CS @@@O57 -450 0 90 10 0      0      0 0 -1 10 97 "Regular DOUYU Font"
KEY-ADD @@@O58 0 -450 90 10 0      0      0 0 -1 10 97 "Regular DOUYU Font"
WS2812 @@@O59 -450 0 90 10 0      0      0 0 -1 10 97 "Regular DOUYU Font"
SD-SD @@@O60 -450 0 0 8 0      0      0 0 -1 10 97 "Regular DOUYU Font"
MIC-SCK @@@O61 450 0 0 8 0      0      0 0 -1 10 97 "Regular DOUYU Font"
MIC-SD @@@O62 450 0 0 8 0      0      0 0 -1 10 97 "Regular DOUYU Font"
MIC-WS @@@O63 450 0 0 8 0      0      0 0 -1 10 97 "Regular DOUYU Font"
IO0 @@@O64 -450 0 0 8 0      0      0 0 -1 10 97 "Regular DOUYU Font"
I2S-DIN @@@O65 -450 0 0 9 0      0      0 0 -1 10 97 "Regular DOUYU Font"
I2S-SD @@@O66 -450 0 0 9 0      0      0 0 -1 10 97 "Regular DOUYU Font"
VBATOUT @@@O67 450 0 0 9 0      0      0 0 -1 10 97 "Regular DOUYU Font"
I2S-BCLK @@@O68 -450 0 0 8 0      0      0 0 -1 10 97 "Regular DOUYU Font"
I2S-LRC @@@O69 -450 0 0 8 0      0      0 0 -1 10 97 "Regular DOUYU Font"
USB-D- @@@O70 450 0 0 8 0      0      0 0 -1 10 97 "Regular DOUYU Font"
UDB-D+ @@@O71 450 0 0 8 0      0      0 0 -1 10 97 "Regular DOUYU Font"
USB-D- @@@O72 450 0 0 8 0      0      0 0 -1 10 97 "Regular DOUYU Font"
UDB-D+ @@@O73 450 0 0 8 0      0      0 0 -1 10 97 "Regular DOUYU Font"
MIC-SCK @@@O74 450 0 0 8 0      0      0 0 -1 10 97 "Regular DOUYU Font"
MIC-SD @@@O75 450 0 0 8 0      0      0 0 -1 10 97 "Regular DOUYU Font"
MIC-WS @@@O76 450 0 0 9 0      0      0 0 -1 10 97 "Regular DOUYU Font"
GND @@@O77 -100 -300 0 0 0      0      0 0 -1 10 97 "Regular DOUYU Font"
GND @@@O78 -100 -300 0 0 0      0      0 0 -1 10 97 "Regular DOUYU Font"
3V3 @@@O79 0 100 0 4 0      0      0 0 -1 10 97 "Regular DOUYU Font"
GND @@@O80 0 -250 0 12 0      0      0 0 -1 10 97 "Regular DOUYU Font"
GND @@@O81 0 -250 0 12 0      0      0 0 -1 10 97 "Regular DOUYU Font"
GND @@@O82 0 -250 0 12 0      0      0 0 -1 10 97 "Regular DOUYU Font"
GND @@@O83 0 -250 0 12 0      0      0 0 -1 10 97 "Regular DOUYU Font"
VBUS @@@O84 -160 136 0 0 0      0      0 0 -1 10 97 "Regular DOUYU Font"
VBUS @@@O85 -160 136 0 0 0      0      0 0 -1 10 97 "Regular DOUYU Font"
BAT+ @@@O86 0 100 0 4 0      0      0 0 -1 10 97 "Regular DOUYU Font"
VBUS @@@O87 0 100 0 4 0      0      0 0 -1 10 97 "Regular DOUYU Font"
VOUT @@@O88 400 0 0 8 0      0      0 0 -1 10 97 "Regular DOUYU Font"
VBUS @@@O89 0 100 0 4 0      0      0 0 -1 10 97 "Regular DOUYU Font"
GND @@@O91 -110 -270 0 0 0      0      0 0 -1 10 97 "Regular DOUYU Font"
VBATOUT @@@O92 30 120 0 4 0      0      0 0 -1 10 97 "Regular DOUYU Font"
PWR_ON @@@O93 -60 -110 0 9 0      0      0 0 -1 10 97 "Regular DOUYU Font"
VOUT @@@O95 170 -120 0 8 0      0      0 0 -1 10 97 "Regular DOUYU Font"
VOUT @@@O96 220 -50 0 0 0      0      0 0 -1 10 97 "Regular DOUYU Font"
PWR_ON @@@O99 120 50 0 1 0      0      0 0 -1 10 97 "Regular DOUYU Font"
GND @@@O100 0 -320 0 4 0      0      0 0 -1 10 97 "Regular DOUYU Font"
BAT+ @@@O101 0 120 0 4 0      0      0 0 -1 10 97 "Regular DOUYU Font"
CHRG @@@O102 -450 0 0 8 0      0      0 0 -1 10 97 "Regular DOUYU Font"
KEY-PWR @@@O103 -40 -90 0 9 0      0      0 0 -1 10 97 "Regular DOUYU Font"
GND @@@O104 0 -220 0 6 0      0      0 0 -1 10 97 "Regular DOUYU Font"
GND @@@O105 0 -220 0 6 0      0      0 0 -1 10 97 "Regular DOUYU Font"
GND @@@O106 0 -220 0 6 0      0      0 0 -1 10 97 "Regular DOUYU Font"
3V3 @@@O107 0 120 0 4 0      0      0 0 -1 10 97 "Regular DOUYU Font"
3V3 @@@O108 0 120 0 4 0      0      0 0 -1 10 97 "Regular DOUYU Font"
3V3 @@@O110 0 100 90 4 0      0      0 0 -1 10 97 "Regular DOUYU Font"
CHRG @@@O111 130 140 90 8 0      0      0 0 -1 10 97 "Regular DOUYU Font"
KEY-MIN @@@O112 -450 0 90 8 0      0      0 0 -1 10 97 "Regular DOUYU Font"
KEY-MODE @@@O113 -450 0 90 8 0      0      0 0 -1 10 97 "Regular DOUYU Font"
BAT_DET @@@O114 -450 0 90 8 0      0      0 0 -1 10 97 "Regular DOUYU Font"
IO0 @@@O115 -450 0 90 10 0      0      0 0 -1 10 97 "Regular DOUYU Font"
KEY-MODE @@@O116 -450 0 90 10 0      0      0 0 -1 10 97 "Regular DOUYU Font"
TFT-BLK @@@O120 -80 110 0 9 0      0      0 0 -1 10 97 "Regular DOUYU Font"
3V3 @@@O123 0 150 0 12 0      0      0 0 -1 10 97 "Regular DOUYU Font"
3V3 @@@O124 0 150 0 12 0      0      0 0 -1 10 97 "Regular DOUYU Font"
GND @@@O126 0 -320 0 4 0      0      0 0 -1 10 97 "Regular DOUYU Font"
VBUS @@@O127 0 100 0 4 0      0      0 0 -1 10 97 "Regular DOUYU Font"
CHRG @@@O128 -450 0 0 9 0      0      0 0 -1 10 97 "Regular DOUYU Font"
VBUS @@@O130 0 100 90 5 0      0      0 0 -1 10 97 "Regular DOUYU Font"
BAT+ @@@O131 0 100 90 5 0      0      0 0 -1 10 97 "Regular DOUYU Font"
IO0 SW6.1 -150 0 0 0 0      0      0 0 -1 10 97 "Regular DOUYU Font"
EN C9.2 -70 250 0 0 0      0      0 0 -1 10 97 "Regular DOUYU Font"
WS2812 @@@O138 50 0 0 0 0      0      0 0 -1 10 97 "Regular DOUYU Font"
GND 1_?.5 -300 0 0 0 0      0      0 0 -1 10 97 "Regular DOUYU Font"
GND 1_?.6 -300 0 0 0 0      0      0 0 -1 10 97 "Regular DOUYU Font"
TFT-DC 1_?.7 -300 0 0 0 0      0      0 0 -1 10 97 "Regular DOUYU Font"
TFT-SCL 1_?.9 -300 0 0 0 0      0      0 0 -1 10 97 "Regular DOUYU Font"
TFT-SDA 1_?.10 -300 0 0 0 0      0      0 0 -1 10 97 "Regular DOUYU Font"
GND 1_?.1 -300 0 0 0 0      0      0 0 -1 10 97 "Regular DOUYU Font"
TFT-RES @@@O145 0 0 0 0 0      0      0 0 -1 10 97 "Regular DOUYU Font"
GND 1_?.12 -300 0 0 0 0      0      0 0 -1 10 97 "Regular DOUYU Font"
LEDA 1_?.3 -690 0 0 0 0      0      0 0 -1 10 97 "Regular DOUYU Font"
LEDK 1_?.2 -690 0 0 0 0      0      0 0 -1 10 97 "Regular DOUYU Font"


*END*
